ID,Description,GeneRatio,BgRatio,pvalue,OddsRatio,Count,TermSize,GeneIDs,p.adjust,TERM,ONTOLOGY
GO:0005089,GO:0005089,9/85,54/8363,2.7540754207425587e-9,21.630764810297645,9,54,Montipora_capitata_HIv3___RNAseq.g7992.t1/Montipora_capitata_HIv3___RNAseq.g23734.t3/Montipora_capitata_HIv3___RNAseq.g35804.t1/Montipora_capitata_HIv3___RNAseq.g23733.t1/Montipora_capitata_HIv3___TS.g29616.t1/Montipora_capitata_HIv3___RNAseq.g12596.t1/Montipora_capitata_HIv3___RNAseq.g29879.t1b/Montipora_capitata_HIv3___RNAseq.g35718.t1/Montipora_capitata_HIv3___RNAseq.g35720.t1,2.6797153843825098e-6,NA,NA
GO:0035023,regulation of Rho protein signal transduction,9/85,64/8363,1.3135951251938257e-8,17.67920942402092,9,64,Montipora_capitata_HIv3___RNAseq.g7992.t1/Montipora_capitata_HIv3___RNAseq.g23734.t3/Montipora_capitata_HIv3___RNAseq.g35804.t1/Montipora_capitata_HIv3___RNAseq.g23733.t1/Montipora_capitata_HIv3___TS.g29616.t1/Montipora_capitata_HIv3___RNAseq.g12596.t1/Montipora_capitata_HIv3___RNAseq.g29879.t1b/Montipora_capitata_HIv3___RNAseq.g35718.t1/Montipora_capitata_HIv3___RNAseq.g35720.t1,6.390640284067962e-6,regulation of Rho protein signal transduction,BP
GO:0017048,GO:0017048,10/85,92/8363,2.5092759503616215e-8,13.315563971959895,10,92,Montipora_capitata_HIv3___RNAseq.g7992.t1/Montipora_capitata_HIv3___RNAseq.g23734.t3/Montipora_capitata_HIv3___RNAseq.g35804.t1/Montipora_capitata_HIv3___RNAseq.g23733.t1/Montipora_capitata_HIv3___TS.g29616.t1/Montipora_capitata_HIv3___RNAseq.g12596.t1/Montipora_capitata_HIv3___RNAseq.g29879.t1b/Montipora_capitata_HIv3___RNAseq.g35718.t1/Montipora_capitata_HIv3___RNAseq.g24942.t1/Montipora_capitata_HIv3___RNAseq.g35720.t1,8.138418332339525e-6,NA,NA
GO:0005088,GO:0005088,9/85,139/8363,1.053811734330012e-5,7.418266165489767,9,139,Montipora_capitata_HIv3___RNAseq.g7992.t1/Montipora_capitata_HIv3___RNAseq.g23734.t3/Montipora_capitata_HIv3___RNAseq.g35804.t1/Montipora_capitata_HIv3___RNAseq.g23733.t1/Montipora_capitata_HIv3___TS.g29616.t1/Montipora_capitata_HIv3___RNAseq.g12596.t1/Montipora_capitata_HIv3___RNAseq.g29879.t1b/Montipora_capitata_HIv3___RNAseq.g35718.t1/Montipora_capitata_HIv3___RNAseq.g35720.t1,0.002563397043757754,NA,NA
GO:0046578,regulation of Ras protein signal transduction,9/85,146/8363,1.5681079708517877e-5,7.031340472605225,9,146,Montipora_capitata_HIv3___RNAseq.g7992.t1/Montipora_capitata_HIv3___RNAseq.g23734.t3/Montipora_capitata_HIv3___RNAseq.g35804.t1/Montipora_capitata_HIv3___RNAseq.g23733.t1/Montipora_capitata_HIv3___TS.g29616.t1/Montipora_capitata_HIv3___RNAseq.g12596.t1/Montipora_capitata_HIv3___RNAseq.g29879.t1b/Montipora_capitata_HIv3___RNAseq.g35718.t1/Montipora_capitata_HIv3___RNAseq.g35720.t1,0.0030515381112775786,regulation of Ras protein signal transduction,BP
GO:0005085,guanyl-nucleotide exchange factor activity,9/85,162/8363,3.593896372068777e-5,6.285184217649198,9,162,Montipora_capitata_HIv3___RNAseq.g7992.t1/Montipora_capitata_HIv3___RNAseq.g23734.t3/Montipora_capitata_HIv3___RNAseq.g35804.t1/Montipora_capitata_HIv3___RNAseq.g23733.t1/Montipora_capitata_HIv3___TS.g29616.t1/Montipora_capitata_HIv3___RNAseq.g12596.t1/Montipora_capitata_HIv3___RNAseq.g29879.t1b/Montipora_capitata_HIv3___RNAseq.g35718.t1/Montipora_capitata_HIv3___RNAseq.g35720.t1,0.0058281019500382005,guanyl-nucleotide exchange factor activity,MF
GO:0007596,blood coagulation,8/85,130/8363,4.845338827849362e-5,6.940352189665417,8,130,Montipora_capitata_HIv3___RNAseq.g7992.t1/Montipora_capitata_HIv3___RNAseq.g23734.t3/Montipora_capitata_HIv3___RNAseq.g35804.t1/Montipora_capitata_HIv3___TS.g29616.t1/Montipora_capitata_HIv3___RNAseq.g12596.t1/Montipora_capitata_HIv3___RNAseq.g29879.t1b/Montipora_capitata_HIv3___RNAseq.g35720.t1/Montipora_capitata_HIv3___RNAseq.g44445.t1,0.005842172008446807,blood coagulation,BP
GO:0050817,coagulation,8/85,130/8363,4.845338827849362e-5,6.940352189665417,8,130,Montipora_capitata_HIv3___RNAseq.g7992.t1/Montipora_capitata_HIv3___RNAseq.g23734.t3/Montipora_capitata_HIv3___RNAseq.g35804.t1/Montipora_capitata_HIv3___TS.g29616.t1/Montipora_capitata_HIv3___RNAseq.g12596.t1/Montipora_capitata_HIv3___RNAseq.g29879.t1b/Montipora_capitata_HIv3___RNAseq.g35720.t1/Montipora_capitata_HIv3___RNAseq.g44445.t1,0.005842172008446807,coagulation,BP
GO:0007599,hemostasis,8/85,132/8363,5.403859000618835e-5,6.827194912181343,8,132,Montipora_capitata_HIv3___RNAseq.g7992.t1/Montipora_capitata_HIv3___RNAseq.g23734.t3/Montipora_capitata_HIv3___RNAseq.g35804.t1/Montipora_capitata_HIv3___TS.g29616.t1/Montipora_capitata_HIv3___RNAseq.g12596.t1/Montipora_capitata_HIv3___RNAseq.g29879.t1b/Montipora_capitata_HIv3___RNAseq.g35720.t1/Montipora_capitata_HIv3___RNAseq.g44445.t1,0.005842172008446807,hemostasis,BP
GO:0051056,regulation of small GTPase mediated signal transduction,9/85,183/8363,9.296007768419837e-5,5.513417607582019,9,183,Montipora_capitata_HIv3___RNAseq.g7992.t1/Montipora_capitata_HIv3___RNAseq.g23734.t3/Montipora_capitata_HIv3___RNAseq.g35804.t1/Montipora_capitata_HIv3___RNAseq.g23733.t1/Montipora_capitata_HIv3___TS.g29616.t1/Montipora_capitata_HIv3___RNAseq.g12596.t1/Montipora_capitata_HIv3___RNAseq.g29879.t1b/Montipora_capitata_HIv3___RNAseq.g35718.t1/Montipora_capitata_HIv3___RNAseq.g35720.t1,0.0090450155586725,regulation of small GTPase mediated signal transduction,BP
GO:0050878,regulation of body fluid levels,10/85,248/8363,1.9426672869314382e-4,4.502506617647277,10,248,Montipora_capitata_HIv3___RNAseq.g7992.t1/Montipora_capitata_HIv3___RNAseq.g23734.t3/Montipora_capitata_HIv3___RNAseq.g35804.t1/Montipora_capitata_HIv3___TS.g29616.t1/Montipora_capitata_HIv3___RNAseq.g12596.t1/Montipora_capitata_HIv3___RNAseq.g29879.t1b/Montipora_capitata_HIv3___RNAseq.g46378.t1/Montipora_capitata_HIv3___RNAseq.g44814.t1/Montipora_capitata_HIv3___RNAseq.g35720.t1/Montipora_capitata_HIv3___RNAseq.g44445.t1,0.015769097621129637,regulation of body fluid levels,BP
GO:0001782,B cell homeostasis,4/85,29/8363,1.9448013510129047e-4,16.277895592890648,4,29,Montipora_capitata_HIv3___RNAseq.g23734.t3/Montipora_capitata_HIv3___RNAseq.g35804.t1/Montipora_capitata_HIv3___RNAseq.g44814.t1/Montipora_capitata_HIv3___RNAseq.g35720.t1,0.015769097621129637,B cell homeostasis,BP
GO:0071219,cellular response to molecule of bacterial origin,6/85,88/8363,0.00025696085621996757,7.586258939434592,6,88,Montipora_capitata_HIv3___RNAseq.g2640.t1a/Montipora_capitata_HIv3___RNAseq.g44960.t2/Montipora_capitata_HIv3___RNAseq.21467_t/Montipora_capitata_HIv3___RNAseq.g35008.t1/Montipora_capitata_HIv3___RNAseq.g44814.t1/Montipora_capitata_HIv3___RNAseq.g44445.t1,0.018714920865743112,cellular response to molecule of bacterial origin,BP
GO:0002726,positive regulation of T cell cytokine production,3/85,13/8363,2.692794369171671e-4,30.176955074148566,3,13,Montipora_capitata_HIv3___RNAseq.g44960.t2/Montipora_capitata_HIv3___RNAseq.21467_t/Montipora_capitata_HIv3___RNAseq.g35008.t1,0.018714920865743112,positive regulation of T cell cytokine production,BP
GO:0043085,positive regulation of catalytic activity,19/85,798/8363,3.250412251890221e-4,2.7707332620861957,19,798,Montipora_capitata_HIv3___RNAseq.g7992.t1/Montipora_capitata_HIv3___TS.g1118.t1/Montipora_capitata_HIv3___RNAseq.g23734.t3/Montipora_capitata_HIv3___RNAseq.g35804.t1/Montipora_capitata_HIv3___TS.g29616.t1/Montipora_capitata_HIv3___RNAseq.g12596.t1/Montipora_capitata_HIv3___RNAseq.g44960.t2/Montipora_capitata_HIv3___RNAseq.21467_t/Montipora_capitata_HIv3___RNAseq.g37193.t1/Montipora_capitata_HIv3___RNAseq.g29879.t1b/Montipora_capitata_HIv3___RNAseq.g36907.t1/Montipora_capitata_HIv3___RNAseq.g35008.t1/Montipora_capitata_HIv3___RNAseq.g46378.t1/Montipora_capitata_HIv3___RNAseq.g24942.t1/Montipora_capitata_HIv3___RNAseq.g44814.t1/Montipora_capitata_HIv3___RNAseq.g35720.t1/Montipora_capitata_HIv3___RNAseq.g14965.t1/Montipora_capitata_HIv3___RNAseq.g41226.t1/Montipora_capitata_HIv3___RNAseq.g44445.t1,0.019937081679873257,positive regulation of catalytic activity,BP
GO:0002315,marginal zone B cell differentiation,3/85,14/8363,3.402082492179694e-4,27.416964082320177,3,14,Montipora_capitata_HIv3___RNAseq.g23734.t3/Montipora_capitata_HIv3___RNAseq.g35804.t1/Montipora_capitata_HIv3___RNAseq.g35720.t1,0.019937081679873257,marginal zone B cell differentiation,BP
GO:0017016,GO:0017016,11/85,318/8363,3.483354455887414e-4,3.858614070403321,11,318,Montipora_capitata_HIv3___RNAseq.g7992.t1/Montipora_capitata_HIv3___RNAseq.g23734.t3/Montipora_capitata_HIv3___RNAseq.g35804.t1/Montipora_capitata_HIv3___RNAseq.g23733.t1/Montipora_capitata_HIv3___TS.g29616.t1/Montipora_capitata_HIv3___RNAseq.g12596.t1/Montipora_capitata_HIv3___RNAseq.g29879.t1b/Montipora_capitata_HIv3___RNAseq.g35718.t1/Montipora_capitata_HIv3___RNAseq.g24942.t1/Montipora_capitata_HIv3___RNAseq.g35720.t1/Montipora_capitata_HIv3___RNAseq.g41226.t1,0.019937081679873257,NA,NA
GO:0042403,thyroid hormone metabolic process,3/85,15/8363,4.221457954118274e-4,25.141366571915377,3,15,Montipora_capitata_HIv3___RNAseq.g40983.t1/Montipora_capitata_HIv3___RNAseq.g24836.t1/Montipora_capitata_HIv3___RNAseq.g33997.t1,0.022819325496428226,thyroid hormone metabolic process,BP
GO:0031267,small GTPase binding,11/85,328/8363,4.5331914004171335e-4,3.7316095226250803,11,328,Montipora_capitata_HIv3___RNAseq.g7992.t1/Montipora_capitata_HIv3___RNAseq.g23734.t3/Montipora_capitata_HIv3___RNAseq.g35804.t1/Montipora_capitata_HIv3___RNAseq.g23733.t1/Montipora_capitata_HIv3___TS.g29616.t1/Montipora_capitata_HIv3___RNAseq.g12596.t1/Montipora_capitata_HIv3___RNAseq.g29879.t1b/Montipora_capitata_HIv3___RNAseq.g35718.t1/Montipora_capitata_HIv3___RNAseq.g24942.t1/Montipora_capitata_HIv3___RNAseq.g35720.t1/Montipora_capitata_HIv3___RNAseq.g41226.t1,0.023214711750557216,small GTPase binding,MF
GO:0070229,negative regulation of lymphocyte apoptotic process,3/85,16/8363,5.15760446111917e-4,23.222600716575396,3,16,Montipora_capitata_HIv3___RNAseq.g36907.t1/Montipora_capitata_HIv3___RNAseq.g44814.t1/Montipora_capitata_HIv3___RNAseq.g43161.t1a,0.02389690066985216,negative regulation of lymphocyte apoptotic process,BP
GO:0002724,regulation of T cell cytokine production,3/85,16/8363,5.15760446111917e-4,23.222600716575396,3,16,Montipora_capitata_HIv3___RNAseq.g44960.t2/Montipora_capitata_HIv3___RNAseq.21467_t/Montipora_capitata_HIv3___RNAseq.g35008.t1,0.02389690066985216,regulation of T cell cytokine production,BP
GO:0002260,lymphocyte homeostasis,4/85,38/8363,5.638044303595301e-4,11.960558866823838,4,38,Montipora_capitata_HIv3___RNAseq.g23734.t3/Montipora_capitata_HIv3___RNAseq.g35804.t1/Montipora_capitata_HIv3___RNAseq.g44814.t1/Montipora_capitata_HIv3___RNAseq.g35720.t1,0.024935532306355583,lymphocyte homeostasis,BP
GO:0002237,response to molecule of bacterial origin,8/85,187/8363,5.95214248176328e-4,4.699160613688178,8,187,Montipora_capitata_HIv3___RNAseq.g2640.t1a/Montipora_capitata_HIv3___RNAseq.g44960.t2/Montipora_capitata_HIv3___RNAseq.21467_t/Montipora_capitata_HIv3___RNAseq.g35008.t1/Montipora_capitata_HIv3___RNAseq.g46378.t1/Montipora_capitata_HIv3___RNAseq.g44814.t1/Montipora_capitata_HIv3___RNAseq.g33449.t1/Montipora_capitata_HIv3___RNAseq.g44445.t1,0.02518015058589422,response to molecule of bacterial origin,BP
GO:0031996,thioesterase binding,3/85,17/8363,6.216975784313114e-4,21.564612224031556,3,17,Montipora_capitata_HIv3___RNAseq.g11548.t1/Montipora_capitata_HIv3___RNAseq.g44960.t2/Montipora_capitata_HIv3___RNAseq.21467_t,0.02520465599223608,thioesterase binding,MF
GO:0002313,mature B cell differentiation involved in immune response,3/85,18/8363,7.405800438461767e-4,20.114381691639544,3,18,Montipora_capitata_HIv3___RNAseq.g23734.t3/Montipora_capitata_HIv3___RNAseq.g35804.t1/Montipora_capitata_HIv3___RNAseq.g35720.t1,0.025740527134645922,mature B cell differentiation involved in immune response,BP
GO:0060997,dendritic spine morphogenesis,3/85,18/8363,7.405800438461767e-4,20.114381691639544,3,18,Montipora_capitata_HIv3___RNAseq.g23734.t3/Montipora_capitata_HIv3___RNAseq.g35804.t1/Montipora_capitata_HIv3___RNAseq.g35720.t1,0.025740527134645922,dendritic spine morphogenesis,BP
GO:0035631,CD40 receptor complex,3/85,18/8363,7.405800438461767e-4,20.114381691639544,3,18,Montipora_capitata_HIv3___RNAseq.g11548.t1/Montipora_capitata_HIv3___RNAseq.g44960.t2/Montipora_capitata_HIv3___RNAseq.21467_t,0.025740527134645922,CD40 receptor complex,CC
GO:0002521,leukocyte differentiation,8/85,196/8363,8.109313481751027e-4,4.46905741280198,8,196,Montipora_capitata_HIv3___RNAseq.g23734.t3/Montipora_capitata_HIv3___RNAseq.g35804.t1/Montipora_capitata_HIv3___RNAseq.g7741.t1/Montipora_capitata_HIv3___RNAseq.g44960.t2/Montipora_capitata_HIv3___RNAseq.21467_t/Montipora_capitata_HIv3___RNAseq.g35008.t1/Montipora_capitata_HIv3___RNAseq.g35720.t1/Montipora_capitata_HIv3___RNAseq.g43161.t1a,0.025740527134645922,leukocyte differentiation,BP
GO:0006575,cellular modified amino acid metabolic process,7/85,151/8363,8.277898957061875e-4,5.066900912458745,7,151,Montipora_capitata_HIv3___RNAseq.g40427.t1a/Montipora_capitata_HIv3___RNAseq.g40983.t1/Montipora_capitata_HIv3___RNAseq.g24836.t1/Montipora_capitata_HIv3___RNAseq.g37645.t1/Montipora_capitata_HIv3___TS.g33523.t1/Montipora_capitata_HIv3___RNAseq.g33997.t1/Montipora_capitata_HIv3___RNAseq.g44445.t1,0.025740527134645922,cellular modified amino acid metabolic process,BP
GO:0071216,cellular response to biotic stimulus,6/85,110/8363,8.50295905366333e-4,5.966078905686199,6,110,Montipora_capitata_HIv3___RNAseq.g2640.t1a/Montipora_capitata_HIv3___RNAseq.g44960.t2/Montipora_capitata_HIv3___RNAseq.21467_t/Montipora_capitata_HIv3___RNAseq.g35008.t1/Montipora_capitata_HIv3___RNAseq.g44814.t1/Montipora_capitata_HIv3___RNAseq.g44445.t1,0.025740527134645922,cellular response to biotic stimulus,BP
GO:2000107,negative regulation of leukocyte apoptotic process,3/85,19/8363,8.730086284103961e-4,18.85828601213071,3,19,Montipora_capitata_HIv3___RNAseq.g36907.t1/Montipora_capitata_HIv3___RNAseq.g44814.t1/Montipora_capitata_HIv3___RNAseq.g43161.t1a,0.025740527134645922,negative regulation of leukocyte apoptotic process,BP
GO:0002335,mature B cell differentiation,3/85,19/8363,8.730086284103961e-4,18.85828601213071,3,19,Montipora_capitata_HIv3___RNAseq.g23734.t3/Montipora_capitata_HIv3___RNAseq.g35804.t1/Montipora_capitata_HIv3___RNAseq.g35720.t1,0.025740527134645922,mature B cell differentiation,BP
GO:0002711,positive regulation of T cell mediated immunity,3/85,19/8363,8.730086284103961e-4,18.85828601213071,3,19,Montipora_capitata_HIv3___RNAseq.g44960.t2/Montipora_capitata_HIv3___RNAseq.21467_t/Montipora_capitata_HIv3___RNAseq.g35008.t1,0.025740527134645922,positive regulation of T cell mediated immunity,BP
GO:0001776,leukocyte homeostasis,4/85,43/8363,9.069443995674234e-4,10.42168958163024,4,43,Montipora_capitata_HIv3___RNAseq.g23734.t3/Montipora_capitata_HIv3___RNAseq.g35804.t1/Montipora_capitata_HIv3___RNAseq.g44814.t1/Montipora_capitata_HIv3___RNAseq.g35720.t1,0.02595461472879715,leukocyte homeostasis,BP
GO:0032946,positive regulation of mononuclear cell proliferation,4/85,44/8363,9.899772264883352e-4,10.160017336098864,4,44,Montipora_capitata_HIv3___RNAseq.g44960.t2/Montipora_capitata_HIv3___RNAseq.21467_t/Montipora_capitata_HIv3___RNAseq.g36907.t1/Montipora_capitata_HIv3___RNAseq.g43161.t1a,0.026033725442517572,positive regulation of mononuclear cell proliferation,BP
GO:0050671,positive regulation of lymphocyte proliferation,4/85,44/8363,9.899772264883352e-4,10.160017336098864,4,44,Montipora_capitata_HIv3___RNAseq.g44960.t2/Montipora_capitata_HIv3___RNAseq.21467_t/Montipora_capitata_HIv3___RNAseq.g36907.t1/Montipora_capitata_HIv3___RNAseq.g43161.t1a,0.026033725442517572,positive regulation of lymphocyte proliferation,BP
GO:0051491,positive regulation of filopodium assembly,4/85,44/8363,9.899772264883352e-4,10.160017336098864,4,44,Montipora_capitata_HIv3___RNAseq.g23734.t3/Montipora_capitata_HIv3___RNAseq.g35804.t1/Montipora_capitata_HIv3___RNAseq.g24942.t1/Montipora_capitata_HIv3___RNAseq.g35720.t1,0.026033725442517572,positive regulation of filopodium assembly,BP
GO:0070665,positive regulation of leukocyte proliferation,4/85,45/8363,0.0010782180001497937,9.914427666112779,4,45,Montipora_capitata_HIv3___RNAseq.g44960.t2/Montipora_capitata_HIv3___RNAseq.21467_t/Montipora_capitata_HIv3___RNAseq.g36907.t1/Montipora_capitata_HIv3___RNAseq.g43161.t1a,0.02671985850111347,positive regulation of leukocyte proliferation,BP
GO:0043547,positive regulation of GTPase activity,8/85,205/8363,0.0010856730847376786,4.259967519975369,8,205,Montipora_capitata_HIv3___RNAseq.g7992.t1/Montipora_capitata_HIv3___RNAseq.g23734.t3/Montipora_capitata_HIv3___RNAseq.g35804.t1/Montipora_capitata_HIv3___TS.g29616.t1/Montipora_capitata_HIv3___RNAseq.g12596.t1/Montipora_capitata_HIv3___RNAseq.g29879.t1b/Montipora_capitata_HIv3___RNAseq.g35720.t1/Montipora_capitata_HIv3___RNAseq.g41226.t1,0.02671985850111347,positive regulation of GTPase activity,BP
GO:0042060,wound healing,10/85,309/8363,0.0010984525591413554,3.5570952498741852,10,309,Montipora_capitata_HIv3___RNAseq.g7992.t1/Montipora_capitata_HIv3___RNAseq.g23734.t3/Montipora_capitata_HIv3___RNAseq.g35804.t1/Montipora_capitata_HIv3___TS.g29616.t1/Montipora_capitata_HIv3___RNAseq.g12596.t1/Montipora_capitata_HIv3___RNAseq.g29879.t1b/Montipora_capitata_HIv3___RNAseq.g44814.t1/Montipora_capitata_HIv3___RNAseq.g35720.t1/Montipora_capitata_HIv3___TS.g4674.t2b/Montipora_capitata_HIv3___RNAseq.g44445.t1,0.02671985850111347,wound healing,BP
GO:0002720,positive regulation of cytokine production involved in immune response,3/85,22/8363,0.0013572574305016581,15.880225483012246,3,22,Montipora_capitata_HIv3___RNAseq.g44960.t2/Montipora_capitata_HIv3___RNAseq.21467_t/Montipora_capitata_HIv3___RNAseq.g35008.t1,0.03174946278595068,positive regulation of cytokine production involved in immune response,BP
GO:0051020,GTPase binding,11/85,375/8363,0.001370480408026648,3.231088254396354,11,375,Montipora_capitata_HIv3___RNAseq.g7992.t1/Montipora_capitata_HIv3___RNAseq.g23734.t3/Montipora_capitata_HIv3___RNAseq.g35804.t1/Montipora_capitata_HIv3___RNAseq.g23733.t1/Montipora_capitata_HIv3___TS.g29616.t1/Montipora_capitata_HIv3___RNAseq.g12596.t1/Montipora_capitata_HIv3___RNAseq.g29879.t1b/Montipora_capitata_HIv3___RNAseq.g35718.t1/Montipora_capitata_HIv3___RNAseq.g24942.t1/Montipora_capitata_HIv3___RNAseq.g35720.t1/Montipora_capitata_HIv3___RNAseq.g41226.t1,0.03174946278595068,GTPase binding,MF
GO:0031226,GO:0031226,15/85,630/8363,0.0015324962727535439,2.6695335935157005,15,630,Montipora_capitata_HIv3___RNAseq.g11548.t1/Montipora_capitata_HIv3___RNAseq.g2640.t1a/Montipora_capitata_HIv3___TS.g27540.t1/Montipora_capitata_HIv3___RNAseq.g44960.t2/Montipora_capitata_HIv3___RNAseq.21467_t/Montipora_capitata_HIv3___RNAseq.g38848.t1/Montipora_capitata_HIv3___RNAseq.g36907.t1/Montipora_capitata_HIv3___RNAseq.g35008.t1/Montipora_capitata_HIv3___TS.g4674.t2b/Montipora_capitata_HIv3___RNAseq.g33449.t1/Montipora_capitata_HIv3___TS.g33523.t1/Montipora_capitata_HIv3___RNAseq.g33997.t1/Montipora_capitata_HIv3___RNAseq.g6934.t1/Montipora_capitata_HIv3___RNAseq.g4457.t1/Montipora_capitata_HIv3___RNAseq.g44445.t1,0.03467718310207438,NA,NA
GO:0006766,vitamin metabolic process,6/85,124/8363,0.0015836144144941269,5.25037920998747,6,124,Montipora_capitata_HIv3___RNAseq.g40427.t1a/Montipora_capitata_HIv3___RNAseq.g33991.t1/Montipora_capitata_HIv3___RNAseq.g33992.t1/Montipora_capitata_HIv3___RNAseq.g46378.t1/Montipora_capitata_HIv3___TS.g33523.t1/Montipora_capitata_HIv3___TS.g21293.t1,0.035019473302336034,vitamin metabolic process,BP
GO:0071222,cellular response to lipopolysaccharide,5/85,85/8363,0.001671028913862855,6.400868421010554,5,85,Montipora_capitata_HIv3___RNAseq.g2640.t1a/Montipora_capitata_HIv3___RNAseq.g44960.t2/Montipora_capitata_HIv3___RNAseq.21467_t/Montipora_capitata_HIv3___RNAseq.g44814.t1/Montipora_capitata_HIv3___RNAseq.g44445.t1,0.0359649144382165,cellular response to lipopolysaccharide,BP
GO:0005164,tumor necrosis factor receptor binding,3/85,24/8363,0.0017578826877369216,14.369280173626617,3,24,Montipora_capitata_HIv3___RNAseq.g11548.t1/Montipora_capitata_HIv3___RNAseq.g44960.t2/Montipora_capitata_HIv3___RNAseq.21467_t,0.0359649144382165,tumor necrosis factor receptor binding,MF
GO:0006767,water-soluble vitamin metabolic process,5/85,86/8363,0.0017601936011503697,6.321116912829671,5,86,Montipora_capitata_HIv3___RNAseq.g40427.t1a/Montipora_capitata_HIv3___RNAseq.g33991.t1/Montipora_capitata_HIv3___RNAseq.g33992.t1/Montipora_capitata_HIv3___TS.g33523.t1/Montipora_capitata_HIv3___TS.g21293.t1,0.0359649144382165,water-soluble vitamin metabolic process,BP
GO:0050790,regulation of catalytic activity,23/85,1213/8363,0.001774219828401225,2.209329204069653,23,1213,Montipora_capitata_HIv3___RNAseq.g7992.t1/Montipora_capitata_HIv3___TS.g1118.t1/Montipora_capitata_HIv3___RNAseq.g23734.t3/Montipora_capitata_HIv3___RNAseq.g35804.t1/Montipora_capitata_HIv3___RNAseq.g5395.t1/Montipora_capitata_HIv3___TS.g29616.t1/Montipora_capitata_HIv3___RNAseq.g26580.t1/Montipora_capitata_HIv3___RNAseq.g12596.t1/Montipora_capitata_HIv3___RNAseq.g44960.t2/Montipora_capitata_HIv3___TS.g32048.t1/Montipora_capitata_HIv3___RNAseq.21467_t/Montipora_capitata_HIv3___RNAseq.g37193.t1/Montipora_capitata_HIv3___RNAseq.g29879.t1b/Montipora_capitata_HIv3___RNAseq.g36907.t1/Montipora_capitata_HIv3___RNAseq.g35008.t1/Montipora_capitata_HIv3___RNAseq.g46378.t1/Montipora_capitata_HIv3___RNAseq.g24942.t1/Montipora_capitata_HIv3___RNAseq.g44814.t1/Montipora_capitata_HIv3___RNAseq.g35720.t1/Montipora_capitata_HIv3___RNAseq.g14965.t1/Montipora_capitata_HIv3___RNAseq.g43161.t1a/Montipora_capitata_HIv3___RNAseq.g41226.t1/Montipora_capitata_HIv3___RNAseq.g44445.t1,0.0359649144382165,regulation of catalytic activity,BP
GO:0009611,response to wounding,11/85,390/8363,0.001874602344990197,3.0973719064310083,11,390,Montipora_capitata_HIv3___RNAseq.g7992.t1/Montipora_capitata_HIv3___RNAseq.g23734.t3/Montipora_capitata_HIv3___RNAseq.g35804.t1/Montipora_capitata_HIv3___TS.g29616.t1/Montipora_capitata_HIv3___RNAseq.g12596.t1/Montipora_capitata_HIv3___RNAseq.g29879.t1b/Montipora_capitata_HIv3___RNAseq.g44814.t1/Montipora_capitata_HIv3___RNAseq.g35720.t1/Montipora_capitata_HIv3___TS.g4674.t2b/Montipora_capitata_HIv3___TS.g33523.t1/Montipora_capitata_HIv3___RNAseq.g44445.t1,0.037224246564805344,response to wounding,BP
GO:0032496,response to lipopolysaccharide,7/85,179/8363,0.0022168752563493386,4.227682714161731,7,179,Montipora_capitata_HIv3___RNAseq.g2640.t1a/Montipora_capitata_HIv3___RNAseq.g44960.t2/Montipora_capitata_HIv3___RNAseq.21467_t/Montipora_capitata_HIv3___RNAseq.g46378.t1/Montipora_capitata_HIv3___RNAseq.g44814.t1/Montipora_capitata_HIv3___RNAseq.g33449.t1/Montipora_capitata_HIv3___RNAseq.g44445.t1,0.04314039248855813,response to lipopolysaccharide,BP
GO:0042102,positive regulation of T cell proliferation,3/85,27/8363,0.002485262070003071,12.567036650681198,3,27,Montipora_capitata_HIv3___RNAseq.g44960.t2/Montipora_capitata_HIv3___RNAseq.21467_t/Montipora_capitata_HIv3___RNAseq.g43161.t1a,0.04741490184535271,positive regulation of T cell proliferation,BP
GO:0043087,regulation of GTPase activity,8/85,235/8363,0.002577351253292899,3.6842017821942608,8,235,Montipora_capitata_HIv3___RNAseq.g7992.t1/Montipora_capitata_HIv3___RNAseq.g23734.t3/Montipora_capitata_HIv3___RNAseq.g35804.t1/Montipora_capitata_HIv3___TS.g29616.t1/Montipora_capitata_HIv3___RNAseq.g12596.t1/Montipora_capitata_HIv3___RNAseq.g29879.t1b/Montipora_capitata_HIv3___RNAseq.g35720.t1/Montipora_capitata_HIv3___RNAseq.g41226.t1,0.04742201323950029,regulation of GTPase activity,BP
GO:0030098,lymphocyte differentiation,6/85,137/8363,0.0026250746009219756,4.72205156830578,6,137,Montipora_capitata_HIv3___RNAseq.g23734.t3/Montipora_capitata_HIv3___RNAseq.g35804.t1/Montipora_capitata_HIv3___RNAseq.g7741.t1/Montipora_capitata_HIv3___RNAseq.g35008.t1/Montipora_capitata_HIv3___RNAseq.g35720.t1/Montipora_capitata_HIv3___RNAseq.g43161.t1a,0.04742201323950029,lymphocyte differentiation,BP
GO:0030097,hemopoiesis,11/85,408/8363,0.0026705943904382005,2.9502481189627683,11,408,Montipora_capitata_HIv3___RNAseq.g23734.t3/Montipora_capitata_HIv3___RNAseq.g35804.t1/Montipora_capitata_HIv3___RNAseq.g7741.t1/Montipora_capitata_HIv3___RNAseq.g44960.t2/Montipora_capitata_HIv3___RNAseq.21467_t/Montipora_capitata_HIv3___RNAseq.g35008.t1/Montipora_capitata_HIv3___RNAseq.g44814.t1/Montipora_capitata_HIv3___RNAseq.g35720.t1/Montipora_capitata_HIv3___RNAseq.g42092.t1/Montipora_capitata_HIv3___RNAseq.g43161.t1a/Montipora_capitata_HIv3___RNAseq.g44445.t1,0.04742201323950029,hemopoiesis,BP
GO:0038024,cargo receptor activity,3/85,28/8363,0.0027632185929006856,12.063482637476321,3,28,Montipora_capitata_HIv3___RNAseq.g2640.t1a/Montipora_capitata_HIv3___RNAseq.g38848.t1/Montipora_capitata_HIv3___TS.g33523.t1,0.04742201323950029,cargo receptor activity,MF
GO:0060996,dendritic spine development,3/85,28/8363,0.0027632185929006856,12.063482637476321,3,28,Montipora_capitata_HIv3___RNAseq.g23734.t3/Montipora_capitata_HIv3___RNAseq.g35804.t1/Montipora_capitata_HIv3___RNAseq.g35720.t1,0.04742201323950029,dendritic spine development,BP
GO:0051865,protein autoubiquitination,4/85,58/8363,0.0027780624405462657,7.515958735247688,4,58,Montipora_capitata_HIv3___TS.g1118.t1/Montipora_capitata_HIv3___RNAseq.g44960.t2/Montipora_capitata_HIv3___RNAseq.21467_t/Montipora_capitata_HIv3___RNAseq.g30678.t1b,0.04742201323950029,protein autoubiquitination,BP
GO:0097061,dendritic spine organization,3/85,29/8363,0.0030596114918775424,11.599631609567583,3,29,Montipora_capitata_HIv3___RNAseq.g23734.t3/Montipora_capitata_HIv3___RNAseq.g35804.t1/Montipora_capitata_HIv3___RNAseq.g35720.t1,0.04961669969328081,dendritic spine organization,BP
GO:0070228,regulation of lymphocyte apoptotic process,3/85,29/8363,0.0030596114918775424,11.599631609567583,3,29,Montipora_capitata_HIv3___RNAseq.g36907.t1/Montipora_capitata_HIv3___RNAseq.g44814.t1/Montipora_capitata_HIv3___RNAseq.g43161.t1a,0.04961669969328081,regulation of lymphocyte apoptotic process,BP
GO:0002709,regulation of T cell mediated immunity,3/85,29/8363,0.0030596114918775424,11.599631609567583,3,29,Montipora_capitata_HIv3___RNAseq.g44960.t2/Montipora_capitata_HIv3___RNAseq.21467_t/Montipora_capitata_HIv3___RNAseq.g35008.t1,0.04961669969328081,regulation of T cell mediated immunity,BP
GO:0001841,neural tube formation,5/85,101/8363,0.003555848559429168,5.324282557245005,5,101,Montipora_capitata_HIv3___RNAseq.g7741.t1/Montipora_capitata_HIv3___RNAseq.g44960.t2/Montipora_capitata_HIv3___RNAseq.21467_t/Montipora_capitata_HIv3___RNAseq.g44814.t1/Montipora_capitata_HIv3___TS.g33523.t1,0.05671869915286198,neural tube formation,BP
GO:0051345,positive regulation of hydrolase activity,11/85,428/8363,0.003856722575919798,2.8016719034664614,11,428,Montipora_capitata_HIv3___RNAseq.g7992.t1/Montipora_capitata_HIv3___RNAseq.g23734.t3/Montipora_capitata_HIv3___RNAseq.g35804.t1/Montipora_capitata_HIv3___TS.g29616.t1/Montipora_capitata_HIv3___RNAseq.g12596.t1/Montipora_capitata_HIv3___RNAseq.g29879.t1b/Montipora_capitata_HIv3___RNAseq.g36907.t1/Montipora_capitata_HIv3___RNAseq.g24942.t1/Montipora_capitata_HIv3___RNAseq.g35720.t1/Montipora_capitata_HIv3___RNAseq.g41226.t1/Montipora_capitata_HIv3___RNAseq.g44445.t1,0.05983997257947533,positive regulation of hydrolase activity,BP
GO:0044093,positive regulation of molecular function,19/85,985/8363,0.004037070329896741,2.178790862702422,19,985,Montipora_capitata_HIv3___RNAseq.g7992.t1/Montipora_capitata_HIv3___TS.g1118.t1/Montipora_capitata_HIv3___RNAseq.g23734.t3/Montipora_capitata_HIv3___RNAseq.g35804.t1/Montipora_capitata_HIv3___TS.g29616.t1/Montipora_capitata_HIv3___RNAseq.g12596.t1/Montipora_capitata_HIv3___RNAseq.g44960.t2/Montipora_capitata_HIv3___RNAseq.21467_t/Montipora_capitata_HIv3___RNAseq.g37193.t1/Montipora_capitata_HIv3___RNAseq.g29879.t1b/Montipora_capitata_HIv3___RNAseq.g36907.t1/Montipora_capitata_HIv3___RNAseq.g35008.t1/Montipora_capitata_HIv3___RNAseq.g46378.t1/Montipora_capitata_HIv3___RNAseq.g24942.t1/Montipora_capitata_HIv3___RNAseq.g44814.t1/Montipora_capitata_HIv3___RNAseq.g35720.t1/Montipora_capitata_HIv3___RNAseq.g14965.t1/Montipora_capitata_HIv3___RNAseq.g41226.t1/Montipora_capitata_HIv3___RNAseq.g44445.t1,0.05983997257947533,positive regulation of molecular function,BP
GO:0031224,GO:0031224,22/85,1214/8363,0.004059606865073046,2.0757010677191112,22,1214,Montipora_capitata_HIv3___RNAseq.g5395.t1/Montipora_capitata_HIv3___RNAseq.g11548.t1/Montipora_capitata_HIv3___RNAseq.g2640.t1a/Montipora_capitata_HIv3___TS.g27540.t1/Montipora_capitata_HIv3___RNAseq.g11237.t1/Montipora_capitata_HIv3___RNAseq.g44960.t2/Montipora_capitata_HIv3___RNAseq.21467_t/Montipora_capitata_HIv3___RNAseq.g9026.t1/Montipora_capitata_HIv3___RNAseq.g37193.t1/Montipora_capitata_HIv3___RNAseq.g38848.t1/Montipora_capitata_HIv3___RNAseq.g39648.t1/Montipora_capitata_HIv3___RNAseq.g36907.t1/Montipora_capitata_HIv3___RNAseq.g35008.t1/Montipora_capitata_HIv3___TS.g4674.t2b/Montipora_capitata_HIv3___RNAseq.g33449.t1/Montipora_capitata_HIv3___TS.g33523.t1/Montipora_capitata_HIv3___RNAseq.g33997.t1/Montipora_capitata_HIv3___RNAseq.g6934.t1/Montipora_capitata_HIv3___RNAseq.g4457.t1/Montipora_capitata_HIv3___RNAseq.g8867.t2/Montipora_capitata_HIv3___RNAseq.g44445.t1/Montipora_capitata_HIv3___RNAseq.g23366.t1,0.05983997257947533,NA,NA
GO:0032813,tumor necrosis factor receptor superfamily binding,3/85,32/8363,0.004063186916103652,10.39589919837313,3,32,Montipora_capitata_HIv3___RNAseq.g11548.t1/Montipora_capitata_HIv3___RNAseq.g44960.t2/Montipora_capitata_HIv3___RNAseq.21467_t,0.05983997257947533,tumor necrosis factor receptor superfamily binding,MF
GO:0002718,regulation of cytokine production involved in immune response,3/85,32/8363,0.004063186916103652,10.39589919837313,3,32,Montipora_capitata_HIv3___RNAseq.g44960.t2/Montipora_capitata_HIv3___RNAseq.21467_t/Montipora_capitata_HIv3___RNAseq.g35008.t1,0.05983997257947533,regulation of cytokine production involved in immune response,BP
GO:0065009,regulation of molecular function,27/85,1615/8363,0.00412053254144383,1.9610654177958564,27,1615,Montipora_capitata_HIv3___RNAseq.g7992.t1/Montipora_capitata_HIv3___TS.g1118.t1/Montipora_capitata_HIv3___RNAseq.g23734.t3/Montipora_capitata_HIv3___RNAseq.g35804.t1/Montipora_capitata_HIv3___RNAseq.g5395.t1/Montipora_capitata_HIv3___RNAseq.g23733.t1/Montipora_capitata_HIv3___RNAseq.g11548.t1/Montipora_capitata_HIv3___TS.g29616.t1/Montipora_capitata_HIv3___RNAseq.g26580.t1/Montipora_capitata_HIv3___RNAseq.g12596.t1/Montipora_capitata_HIv3___RNAseq.g44960.t2/Montipora_capitata_HIv3___TS.g32048.t1/Montipora_capitata_HIv3___RNAseq.21467_t/Montipora_capitata_HIv3___RNAseq.g37193.t1/Montipora_capitata_HIv3___RNAseq.g29879.t1b/Montipora_capitata_HIv3___RNAseq.g35718.t1/Montipora_capitata_HIv3___RNAseq.g36907.t1/Montipora_capitata_HIv3___RNAseq.g35008.t1/Montipora_capitata_HIv3___RNAseq.g46378.t1/Montipora_capitata_HIv3___RNAseq.g24942.t1/Montipora_capitata_HIv3___RNAseq.g44814.t1/Montipora_capitata_HIv3___RNAseq.g35720.t1/Montipora_capitata_HIv3___RNAseq.g14965.t1/Montipora_capitata_HIv3___RNAseq.g43161.t1a/Montipora_capitata_HIv3___TS.g10359.t4b/Montipora_capitata_HIv3___RNAseq.g41226.t1/Montipora_capitata_HIv3___RNAseq.g44445.t1,0.05983997257947533,regulation of molecular function,BP
GO:0051489,regulation of filopodium assembly,4/85,66/8363,0.004438250495993207,6.539983991996336,4,66,Montipora_capitata_HIv3___RNAseq.g23734.t3/Montipora_capitata_HIv3___RNAseq.g35804.t1/Montipora_capitata_HIv3___RNAseq.g24942.t1/Montipora_capitata_HIv3___RNAseq.g35720.t1,0.06350614312649103,regulation of filopodium assembly,BP
GO:0048771,tissue remodeling,4/85,67/8363,0.004684015839913096,6.4354491527131925,4,67,Montipora_capitata_HIv3___RNAseq.g44960.t2/Montipora_capitata_HIv3___RNAseq.21467_t/Montipora_capitata_HIv3___RNAseq.g44814.t1/Montipora_capitata_HIv3___TS.g10359.t4b,0.06510782017479204,tissue remodeling,BP
GO:0050688,regulation of defense response to virus,4/85,67/8363,0.004684015839913096,6.4354491527131925,4,67,Montipora_capitata_HIv3___TS.g1118.t1/Montipora_capitata_HIv3___RNAseq.g11548.t1/Montipora_capitata_HIv3___RNAseq.g44960.t2/Montipora_capitata_HIv3___RNAseq.21467_t,0.06510782017479204,regulation of defense response to virus,BP
GO:0021915,neural tube development,6/85,155/8363,0.004827063499403037,4.142138970191445,6,155,Montipora_capitata_HIv3___RNAseq.g7741.t1/Montipora_capitata_HIv3___RNAseq.g44960.t2/Montipora_capitata_HIv3___RNAseq.21467_t/Montipora_capitata_HIv3___RNAseq.g44814.t1/Montipora_capitata_HIv3___RNAseq.g33449.t1/Montipora_capitata_HIv3___TS.g33523.t1,0.06615116598477683,neural tube development,BP
GO:2000106,regulation of leukocyte apoptotic process,3/85,36/8363,0.005680926030510049,9.132853516231128,3,36,Montipora_capitata_HIv3___RNAseq.g36907.t1/Montipora_capitata_HIv3___RNAseq.g44814.t1/Montipora_capitata_HIv3___RNAseq.g43161.t1a,0.07571974010529146,regulation of leukocyte apoptotic process,BP
GO:0046849,bone remodeling,3/85,36/8363,0.005680926030510049,9.132853516231128,3,36,Montipora_capitata_HIv3___RNAseq.g44960.t2/Montipora_capitata_HIv3___RNAseq.21467_t/Montipora_capitata_HIv3___TS.g10359.t4b,0.07571974010529146,bone remodeling,BP
GO:0106027,neuron projection organization,3/85,37/8363,0.006137328327701833,8.863225995636967,3,37,Montipora_capitata_HIv3___RNAseq.g23734.t3/Montipora_capitata_HIv3___RNAseq.g35804.t1/Montipora_capitata_HIv3___RNAseq.g35720.t1,0.08069757382234978,neuron projection organization,BP
GO:0048534,hematopoietic or lymphoid organ development,11/85,457/8363,0.006293690471487147,2.6098032001154294,11,457,Montipora_capitata_HIv3___RNAseq.g23734.t3/Montipora_capitata_HIv3___RNAseq.g35804.t1/Montipora_capitata_HIv3___RNAseq.g7741.t1/Montipora_capitata_HIv3___RNAseq.g44960.t2/Montipora_capitata_HIv3___RNAseq.21467_t/Montipora_capitata_HIv3___RNAseq.g35008.t1/Montipora_capitata_HIv3___RNAseq.g44814.t1/Montipora_capitata_HIv3___RNAseq.g35720.t1/Montipora_capitata_HIv3___RNAseq.g42092.t1/Montipora_capitata_HIv3___RNAseq.g43161.t1a/Montipora_capitata_HIv3___RNAseq.g44445.t1,0.08118401649244443,hematopoietic or lymphoid organ development,BP
GO:0005887,GO:0005887,13/85,591/8363,0.00634119758831015,2.40496086799352,13,591,Montipora_capitata_HIv3___RNAseq.g11548.t1/Montipora_capitata_HIv3___RNAseq.g2640.t1a/Montipora_capitata_HIv3___TS.g27540.t1/Montipora_capitata_HIv3___RNAseq.g44960.t2/Montipora_capitata_HIv3___RNAseq.21467_t/Montipora_capitata_HIv3___RNAseq.g38848.t1/Montipora_capitata_HIv3___RNAseq.g36907.t1/Montipora_capitata_HIv3___RNAseq.g35008.t1/Montipora_capitata_HIv3___TS.g4674.t2b/Montipora_capitata_HIv3___RNAseq.g33997.t1/Montipora_capitata_HIv3___RNAseq.g6934.t1/Montipora_capitata_HIv3___RNAseq.g4457.t1/Montipora_capitata_HIv3___RNAseq.g44445.t1,0.08118401649244443,NA,NA
GO:0002312,B cell activation involved in immune response,3/85,38/8363,0.00661505894747403,8.609273355102637,3,38,Montipora_capitata_HIv3___RNAseq.g23734.t3/Montipora_capitata_HIv3___RNAseq.g35804.t1/Montipora_capitata_HIv3___RNAseq.g35720.t1,0.08359029033626274,B cell activation involved in immune response,BP
GO:0002224,toll-like receptor signaling pathway,3/85,40/8363,0.007635472256560134,8.142348752554936,3,40,Montipora_capitata_HIv3___RNAseq.g11548.t1/Montipora_capitata_HIv3___RNAseq.g44960.t2/Montipora_capitata_HIv3___RNAseq.21467_t,0.0931751968790337,toll-like receptor signaling pathway,BP
GO:0032944,regulation of mononuclear cell proliferation,4/85,77/8363,0.007660858941749944,5.547657654235275,4,77,Montipora_capitata_HIv3___RNAseq.g44960.t2/Montipora_capitata_HIv3___RNAseq.21467_t/Montipora_capitata_HIv3___RNAseq.g36907.t1/Montipora_capitata_HIv3___RNAseq.g43161.t1a,0.0931751968790337,regulation of mononuclear cell proliferation,BP
GO:0050670,regulation of lymphocyte proliferation,4/85,77/8363,0.007660858941749944,5.547657654235275,4,77,Montipora_capitata_HIv3___RNAseq.g44960.t2/Montipora_capitata_HIv3___RNAseq.21467_t/Montipora_capitata_HIv3___RNAseq.g36907.t1/Montipora_capitata_HIv3___RNAseq.g43161.t1a,0.0931751968790337,regulation of lymphocyte proliferation,BP
GO:0002520,immune system development,11/85,476/8363,0.00846082634620952,2.4971959917307966,11,476,Montipora_capitata_HIv3___RNAseq.g23734.t3/Montipora_capitata_HIv3___RNAseq.g35804.t1/Montipora_capitata_HIv3___RNAseq.g7741.t1/Montipora_capitata_HIv3___RNAseq.g44960.t2/Montipora_capitata_HIv3___RNAseq.21467_t/Montipora_capitata_HIv3___RNAseq.g35008.t1/Montipora_capitata_HIv3___RNAseq.g44814.t1/Montipora_capitata_HIv3___RNAseq.g35720.t1/Montipora_capitata_HIv3___RNAseq.g42092.t1/Montipora_capitata_HIv3___RNAseq.g43161.t1a/Montipora_capitata_HIv3___RNAseq.g44445.t1,0.10163437080076373,immune system development,BP
GO:0070663,regulation of leukocyte proliferation,4/85,80/8363,0.008750503413313298,5.327490204067316,4,80,Montipora_capitata_HIv3___RNAseq.g44960.t2/Montipora_capitata_HIv3___RNAseq.21467_t/Montipora_capitata_HIv3___RNAseq.g36907.t1/Montipora_capitata_HIv3___RNAseq.g43161.t1a,0.10383219294090047,regulation of leukocyte proliferation,BP
GO:0002831,regulation of response to biotic stimulus,5/85,128/8363,0.00960259959351053,4.142006960697658,5,128,Montipora_capitata_HIv3___TS.g1118.t1/Montipora_capitata_HIv3___RNAseq.g11548.t1/Montipora_capitata_HIv3___RNAseq.g44960.t2/Montipora_capitata_HIv3___RNAseq.21467_t/Montipora_capitata_HIv3___RNAseq.g30678.t1b,0.1125702337889849,regulation of response to biotic stimulus,BP
GO:0001838,embryonic epithelial tube formation,5/85,129/8363,0.009911670484359892,4.108458788032177,5,129,Montipora_capitata_HIv3___RNAseq.g7741.t1/Montipora_capitata_HIv3___RNAseq.g44960.t2/Montipora_capitata_HIv3___RNAseq.21467_t/Montipora_capitata_HIv3___RNAseq.g44814.t1/Montipora_capitata_HIv3___TS.g33523.t1,0.11380793316898884,embryonic epithelial tube formation,BP
GO:0002708,positive regulation of lymphocyte mediated immunity,3/85,44/8363,0.009942111325142909,7.345779101884809,3,44,Montipora_capitata_HIv3___RNAseq.g44960.t2/Montipora_capitata_HIv3___RNAseq.21467_t/Montipora_capitata_HIv3___RNAseq.g35008.t1,0.11380793316898884,positive regulation of lymphocyte mediated immunity,BP
GO:0016021,GO:0016021,20/85,1154/8363,0.010356716409486794,1.938311311742372,20,1154,Montipora_capitata_HIv3___RNAseq.g5395.t1/Montipora_capitata_HIv3___RNAseq.g11548.t1/Montipora_capitata_HIv3___RNAseq.g2640.t1a/Montipora_capitata_HIv3___TS.g27540.t1/Montipora_capitata_HIv3___RNAseq.g11237.t1/Montipora_capitata_HIv3___RNAseq.g44960.t2/Montipora_capitata_HIv3___RNAseq.21467_t/Montipora_capitata_HIv3___RNAseq.g9026.t1/Montipora_capitata_HIv3___RNAseq.g37193.t1/Montipora_capitata_HIv3___RNAseq.g38848.t1/Montipora_capitata_HIv3___RNAseq.g39648.t1/Montipora_capitata_HIv3___RNAseq.g36907.t1/Montipora_capitata_HIv3___RNAseq.g35008.t1/Montipora_capitata_HIv3___TS.g4674.t2b/Montipora_capitata_HIv3___RNAseq.g33997.t1/Montipora_capitata_HIv3___RNAseq.g6934.t1/Montipora_capitata_HIv3___RNAseq.g4457.t1/Montipora_capitata_HIv3___RNAseq.g8867.t2/Montipora_capitata_HIv3___RNAseq.g44445.t1/Montipora_capitata_HIv3___RNAseq.g23366.t1,0.1152998562688166,NA,NA
GO:1902531,regulation of intracellular signal transduction,18/85,999/8363,0.010444103039467087,1.9981889727683777,18,999,Montipora_capitata_HIv3___RNAseq.g7992.t1/Montipora_capitata_HIv3___RNAseq.g23734.t3/Montipora_capitata_HIv3___RNAseq.g35804.t1/Montipora_capitata_HIv3___RNAseq.g5395.t1/Montipora_capitata_HIv3___RNAseq.g23733.t1/Montipora_capitata_HIv3___TS.g29616.t1/Montipora_capitata_HIv3___TS.g27540.t1/Montipora_capitata_HIv3___RNAseq.g12596.t1/Montipora_capitata_HIv3___RNAseq.g44960.t2/Montipora_capitata_HIv3___RNAseq.21467_t/Montipora_capitata_HIv3___RNAseq.g29879.t1b/Montipora_capitata_HIv3___RNAseq.g35718.t1/Montipora_capitata_HIv3___RNAseq.g45527.t1/Montipora_capitata_HIv3___RNAseq.g35008.t1/Montipora_capitata_HIv3___RNAseq.g44814.t1/Montipora_capitata_HIv3___RNAseq.g35720.t1/Montipora_capitata_HIv3___TS.g10359.t4b/Montipora_capitata_HIv3___RNAseq.g44445.t1,0.1152998562688166,regulation of intracellular signal transduction,BP
GO:0009617,response to bacterium,9/85,361/8363,0.010733456687834445,2.666001255155963,9,361,Montipora_capitata_HIv3___RNAseq.g2640.t1a/Montipora_capitata_HIv3___RNAseq.g44960.t2/Montipora_capitata_HIv3___RNAseq.21467_t/Montipora_capitata_HIv3___RNAseq.g49895.t2/Montipora_capitata_HIv3___RNAseq.g35008.t1/Montipora_capitata_HIv3___RNAseq.g46378.t1/Montipora_capitata_HIv3___RNAseq.g44814.t1/Montipora_capitata_HIv3___RNAseq.g33449.t1/Montipora_capitata_HIv3___RNAseq.g44445.t1,0.1152998562688166,response to bacterium,BP
GO:0018958,phenol-containing compound metabolic process,4/85,85/8363,0.010783439794925295,4.994801504936833,4,85,Montipora_capitata_HIv3___RNAseq.g40983.t1/Montipora_capitata_HIv3___RNAseq.g24836.t1/Montipora_capitata_HIv3___RNAseq.g44814.t1/Montipora_capitata_HIv3___RNAseq.g33997.t1,0.1152998562688166,phenol-containing compound metabolic process,BP
GO:0120034,positive regulation of plasma membrane bounded cell projection assembly,4/85,85/8363,0.010783439794925295,4.994801504936833,4,85,Montipora_capitata_HIv3___RNAseq.g23734.t3/Montipora_capitata_HIv3___RNAseq.g35804.t1/Montipora_capitata_HIv3___RNAseq.g24942.t1/Montipora_capitata_HIv3___RNAseq.g35720.t1,0.1152998562688166,positive regulation of plasma membrane bounded cell projection assembly,BP
GO:0014020,primary neural tube formation,4/85,85/8363,0.010783439794925295,4.994801504936833,4,85,Montipora_capitata_HIv3___RNAseq.g44960.t2/Montipora_capitata_HIv3___RNAseq.21467_t/Montipora_capitata_HIv3___RNAseq.g44814.t1/Montipora_capitata_HIv3___TS.g33523.t1,0.1152998562688166,primary neural tube formation,BP
GO:0051336,regulation of hydrolase activity,13/85,633/8363,0.011029637065470013,2.2298459563441253,13,633,Montipora_capitata_HIv3___RNAseq.g7992.t1/Montipora_capitata_HIv3___RNAseq.g23734.t3/Montipora_capitata_HIv3___RNAseq.g35804.t1/Montipora_capitata_HIv3___TS.g29616.t1/Montipora_capitata_HIv3___RNAseq.g12596.t1/Montipora_capitata_HIv3___TS.g32048.t1/Montipora_capitata_HIv3___RNAseq.g37193.t1/Montipora_capitata_HIv3___RNAseq.g29879.t1b/Montipora_capitata_HIv3___RNAseq.g36907.t1/Montipora_capitata_HIv3___RNAseq.g24942.t1/Montipora_capitata_HIv3___RNAseq.g35720.t1/Montipora_capitata_HIv3___RNAseq.g41226.t1/Montipora_capitata_HIv3___RNAseq.g44445.t1,0.11625588364454657,regulation of hydrolase activity,BP
GO:0099173,postsynapse organization,3/85,46/8363,0.011231298111600594,7.000561353077172,3,46,Montipora_capitata_HIv3___RNAseq.g23734.t3/Montipora_capitata_HIv3___RNAseq.g35804.t1/Montipora_capitata_HIv3___RNAseq.g35720.t1,0.11625588364454657,postsynapse organization,BP
GO:0002824,positive regulation of adaptive immune response based on somatic recombination of immune receptors built from immunoglobulin superfamily domains,3/85,46/8363,0.011231298111600594,7.000561353077172,3,46,Montipora_capitata_HIv3___RNAseq.g44960.t2/Montipora_capitata_HIv3___RNAseq.21467_t/Montipora_capitata_HIv3___RNAseq.g35008.t1,0.11625588364454657,positive regulation of adaptive immune response based on somatic recombination of immune receptors built from immunoglobulin superfamily domains,BP
GO:0050778,positive regulation of immune response,7/85,244/8363,0.011812387659879848,3.044121865672504,7,244,Montipora_capitata_HIv3___RNAseq.g11548.t1/Montipora_capitata_HIv3___RNAseq.g44960.t2/Montipora_capitata_HIv3___RNAseq.21467_t/Montipora_capitata_HIv3___RNAseq.g36907.t1/Montipora_capitata_HIv3___RNAseq.g35008.t1/Montipora_capitata_HIv3___RNAseq.g24942.t1/Montipora_capitata_HIv3___RNAseq.g44445.t1,0.12098371782171674,positive regulation of immune response,BP
GO:0046330,positive regulation of JNK cascade,4/85,88/8363,0.012138358096454435,4.815046323904691,4,88,Montipora_capitata_HIv3___RNAseq.g44960.t2/Montipora_capitata_HIv3___RNAseq.21467_t/Montipora_capitata_HIv3___RNAseq.g35008.t1/Montipora_capitata_HIv3___TS.g10359.t4b,0.12302731695677255,positive regulation of JNK cascade,BP
GO:0016579,protein deubiquitination,6/85,189/8363,0.012302052170890606,3.358714287416359,6,189,Montipora_capitata_HIv3___RNAseq.g23762.t1/Montipora_capitata_HIv3___RNAseq.g11548.t1/Montipora_capitata_HIv3___RNAseq.g44960.t2/Montipora_capitata_HIv3___RNAseq.21467_t/Montipora_capitata_HIv3___RNAseq.g44814.t1/Montipora_capitata_HIv3___RNAseq.g14965.t1,0.12340099754924289,protein deubiquitination,BP
GO:0046649,lymphocyte activation,6/85,190/8363,0.01260215176507309,3.3400525681252744,6,190,Montipora_capitata_HIv3___RNAseq.g23734.t3/Montipora_capitata_HIv3___RNAseq.g35804.t1/Montipora_capitata_HIv3___RNAseq.g7741.t1/Montipora_capitata_HIv3___RNAseq.g35008.t1/Montipora_capitata_HIv3___RNAseq.g35720.t1/Montipora_capitata_HIv3___RNAseq.g43161.t1a,0.12512136395322568,lymphocyte activation,BP
GO:0002684,positive regulation of immune system process,9/85,372/8363,0.012886924582850963,2.581503942404071,9,372,Montipora_capitata_HIv3___RNAseq.g11548.t1/Montipora_capitata_HIv3___RNAseq.g44960.t2/Montipora_capitata_HIv3___RNAseq.21467_t/Montipora_capitata_HIv3___RNAseq.g36907.t1/Montipora_capitata_HIv3___RNAseq.g35008.t1/Montipora_capitata_HIv3___RNAseq.g24942.t1/Montipora_capitata_HIv3___RNAseq.g44814.t1/Montipora_capitata_HIv3___RNAseq.g43161.t1a/Montipora_capitata_HIv3___RNAseq.g44445.t1,0.12665633958700998,positive regulation of immune system process,BP
GO:0002821,positive regulation of adaptive immune response,3/85,49/8363,0.013338312715017033,6.543121648261859,3,49,Montipora_capitata_HIv3___RNAseq.g44960.t2/Montipora_capitata_HIv3___RNAseq.21467_t/Montipora_capitata_HIv3___RNAseq.g35008.t1,0.12723704187952523,positive regulation of adaptive immune response,BP
GO:0002221,pattern recognition receptor signaling pathway,3/85,49/8363,0.013338312715017033,6.543121648261859,3,49,Montipora_capitata_HIv3___RNAseq.g11548.t1/Montipora_capitata_HIv3___RNAseq.g44960.t2/Montipora_capitata_HIv3___RNAseq.21467_t,0.12723704187952523,pattern recognition receptor signaling pathway,BP
GO:0002702,positive regulation of production of molecular mediator of immune response,3/85,49/8363,0.013338312715017033,6.543121648261859,3,49,Montipora_capitata_HIv3___RNAseq.g44960.t2/Montipora_capitata_HIv3___RNAseq.21467_t/Montipora_capitata_HIv3___RNAseq.g35008.t1,0.12723704187952523,positive regulation of production of molecular mediator of immune response,BP
GO:0098772,molecular function regulator activity,14/85,724/8363,0.01375633499830444,2.101555701212823,14,724,Montipora_capitata_HIv3___RNAseq.g7992.t1/Montipora_capitata_HIv3___TS.g1118.t1/Montipora_capitata_HIv3___RNAseq.g23734.t3/Montipora_capitata_HIv3___RNAseq.g35804.t1/Montipora_capitata_HIv3___RNAseq.g23733.t1/Montipora_capitata_HIv3___TS.g29616.t1/Montipora_capitata_HIv3___RNAseq.g12596.t1/Montipora_capitata_HIv3___TS.g32048.t1/Montipora_capitata_HIv3___RNAseq.g37193.t1/Montipora_capitata_HIv3___RNAseq.g29879.t1b/Montipora_capitata_HIv3___RNAseq.g35718.t1/Montipora_capitata_HIv3___RNAseq.g35720.t1/Montipora_capitata_HIv3___TS.g10359.t4b/Montipora_capitata_HIv3___RNAseq.g41226.t1,0.12887202059506617,molecular function regulator activity,MF
GO:0006869,lipid transport,5/85,140/8363,0.013774604462370898,3.768883244281721,5,140,Montipora_capitata_HIv3___TS.g32048.t1/Montipora_capitata_HIv3___RNAseq.g20250.t1/Montipora_capitata_HIv3___TS.g4674.t2b/Montipora_capitata_HIv3___RNAseq.g11214.t1/Montipora_capitata_HIv3___RNAseq.g44445.t1,0.12887202059506617,lipid transport,BP
GO:0019899,enzyme binding,23/85,1431/8363,0.01397775244160351,1.8098931071692184,23,1431,Montipora_capitata_HIv3___RNAseq.g7992.t1/Montipora_capitata_HIv3___TS.g1118.t1/Montipora_capitata_HIv3___RNAseq.g23734.t3/Montipora_capitata_HIv3___RNAseq.g35804.t1/Montipora_capitata_HIv3___RNAseq.g5395.t1/Montipora_capitata_HIv3___RNAseq.g46820.t1/Montipora_capitata_HIv3___RNAseq.g23733.t1/Montipora_capitata_HIv3___RNAseq.g11548.t1/Montipora_capitata_HIv3___TS.g29616.t1/Montipora_capitata_HIv3___RNAseq.g12596.t1/Montipora_capitata_HIv3___RNAseq.g44960.t2/Montipora_capitata_HIv3___RNAseq.21467_t/Montipora_capitata_HIv3___RNAseq.g29879.t1b/Montipora_capitata_HIv3___RNAseq.g35718.t1/Montipora_capitata_HIv3___RNAseq.g35008.t1/Montipora_capitata_HIv3___RNAseq.g24942.t1/Montipora_capitata_HIv3___RNAseq.g44814.t1/Montipora_capitata_HIv3___RNAseq.g35720.t1/Montipora_capitata_HIv3___RNAseq.g15186.t1/Montipora_capitata_HIv3___RNAseq.g33449.t1/Montipora_capitata_HIv3___TS.g10359.t4b/Montipora_capitata_HIv3___RNAseq.g41226.t1/Montipora_capitata_HIv3___RNAseq.g44445.t1,0.1293111008280151,enzyme binding,MF
GO:0042129,regulation of T cell proliferation,3/85,50/8363,0.014087334725354162,6.403204720583866,3,50,Montipora_capitata_HIv3___RNAseq.g44960.t2/Montipora_capitata_HIv3___RNAseq.21467_t/Montipora_capitata_HIv3___RNAseq.g43161.t1a,0.1293111008280151,regulation of T cell proliferation,BP
GO:0005886,plasma membrane,29/85,1946/8363,0.014751048246289348,1.718228202038048,29,1946,Montipora_capitata_HIv3___RNAseq.g5395.t1/Montipora_capitata_HIv3___RNAseq.g11548.t1/Montipora_capitata_HIv3___RNAseq.g26580.t1/Montipora_capitata_HIv3___RNAseq.g2640.t1a/Montipora_capitata_HIv3___TS.g27540.t1/Montipora_capitata_HIv3___RNAseq.g24139.t1/Montipora_capitata_HIv3___RNAseq.g11237.t1/Montipora_capitata_HIv3___RNAseq.g44960.t2/Montipora_capitata_HIv3___RNAseq.g40983.t1/Montipora_capitata_HIv3___RNAseq.21467_t/Montipora_capitata_HIv3___RNAseq.g24836.t1/Montipora_capitata_HIv3___RNAseq.g38848.t1/Montipora_capitata_HIv3___RNAseq.g39648.t1/Montipora_capitata_HIv3___RNAseq.g49895.t2/Montipora_capitata_HIv3___RNAseq.g36907.t1/Montipora_capitata_HIv3___RNAseq.g35008.t1/Montipora_capitata_HIv3___RNAseq.g46378.t1/Montipora_capitata_HIv3___RNAseq.g44814.t1/Montipora_capitata_HIv3___RNAseq.g20250.t1/Montipora_capitata_HIv3___RNAseq.g40991.t1/Montipora_capitata_HIv3___TS.g4674.t2b/Montipora_capitata_HIv3___RNAseq.g33449.t1/Montipora_capitata_HIv3___TS.g33523.t1/Montipora_capitata_HIv3___RNAseq.g33997.t1/Montipora_capitata_HIv3___RNAseq.g6934.t1/Montipora_capitata_HIv3___RNAseq.g4457.t1/Montipora_capitata_HIv3___RNAseq.g8867.t2/Montipora_capitata_HIv3___RNAseq.g44445.t1/Montipora_capitata_HIv3___RNAseq.g23366.t1,0.13413803685644426,plasma membrane,CC
GO:0038023,signaling receptor activity,8/85,317/8363,0.014917318170613801,2.678940542281008,8,317,Montipora_capitata_HIv3___RNAseq.g5395.t1/Montipora_capitata_HIv3___RNAseq.g2640.t1a/Montipora_capitata_HIv3___TS.g27540.t1/Montipora_capitata_HIv3___RNAseq.g11237.t1/Montipora_capitata_HIv3___RNAseq.g39648.t1/Montipora_capitata_HIv3___RNAseq.g35008.t1/Montipora_capitata_HIv3___TS.g33523.t1/Montipora_capitata_HIv3___RNAseq.g23366.t1,0.13439398685191878,signaling receptor activity,MF
GO:0070646,protein modification by small protein removal,6/85,200/8363,0.01589246241187457,3.164011042220902,6,200,Montipora_capitata_HIv3___RNAseq.g23762.t1/Montipora_capitata_HIv3___RNAseq.g11548.t1/Montipora_capitata_HIv3___RNAseq.g44960.t2/Montipora_capitata_HIv3___RNAseq.21467_t/Montipora_capitata_HIv3___RNAseq.g44814.t1/Montipora_capitata_HIv3___RNAseq.g14965.t1,0.141865742447284,protein modification by small protein removal,BP
GO:0060089,molecular transducer activity,8/85,322/8363,0.01625436729959876,2.634642813250016,8,322,Montipora_capitata_HIv3___RNAseq.g5395.t1/Montipora_capitata_HIv3___RNAseq.g2640.t1a/Montipora_capitata_HIv3___TS.g27540.t1/Montipora_capitata_HIv3___RNAseq.g11237.t1/Montipora_capitata_HIv3___RNAseq.g39648.t1/Montipora_capitata_HIv3___RNAseq.g35008.t1/Montipora_capitata_HIv3___TS.g33523.t1/Montipora_capitata_HIv3___RNAseq.g23366.t1,0.14268747382223892,molecular transducer activity,MF
GO:0044389,ubiquitin-like protein ligase binding,7/85,260/8363,0.016277810477151614,2.8460042684880595,7,260,Montipora_capitata_HIv3___TS.g1118.t1/Montipora_capitata_HIv3___RNAseq.g11548.t1/Montipora_capitata_HIv3___RNAseq.g44960.t2/Montipora_capitata_HIv3___RNAseq.21467_t/Montipora_capitata_HIv3___RNAseq.g35008.t1/Montipora_capitata_HIv3___RNAseq.g44814.t1/Montipora_capitata_HIv3___RNAseq.g15186.t1,0.14268747382223892,ubiquitin-like protein ligase binding,MF
GO:0042445,hormone metabolic process,5/85,147/8363,0.016700770801552873,3.5796469231506283,5,147,Montipora_capitata_HIv3___RNAseq.g40983.t1/Montipora_capitata_HIv3___RNAseq.g24836.t1/Montipora_capitata_HIv3___RNAseq.g46378.t1/Montipora_capitata_HIv3___RNAseq.g42092.t1/Montipora_capitata_HIv3___RNAseq.g33997.t1,0.1450879463384906,hormone metabolic process,BP
GO:0003674,molecular_function,79/85,7077/8363,0.01686134165741434,2.4081317613038977,79,7077,Montipora_capitata_HIv3___RNAseq.g7992.t1/Montipora_capitata_HIv3___TS.g1118.t1/Montipora_capitata_HIv3___RNAseq.g36838.t1/Montipora_capitata_HIv3___RNAseq.g23734.t3/Montipora_capitata_HIv3___RNAseq.g35804.t1/Montipora_capitata_HIv3___TS.g10979.t1/Montipora_capitata_HIv3___RNAseq.g40427.t1a/Montipora_capitata_HIv3___RNAseq.g23762.t1/Montipora_capitata_HIv3___RNAseq.g5395.t1/Montipora_capitata_HIv3___RNAseq.g22865.t1/Montipora_capitata_HIv3___RNAseq.g46820.t1/Montipora_capitata_HIv3___RNAseq.g23733.t1/Montipora_capitata_HIv3___RNAseq.g11548.t1/Montipora_capitata_HIv3___RNAseq.g7741.t1/Montipora_capitata_HIv3___TS.g29616.t1/Montipora_capitata_HIv3___RNAseq.g33991.t1/Montipora_capitata_HIv3___RNAseq.g26580.t1/Montipora_capitata_HIv3___RNAseq.g2640.t1a/Montipora_capitata_HIv3___TS.g5595.t1/Montipora_capitata_HIv3___RNAseq.g36836.t1/Montipora_capitata_HIv3___RNAseq.g27546.t1/Montipora_capitata_HIv3___TS.g27540.t1/Montipora_capitata_HIv3___RNAseq.g24139.t1/Montipora_capitata_HIv3___RNAseq.g46819.t1/Montipora_capitata_HIv3___RNAseq.g12596.t1/Montipora_capitata_HIv3___RNAseq.g11237.t1/Montipora_capitata_HIv3___RNAseq.g44960.t2/Montipora_capitata_HIv3___TS.g32048.t1/Montipora_capitata_HIv3___RNAseq.g40983.t1/Montipora_capitata_HIv3___RNAseq.21467_t/Montipora_capitata_HIv3___RNAseq.g24836.t1/Montipora_capitata_HIv3___RNAseq.g37193.t1/Montipora_capitata_HIv3___RNAseq.g29879.t1b/Montipora_capitata_HIv3___RNAseq.g35718.t1/Montipora_capitata_HIv3___RNAseq.g33992.t1/Montipora_capitata_HIv3___RNAseq.g38848.t1/Montipora_capitata_HIv3___RNAseq.g27709.t1/Montipora_capitata_HIv3___RNAseq.g39648.t1/Montipora_capitata_HIv3___RNAseq.g49895.t2/Montipora_capitata_HIv3___RNAseq.g36907.t1/Montipora_capitata_HIv3___RNAseq.g45527.t1/Montipora_capitata_HIv3___RNAseq.g35008.t1/Montipora_capitata_HIv3___RNAseq.g40982.t1a/Montipora_capitata_HIv3___RNAseq.g46378.t1/Montipora_capitata_HIv3___RNAseq.g24942.t1/Montipora_capitata_HIv3___RNAseq.g44814.t1/Montipora_capitata_HIv3___RNAseq.g20250.t1/Montipora_capitata_HIv3___RNAseq.g35720.t1/Montipora_capitata_HIv3___RNAseq.g14515.t1/Montipora_capitata_HIv3___RNAseq.g9027.t1/Montipora_capitata_HIv3___RNAseq.g30678.t1b/Montipora_capitata_HIv3___RNAseq.g15186.t1/Montipora_capitata_HIv3___RNAseq.g28405.t2/Montipora_capitata_HIv3___RNAseq.g40991.t1/Montipora_capitata_HIv3___RNAseq.g14965.t1/Montipora_capitata_HIv3___TS.g4674.t2b/Montipora_capitata_HIv3___RNAseq.g37645.t1/Montipora_capitata_HIv3___RNAseq.g42092.t1/Montipora_capitata_HIv3___RNAseq.g43161.t1a/Montipora_capitata_HIv3___RNAseq.g22553.t1c/Montipora_capitata_HIv3___RNAseq.g9918.t1/Montipora_capitata_HIv3___RNAseq.g33449.t1/Montipora_capitata_HIv3___RNAseq.g9060.t1/Montipora_capitata_HIv3___TS.g33523.t1/Montipora_capitata_HIv3___RNAseq.g4241.t1/Montipora_capitata_HIv3___RNAseq.g47955.t1/Montipora_capitata_HIv3___RNAseq.g11214.t1/Montipora_capitata_HIv3___TS.g21293.t1/Montipora_capitata_HIv3___RNAseq.g33997.t1/Montipora_capitata_HIv3___RNAseq.g6934.t1/Montipora_capitata_HIv3___RNAseq.g9561.t1/Montipora_capitata_HIv3___RNAseq.g4457.t1/Montipora_capitata_HIv3___TS.g10359.t4b/Montipora_capitata_HIv3___RNAseq.g41226.t1/Montipora_capitata_HIv3___RNAseq.g8867.t2/Montipora_capitata_HIv3___RNAseq.g44445.t1/Montipora_capitata_HIv3___RNAseq.g14960.t1/Montipora_capitata_HIv3___RNAseq.g23366.t1/Montipora_capitata_HIv3___RNAseq.g18391.t1,0.1451865967492403,molecular_function,MF
GO:0004888,transmembrane signaling receptor activity,7/85,263/8363,0.01723290985772624,2.811613654345307,7,263,Montipora_capitata_HIv3___RNAseq.g5395.t1/Montipora_capitata_HIv3___RNAseq.g2640.t1a/Montipora_capitata_HIv3___TS.g27540.t1/Montipora_capitata_HIv3___RNAseq.g11237.t1/Montipora_capitata_HIv3___RNAseq.g39648.t1/Montipora_capitata_HIv3___RNAseq.g35008.t1/Montipora_capitata_HIv3___RNAseq.g23366.t1,0.14653692082782405,transmembrane signaling receptor activity,MF
GO:0002705,positive regulation of leukocyte mediated immunity,3/85,54/8363,0.017319368854264917,5.898445260575805,3,54,Montipora_capitata_HIv3___RNAseq.g44960.t2/Montipora_capitata_HIv3___RNAseq.21467_t/Montipora_capitata_HIv3___RNAseq.g35008.t1,0.14653692082782405,positive regulation of leukocyte mediated immunity,BP
GO:0002285,lymphocyte activation involved in immune response,3/85,55/8363,0.01818672166716137,5.784386800712447,3,55,Montipora_capitata_HIv3___RNAseq.g23734.t3/Montipora_capitata_HIv3___RNAseq.g35804.t1/Montipora_capitata_HIv3___RNAseq.g35720.t1,0.15124512976194884,lymphocyte activation involved in immune response,BP
GO:0002039,p53 binding,3/85,55/8363,0.01818672166716137,5.784386800712447,3,55,Montipora_capitata_HIv3___RNAseq.g44814.t1/Montipora_capitata_HIv3___RNAseq.g30678.t1b/Montipora_capitata_HIv3___RNAseq.g43161.t1a,0.15124512976194884,p53 binding,MF
GO:0072175,epithelial tube formation,5/85,151/8363,0.018545990098624156,3.480185990706956,5,151,Montipora_capitata_HIv3___RNAseq.g7741.t1/Montipora_capitata_HIv3___RNAseq.g44960.t2/Montipora_capitata_HIv3___RNAseq.21467_t/Montipora_capitata_HIv3___RNAseq.g44814.t1/Montipora_capitata_HIv3___TS.g33523.t1,0.15181628317967863,epithelial tube formation,BP
GO:0004842,ubiquitin-protein transferase activity,7/85,267/8363,0.01856745909391753,2.766993600654692,7,267,Montipora_capitata_HIv3___TS.g1118.t1/Montipora_capitata_HIv3___RNAseq.g11548.t1/Montipora_capitata_HIv3___RNAseq.g44960.t2/Montipora_capitata_HIv3___RNAseq.21467_t/Montipora_capitata_HIv3___RNAseq.g30678.t1b/Montipora_capitata_HIv3___RNAseq.g15186.t1/Montipora_capitata_HIv3___RNAseq.g22553.t1c,0.15181628317967863,ubiquitin-protein transferase activity,MF
GO:0043507,positive regulation of JUN kinase activity,3/85,56/8363,0.019077920950277258,5.674630681613951,3,56,Montipora_capitata_HIv3___RNAseq.g44960.t2/Montipora_capitata_HIv3___RNAseq.21467_t/Montipora_capitata_HIv3___RNAseq.g35008.t1,0.15341171144313862,positive regulation of JUN kinase activity,BP
GO:0030183,B cell differentiation,3/85,56/8363,0.019077920950277258,5.674630681613951,3,56,Montipora_capitata_HIv3___RNAseq.g23734.t3/Montipora_capitata_HIv3___RNAseq.g35804.t1/Montipora_capitata_HIv3___RNAseq.g35720.t1,0.15341171144313862,B cell differentiation,BP
GO:0001775,cell activation,11/85,536/8363,0.019271068223418404,2.1948888471329018,11,536,Montipora_capitata_HIv3___RNAseq.g23734.t3/Montipora_capitata_HIv3___RNAseq.g35804.t1/Montipora_capitata_HIv3___RNAseq.g7741.t1/Montipora_capitata_HIv3___RNAseq.g44960.t2/Montipora_capitata_HIv3___RNAseq.21467_t/Montipora_capitata_HIv3___RNAseq.g35008.t1/Montipora_capitata_HIv3___RNAseq.g24942.t1/Montipora_capitata_HIv3___RNAseq.g35720.t1/Montipora_capitata_HIv3___RNAseq.g43161.t1a/Montipora_capitata_HIv3___TS.g33523.t1/Montipora_capitata_HIv3___RNAseq.g44445.t1,0.15369466706054186,cell activation,BP
GO:0045639,positive regulation of myeloid cell differentiation,3/85,58/8363,0.020932001436545975,5.467742862450203,3,58,Montipora_capitata_HIv3___RNAseq.g44960.t2/Montipora_capitata_HIv3___RNAseq.21467_t/Montipora_capitata_HIv3___RNAseq.g44814.t1,0.16293469918207387,positive regulation of myeloid cell differentiation,BP
GO:0005319,lipid transporter activity,3/85,58/8363,0.020932001436545975,5.467742862450203,3,58,Montipora_capitata_HIv3___RNAseq.g20250.t1/Montipora_capitata_HIv3___RNAseq.g11214.t1/Montipora_capitata_HIv3___RNAseq.g44445.t1,0.16293469918207387,lipid transporter activity,MF
GO:0071347,cellular response to interleukin-1,3/85,58/8363,0.020932001436545975,5.467742862450203,3,58,Montipora_capitata_HIv3___RNAseq.g44960.t2/Montipora_capitata_HIv3___RNAseq.21467_t/Montipora_capitata_HIv3___RNAseq.g44814.t1,0.16293469918207387,cellular response to interleukin-1,BP
GO:0032874,positive regulation of stress-activated MAPK cascade,4/85,104/8363,0.021195370464065576,4.037142888442197,4,104,Montipora_capitata_HIv3___RNAseq.g44960.t2/Montipora_capitata_HIv3___RNAseq.21467_t/Montipora_capitata_HIv3___RNAseq.g35008.t1/Montipora_capitata_HIv3___TS.g10359.t4b,0.16367536080583972,positive regulation of stress-activated MAPK cascade,BP
GO:0051251,positive regulation of lymphocyte activation,4/85,105/8363,0.02186844857597548,3.996702505503562,4,105,Montipora_capitata_HIv3___RNAseq.g44960.t2/Montipora_capitata_HIv3___RNAseq.21467_t/Montipora_capitata_HIv3___RNAseq.g36907.t1/Montipora_capitata_HIv3___RNAseq.g43161.t1a,0.1662343786283136,positive regulation of lymphocyte activation,BP
GO:0070304,positive regulation of stress-activated protein kinase signaling cascade,4/85,105/8363,0.02186844857597548,3.996702505503562,4,105,Montipora_capitata_HIv3___RNAseq.g44960.t2/Montipora_capitata_HIv3___RNAseq.21467_t/Montipora_capitata_HIv3___RNAseq.g35008.t1/Montipora_capitata_HIv3___TS.g10359.t4b,0.1662343786283136,positive regulation of stress-activated protein kinase signaling cascade,BP
GO:0044459,GO:0044459,19/85,1161/8363,0.022105083526790702,1.7987078547168824,19,1161,Montipora_capitata_HIv3___RNAseq.g5395.t1/Montipora_capitata_HIv3___RNAseq.g11548.t1/Montipora_capitata_HIv3___RNAseq.g26580.t1/Montipora_capitata_HIv3___RNAseq.g2640.t1a/Montipora_capitata_HIv3___TS.g27540.t1/Montipora_capitata_HIv3___RNAseq.g44960.t2/Montipora_capitata_HIv3___RNAseq.21467_t/Montipora_capitata_HIv3___RNAseq.g38848.t1/Montipora_capitata_HIv3___RNAseq.g49895.t2/Montipora_capitata_HIv3___RNAseq.g36907.t1/Montipora_capitata_HIv3___RNAseq.g35008.t1/Montipora_capitata_HIv3___TS.g4674.t2b/Montipora_capitata_HIv3___RNAseq.g33449.t1/Montipora_capitata_HIv3___TS.g33523.t1/Montipora_capitata_HIv3___RNAseq.g33997.t1/Montipora_capitata_HIv3___RNAseq.g6934.t1/Montipora_capitata_HIv3___RNAseq.g4457.t1/Montipora_capitata_HIv3___RNAseq.g44445.t1/Montipora_capitata_HIv3___RNAseq.g23366.t1,0.16673059125246012,NA,NA
GO:0019787,ubiquitin-like protein transferase activity,7/85,278/8363,0.022611476101116634,2.6510814966946232,7,278,Montipora_capitata_HIv3___TS.g1118.t1/Montipora_capitata_HIv3___RNAseq.g11548.t1/Montipora_capitata_HIv3___RNAseq.g44960.t2/Montipora_capitata_HIv3___RNAseq.21467_t/Montipora_capitata_HIv3___RNAseq.g30678.t1b/Montipora_capitata_HIv3___RNAseq.g15186.t1/Montipora_capitata_HIv3___RNAseq.g22553.t1c,0.16923820189528066,ubiquitin-like protein transferase activity,MF
GO:0002706,regulation of lymphocyte mediated immunity,3/85,60/8363,0.02288180627334976,5.274670403409909,3,60,Montipora_capitata_HIv3___RNAseq.g44960.t2/Montipora_capitata_HIv3___RNAseq.21467_t/Montipora_capitata_HIv3___RNAseq.g35008.t1,0.1699541794196131,regulation of lymphocyte mediated immunity,BP
GO:0002758,innate immune response-activating signaling pathway,3/85,62/8363,0.02492739400326512,5.094896309228944,3,62,Montipora_capitata_HIv3___RNAseq.g11548.t1/Montipora_capitata_HIv3___RNAseq.g44960.t2/Montipora_capitata_HIv3___RNAseq.21467_t,0.18374510882709819,innate immune response-activating signaling pathway,BP
GO:0048514,blood vessel morphogenesis,6/85,227/8363,0.027655837989961192,2.768318406257842,6,227,Montipora_capitata_HIv3___RNAseq.g7741.t1/Montipora_capitata_HIv3___RNAseq.g35008.t1/Montipora_capitata_HIv3___RNAseq.g44814.t1/Montipora_capitata_HIv3___RNAseq.g42092.t1/Montipora_capitata_HIv3___RNAseq.g9918.t1/Montipora_capitata_HIv3___TS.g33523.t1,0.20232428845287398,blood vessel morphogenesis,BP
GO:0071944,cell periphery,29/85,2047/8363,0.028553554540161594,1.6063328049179408,29,2047,Montipora_capitata_HIv3___RNAseq.g5395.t1/Montipora_capitata_HIv3___RNAseq.g11548.t1/Montipora_capitata_HIv3___RNAseq.g26580.t1/Montipora_capitata_HIv3___RNAseq.g2640.t1a/Montipora_capitata_HIv3___TS.g27540.t1/Montipora_capitata_HIv3___RNAseq.g24139.t1/Montipora_capitata_HIv3___RNAseq.g11237.t1/Montipora_capitata_HIv3___RNAseq.g44960.t2/Montipora_capitata_HIv3___RNAseq.g40983.t1/Montipora_capitata_HIv3___RNAseq.21467_t/Montipora_capitata_HIv3___RNAseq.g24836.t1/Montipora_capitata_HIv3___RNAseq.g38848.t1/Montipora_capitata_HIv3___RNAseq.g39648.t1/Montipora_capitata_HIv3___RNAseq.g49895.t2/Montipora_capitata_HIv3___RNAseq.g36907.t1/Montipora_capitata_HIv3___RNAseq.g35008.t1/Montipora_capitata_HIv3___RNAseq.g46378.t1/Montipora_capitata_HIv3___RNAseq.g44814.t1/Montipora_capitata_HIv3___RNAseq.g20250.t1/Montipora_capitata_HIv3___RNAseq.g40991.t1/Montipora_capitata_HIv3___TS.g4674.t2b/Montipora_capitata_HIv3___RNAseq.g33449.t1/Montipora_capitata_HIv3___TS.g33523.t1/Montipora_capitata_HIv3___RNAseq.g33997.t1/Montipora_capitata_HIv3___RNAseq.g6934.t1/Montipora_capitata_HIv3___RNAseq.g4457.t1/Montipora_capitata_HIv3___RNAseq.g8867.t2/Montipora_capitata_HIv3___RNAseq.g44445.t1/Montipora_capitata_HIv3___RNAseq.g23366.t1,0.20587673203507284,cell periphery,CC
GO:0044773,mitotic DNA damage checkpoint signaling,3/85,66/8363,0.029305507307009218,4.7685426778002995,3,66,Montipora_capitata_HIv3___RNAseq.g7741.t1/Montipora_capitata_HIv3___RNAseq.g14965.t1/Montipora_capitata_HIv3___RNAseq.g43161.t1a,0.20587673203507284,mitotic DNA damage checkpoint signaling,BP
GO:0043506,regulation of JUN kinase activity,3/85,66/8363,0.029305507307009218,4.7685426778002995,3,66,Montipora_capitata_HIv3___RNAseq.g44960.t2/Montipora_capitata_HIv3___RNAseq.21467_t/Montipora_capitata_HIv3___RNAseq.g35008.t1,0.20587673203507284,regulation of JUN kinase activity,BP
GO:0042826,histone deacetylase binding,3/85,66/8363,0.029305507307009218,4.7685426778002995,3,66,Montipora_capitata_HIv3___RNAseq.g44960.t2/Montipora_capitata_HIv3___RNAseq.21467_t/Montipora_capitata_HIv3___RNAseq.g44814.t1,0.20587673203507284,histone deacetylase binding,MF
GO:2001022,GO:2001022,3/85,66/8363,0.029305507307009218,4.7685426778002995,3,66,Montipora_capitata_HIv3___TS.g1118.t1/Montipora_capitata_HIv3___RNAseq.g43161.t1a/Montipora_capitata_HIv3___RNAseq.g44445.t1,0.20587673203507284,NA,NA
GO:0043207,response to external biotic stimulus,10/85,500/8363,0.029622551371952927,2.118868093171588,10,500,Montipora_capitata_HIv3___RNAseq.g2640.t1a/Montipora_capitata_HIv3___RNAseq.g44960.t2/Montipora_capitata_HIv3___RNAseq.21467_t/Montipora_capitata_HIv3___RNAseq.g49895.t2/Montipora_capitata_HIv3___RNAseq.g35008.t1/Montipora_capitata_HIv3___RNAseq.g46378.t1/Montipora_capitata_HIv3___RNAseq.g44814.t1/Montipora_capitata_HIv3___RNAseq.g33449.t1/Montipora_capitata_HIv3___RNAseq.g47955.t1/Montipora_capitata_HIv3___RNAseq.g44445.t1,0.20587673203507284,response to external biotic stimulus,BP
GO:0051707,response to other organism,10/85,500/8363,0.029622551371952927,2.118868093171588,10,500,Montipora_capitata_HIv3___RNAseq.g2640.t1a/Montipora_capitata_HIv3___RNAseq.g44960.t2/Montipora_capitata_HIv3___RNAseq.21467_t/Montipora_capitata_HIv3___RNAseq.g49895.t2/Montipora_capitata_HIv3___RNAseq.g35008.t1/Montipora_capitata_HIv3___RNAseq.g46378.t1/Montipora_capitata_HIv3___RNAseq.g44814.t1/Montipora_capitata_HIv3___RNAseq.g33449.t1/Montipora_capitata_HIv3___RNAseq.g47955.t1/Montipora_capitata_HIv3___RNAseq.g44445.t1,0.20587673203507284,response to other organism,BP
GO:0009615,response to virus,4/85,116/8363,0.030141458929319694,3.5998532232362637,4,116,Montipora_capitata_HIv3___RNAseq.g44960.t2/Montipora_capitata_HIv3___RNAseq.21467_t/Montipora_capitata_HIv3___RNAseq.g47955.t1/Montipora_capitata_HIv3___RNAseq.g44445.t1,0.20725335277693746,response to virus,BP
GO:0045321,leukocyte activation,10/85,502/8363,0.03033711601688952,2.109889317717739,10,502,Montipora_capitata_HIv3___RNAseq.g23734.t3/Montipora_capitata_HIv3___RNAseq.g35804.t1/Montipora_capitata_HIv3___RNAseq.g7741.t1/Montipora_capitata_HIv3___RNAseq.g44960.t2/Montipora_capitata_HIv3___RNAseq.21467_t/Montipora_capitata_HIv3___RNAseq.g35008.t1/Montipora_capitata_HIv3___RNAseq.g24942.t1/Montipora_capitata_HIv3___RNAseq.g35720.t1/Montipora_capitata_HIv3___RNAseq.g43161.t1a/Montipora_capitata_HIv3___TS.g33523.t1,0.20725335277693746,leukocyte activation,BP
GO:0002822,regulation of adaptive immune response based on somatic recombination of immune receptors built from immunoglobulin superfamily domains,3/85,67/8363,0.03045963971952935,4.693530323364465,3,67,Montipora_capitata_HIv3___RNAseq.g44960.t2/Montipora_capitata_HIv3___RNAseq.21467_t/Montipora_capitata_HIv3___RNAseq.g35008.t1,0.20725335277693746,regulation of adaptive immune response based on somatic recombination of immune receptors built from immunoglobulin superfamily domains,BP
GO:0035148,tube formation,5/85,173/8363,0.03110449747257649,3.0163865577945455,5,173,Montipora_capitata_HIv3___RNAseq.g7741.t1/Montipora_capitata_HIv3___RNAseq.g44960.t2/Montipora_capitata_HIv3___RNAseq.21467_t/Montipora_capitata_HIv3___RNAseq.g44814.t1/Montipora_capitata_HIv3___TS.g33523.t1,0.210171361394562,tube formation,BP
GO:0031347,regulation of defense response,7/85,299/8363,0.031961355277062224,2.453981956612714,7,299,Montipora_capitata_HIv3___TS.g1118.t1/Montipora_capitata_HIv3___RNAseq.g11548.t1/Montipora_capitata_HIv3___RNAseq.g44960.t2/Montipora_capitata_HIv3___RNAseq.21467_t/Montipora_capitata_HIv3___RNAseq.g44814.t1/Montipora_capitata_HIv3___RNAseq.g30678.t1b/Montipora_capitata_HIv3___RNAseq.g44445.t1,0.21447171506607962,regulation of defense response,BP
GO:0002696,positive regulation of leukocyte activation,4/85,119/8363,0.032678748985161134,3.5041947352861555,4,119,Montipora_capitata_HIv3___RNAseq.g44960.t2/Montipora_capitata_HIv3___RNAseq.21467_t/Montipora_capitata_HIv3___RNAseq.g36907.t1/Montipora_capitata_HIv3___RNAseq.g43161.t1a,0.21629140507636785,positive regulation of leukocyte activation,BP
GO:0060070,canonical Wnt signaling pathway,3/85,69/8363,0.03283910721690895,4.55068119024717,3,69,Montipora_capitata_HIv3___RNAseq.g7741.t1/Montipora_capitata_HIv3___RNAseq.g35008.t1/Montipora_capitata_HIv3___TS.g10359.t4b,0.21629140507636785,canonical Wnt signaling pathway,BP
GO:0050776,regulation of immune response,8/85,368/8363,0.032899412077392026,2.284873371708623,8,368,Montipora_capitata_HIv3___RNAseq.g11548.t1/Montipora_capitata_HIv3___RNAseq.g44960.t2/Montipora_capitata_HIv3___RNAseq.21467_t/Montipora_capitata_HIv3___RNAseq.g36907.t1/Montipora_capitata_HIv3___RNAseq.g35008.t1/Montipora_capitata_HIv3___RNAseq.g24942.t1/Montipora_capitata_HIv3___RNAseq.g44814.t1/Montipora_capitata_HIv3___RNAseq.g44445.t1,0.21629140507636785,regulation of immune response,BP
GO:0010876,lipid localization,5/85,176/8363,0.03314824162968162,2.9623910947847625,5,176,Montipora_capitata_HIv3___TS.g32048.t1/Montipora_capitata_HIv3___RNAseq.g20250.t1/Montipora_capitata_HIv3___TS.g4674.t2b/Montipora_capitata_HIv3___RNAseq.g11214.t1/Montipora_capitata_HIv3___RNAseq.g44445.t1,0.216464691984431,lipid localization,BP
GO:0050867,positive regulation of cell activation,4/85,120/8363,0.033551602943868476,3.47367504028825,4,120,Montipora_capitata_HIv3___RNAseq.g44960.t2/Montipora_capitata_HIv3___RNAseq.21467_t/Montipora_capitata_HIv3___RNAseq.g36907.t1/Montipora_capitata_HIv3___RNAseq.g43161.t1a,0.21763806442922684,positive regulation of cell activation,BP
GO:0098802,plasma membrane signaling receptor complex,3/85,70/8363,0.03406432317971752,4.482044389205705,3,70,Montipora_capitata_HIv3___RNAseq.g11548.t1/Montipora_capitata_HIv3___RNAseq.g44960.t2/Montipora_capitata_HIv3___RNAseq.21467_t,0.21920933436602877,plasma membrane signaling receptor complex,CC
GO:0045089,positive regulation of innate immune response,4/85,121/8363,0.034438040730829234,3.4435863018605253,4,121,Montipora_capitata_HIv3___RNAseq.g11548.t1/Montipora_capitata_HIv3___RNAseq.g44960.t2/Montipora_capitata_HIv3___RNAseq.21467_t/Montipora_capitata_HIv3___RNAseq.g44445.t1,0.21920933436602877,positive regulation of innate immune response,BP
GO:0038093,Fc receptor signaling pathway,3/85,71/8363,0.03531310382913739,4.415520870833853,3,71,Montipora_capitata_HIv3___RNAseq.g44960.t2/Montipora_capitata_HIv3___RNAseq.21467_t/Montipora_capitata_HIv3___RNAseq.g24942.t1,0.21920933436602877,Fc receptor signaling pathway,BP
GO:0070555,response to interleukin-1,3/85,71/8363,0.03531310382913739,4.415520870833853,3,71,Montipora_capitata_HIv3___RNAseq.g44960.t2/Montipora_capitata_HIv3___RNAseq.21467_t/Montipora_capitata_HIv3___RNAseq.g44814.t1,0.21920933436602877,response to interleukin-1,BP
GO:0050870,positive regulation of T cell activation,3/85,71/8363,0.03531310382913739,4.415520870833853,3,71,Montipora_capitata_HIv3___RNAseq.g44960.t2/Montipora_capitata_HIv3___RNAseq.21467_t/Montipora_capitata_HIv3___RNAseq.g43161.t1a,0.21920933436602877,positive regulation of T cell activation,BP
GO:0002757,immune response-activating signaling pathway,4/85,122/8363,0.03533808193391236,3.4139936509412037,4,122,Montipora_capitata_HIv3___RNAseq.g11548.t1/Montipora_capitata_HIv3___RNAseq.g44960.t2/Montipora_capitata_HIv3___RNAseq.21467_t/Montipora_capitata_HIv3___RNAseq.g24942.t1,0.21920933436602877,immune response-activating signaling pathway,BP
GO:0048583,regulation of response to stimulus,30/85,2172/8363,0.035370879234806286,1.5624237367801468,30,2172,Montipora_capitata_HIv3___RNAseq.g7992.t1/Montipora_capitata_HIv3___TS.g1118.t1/Montipora_capitata_HIv3___RNAseq.g23734.t3/Montipora_capitata_HIv3___RNAseq.g35804.t1/Montipora_capitata_HIv3___RNAseq.g5395.t1/Montipora_capitata_HIv3___RNAseq.g23733.t1/Montipora_capitata_HIv3___RNAseq.g11548.t1/Montipora_capitata_HIv3___RNAseq.g7741.t1/Montipora_capitata_HIv3___TS.g29616.t1/Montipora_capitata_HIv3___TS.g27540.t1/Montipora_capitata_HIv3___RNAseq.g24139.t1/Montipora_capitata_HIv3___RNAseq.g12596.t1/Montipora_capitata_HIv3___RNAseq.g44960.t2/Montipora_capitata_HIv3___RNAseq.21467_t/Montipora_capitata_HIv3___RNAseq.g29879.t1b/Montipora_capitata_HIv3___RNAseq.g35718.t1/Montipora_capitata_HIv3___RNAseq.g36907.t1/Montipora_capitata_HIv3___RNAseq.g45527.t1/Montipora_capitata_HIv3___RNAseq.g35008.t1/Montipora_capitata_HIv3___RNAseq.g46378.t1/Montipora_capitata_HIv3___RNAseq.g24942.t1/Montipora_capitata_HIv3___RNAseq.g44814.t1/Montipora_capitata_HIv3___RNAseq.g35720.t1/Montipora_capitata_HIv3___RNAseq.g30678.t1b/Montipora_capitata_HIv3___RNAseq.g43161.t1a/Montipora_capitata_HIv3___TS.g33523.t1/Montipora_capitata_HIv3___RNAseq.g4457.t1/Montipora_capitata_HIv3___TS.g10359.t4b/Montipora_capitata_HIv3___RNAseq.g44445.t1/Montipora_capitata_HIv3___RNAseq.g23366.t1,0.21920933436602877,regulation of response to stimulus,BP
GO:0048661,positive regulation of smooth muscle cell proliferation,3/85,72/8363,0.0365853738158425,4.350979461288321,3,72,Montipora_capitata_HIv3___RNAseq.g44960.t2/Montipora_capitata_HIv3___RNAseq.21467_t/Montipora_capitata_HIv3___RNAseq.g44814.t1,0.22388408001770285,positive regulation of smooth muscle cell proliferation,BP
GO:1903039,positive regulation of leukocyte cell-cell adhesion,3/85,72/8363,0.0365853738158425,4.350979461288321,3,72,Montipora_capitata_HIv3___RNAseq.g44960.t2/Montipora_capitata_HIv3___RNAseq.21467_t/Montipora_capitata_HIv3___RNAseq.g43161.t1a,0.22388408001770285,positive regulation of leukocyte cell-cell adhesion,BP
GO:0045088,regulation of innate immune response,5/85,182/8363,0.0374835298958054,2.8598913104730865,5,182,Montipora_capitata_HIv3___RNAseq.g11548.t1/Montipora_capitata_HIv3___RNAseq.g44960.t2/Montipora_capitata_HIv3___RNAseq.21467_t/Montipora_capitata_HIv3___RNAseq.g44814.t1/Montipora_capitata_HIv3___RNAseq.g44445.t1,0.22735392435998258,regulation of innate immune response,BP
GO:0044774,mitotic DNA integrity checkpoint signaling,3/85,73/8363,0.03788105179902923,4.288310083721208,3,73,Montipora_capitata_HIv3___RNAseq.g7741.t1/Montipora_capitata_HIv3___RNAseq.g14965.t1/Montipora_capitata_HIv3___RNAseq.g43161.t1a,0.22735392435998258,mitotic DNA integrity checkpoint signaling,BP
GO:0002819,regulation of adaptive immune response,3/85,73/8363,0.03788105179902923,4.288310083721208,3,73,Montipora_capitata_HIv3___RNAseq.g44960.t2/Montipora_capitata_HIv3___RNAseq.21467_t/Montipora_capitata_HIv3___RNAseq.g35008.t1,0.22735392435998258,regulation of adaptive immune response,BP
GO:0031625,ubiquitin protein ligase binding,6/85,245/8363,0.03808703974375865,2.5542289468220267,6,245,Montipora_capitata_HIv3___RNAseq.g11548.t1/Montipora_capitata_HIv3___RNAseq.g44960.t2/Montipora_capitata_HIv3___RNAseq.21467_t/Montipora_capitata_HIv3___RNAseq.g35008.t1/Montipora_capitata_HIv3___RNAseq.g44814.t1/Montipora_capitata_HIv3___RNAseq.g15186.t1,0.22735392435998258,ubiquitin protein ligase binding,MF
GO:0009607,response to biotic stimulus,10/85,523/8363,0.03859864167807341,2.017969496911659,10,523,Montipora_capitata_HIv3___RNAseq.g2640.t1a/Montipora_capitata_HIv3___RNAseq.g44960.t2/Montipora_capitata_HIv3___RNAseq.21467_t/Montipora_capitata_HIv3___RNAseq.g49895.t2/Montipora_capitata_HIv3___RNAseq.g35008.t1/Montipora_capitata_HIv3___RNAseq.g46378.t1/Montipora_capitata_HIv3___RNAseq.g44814.t1/Montipora_capitata_HIv3___RNAseq.g33449.t1/Montipora_capitata_HIv3___RNAseq.g47955.t1/Montipora_capitata_HIv3___RNAseq.g44445.t1,0.22900291678515505,response to biotic stimulus,BP
GO:0016331,morphogenesis of embryonic epithelium,6/85,248/8363,0.04004085287343433,2.5217611706038388,6,248,Montipora_capitata_HIv3___RNAseq.g7741.t1/Montipora_capitata_HIv3___RNAseq.g44960.t2/Montipora_capitata_HIv3___RNAseq.21467_t/Montipora_capitata_HIv3___RNAseq.g44814.t1/Montipora_capitata_HIv3___TS.g33523.t1/Montipora_capitata_HIv3___TS.g10359.t4b,0.23611969603546423,morphogenesis of embryonic epithelium,BP
GO:0002218,activation of innate immune response,3/85,75/8363,0.04054227747900477,4.167823023982058,3,75,Montipora_capitata_HIv3___RNAseq.g11548.t1/Montipora_capitata_HIv3___RNAseq.g44960.t2/Montipora_capitata_HIv3___RNAseq.21467_t,0.23763636136790145,activation of innate immune response,BP
GO:0006820,monoatomic anion transport,7/85,317/8363,0.0418126360708907,2.306199272982494,7,317,Montipora_capitata_HIv3___RNAseq.g24139.t1/Montipora_capitata_HIv3___TS.g32048.t1/Montipora_capitata_HIv3___RNAseq.g20250.t1/Montipora_capitata_HIv3___TS.g4674.t2b/Montipora_capitata_HIv3___TS.g33523.t1/Montipora_capitata_HIv3___RNAseq.g44445.t1/Montipora_capitata_HIv3___RNAseq.g23366.t1,0.24361493950285423,monoatomic anion transport,BP
GO:0043197,dendritic spine,4/85,130/8363,0.04302972543152302,3.1941495081490507,4,130,Montipora_capitata_HIv3___RNAseq.g23734.t3/Montipora_capitata_HIv3___RNAseq.g35804.t1/Montipora_capitata_HIv3___RNAseq.g24942.t1/Montipora_capitata_HIv3___RNAseq.g35720.t1,0.24484559910518627,dendritic spine,CC
GO:0046914,transition metal ion binding,9/85,460/8363,0.043184979520738485,2.0549272436774637,9,460,Montipora_capitata_HIv3___RNAseq.g44960.t2/Montipora_capitata_HIv3___TS.g32048.t1/Montipora_capitata_HIv3___RNAseq.21467_t/Montipora_capitata_HIv3___RNAseq.g44814.t1/Montipora_capitata_HIv3___RNAseq.g9027.t1/Montipora_capitata_HIv3___RNAseq.g30678.t1b/Montipora_capitata_HIv3___RNAseq.g43161.t1a/Montipora_capitata_HIv3___RNAseq.g33449.t1/Montipora_capitata_HIv3___RNAseq.g8867.t2,0.24484559910518627,transition metal ion binding,MF
GO:0002703,regulation of leukocyte mediated immunity,3/85,77/8363,0.043296016868846,4.054782582320669,3,77,Montipora_capitata_HIv3___RNAseq.g44960.t2/Montipora_capitata_HIv3___RNAseq.21467_t/Montipora_capitata_HIv3___RNAseq.g35008.t1,0.24484559910518627,regulation of leukocyte mediated immunity,BP
GO:0002700,regulation of production of molecular mediator of immune response,3/85,77/8363,0.043296016868846,4.054782582320669,3,77,Montipora_capitata_HIv3___RNAseq.g44960.t2/Montipora_capitata_HIv3___RNAseq.21467_t/Montipora_capitata_HIv3___RNAseq.g35008.t1,0.24484559910518627,regulation of production of molecular mediator of immune response,BP
GO:0008270,zinc ion binding,7/85,320/8363,0.043627941593906955,2.283500345222185,7,320,Montipora_capitata_HIv3___RNAseq.g44960.t2/Montipora_capitata_HIv3___TS.g32048.t1/Montipora_capitata_HIv3___RNAseq.21467_t/Montipora_capitata_HIv3___RNAseq.g9027.t1/Montipora_capitata_HIv3___RNAseq.g30678.t1b/Montipora_capitata_HIv3___RNAseq.g43161.t1a/Montipora_capitata_HIv3___RNAseq.g33449.t1,0.24484559910518627,zinc ion binding,MF
GO:0009966,regulation of signal transduction,24/85,1678/8363,0.04371367516946684,1.5755745378359345,24,1678,Montipora_capitata_HIv3___RNAseq.g7992.t1/Montipora_capitata_HIv3___RNAseq.g23734.t3/Montipora_capitata_HIv3___RNAseq.g35804.t1/Montipora_capitata_HIv3___RNAseq.g5395.t1/Montipora_capitata_HIv3___RNAseq.g23733.t1/Montipora_capitata_HIv3___RNAseq.g7741.t1/Montipora_capitata_HIv3___TS.g29616.t1/Montipora_capitata_HIv3___TS.g27540.t1/Montipora_capitata_HIv3___RNAseq.g12596.t1/Montipora_capitata_HIv3___RNAseq.g44960.t2/Montipora_capitata_HIv3___RNAseq.21467_t/Montipora_capitata_HIv3___RNAseq.g29879.t1b/Montipora_capitata_HIv3___RNAseq.g35718.t1/Montipora_capitata_HIv3___RNAseq.g36907.t1/Montipora_capitata_HIv3___RNAseq.g45527.t1/Montipora_capitata_HIv3___RNAseq.g35008.t1/Montipora_capitata_HIv3___RNAseq.g46378.t1/Montipora_capitata_HIv3___RNAseq.g24942.t1/Montipora_capitata_HIv3___RNAseq.g44814.t1/Montipora_capitata_HIv3___RNAseq.g35720.t1/Montipora_capitata_HIv3___TS.g33523.t1/Montipora_capitata_HIv3___RNAseq.g4457.t1/Montipora_capitata_HIv3___TS.g10359.t4b/Montipora_capitata_HIv3___RNAseq.g44445.t1,0.24484559910518627,regulation of signal transduction,BP
GO:0002694,regulation of leukocyte activation,5/85,190/8363,0.04378533838057802,2.733435813752786,5,190,Montipora_capitata_HIv3___RNAseq.g44960.t2/Montipora_capitata_HIv3___RNAseq.21467_t/Montipora_capitata_HIv3___RNAseq.g36907.t1/Montipora_capitata_HIv3___RNAseq.g43161.t1a/Montipora_capitata_HIv3___RNAseq.g44445.t1,0.24484559910518627,regulation of leukocyte activation,BP
GO:0044309,neuron spine,4/85,131/8363,0.044052700860101324,3.168615173377944,4,131,Montipora_capitata_HIv3___RNAseq.g23734.t3/Montipora_capitata_HIv3___RNAseq.g35804.t1/Montipora_capitata_HIv3___RNAseq.g24942.t1/Montipora_capitata_HIv3___RNAseq.g35720.t1,0.24493301678216334,neuron spine,CC
GO:0042476,odontogenesis,3/85,78/8363,0.04470731706500291,4.000105578242125,3,78,Montipora_capitata_HIv3___RNAseq.g44960.t2/Montipora_capitata_HIv3___RNAseq.21467_t/Montipora_capitata_HIv3___RNAseq.g33449.t1,0.24716033809231722,odontogenesis,BP
GO:0046328,regulation of JNK cascade,4/85,132/8363,0.04508935063964194,3.1434796355385513,4,132,Montipora_capitata_HIv3___RNAseq.g44960.t2/Montipora_capitata_HIv3___RNAseq.21467_t/Montipora_capitata_HIv3___RNAseq.g35008.t1/Montipora_capitata_HIv3___TS.g10359.t4b,0.247864057471026,regulation of JNK cascade,BP
GO:0016491,oxidoreductase activity,10/85,539/8363,0.04586678790359898,1.9529375577502779,10,539,Montipora_capitata_HIv3___RNAseq.g40983.t1/Montipora_capitata_HIv3___RNAseq.g24836.t1/Montipora_capitata_HIv3___RNAseq.g27709.t1/Montipora_capitata_HIv3___RNAseq.g40982.t1a/Montipora_capitata_HIv3___RNAseq.g46378.t1/Montipora_capitata_HIv3___TS.g4674.t2b/Montipora_capitata_HIv3___RNAseq.g37645.t1/Montipora_capitata_HIv3___RNAseq.g33997.t1/Montipora_capitata_HIv3___RNAseq.g9561.t1/Montipora_capitata_HIv3___RNAseq.g18391.t1,0.2503408555263659,oxidoreductase activity,MF
GO:0046916,GO:0046916,3/85,79/8363,0.04614142094599871,3.9470192327667704,3,79,Montipora_capitata_HIv3___RNAseq.g38848.t1/Montipora_capitata_HIv3___RNAseq.g36907.t1/Montipora_capitata_HIv3___RNAseq.g44814.t1,0.2503408555263659,NA,NA
GO:0009986,cell surface,7/85,325/8363,0.04676631075541779,2.2461355318918232,7,325,Montipora_capitata_HIv3___RNAseq.g2640.t1a/Montipora_capitata_HIv3___RNAseq.g38848.t1/Montipora_capitata_HIv3___RNAseq.g36907.t1/Montipora_capitata_HIv3___RNAseq.g35008.t1/Montipora_capitata_HIv3___RNAseq.g14515.t1/Montipora_capitata_HIv3___RNAseq.g33449.t1/Montipora_capitata_HIv3___TS.g33523.t1,0.2503408555263659,cell surface,CC
GO:0031396,regulation of protein ubiquitination,5/85,194/8363,0.04716232903741812,2.674304952760547,5,194,Montipora_capitata_HIv3___TS.g1118.t1/Montipora_capitata_HIv3___RNAseq.g7741.t1/Montipora_capitata_HIv3___RNAseq.g44960.t2/Montipora_capitata_HIv3___RNAseq.21467_t/Montipora_capitata_HIv3___RNAseq.g30678.t1b,0.2503408555263659,regulation of protein ubiquitination,BP
GO:0002764,immune response-regulating signaling pathway,4/85,134/8363,0.047203651255038684,3.094368269547616,4,134,Montipora_capitata_HIv3___RNAseq.g11548.t1/Montipora_capitata_HIv3___RNAseq.g44960.t2/Montipora_capitata_HIv3___RNAseq.21467_t/Montipora_capitata_HIv3___RNAseq.g24942.t1,0.2503408555263659,immune response-regulating signaling pathway,BP
GO:0001843,neural tube closure,3/85,80/8363,0.04759820994077872,3.895317129623841,3,80,Montipora_capitata_HIv3___RNAseq.g44960.t2/Montipora_capitata_HIv3___RNAseq.21467_t/Montipora_capitata_HIv3___TS.g33523.t1,0.2503408555263659,neural tube closure,BP
GO:0060606,tube closure,3/85,80/8363,0.04759820994077872,3.895317129623841,3,80,Montipora_capitata_HIv3___RNAseq.g44960.t2/Montipora_capitata_HIv3___RNAseq.21467_t/Montipora_capitata_HIv3___TS.g33523.t1,0.2503408555263659,tube closure,BP
GO:0005126,cytokine receptor binding,3/85,80/8363,0.04759820994077872,3.895317129623841,3,80,Montipora_capitata_HIv3___RNAseq.g11548.t1/Montipora_capitata_HIv3___RNAseq.g44960.t2/Montipora_capitata_HIv3___RNAseq.21467_t,0.2503408555263659,cytokine receptor binding,MF
GO:0015711,organic anion transport,6/85,260/8363,0.04849099741791817,2.3988788781307484,6,260,Montipora_capitata_HIv3___RNAseq.g24139.t1/Montipora_capitata_HIv3___TS.g32048.t1/Montipora_capitata_HIv3___RNAseq.g20250.t1/Montipora_capitata_HIv3___TS.g4674.t2b/Montipora_capitata_HIv3___TS.g33523.t1/Montipora_capitata_HIv3___RNAseq.g44445.t1,0.25366527143889456,organic anion transport,BP
GO:0033273,response to vitamin,3/85,81/8363,0.049077560794853016,3.84494859257593,3,81,Montipora_capitata_HIv3___RNAseq.g46378.t1/Montipora_capitata_HIv3___RNAseq.g33449.t1/Montipora_capitata_HIv3___TS.g33523.t1,0.2553607842427379,response to vitamin,BP
GO:0006508,proteolysis,13/85,780/8363,0.050404005592398445,1.7679721396139754,13,780,Montipora_capitata_HIv3___TS.g1118.t1/Montipora_capitata_HIv3___RNAseq.g23762.t1/Montipora_capitata_HIv3___RNAseq.g11548.t1/Montipora_capitata_HIv3___RNAseq.g33991.t1/Montipora_capitata_HIv3___RNAseq.g44960.t2/Montipora_capitata_HIv3___TS.g32048.t1/Montipora_capitata_HIv3___RNAseq.21467_t/Montipora_capitata_HIv3___RNAseq.g33992.t1/Montipora_capitata_HIv3___RNAseq.g24942.t1/Montipora_capitata_HIv3___RNAseq.g44814.t1/Montipora_capitata_HIv3___RNAseq.g30678.t1b/Montipora_capitata_HIv3___RNAseq.g14965.t1/Montipora_capitata_HIv3___RNAseq.g22553.t1c,0.2582327750379249,proteolysis,BP
GO:0001503,ossification,4/85,137/8363,0.050477467373387985,3.0234856960461824,4,137,Montipora_capitata_HIv3___RNAseq.g44960.t2/Montipora_capitata_HIv3___RNAseq.21467_t/Montipora_capitata_HIv3___RNAseq.g46378.t1/Montipora_capitata_HIv3___RNAseq.g33449.t1,0.2582327750379249,ossification,BP
GO:0001819,positive regulation of cytokine production,4/85,137/8363,0.050477467373387985,3.0234856960461824,4,137,Montipora_capitata_HIv3___RNAseq.g44960.t2/Montipora_capitata_HIv3___RNAseq.21467_t/Montipora_capitata_HIv3___RNAseq.g35008.t1/Montipora_capitata_HIv3___RNAseq.g44814.t1,0.2582327750379249,positive regulation of cytokine production,BP
GO:0002697,regulation of immune effector process,5/85,198/8363,0.050691120279798205,2.617540593353911,5,198,Montipora_capitata_HIv3___TS.g1118.t1/Montipora_capitata_HIv3___RNAseq.g11548.t1/Montipora_capitata_HIv3___RNAseq.g44960.t2/Montipora_capitata_HIv3___RNAseq.21467_t/Montipora_capitata_HIv3___RNAseq.g35008.t1,0.2582327750379249,regulation of immune effector process,BP
GO:0002253,activation of immune response,4/85,138/8363,0.05159598573603113,3.0005622553610096,4,138,Montipora_capitata_HIv3___RNAseq.g11548.t1/Montipora_capitata_HIv3___RNAseq.g44960.t2/Montipora_capitata_HIv3___RNAseq.21467_t/Montipora_capitata_HIv3___RNAseq.g24942.t1,0.26012423743587615,activation of immune response,BP
GO:0050865,regulation of cell activation,5/85,199/8363,0.05159709951194665,2.60390128801838,5,199,Montipora_capitata_HIv3___RNAseq.g44960.t2/Montipora_capitata_HIv3___RNAseq.21467_t/Montipora_capitata_HIv3___RNAseq.g36907.t1/Montipora_capitata_HIv3___RNAseq.g43161.t1a/Montipora_capitata_HIv3___RNAseq.g44445.t1,0.26012423743587615,regulation of cell activation,BP
GO:0030099,myeloid cell differentiation,4/85,141/8363,0.055033037638591784,2.933800213519407,4,141,Montipora_capitata_HIv3___RNAseq.g44960.t2/Montipora_capitata_HIv3___RNAseq.21467_t/Montipora_capitata_HIv3___RNAseq.g44814.t1/Montipora_capitata_HIv3___RNAseq.g44445.t1,0.27601621454819486,myeloid cell differentiation,BP
GO:0042113,B cell activation,3/85,86/8363,0.056808119831580496,3.611486957556773,3,86,Montipora_capitata_HIv3___RNAseq.g23734.t3/Montipora_capitata_HIv3___RNAseq.g35804.t1/Montipora_capitata_HIv3___RNAseq.g35720.t1,0.2834579517750145,B cell activation,BP
GO:0001568,blood vessel development,6/85,272/8363,0.05797504356793217,2.287132090725367,6,272,Montipora_capitata_HIv3___RNAseq.g7741.t1/Montipora_capitata_HIv3___RNAseq.g35008.t1/Montipora_capitata_HIv3___RNAseq.g44814.t1/Montipora_capitata_HIv3___RNAseq.g42092.t1/Montipora_capitata_HIv3___RNAseq.g9918.t1/Montipora_capitata_HIv3___TS.g33523.t1,0.2878046805693776,blood vessel development,BP
GO:0043900,GO:0043900,7/85,343/8363,0.05925459132960198,2.120987206509943,7,343,Montipora_capitata_HIv3___TS.g1118.t1/Montipora_capitata_HIv3___RNAseq.g11548.t1/Montipora_capitata_HIv3___RNAseq.g44960.t2/Montipora_capitata_HIv3___RNAseq.21467_t/Montipora_capitata_HIv3___RNAseq.g30678.t1b/Montipora_capitata_HIv3___RNAseq.g37645.t1/Montipora_capitata_HIv3___RNAseq.g44445.t1,0.29266353991727273,NA,NA
GO:0015103,inorganic anion transmembrane transporter activity,3/85,88/8363,0.0600534797872817,3.5251329373999827,3,88,Montipora_capitata_HIv3___RNAseq.g20250.t1/Montipora_capitata_HIv3___TS.g4674.t2b/Montipora_capitata_HIv3___RNAseq.g23366.t1,0.29511129208598536,inorganic anion transmembrane transporter activity,MF
GO:0030217,T cell differentiation,3/85,89/8363,0.06170837443498617,3.4838656170966433,3,89,Montipora_capitata_HIv3___RNAseq.g7741.t1/Montipora_capitata_HIv3___RNAseq.g35008.t1/Montipora_capitata_HIv3___RNAseq.g43161.t1a,0.3017198408303595,T cell differentiation,BP
GO:0050808,synapse organization,5/85,212/8363,0.06424206794800881,2.4364187814308784,5,212,Montipora_capitata_HIv3___RNAseq.g23734.t3/Montipora_capitata_HIv3___RNAseq.g35804.t1/Montipora_capitata_HIv3___RNAseq.g35008.t1/Montipora_capitata_HIv3___RNAseq.g24942.t1/Montipora_capitata_HIv3___RNAseq.g35720.t1,0.31194379120590604,synapse organization,BP
GO:0031349,positive regulation of defense response,4/85,149/8363,0.06479183078316093,2.7692739934703616,4,149,Montipora_capitata_HIv3___RNAseq.g11548.t1/Montipora_capitata_HIv3___RNAseq.g44960.t2/Montipora_capitata_HIv3___RNAseq.21467_t/Montipora_capitata_HIv3___RNAseq.g44445.t1,0.31194379120590604,positive regulation of defense response,BP
GO:0015698,inorganic anion transport,3/85,91/8363,0.06508179816526097,3.403986192848486,3,91,Montipora_capitata_HIv3___RNAseq.g20250.t1/Montipora_capitata_HIv3___TS.g4674.t2b/Montipora_capitata_HIv3___RNAseq.g23366.t1,0.31194379120590604,inorganic anion transport,BP
GO:0002429,immune response-activating cell surface receptor signaling pathway,3/85,91/8363,0.06508179816526097,3.403986192848486,3,91,Montipora_capitata_HIv3___RNAseq.g44960.t2/Montipora_capitata_HIv3___RNAseq.21467_t/Montipora_capitata_HIv3___RNAseq.g24942.t1,0.31194379120590604,immune response-activating cell surface receptor signaling pathway,BP
GO:0004930,G protein-coupled receptor activity,4/85,151/8363,0.06736502923147392,2.730823585705244,4,151,Montipora_capitata_HIv3___TS.g27540.t1/Montipora_capitata_HIv3___RNAseq.g11237.t1/Montipora_capitata_HIv3___RNAseq.g39648.t1/Montipora_capitata_HIv3___RNAseq.g35008.t1,0.32130477177560846,G protein-coupled receptor activity,MF
GO:0048660,regulation of smooth muscle cell proliferation,3/85,93/8363,0.06853896987090811,3.327549768186158,3,93,Montipora_capitata_HIv3___RNAseq.g44960.t2/Montipora_capitata_HIv3___RNAseq.21467_t/Montipora_capitata_HIv3___RNAseq.g44814.t1,0.32261351614678435,regulation of smooth muscle cell proliferation,BP
GO:0070647,protein modification by small protein conjugation or removal,10/85,580/8363,0.0686233139659367,1.802875918167869,10,580,Montipora_capitata_HIv3___TS.g1118.t1/Montipora_capitata_HIv3___RNAseq.g23762.t1/Montipora_capitata_HIv3___RNAseq.g11548.t1/Montipora_capitata_HIv3___RNAseq.g44960.t2/Montipora_capitata_HIv3___RNAseq.21467_t/Montipora_capitata_HIv3___RNAseq.g44814.t1/Montipora_capitata_HIv3___RNAseq.g30678.t1b/Montipora_capitata_HIv3___RNAseq.g15186.t1/Montipora_capitata_HIv3___RNAseq.g14965.t1/Montipora_capitata_HIv3___RNAseq.g22553.t1c,0.32261351614678435,protein modification by small protein conjugation or removal,BP
GO:0055065,GO:0055065,7/85,355/8363,0.06863411905692124,2.0447767221422923,7,355,Montipora_capitata_HIv3___RNAseq.g33991.t1/Montipora_capitata_HIv3___TS.g27540.t1/Montipora_capitata_HIv3___RNAseq.g33992.t1/Montipora_capitata_HIv3___RNAseq.g38848.t1/Montipora_capitata_HIv3___RNAseq.g36907.t1/Montipora_capitata_HIv3___RNAseq.g46378.t1/Montipora_capitata_HIv3___RNAseq.g44814.t1,0.32261351614678435,NA,NA
GO:0006955,immune response,11/85,660/8363,0.0697227855021124,1.7472153325500561,11,660,Montipora_capitata_HIv3___RNAseq.g23734.t3/Montipora_capitata_HIv3___RNAseq.g35804.t1/Montipora_capitata_HIv3___RNAseq.g2640.t1a/Montipora_capitata_HIv3___RNAseq.g44960.t2/Montipora_capitata_HIv3___RNAseq.21467_t/Montipora_capitata_HIv3___RNAseq.g49895.t2/Montipora_capitata_HIv3___RNAseq.g46378.t1/Montipora_capitata_HIv3___RNAseq.g24942.t1/Montipora_capitata_HIv3___RNAseq.g35720.t1/Montipora_capitata_HIv3___TS.g33523.t1/Montipora_capitata_HIv3___RNAseq.g44445.t1,0.3257165593036252,immune response,BP
GO:0120032,regulation of plasma membrane bounded cell projection assembly,4/85,153/8363,0.06999102412116957,2.693535536802778,4,153,Montipora_capitata_HIv3___RNAseq.g23734.t3/Montipora_capitata_HIv3___RNAseq.g35804.t1/Montipora_capitata_HIv3___RNAseq.g24942.t1/Montipora_capitata_HIv3___RNAseq.g35720.t1,0.3257165593036252,regulation of plasma membrane bounded cell projection assembly,BP
GO:0022409,positive regulation of cell-cell adhesion,3/85,94/8363,0.07029853797919967,3.2905903930633387,3,94,Montipora_capitata_HIv3___RNAseq.g44960.t2/Montipora_capitata_HIv3___RNAseq.21467_t/Montipora_capitata_HIv3___RNAseq.g43161.t1a,0.3257165593036252,positive regulation of cell-cell adhesion,BP
GO:0060491,regulation of cell projection assembly,4/85,154/8363,0.07132371208306243,2.675263048322629,4,154,Montipora_capitata_HIv3___RNAseq.g23734.t3/Montipora_capitata_HIv3___RNAseq.g35804.t1/Montipora_capitata_HIv3___RNAseq.g24942.t1/Montipora_capitata_HIv3___RNAseq.g35720.t1,0.3289003405536481,regulation of cell projection assembly,BP
GO:1903320,regulation of protein modification by small protein conjugation or removal,5/85,219/8363,0.07171648744852142,2.3547613279154507,5,219,Montipora_capitata_HIv3___TS.g1118.t1/Montipora_capitata_HIv3___RNAseq.g7741.t1/Montipora_capitata_HIv3___RNAseq.g44960.t2/Montipora_capitata_HIv3___RNAseq.21467_t/Montipora_capitata_HIv3___RNAseq.g30678.t1b,0.3291516145632611,regulation of protein modification by small protein conjugation or removal,BP
GO:1903708,positive regulation of hemopoiesis,3/85,95/8363,0.07207852938981513,3.25443382285359,3,95,Montipora_capitata_HIv3___RNAseq.g44960.t2/Montipora_capitata_HIv3___RNAseq.21467_t/Montipora_capitata_HIv3___RNAseq.g44814.t1,0.329260136602301,positive regulation of hemopoiesis,BP
GO:0055076,GO:0055076,3/85,97/8363,0.07569907117957848,3.1844268750342586,3,97,Montipora_capitata_HIv3___RNAseq.g38848.t1/Montipora_capitata_HIv3___RNAseq.g36907.t1/Montipora_capitata_HIv3___RNAseq.g44814.t1,0.34258230817548774,NA,NA
GO:0000077,DNA damage checkpoint signaling,3/85,97/8363,0.07569907117957848,3.1844268750342586,3,97,Montipora_capitata_HIv3___RNAseq.g7741.t1/Montipora_capitata_HIv3___RNAseq.g14965.t1/Montipora_capitata_HIv3___RNAseq.g43161.t1a,0.34258230817548774,DNA damage checkpoint signaling,BP
GO:0048872,homeostasis of number of cells,4/85,158/8363,0.07678463963084617,2.6045077630394946,4,158,Montipora_capitata_HIv3___RNAseq.g23734.t3/Montipora_capitata_HIv3___RNAseq.g35804.t1/Montipora_capitata_HIv3___RNAseq.g44814.t1/Montipora_capitata_HIv3___RNAseq.g35720.t1,0.34411269126993377,homeostasis of number of cells,BP
GO:0071396,cellular response to lipid,6/85,293/8363,0.07709821859901907,2.114396833347708,6,293,Montipora_capitata_HIv3___RNAseq.g2640.t1a/Montipora_capitata_HIv3___RNAseq.g44960.t2/Montipora_capitata_HIv3___RNAseq.21467_t/Montipora_capitata_HIv3___RNAseq.g46378.t1/Montipora_capitata_HIv3___RNAseq.g44814.t1/Montipora_capitata_HIv3___RNAseq.g44445.t1,0.34411269126993377,cellular response to lipid,BP
GO:0001944,vasculature development,6/85,293/8363,0.07709821859901907,2.114396833347708,6,293,Montipora_capitata_HIv3___RNAseq.g7741.t1/Montipora_capitata_HIv3___RNAseq.g35008.t1/Montipora_capitata_HIv3___RNAseq.g44814.t1/Montipora_capitata_HIv3___RNAseq.g42092.t1/Montipora_capitata_HIv3___RNAseq.g9918.t1/Montipora_capitata_HIv3___TS.g33523.t1,0.34411269126993377,vasculature development,BP
GO:0001890,placenta development,3/85,98/8363,0.0775392596697896,3.150528096119152,3,98,Montipora_capitata_HIv3___RNAseq.g35008.t1/Montipora_capitata_HIv3___RNAseq.g46378.t1/Montipora_capitata_HIv3___RNAseq.g44814.t1,0.34450091168358576,placenta development,BP
GO:0061630,ubiquitin protein ligase activity,4/85,159/8363,0.07818216521975033,2.587337024821535,4,159,Montipora_capitata_HIv3___RNAseq.g44960.t2/Montipora_capitata_HIv3___RNAseq.21467_t/Montipora_capitata_HIv3___RNAseq.g15186.t1/Montipora_capitata_HIv3___RNAseq.g22553.t1c,0.34557257305330336,ubiquitin protein ligase activity,MF
GO:0051222,positive regulation of protein transport,5/85,225/8363,0.0784907899740802,2.2888071495945193,5,225,Montipora_capitata_HIv3___RNAseq.g5395.t1/Montipora_capitata_HIv3___RNAseq.g7741.t1/Montipora_capitata_HIv3___RNAseq.g37193.t1/Montipora_capitata_HIv3___RNAseq.g35008.t1/Montipora_capitata_HIv3___RNAseq.g44814.t1,0.34557257305330336,positive regulation of protein transport,BP
GO:0060485,mesenchyme development,4/85,160/8363,0.07959250285760389,2.570599343523746,4,160,Montipora_capitata_HIv3___RNAseq.g36907.t1/Montipora_capitata_HIv3___RNAseq.g44814.t1/Montipora_capitata_HIv3___TS.g33523.t1/Montipora_capitata_HIv3___TS.g10359.t4b,0.34685977263230344,mesenchyme development,BP
GO:0032872,regulation of stress-activated MAPK cascade,4/85,160/8363,0.07959250285760389,2.570599343523746,4,160,Montipora_capitata_HIv3___RNAseq.g44960.t2/Montipora_capitata_HIv3___RNAseq.21467_t/Montipora_capitata_HIv3___RNAseq.g35008.t1/Montipora_capitata_HIv3___TS.g10359.t4b,0.34685977263230344,regulation of stress-activated MAPK cascade,BP
GO:0043169,cation binding,12/85,758/8363,0.08067240440268662,1.6595697745581972,12,758,Montipora_capitata_HIv3___RNAseq.g44960.t2/Montipora_capitata_HIv3___TS.g32048.t1/Montipora_capitata_HIv3___RNAseq.21467_t/Montipora_capitata_HIv3___RNAseq.g44814.t1/Montipora_capitata_HIv3___RNAseq.g9027.t1/Montipora_capitata_HIv3___RNAseq.g30678.t1b/Montipora_capitata_HIv3___RNAseq.g37645.t1/Montipora_capitata_HIv3___RNAseq.g43161.t1a/Montipora_capitata_HIv3___RNAseq.g9918.t1/Montipora_capitata_HIv3___RNAseq.g33449.t1/Montipora_capitata_HIv3___RNAseq.g8867.t2/Montipora_capitata_HIv3___RNAseq.g44445.t1,0.34685977263230344,cation binding,MF
GO:0061659,ubiquitin-like protein ligase activity,4/85,161/8363,0.08101559722586248,2.553917944574402,4,161,Montipora_capitata_HIv3___RNAseq.g44960.t2/Montipora_capitata_HIv3___RNAseq.21467_t/Montipora_capitata_HIv3___RNAseq.g15186.t1/Montipora_capitata_HIv3___RNAseq.g22553.t1c,0.34685977263230344,ubiquitin-like protein ligase activity,MF
GO:0070302,regulation of stress-activated protein kinase signaling cascade,4/85,161/8363,0.08101559722586248,2.553917944574402,4,161,Montipora_capitata_HIv3___RNAseq.g44960.t2/Montipora_capitata_HIv3___RNAseq.21467_t/Montipora_capitata_HIv3___RNAseq.g35008.t1/Montipora_capitata_HIv3___TS.g10359.t4b,0.34685977263230344,regulation of stress-activated protein kinase signaling cascade,BP
GO:0002699,positive regulation of immune effector process,3/85,100/8363,0.08127854898269804,3.084826446715732,3,100,Montipora_capitata_HIv3___RNAseq.g44960.t2/Montipora_capitata_HIv3___RNAseq.21467_t/Montipora_capitata_HIv3___RNAseq.g35008.t1,0.34685977263230344,positive regulation of immune effector process,BP
GO:1903037,regulation of leukocyte cell-cell adhesion,3/85,100/8363,0.08127854898269804,3.084826446715732,3,100,Montipora_capitata_HIv3___RNAseq.g44960.t2/Montipora_capitata_HIv3___RNAseq.21467_t/Montipora_capitata_HIv3___RNAseq.g43161.t1a,0.34685977263230344,regulation of leukocyte cell-cell adhesion,BP
GO:0045087,innate immune response,5/85,228/8363,0.0820040629328253,2.257376486452548,5,228,Montipora_capitata_HIv3___RNAseq.g2640.t1a/Montipora_capitata_HIv3___RNAseq.g44960.t2/Montipora_capitata_HIv3___RNAseq.21467_t/Montipora_capitata_HIv3___RNAseq.g49895.t2/Montipora_capitata_HIv3___RNAseq.g46378.t1,0.3484277433783363,innate immune response,BP
GO:0007186,G protein-coupled receptor signaling pathway,6/85,299/8363,0.08315292707978901,2.0695503007971965,6,299,Montipora_capitata_HIv3___TS.g27540.t1/Montipora_capitata_HIv3___RNAseq.g11237.t1/Montipora_capitata_HIv3___RNAseq.g39648.t1/Montipora_capitata_HIv3___RNAseq.g35008.t1/Montipora_capitata_HIv3___RNAseq.g6934.t1/Montipora_capitata_HIv3___RNAseq.g23366.t1,0.35035275952789613,G protein-coupled receptor signaling pathway,BP
GO:0010508,positive regulation of autophagy,3/85,101/8363,0.08317727384475232,3.052980969075158,3,101,Montipora_capitata_HIv3___RNAseq.g44960.t2/Montipora_capitata_HIv3___RNAseq.21467_t/Montipora_capitata_HIv3___RNAseq.g44814.t1,0.35035275952789613,positive regulation of autophagy,BP
GO:0016323,basolateral plasma membrane,4/85,163/8363,0.08389982766390806,2.521183180941793,4,163,Montipora_capitata_HIv3___RNAseq.g49895.t2/Montipora_capitata_HIv3___RNAseq.g36907.t1/Montipora_capitata_HIv3___TS.g4674.t2b/Montipora_capitata_HIv3___TS.g33523.t1,0.35187298412492474,basolateral plasma membrane,CC
GO:0048593,camera-type eye morphogenesis,3/85,102/8363,0.08509513131870772,3.0217909414468043,3,102,Montipora_capitata_HIv3___RNAseq.g35008.t1/Montipora_capitata_HIv3___RNAseq.g44814.t1/Montipora_capitata_HIv3___TS.g10359.t4b,0.3549406115971798,camera-type eye morphogenesis,BP
GO:0051249,regulation of lymphocyte activation,4/85,164/8363,0.08536084595451189,2.505122608710976,4,164,Montipora_capitata_HIv3___RNAseq.g44960.t2/Montipora_capitata_HIv3___RNAseq.21467_t/Montipora_capitata_HIv3___RNAseq.g36907.t1/Montipora_capitata_HIv3___RNAseq.g43161.t1a,0.3549406115971798,regulation of lymphocyte activation,BP
GO:1901701,cellular response to oxygen-containing compound,10/85,606/8363,0.08629343846047319,1.7184232569228968,10,606,Montipora_capitata_HIv3___RNAseq.g7741.t1/Montipora_capitata_HIv3___RNAseq.g2640.t1a/Montipora_capitata_HIv3___RNAseq.g44960.t2/Montipora_capitata_HIv3___RNAseq.21467_t/Montipora_capitata_HIv3___RNAseq.g46378.t1/Montipora_capitata_HIv3___RNAseq.g24942.t1/Montipora_capitata_HIv3___RNAseq.g44814.t1/Montipora_capitata_HIv3___RNAseq.g43161.t1a/Montipora_capitata_HIv3___TS.g33523.t1/Montipora_capitata_HIv3___RNAseq.g44445.t1,0.3572915558384699,cellular response to oxygen-containing compound,BP
GO:0030522,intracellular receptor signaling pathway,3/85,103/8363,0.087031928244633,2.9912182957343068,3,103,Montipora_capitata_HIv3___RNAseq.g44960.t2/Montipora_capitata_HIv3___RNAseq.21467_t/Montipora_capitata_HIv3___RNAseq.g46378.t1,0.3588223143306267,intracellular receptor signaling pathway,BP
GO:0002376,immune system process,17/85,1190/8363,0.08865606065518618,1.5141882879031625,17,1190,Montipora_capitata_HIv3___RNAseq.g23734.t3/Montipora_capitata_HIv3___RNAseq.g35804.t1/Montipora_capitata_HIv3___RNAseq.g11548.t1/Montipora_capitata_HIv3___RNAseq.g7741.t1/Montipora_capitata_HIv3___RNAseq.g2640.t1a/Montipora_capitata_HIv3___RNAseq.g44960.t2/Montipora_capitata_HIv3___RNAseq.21467_t/Montipora_capitata_HIv3___RNAseq.g49895.t2/Montipora_capitata_HIv3___RNAseq.g35008.t1/Montipora_capitata_HIv3___RNAseq.g46378.t1/Montipora_capitata_HIv3___RNAseq.g24942.t1/Montipora_capitata_HIv3___RNAseq.g44814.t1/Montipora_capitata_HIv3___RNAseq.g35720.t1/Montipora_capitata_HIv3___RNAseq.g42092.t1/Montipora_capitata_HIv3___RNAseq.g43161.t1a/Montipora_capitata_HIv3___TS.g33523.t1/Montipora_capitata_HIv3___RNAseq.g44445.t1,0.36380171380923126,immune system process,BP
GO:0002768,immune response-regulating cell surface receptor signaling pathway,3/85,104/8363,0.08898746956484795,2.961251240550174,3,104,Montipora_capitata_HIv3___RNAseq.g44960.t2/Montipora_capitata_HIv3___RNAseq.21467_t/Montipora_capitata_HIv3___RNAseq.g24942.t1,0.36380171380923126,immune response-regulating cell surface receptor signaling pathway,BP
GO:0072358,GO:0072358,6/85,305/8363,0.08946806161517636,2.026518365278616,6,305,Montipora_capitata_HIv3___RNAseq.g7741.t1/Montipora_capitata_HIv3___RNAseq.g35008.t1/Montipora_capitata_HIv3___RNAseq.g44814.t1/Montipora_capitata_HIv3___RNAseq.g42092.t1/Montipora_capitata_HIv3___RNAseq.g9918.t1/Montipora_capitata_HIv3___TS.g33523.t1,0.36423608347935815,NA,NA
GO:0031570,DNA integrity checkpoint signaling,3/85,105/8363,0.09096155841746185,2.9318719245400615,3,105,Montipora_capitata_HIv3___RNAseq.g7741.t1/Montipora_capitata_HIv3___RNAseq.g14965.t1/Montipora_capitata_HIv3___RNAseq.g43161.t1a,0.3656938478899491,DNA integrity checkpoint signaling,BP
GO:0006898,receptor-mediated endocytosis,3/85,105/8363,0.09096155841746185,2.9318719245400615,3,105,Montipora_capitata_HIv3___RNAseq.g2640.t1a/Montipora_capitata_HIv3___RNAseq.g38848.t1/Montipora_capitata_HIv3___TS.g33523.t1,0.3656938478899491,receptor-mediated endocytosis,BP
GO:0015849,organic acid transport,4/85,168/8363,0.09132950157991533,2.442698268891558,4,168,Montipora_capitata_HIv3___RNAseq.g24139.t1/Montipora_capitata_HIv3___TS.g32048.t1/Montipora_capitata_HIv3___TS.g4674.t2b/Montipora_capitata_HIv3___TS.g33523.t1,0.3656938478899491,organic acid transport,BP
GO:0046942,carboxylic acid transport,4/85,168/8363,0.09132950157991533,2.442698268891558,4,168,Montipora_capitata_HIv3___RNAseq.g24139.t1/Montipora_capitata_HIv3___TS.g32048.t1/Montipora_capitata_HIv3___TS.g4674.t2b/Montipora_capitata_HIv3___TS.g33523.t1,0.3656938478899491,carboxylic acid transport,BP
GO:0016567,protein ubiquitination,7/85,383/8363,0.09383865620080234,1.8859132481694159,7,383,Montipora_capitata_HIv3___TS.g1118.t1/Montipora_capitata_HIv3___RNAseq.g11548.t1/Montipora_capitata_HIv3___RNAseq.g44960.t2/Montipora_capitata_HIv3___RNAseq.21467_t/Montipora_capitata_HIv3___RNAseq.g30678.t1b/Montipora_capitata_HIv3___RNAseq.g15186.t1/Montipora_capitata_HIv3___RNAseq.g22553.t1c,0.3742008708335274,protein ubiquitination,BP
GO:0050708,regulation of protein secretion,5/85,238/8363,0.09431341403871998,2.1577134815117764,5,238,Montipora_capitata_HIv3___RNAseq.g7741.t1/Montipora_capitata_HIv3___RNAseq.g44960.t2/Montipora_capitata_HIv3___RNAseq.21467_t/Montipora_capitata_HIv3___RNAseq.g35008.t1/Montipora_capitata_HIv3___RNAseq.g44814.t1,0.3745589871823451,regulation of protein secretion,BP
GO:0010646,regulation of cell communication,25/85,1915/8363,0.09795261115007002,1.4082258085186818,25,1915,Montipora_capitata_HIv3___RNAseq.g7992.t1/Montipora_capitata_HIv3___RNAseq.g23734.t3/Montipora_capitata_HIv3___RNAseq.g35804.t1/Montipora_capitata_HIv3___RNAseq.g5395.t1/Montipora_capitata_HIv3___RNAseq.g23733.t1/Montipora_capitata_HIv3___RNAseq.g7741.t1/Montipora_capitata_HIv3___TS.g29616.t1/Montipora_capitata_HIv3___TS.g27540.t1/Montipora_capitata_HIv3___RNAseq.g12596.t1/Montipora_capitata_HIv3___RNAseq.g44960.t2/Montipora_capitata_HIv3___RNAseq.21467_t/Montipora_capitata_HIv3___RNAseq.g29879.t1b/Montipora_capitata_HIv3___RNAseq.g35718.t1/Montipora_capitata_HIv3___RNAseq.g36907.t1/Montipora_capitata_HIv3___RNAseq.g45527.t1/Montipora_capitata_HIv3___RNAseq.g35008.t1/Montipora_capitata_HIv3___RNAseq.g46378.t1/Montipora_capitata_HIv3___RNAseq.g24942.t1/Montipora_capitata_HIv3___RNAseq.g44814.t1/Montipora_capitata_HIv3___RNAseq.g35720.t1/Montipora_capitata_HIv3___TS.g33523.t1/Montipora_capitata_HIv3___RNAseq.g4457.t1/Montipora_capitata_HIv3___TS.g10359.t4b/Montipora_capitata_HIv3___RNAseq.g44445.t1/Montipora_capitata_HIv3___RNAseq.g23366.t1,0.3874304497927566,regulation of cell communication,BP
GO:0005930,axoneme,3/85,109/8363,0.09903939383856998,2.8198985341624567,3,109,Montipora_capitata_HIv3___RNAseq.g36838.t1/Montipora_capitata_HIv3___RNAseq.g22865.t1/Montipora_capitata_HIv3___TS.g5595.t1,0.390078320831395,axoneme,CC
GO:0006875,GO:0006875,6/85,314/8363,0.09942386800224662,1.9651029246781622,6,314,Montipora_capitata_HIv3___RNAseq.g33991.t1/Montipora_capitata_HIv3___TS.g27540.t1/Montipora_capitata_HIv3___RNAseq.g33992.t1/Montipora_capitata_HIv3___RNAseq.g38848.t1/Montipora_capitata_HIv3___RNAseq.g36907.t1/Montipora_capitata_HIv3___RNAseq.g44814.t1,0.390078320831395,NA,NA
GO:0010817,regulation of hormone levels,7/85,390/8363,0.10086215457247978,1.8498550055742333,7,390,Montipora_capitata_HIv3___RNAseq.g7741.t1/Montipora_capitata_HIv3___RNAseq.g40983.t1/Montipora_capitata_HIv3___RNAseq.g24836.t1/Montipora_capitata_HIv3___RNAseq.g46378.t1/Montipora_capitata_HIv3___RNAseq.g44814.t1/Montipora_capitata_HIv3___RNAseq.g42092.t1/Montipora_capitata_HIv3___RNAseq.g33997.t1,0.39349369556419667,regulation of hormone levels,BP
GO:0097014,ciliary plasm,3/85,110/8363,0.10110321057661785,2.7932132313162974,3,110,Montipora_capitata_HIv3___RNAseq.g36838.t1/Montipora_capitata_HIv3___RNAseq.g22865.t1/Montipora_capitata_HIv3___TS.g5595.t1,0.39349369556419667,ciliary plasm,CC
GO:1904951,positive regulation of establishment of protein localization,5/85,244/8363,0.10213291871866133,2.1019732153470057,5,244,Montipora_capitata_HIv3___RNAseq.g5395.t1/Montipora_capitata_HIv3___RNAseq.g7741.t1/Montipora_capitata_HIv3___RNAseq.g37193.t1/Montipora_capitata_HIv3___RNAseq.g35008.t1/Montipora_capitata_HIv3___RNAseq.g44814.t1,0.3959176490568027,positive regulation of establishment of protein localization,BP
GO:0006950,response to stress,27/85,2109/8363,0.10364689505601939,1.3853136862312314,27,2109,Montipora_capitata_HIv3___RNAseq.g7992.t1/Montipora_capitata_HIv3___TS.g1118.t1/Montipora_capitata_HIv3___RNAseq.g23734.t3/Montipora_capitata_HIv3___RNAseq.g35804.t1/Montipora_capitata_HIv3___RNAseq.g5395.t1/Montipora_capitata_HIv3___RNAseq.g7741.t1/Montipora_capitata_HIv3___TS.g29616.t1/Montipora_capitata_HIv3___RNAseq.g2640.t1a/Montipora_capitata_HIv3___RNAseq.g12596.t1/Montipora_capitata_HIv3___RNAseq.g44960.t2/Montipora_capitata_HIv3___RNAseq.21467_t/Montipora_capitata_HIv3___RNAseq.g29879.t1b/Montipora_capitata_HIv3___RNAseq.g38848.t1/Montipora_capitata_HIv3___RNAseq.g49895.t2/Montipora_capitata_HIv3___RNAseq.g46378.t1/Montipora_capitata_HIv3___RNAseq.g44814.t1/Montipora_capitata_HIv3___RNAseq.g35720.t1/Montipora_capitata_HIv3___RNAseq.g30678.t1b/Montipora_capitata_HIv3___RNAseq.g15186.t1/Montipora_capitata_HIv3___RNAseq.g14965.t1/Montipora_capitata_HIv3___TS.g4674.t2b/Montipora_capitata_HIv3___RNAseq.g37645.t1/Montipora_capitata_HIv3___RNAseq.g43161.t1a/Montipora_capitata_HIv3___TS.g33523.t1/Montipora_capitata_HIv3___RNAseq.g47955.t1/Montipora_capitata_HIv3___TS.g10359.t4b/Montipora_capitata_HIv3___RNAseq.g44445.t1,0.40019217813296376,response to stress,BP
GO:0046872,metal ion binding,11/85,711/8363,0.10459939657816773,1.6091048870253595,11,711,Montipora_capitata_HIv3___RNAseq.g44960.t2/Montipora_capitata_HIv3___TS.g32048.t1/Montipora_capitata_HIv3___RNAseq.21467_t/Montipora_capitata_HIv3___RNAseq.g44814.t1/Montipora_capitata_HIv3___RNAseq.g9027.t1/Montipora_capitata_HIv3___RNAseq.g30678.t1b/Montipora_capitata_HIv3___RNAseq.g37645.t1/Montipora_capitata_HIv3___RNAseq.g43161.t1a/Montipora_capitata_HIv3___RNAseq.g33449.t1/Montipora_capitata_HIv3___RNAseq.g8867.t2/Montipora_capitata_HIv3___RNAseq.g44445.t1,0.40227356865832886,metal ion binding,MF
GO:0043901,GO:0043901,3/85,112/8363,0.10528263740772963,2.7413112187822977,3,112,Montipora_capitata_HIv3___RNAseq.g30678.t1b/Montipora_capitata_HIv3___RNAseq.g37645.t1/Montipora_capitata_HIv3___RNAseq.g44445.t1,0.4032305676732749,NA,NA
GO:0023051,regulation of signaling,25/85,1931/8363,0.10567707580337626,1.3929090726047315,25,1931,Montipora_capitata_HIv3___RNAseq.g7992.t1/Montipora_capitata_HIv3___RNAseq.g23734.t3/Montipora_capitata_HIv3___RNAseq.g35804.t1/Montipora_capitata_HIv3___RNAseq.g5395.t1/Montipora_capitata_HIv3___RNAseq.g23733.t1/Montipora_capitata_HIv3___RNAseq.g7741.t1/Montipora_capitata_HIv3___TS.g29616.t1/Montipora_capitata_HIv3___TS.g27540.t1/Montipora_capitata_HIv3___RNAseq.g12596.t1/Montipora_capitata_HIv3___RNAseq.g44960.t2/Montipora_capitata_HIv3___RNAseq.21467_t/Montipora_capitata_HIv3___RNAseq.g29879.t1b/Montipora_capitata_HIv3___RNAseq.g35718.t1/Montipora_capitata_HIv3___RNAseq.g36907.t1/Montipora_capitata_HIv3___RNAseq.g45527.t1/Montipora_capitata_HIv3___RNAseq.g35008.t1/Montipora_capitata_HIv3___RNAseq.g46378.t1/Montipora_capitata_HIv3___RNAseq.g24942.t1/Montipora_capitata_HIv3___RNAseq.g44814.t1/Montipora_capitata_HIv3___RNAseq.g35720.t1/Montipora_capitata_HIv3___TS.g33523.t1/Montipora_capitata_HIv3___RNAseq.g4457.t1/Montipora_capitata_HIv3___TS.g10359.t4b/Montipora_capitata_HIv3___RNAseq.g44445.t1/Montipora_capitata_HIv3___RNAseq.g23366.t1,0.4032305676732749,regulation of signaling,BP
GO:0043009,chordate embryonic development,8/85,476/8363,0.10968190492421018,1.7336720201499263,8,476,Montipora_capitata_HIv3___RNAseq.g5395.t1/Montipora_capitata_HIv3___RNAseq.g7741.t1/Montipora_capitata_HIv3___RNAseq.g44960.t2/Montipora_capitata_HIv3___RNAseq.21467_t/Montipora_capitata_HIv3___RNAseq.g35008.t1/Montipora_capitata_HIv3___RNAseq.g44814.t1/Montipora_capitata_HIv3___RNAseq.g33449.t1/Montipora_capitata_HIv3___TS.g33523.t1,0.4168769277002207,chordate embryonic development,BP
GO:0034097,response to cytokine,8/85,477/8363,0.11066141001129876,1.7297545143133088,8,477,Montipora_capitata_HIv3___RNAseq.g5395.t1/Montipora_capitata_HIv3___RNAseq.g11548.t1/Montipora_capitata_HIv3___RNAseq.g2640.t1a/Montipora_capitata_HIv3___RNAseq.g44960.t2/Montipora_capitata_HIv3___RNAseq.21467_t/Montipora_capitata_HIv3___RNAseq.g46378.t1/Montipora_capitata_HIv3___RNAseq.g44814.t1/Montipora_capitata_HIv3___RNAseq.g44445.t1,0.4189632371244891,response to cytokine,BP
GO:0001817,regulation of cytokine production,5/85,251/8363,0.11165604279678086,2.040486400154357,5,251,Montipora_capitata_HIv3___RNAseq.g11548.t1/Montipora_capitata_HIv3___RNAseq.g44960.t2/Montipora_capitata_HIv3___RNAseq.21467_t/Montipora_capitata_HIv3___RNAseq.g35008.t1/Montipora_capitata_HIv3___RNAseq.g44814.t1,0.41954760360499643,regulation of cytokine production,BP
GO:0007093,mitotic cell cycle checkpoint signaling,3/85,115/8363,0.11167813908909978,2.666858788689771,3,115,Montipora_capitata_HIv3___RNAseq.g7741.t1/Montipora_capitata_HIv3___RNAseq.g14965.t1/Montipora_capitata_HIv3___RNAseq.g43161.t1a,0.41954760360499643,mitotic cell cycle checkpoint signaling,BP
GO:0031398,positive regulation of protein ubiquitination,3/85,116/8363,0.11384282971281079,2.6429522332563256,3,116,Montipora_capitata_HIv3___RNAseq.g44960.t2/Montipora_capitata_HIv3___RNAseq.21467_t/Montipora_capitata_HIv3___RNAseq.g30678.t1b,0.42603489734832656,positive regulation of protein ubiquitination,BP
GO:0008509,monoatomic anion transmembrane transporter activity,4/85,183/8363,0.11542213656224964,2.2341642042187138,4,183,Montipora_capitata_HIv3___RNAseq.g24139.t1/Montipora_capitata_HIv3___RNAseq.g20250.t1/Montipora_capitata_HIv3___TS.g4674.t2b/Montipora_capitata_HIv3___RNAseq.g23366.t1,0.43029018726080037,monoatomic anion transmembrane transporter activity,MF
GO:0017144,GO:0017144,8/85,483/8363,0.11664068220375733,1.7065956811547747,8,483,Montipora_capitata_HIv3___RNAseq.g40427.t1a/Montipora_capitata_HIv3___RNAseq.g33991.t1/Montipora_capitata_HIv3___RNAseq.g33992.t1/Montipora_capitata_HIv3___RNAseq.g46378.t1/Montipora_capitata_HIv3___RNAseq.g9918.t1/Montipora_capitata_HIv3___TS.g33523.t1/Montipora_capitata_HIv3___TS.g21293.t1/Montipora_capitata_HIv3___RNAseq.g9561.t1,0.43317322055059493,NA,NA
GO:0010562,positive regulation of phosphorus metabolic process,9/85,564/8363,0.11779609626626251,1.6477344664588387,9,564,Montipora_capitata_HIv3___RNAseq.g5395.t1/Montipora_capitata_HIv3___TS.g27540.t1/Montipora_capitata_HIv3___RNAseq.g44960.t2/Montipora_capitata_HIv3___RNAseq.21467_t/Montipora_capitata_HIv3___RNAseq.g36907.t1/Montipora_capitata_HIv3___RNAseq.g35008.t1/Montipora_capitata_HIv3___RNAseq.g44814.t1/Montipora_capitata_HIv3___RNAseq.g14965.t1/Montipora_capitata_HIv3___TS.g10359.t4b,0.4340689805277526,positive regulation of phosphorus metabolic process,BP
GO:0045937,positive regulation of phosphate metabolic process,9/85,564/8363,0.11779609626626251,1.6477344664588387,9,564,Montipora_capitata_HIv3___RNAseq.g5395.t1/Montipora_capitata_HIv3___TS.g27540.t1/Montipora_capitata_HIv3___RNAseq.g44960.t2/Montipora_capitata_HIv3___RNAseq.21467_t/Montipora_capitata_HIv3___RNAseq.g36907.t1/Montipora_capitata_HIv3___RNAseq.g35008.t1/Montipora_capitata_HIv3___RNAseq.g44814.t1/Montipora_capitata_HIv3___RNAseq.g14965.t1/Montipora_capitata_HIv3___TS.g10359.t4b,0.4340689805277526,positive regulation of phosphate metabolic process,BP
GO:0050863,regulation of T cell activation,3/85,118/8363,0.11822022594024095,2.5963812196919562,3,118,Montipora_capitata_HIv3___RNAseq.g44960.t2/Montipora_capitata_HIv3___RNAseq.21467_t/Montipora_capitata_HIv3___RNAseq.g43161.t1a,0.4340689805277526,regulation of T cell activation,BP
GO:0035239,tube morphogenesis,11/85,729/8363,0.11903561794625281,1.5650431660573043,11,729,Montipora_capitata_HIv3___RNAseq.g22865.t1/Montipora_capitata_HIv3___RNAseq.g7741.t1/Montipora_capitata_HIv3___RNAseq.g44960.t2/Montipora_capitata_HIv3___RNAseq.21467_t/Montipora_capitata_HIv3___RNAseq.g36907.t1/Montipora_capitata_HIv3___RNAseq.g35008.t1/Montipora_capitata_HIv3___RNAseq.g44814.t1/Montipora_capitata_HIv3___RNAseq.g42092.t1/Montipora_capitata_HIv3___RNAseq.g9918.t1/Montipora_capitata_HIv3___TS.g33523.t1/Montipora_capitata_HIv3___RNAseq.g18391.t1,0.4354197603823458,tube morphogenesis,BP
GO:0048762,mesenchymal cell differentiation,3/85,119/8363,0.12043250551666553,2.5736507766631225,3,119,Montipora_capitata_HIv3___RNAseq.g44814.t1/Montipora_capitata_HIv3___TS.g33523.t1/Montipora_capitata_HIv3___TS.g10359.t4b,0.4373073807644471,mesenchymal cell differentiation,BP
GO:0032103,positive regulation of response to external stimulus,4/85,186/8363,0.12054982665014817,2.196458995998473,4,186,Montipora_capitata_HIv3___RNAseq.g44960.t2/Montipora_capitata_HIv3___RNAseq.21467_t/Montipora_capitata_HIv3___RNAseq.g46378.t1/Montipora_capitata_HIv3___TS.g10359.t4b,0.4373073807644471,positive regulation of response to external stimulus,BP
GO:1901615,organic hydroxy compound metabolic process,6/85,332/8363,0.12103265641303697,1.8525096212474708,6,332,Montipora_capitata_HIv3___RNAseq.g40983.t1/Montipora_capitata_HIv3___RNAseq.g24836.t1/Montipora_capitata_HIv3___RNAseq.g46378.t1/Montipora_capitata_HIv3___RNAseq.g44814.t1/Montipora_capitata_HIv3___RNAseq.g33997.t1/Montipora_capitata_HIv3___RNAseq.g6934.t1,0.4373073807644471,organic hydroxy compound metabolic process,BP
GO:0032446,protein modification by small protein conjugation,7/85,409/8363,0.12134942734470783,1.7581039740971918,7,409,Montipora_capitata_HIv3___TS.g1118.t1/Montipora_capitata_HIv3___RNAseq.g11548.t1/Montipora_capitata_HIv3___RNAseq.g44960.t2/Montipora_capitata_HIv3___RNAseq.21467_t/Montipora_capitata_HIv3___RNAseq.g30678.t1b/Montipora_capitata_HIv3___RNAseq.g15186.t1/Montipora_capitata_HIv3___RNAseq.g22553.t1c,0.4373073807644471,protein modification by small protein conjugation,BP
GO:0002682,regulation of immune system process,10/85,653/8363,0.12477911104806763,1.5830840230069363,10,653,Montipora_capitata_HIv3___TS.g1118.t1/Montipora_capitata_HIv3___RNAseq.g11548.t1/Montipora_capitata_HIv3___RNAseq.g44960.t2/Montipora_capitata_HIv3___RNAseq.21467_t/Montipora_capitata_HIv3___RNAseq.g36907.t1/Montipora_capitata_HIv3___RNAseq.g35008.t1/Montipora_capitata_HIv3___RNAseq.g24942.t1/Montipora_capitata_HIv3___RNAseq.g44814.t1/Montipora_capitata_HIv3___RNAseq.g43161.t1a/Montipora_capitata_HIv3___RNAseq.g44445.t1,0.44800765701022066,regulation of immune system process,BP
GO:0019221,cytokine-mediated signaling pathway,4/85,189/8363,0.12577543886117618,2.1600180088157113,4,189,Montipora_capitata_HIv3___RNAseq.g11548.t1/Montipora_capitata_HIv3___RNAseq.g44960.t2/Montipora_capitata_HIv3___RNAseq.21467_t/Montipora_capitata_HIv3___RNAseq.g44814.t1,0.44884554440562924,cytokine-mediated signaling pathway,BP
GO:0080135,regulation of cellular response to stress,8/85,492/8363,0.12593508080445712,1.6729334647448728,8,492,Montipora_capitata_HIv3___TS.g1118.t1/Montipora_capitata_HIv3___RNAseq.g44960.t2/Montipora_capitata_HIv3___RNAseq.21467_t/Montipora_capitata_HIv3___RNAseq.g35008.t1/Montipora_capitata_HIv3___RNAseq.g44814.t1/Montipora_capitata_HIv3___RNAseq.g43161.t1a/Montipora_capitata_HIv3___TS.g10359.t4b/Montipora_capitata_HIv3___RNAseq.g44445.t1,0.44884554440562924,regulation of cellular response to stress,BP
GO:0002791,regulation of peptide secretion,5/85,262/8363,0.12746259217466197,1.950426751159815,5,262,Montipora_capitata_HIv3___RNAseq.g7741.t1/Montipora_capitata_HIv3___RNAseq.g44960.t2/Montipora_capitata_HIv3___RNAseq.21467_t/Montipora_capitata_HIv3___RNAseq.g35008.t1/Montipora_capitata_HIv3___RNAseq.g44814.t1,0.45263175980272297,regulation of peptide secretion,BP
GO:0050896,response to stimulus,47/85,4064/8363,0.12860286843372667,1.3119224401607585,47,4064,Montipora_capitata_HIv3___RNAseq.g7992.t1/Montipora_capitata_HIv3___TS.g1118.t1/Montipora_capitata_HIv3___RNAseq.g23734.t3/Montipora_capitata_HIv3___RNAseq.g35804.t1/Montipora_capitata_HIv3___RNAseq.g5395.t1/Montipora_capitata_HIv3___RNAseq.g22865.t1/Montipora_capitata_HIv3___RNAseq.g11548.t1/Montipora_capitata_HIv3___RNAseq.g7741.t1/Montipora_capitata_HIv3___TS.g29616.t1/Montipora_capitata_HIv3___RNAseq.g2640.t1a/Montipora_capitata_HIv3___TS.g27540.t1/Montipora_capitata_HIv3___RNAseq.g24139.t1/Montipora_capitata_HIv3___RNAseq.g12596.t1/Montipora_capitata_HIv3___RNAseq.g11237.t1/Montipora_capitata_HIv3___RNAseq.g44960.t2/Montipora_capitata_HIv3___TS.g32048.t1/Montipora_capitata_HIv3___RNAseq.21467_t/Montipora_capitata_HIv3___RNAseq.g29879.t1b/Montipora_capitata_HIv3___RNAseq.g38848.t1/Montipora_capitata_HIv3___RNAseq.g39648.t1/Montipora_capitata_HIv3___RNAseq.g49895.t2/Montipora_capitata_HIv3___RNAseq.g36907.t1/Montipora_capitata_HIv3___RNAseq.g45527.t1/Montipora_capitata_HIv3___RNAseq.g35008.t1/Montipora_capitata_HIv3___RNAseq.g46378.t1/Montipora_capitata_HIv3___RNAseq.g24942.t1/Montipora_capitata_HIv3___RNAseq.g44814.t1/Montipora_capitata_HIv3___RNAseq.g20250.t1/Montipora_capitata_HIv3___RNAseq.g35720.t1/Montipora_capitata_HIv3___RNAseq.g30678.t1b/Montipora_capitata_HIv3___RNAseq.g15186.t1/Montipora_capitata_HIv3___RNAseq.g14965.t1/Montipora_capitata_HIv3___TS.g4674.t2b/Montipora_capitata_HIv3___RNAseq.g37645.t1/Montipora_capitata_HIv3___RNAseq.g42092.t1/Montipora_capitata_HIv3___RNAseq.g43161.t1a/Montipora_capitata_HIv3___RNAseq.g33449.t1/Montipora_capitata_HIv3___TS.g33523.t1/Montipora_capitata_HIv3___RNAseq.g47955.t1/Montipora_capitata_HIv3___RNAseq.g33997.t1/Montipora_capitata_HIv3___RNAseq.g6934.t1/Montipora_capitata_HIv3___RNAseq.g9561.t1/Montipora_capitata_HIv3___TS.g10359.t4b/Montipora_capitata_HIv3___RNAseq.g8867.t2/Montipora_capitata_HIv3___RNAseq.g44445.t1/Montipora_capitata_HIv3___RNAseq.g23366.t1/Montipora_capitata_HIv3___RNAseq.g18391.t1,0.4550203308582402,response to stimulus,BP
GO:0050714,positive regulation of protein secretion,3/85,123/8363,0.1294338347664762,2.486766864650365,3,123,Montipora_capitata_HIv3___RNAseq.g7741.t1/Montipora_capitata_HIv3___RNAseq.g35008.t1/Montipora_capitata_HIv3___RNAseq.g44814.t1,0.456301163868773,positive regulation of protein secretion,BP
GO:0031346,positive regulation of cell projection organization,6/85,339/8363,0.13002709094700832,1.8118441344351832,6,339,Montipora_capitata_HIv3___RNAseq.g23734.t3/Montipora_capitata_HIv3___RNAseq.g35804.t1/Montipora_capitata_HIv3___RNAseq.g5395.t1/Montipora_capitata_HIv3___RNAseq.g24942.t1/Montipora_capitata_HIv3___RNAseq.g35720.t1/Montipora_capitata_HIv3___TS.g10359.t4b,0.456737759896892,positive regulation of cell projection organization,BP
GO:0048584,positive regulation of response to stimulus,16/85,1171/8363,0.13060224914019447,1.4299790982656995,16,1171,Montipora_capitata_HIv3___TS.g1118.t1/Montipora_capitata_HIv3___RNAseq.g5395.t1/Montipora_capitata_HIv3___RNAseq.g11548.t1/Montipora_capitata_HIv3___RNAseq.g7741.t1/Montipora_capitata_HIv3___TS.g27540.t1/Montipora_capitata_HIv3___RNAseq.g24139.t1/Montipora_capitata_HIv3___RNAseq.g44960.t2/Montipora_capitata_HIv3___RNAseq.21467_t/Montipora_capitata_HIv3___RNAseq.g36907.t1/Montipora_capitata_HIv3___RNAseq.g35008.t1/Montipora_capitata_HIv3___RNAseq.g46378.t1/Montipora_capitata_HIv3___RNAseq.g24942.t1/Montipora_capitata_HIv3___RNAseq.g44814.t1/Montipora_capitata_HIv3___RNAseq.g43161.t1a/Montipora_capitata_HIv3___TS.g10359.t4b/Montipora_capitata_HIv3___RNAseq.g44445.t1,0.45688026999017856,positive regulation of response to stimulus,BP
GO:0044798,GO:0044798,3/85,124/8363,0.13172114369488538,2.4659805101484658,3,124,Montipora_capitata_HIv3___RNAseq.g7741.t1/Montipora_capitata_HIv3___RNAseq.g45527.t1/Montipora_capitata_HIv3___RNAseq.g44814.t1,0.45688026999017856,NA,NA
GO:0055080,monoatomic cation homeostasis,7/85,418/8363,0.13176178080648826,1.7176458725746402,7,418,Montipora_capitata_HIv3___RNAseq.g33991.t1/Montipora_capitata_HIv3___TS.g27540.t1/Montipora_capitata_HIv3___RNAseq.g33992.t1/Montipora_capitata_HIv3___RNAseq.g38848.t1/Montipora_capitata_HIv3___RNAseq.g36907.t1/Montipora_capitata_HIv3___RNAseq.g46378.t1/Montipora_capitata_HIv3___RNAseq.g44814.t1,0.45688026999017856,monoatomic cation homeostasis,BP
GO:0098794,postsynapse,5/85,265/8363,0.1319458950331348,1.9272139418524676,5,265,Montipora_capitata_HIv3___RNAseq.g23734.t3/Montipora_capitata_HIv3___RNAseq.g35804.t1/Montipora_capitata_HIv3___RNAseq.g24942.t1/Montipora_capitata_HIv3___RNAseq.g35720.t1/Montipora_capitata_HIv3___RNAseq.g23366.t1,0.45688026999017856,postsynapse,CC
GO:0043410,positive regulation of MAPK cascade,5/85,266/8363,0.13345630322998364,1.9195958100981376,5,266,Montipora_capitata_HIv3___TS.g27540.t1/Montipora_capitata_HIv3___RNAseq.g44960.t2/Montipora_capitata_HIv3___RNAseq.21467_t/Montipora_capitata_HIv3___RNAseq.g35008.t1/Montipora_capitata_HIv3___TS.g10359.t4b,0.46047157107366693,positive regulation of MAPK cascade,BP
GO:1901991,negative regulation of mitotic cell cycle phase transition,3/85,125/8363,0.13402281147965184,2.4455578027398284,3,125,Montipora_capitata_HIv3___RNAseq.g7741.t1/Montipora_capitata_HIv3___RNAseq.g14965.t1/Montipora_capitata_HIv3___RNAseq.g43161.t1a,0.46079221049364394,negative regulation of mitotic cell cycle phase transition,BP
GO:0071345,cellular response to cytokine stimulus,7/85,421/8363,0.13533084305080753,1.7045505104602159,7,421,Montipora_capitata_HIv3___RNAseq.g5395.t1/Montipora_capitata_HIv3___RNAseq.g11548.t1/Montipora_capitata_HIv3___RNAseq.g2640.t1a/Montipora_capitata_HIv3___RNAseq.g44960.t2/Montipora_capitata_HIv3___RNAseq.21467_t/Montipora_capitata_HIv3___RNAseq.g44814.t1/Montipora_capitata_HIv3___RNAseq.g44445.t1,0.4628743999978283,cellular response to cytokine stimulus,BP
GO:0042110,T cell activation,3/85,126/8363,0.1363386217210764,2.4250850013802467,3,126,Montipora_capitata_HIv3___RNAseq.g7741.t1/Montipora_capitata_HIv3___RNAseq.g35008.t1/Montipora_capitata_HIv3___RNAseq.g43161.t1a,0.4628743999978283,T cell activation,BP
GO:0098552,side of membrane,5/85,268/8363,0.13650079796801937,1.9045348431285798,5,268,Montipora_capitata_HIv3___RNAseq.g11548.t1/Montipora_capitata_HIv3___RNAseq.g44960.t2/Montipora_capitata_HIv3___RNAseq.21467_t/Montipora_capitata_HIv3___RNAseq.g33449.t1/Montipora_capitata_HIv3___TS.g33523.t1,0.4628743999978283,side of membrane,CC
GO:0051223,regulation of protein transport,7/85,422/8363,0.13653129784108606,1.7002274386251055,7,422,Montipora_capitata_HIv3___RNAseq.g5395.t1/Montipora_capitata_HIv3___RNAseq.g7741.t1/Montipora_capitata_HIv3___RNAseq.g44960.t2/Montipora_capitata_HIv3___RNAseq.21467_t/Montipora_capitata_HIv3___RNAseq.g37193.t1/Montipora_capitata_HIv3___RNAseq.g35008.t1/Montipora_capitata_HIv3___RNAseq.g44814.t1,0.4628743999978283,regulation of protein transport,BP
GO:0051186,GO:0051186,7/85,423/8363,0.13773710541919093,1.695925138725561,7,423,Montipora_capitata_HIv3___RNAseq.g40427.t1a/Montipora_capitata_HIv3___RNAseq.g33991.t1/Montipora_capitata_HIv3___RNAseq.g33992.t1/Montipora_capitata_HIv3___RNAseq.g37645.t1/Montipora_capitata_HIv3___TS.g33523.t1/Montipora_capitata_HIv3___RNAseq.g9561.t1/Montipora_capitata_HIv3___RNAseq.g14960.t1,0.4653409846280305,NA,NA
GO:0000209,protein polyubiquitination,4/85,196/8363,0.1383360605810028,2.079468402464429,4,196,Montipora_capitata_HIv3___TS.g1118.t1/Montipora_capitata_HIv3___RNAseq.g44960.t2/Montipora_capitata_HIv3___RNAseq.21467_t/Montipora_capitata_HIv3___RNAseq.g22553.t1c,0.4657473596723728,protein polyubiquitination,BP
GO:0051098,regulation of binding,5/85,270/8363,0.13957654304453843,1.8897033659111553,5,270,Montipora_capitata_HIv3___TS.g1118.t1/Montipora_capitata_HIv3___RNAseq.g44960.t2/Montipora_capitata_HIv3___RNAseq.21467_t/Montipora_capitata_HIv3___RNAseq.g43161.t1a/Montipora_capitata_HIv3___RNAseq.g44445.t1,0.468303366835641,regulation of binding,BP
GO:0016788,"hydrolase activity, acting on ester bonds",8/85,507/8363,0.14227496763301614,1.6195268927437758,8,507,Montipora_capitata_HIv3___RNAseq.g5395.t1/Montipora_capitata_HIv3___RNAseq.g46819.t1/Montipora_capitata_HIv3___RNAseq.g14515.t1/Montipora_capitata_HIv3___RNAseq.g9027.t1/Montipora_capitata_HIv3___RNAseq.g33449.t1/Montipora_capitata_HIv3___RNAseq.g4241.t1/Montipora_capitata_HIv3___RNAseq.g47955.t1/Montipora_capitata_HIv3___RNAseq.g6934.t1,0.4744822604474598,"hydrolase activity, acting on ester bonds",MF
GO:0072507,GO:0072507,5/85,272/8363,0.14268314653398542,1.8750963960960492,5,272,Montipora_capitata_HIv3___RNAseq.g33991.t1/Montipora_capitata_HIv3___TS.g27540.t1/Montipora_capitata_HIv3___RNAseq.g33992.t1/Montipora_capitata_HIv3___RNAseq.g36907.t1/Montipora_capitata_HIv3___RNAseq.g46378.t1,0.4744822604474598,NA,NA
GO:0010970,transport along microtubule,3/85,129/8363,0.14336874056685836,2.3665906379591455,3,129,Montipora_capitata_HIv3___RNAseq.g36838.t1/Montipora_capitata_HIv3___RNAseq.g22865.t1/Montipora_capitata_HIv3___RNAseq.g44814.t1,0.4744822604474598,transport along microtubule,BP
GO:0099111,microtubule-based transport,3/85,129/8363,0.14336874056685836,2.3665906379591455,3,129,Montipora_capitata_HIv3___RNAseq.g36838.t1/Montipora_capitata_HIv3___RNAseq.g22865.t1/Montipora_capitata_HIv3___RNAseq.g44814.t1,0.4744822604474598,microtubule-based transport,BP
GO:0006952,defense response,8/85,509/8363,0.14453203975810555,1.6126475475377042,8,509,Montipora_capitata_HIv3___RNAseq.g2640.t1a/Montipora_capitata_HIv3___RNAseq.g44960.t2/Montipora_capitata_HIv3___RNAseq.21467_t/Montipora_capitata_HIv3___RNAseq.g49895.t2/Montipora_capitata_HIv3___RNAseq.g46378.t1/Montipora_capitata_HIv3___RNAseq.g44814.t1/Montipora_capitata_HIv3___TS.g33523.t1/Montipora_capitata_HIv3___RNAseq.g44445.t1,0.4767107616428363,defense response,BP
GO:1903322,positive regulation of protein modification by small protein conjugation or removal,3/85,130/8363,0.14573895352281102,2.347689320294263,3,130,Montipora_capitata_HIv3___RNAseq.g44960.t2/Montipora_capitata_HIv3___RNAseq.21467_t/Montipora_capitata_HIv3___RNAseq.g30678.t1b,0.4790675735732944,positive regulation of protein modification by small protein conjugation or removal,BP
GO:0098656,monoatomic anion transmembrane transport,4/85,201/8363,0.1476093286503326,2.0254882588937173,4,201,Montipora_capitata_HIv3___RNAseq.g24139.t1/Montipora_capitata_HIv3___RNAseq.g20250.t1/Montipora_capitata_HIv3___TS.g4674.t2b/Montipora_capitata_HIv3___RNAseq.g23366.t1,0.48358207668947345,monoatomic anion transmembrane transport,BP
GO:0043405,regulation of MAP kinase activity,4/85,202/8363,0.1494929070383543,2.014977341057157,4,202,Montipora_capitata_HIv3___RNAseq.g5395.t1/Montipora_capitata_HIv3___RNAseq.g44960.t2/Montipora_capitata_HIv3___RNAseq.21467_t/Montipora_capitata_HIv3___RNAseq.g35008.t1,0.4868954543331563,regulation of MAP kinase activity,BP
GO:0031401,positive regulation of protein modification process,10/85,679/8363,0.14962152193793807,1.5163898514414855,10,679,Montipora_capitata_HIv3___RNAseq.g5395.t1/Montipora_capitata_HIv3___RNAseq.g7741.t1/Montipora_capitata_HIv3___TS.g27540.t1/Montipora_capitata_HIv3___RNAseq.g44960.t2/Montipora_capitata_HIv3___RNAseq.21467_t/Montipora_capitata_HIv3___RNAseq.g36907.t1/Montipora_capitata_HIv3___RNAseq.g35008.t1/Montipora_capitata_HIv3___RNAseq.g30678.t1b/Montipora_capitata_HIv3___RNAseq.g14965.t1/Montipora_capitata_HIv3___TS.g10359.t4b,0.4868954543331563,positive regulation of protein modification process,BP
GO:0006954,inflammatory response,3/85,132/8363,0.15051833842842935,2.310752380298019,3,132,Montipora_capitata_HIv3___RNAseq.g44814.t1/Montipora_capitata_HIv3___TS.g33523.t1/Montipora_capitata_HIv3___RNAseq.g44445.t1,0.4881811443028725,inflammatory response,BP
GO:0043235,receptor complex,3/85,133/8363,0.15292707693526789,2.292705803773231,3,133,Montipora_capitata_HIv3___RNAseq.g11548.t1/Montipora_capitata_HIv3___RNAseq.g44960.t2/Montipora_capitata_HIv3___RNAseq.21467_t,0.49434566730237756,receptor complex,CC
GO:0006082,organic acid metabolic process,11/85,768/8363,0.15404666507546017,1.4767741222006394,11,768,Montipora_capitata_HIv3___RNAseq.g40427.t1a/Montipora_capitata_HIv3___RNAseq.g37193.t1/Montipora_capitata_HIv3___RNAseq.g27709.t1/Montipora_capitata_HIv3___RNAseq.g46378.t1/Montipora_capitata_HIv3___RNAseq.g44814.t1/Montipora_capitata_HIv3___RNAseq.g37645.t1/Montipora_capitata_HIv3___RNAseq.g9060.t1/Montipora_capitata_HIv3___TS.g33523.t1/Montipora_capitata_HIv3___RNAseq.g33997.t1/Montipora_capitata_HIv3___RNAseq.g9561.t1/Montipora_capitata_HIv3___RNAseq.g14960.t1,0.49631591098815475,organic acid metabolic process,BP
GO:0009898,cytoplasmic side of plasma membrane,3/85,134/8363,0.15534822408825036,2.2749329664281572,3,134,Montipora_capitata_HIv3___RNAseq.g11548.t1/Montipora_capitata_HIv3___RNAseq.g44960.t2/Montipora_capitata_HIv3___RNAseq.21467_t,0.4972165198614066,cytoplasmic side of plasma membrane,CC
GO:0051099,positive regulation of binding,3/85,134/8363,0.15534822408825036,2.2749329664281572,3,134,Montipora_capitata_HIv3___TS.g1118.t1/Montipora_capitata_HIv3___RNAseq.g44960.t2/Montipora_capitata_HIv3___RNAseq.21467_t,0.4972165198614066,positive regulation of binding,BP
GO:0032101,regulation of response to external stimulus,7/85,438/8363,0.15645305538747645,1.6337850692100375,7,438,Montipora_capitata_HIv3___TS.g1118.t1/Montipora_capitata_HIv3___RNAseq.g11548.t1/Montipora_capitata_HIv3___RNAseq.g44960.t2/Montipora_capitata_HIv3___RNAseq.21467_t/Montipora_capitata_HIv3___RNAseq.g46378.t1/Montipora_capitata_HIv3___RNAseq.g30678.t1b/Montipora_capitata_HIv3___TS.g10359.t4b,0.49911089472791664,regulation of response to external stimulus,BP
GO:0009896,positive regulation of catabolic process,6/85,359/8363,0.15744438153558085,1.7049506865195567,6,359,Montipora_capitata_HIv3___TS.g1118.t1/Montipora_capitata_HIv3___RNAseq.g44960.t2/Montipora_capitata_HIv3___RNAseq.21467_t/Montipora_capitata_HIv3___RNAseq.g44814.t1/Montipora_capitata_HIv3___RNAseq.g30678.t1b/Montipora_capitata_HIv3___RNAseq.g42092.t1,0.5006319713533338,positive regulation of catabolic process,BP
GO:0071407,cellular response to organic cyclic compound,6/85,360/8363,0.15887913499311376,1.6999204976144655,6,360,Montipora_capitata_HIv3___RNAseq.g46378.t1/Montipora_capitata_HIv3___RNAseq.g44814.t1/Montipora_capitata_HIv3___RNAseq.g42092.t1/Montipora_capitata_HIv3___RNAseq.g43161.t1a/Montipora_capitata_HIv3___RNAseq.g33449.t1/Montipora_capitata_HIv3___TS.g33523.t1,0.5024074546917413,cellular response to organic cyclic compound,BP
GO:0019901,protein kinase binding,7/85,440/8363,0.15903545328371665,1.625824857790354,7,440,Montipora_capitata_HIv3___RNAseq.g5395.t1/Montipora_capitata_HIv3___RNAseq.g11548.t1/Montipora_capitata_HIv3___RNAseq.g44960.t2/Montipora_capitata_HIv3___RNAseq.21467_t/Montipora_capitata_HIv3___RNAseq.g35008.t1/Montipora_capitata_HIv3___RNAseq.g44814.t1/Montipora_capitata_HIv3___TS.g10359.t4b,0.5024074546917413,protein kinase binding,MF
GO:0046486,glycerolipid metabolic process,5/85,283/8363,0.1603028342994558,1.798361513793403,5,283,Montipora_capitata_HIv3___RNAseq.g33449.t1/Montipora_capitata_HIv3___RNAseq.g6934.t1/Montipora_capitata_HIv3___RNAseq.g8867.t2/Montipora_capitata_HIv3___RNAseq.g44445.t1/Montipora_capitata_HIv3___RNAseq.g14960.t1,0.5047723552536262,glycerolipid metabolic process,BP
GO:0005102,signaling receptor binding,10/85,690/8363,0.16086054493210405,1.4897083365191488,10,690,Montipora_capitata_HIv3___RNAseq.g5395.t1/Montipora_capitata_HIv3___RNAseq.g11548.t1/Montipora_capitata_HIv3___RNAseq.g44960.t2/Montipora_capitata_HIv3___TS.g32048.t1/Montipora_capitata_HIv3___RNAseq.21467_t/Montipora_capitata_HIv3___RNAseq.g35008.t1/Montipora_capitata_HIv3___RNAseq.g44814.t1/Montipora_capitata_HIv3___RNAseq.g30678.t1b/Montipora_capitata_HIv3___TS.g10359.t4b/Montipora_capitata_HIv3___RNAseq.g44445.t1,0.504894549093346,signaling receptor binding,MF
GO:1901988,negative regulation of cell cycle phase transition,3/85,137/8363,0.1626839558014664,2.223344964764612,3,137,Montipora_capitata_HIv3___RNAseq.g7741.t1/Montipora_capitata_HIv3___RNAseq.g14965.t1/Montipora_capitata_HIv3___RNAseq.g43161.t1a,0.5089758488579641,negative regulation of cell cycle phase transition,BP
GO:0030659,cytoplasmic vesicle membrane,6/85,364/8363,0.16467625756105203,1.6800805828301548,6,364,Montipora_capitata_HIv3___RNAseq.g38848.t1/Montipora_capitata_HIv3___RNAseq.g35008.t1/Montipora_capitata_HIv3___TS.g4674.t2b/Montipora_capitata_HIv3___TS.g33523.t1/Montipora_capitata_HIv3___RNAseq.g33997.t1/Montipora_capitata_HIv3___RNAseq.g23366.t1,0.51176260436241094,cytoplasmic vesicle membrane,CC
GO:0032838,plasma membrane bounded cell projection cytoplasm,3/85,138/8363,0.16515257735847588,2.2065617515487803,3,138,Montipora_capitata_HIv3___RNAseq.g36838.t1/Montipora_capitata_HIv3___RNAseq.g22865.t1/Montipora_capitata_HIv3___TS.g5595.t1,0.51176260436241094,plasma membrane bounded cell projection cytoplasm,CC
GO:0002793,positive regulation of peptide secretion,3/85,138/8363,0.16515257735847588,2.2065617515487803,3,138,Montipora_capitata_HIv3___RNAseq.g7741.t1/Montipora_capitata_HIv3___RNAseq.g35008.t1/Montipora_capitata_HIv3___RNAseq.g44814.t1,0.51176260436241094,positive regulation of peptide secretion,BP
GO:0042327,positive regulation of phosphorylation,8/85,528/8363,0.1668601343192558,1.5499323962050848,8,528,Montipora_capitata_HIv3___RNAseq.g5395.t1/Montipora_capitata_HIv3___TS.g27540.t1/Montipora_capitata_HIv3___RNAseq.g44960.t2/Montipora_capitata_HIv3___RNAseq.21467_t/Montipora_capitata_HIv3___RNAseq.g35008.t1/Montipora_capitata_HIv3___RNAseq.g44814.t1/Montipora_capitata_HIv3___RNAseq.g14965.t1/Montipora_capitata_HIv3___TS.g10359.t4b,0.5137655680659932,positive regulation of phosphorylation,BP
GO:0070201,regulation of establishment of protein localization,7/85,446/8363,0.16690124217649277,1.6023792307689924,7,446,Montipora_capitata_HIv3___RNAseq.g5395.t1/Montipora_capitata_HIv3___RNAseq.g7741.t1/Montipora_capitata_HIv3___RNAseq.g44960.t2/Montipora_capitata_HIv3___RNAseq.21467_t/Montipora_capitata_HIv3___RNAseq.g37193.t1/Montipora_capitata_HIv3___RNAseq.g35008.t1/Montipora_capitata_HIv3___RNAseq.g44814.t1,0.5137655680659932,regulation of establishment of protein localization,BP
GO:0051246,regulation of protein metabolic process,20/85,1579/8363,0.16738302680053427,1.3260471865041323,20,1579,Montipora_capitata_HIv3___TS.g1118.t1/Montipora_capitata_HIv3___RNAseq.g5395.t1/Montipora_capitata_HIv3___RNAseq.g11548.t1/Montipora_capitata_HIv3___RNAseq.g7741.t1/Montipora_capitata_HIv3___TS.g27540.t1/Montipora_capitata_HIv3___RNAseq.g44960.t2/Montipora_capitata_HIv3___TS.g32048.t1/Montipora_capitata_HIv3___RNAseq.21467_t/Montipora_capitata_HIv3___RNAseq.g37193.t1/Montipora_capitata_HIv3___RNAseq.g36907.t1/Montipora_capitata_HIv3___RNAseq.g35008.t1/Montipora_capitata_HIv3___RNAseq.g24942.t1/Montipora_capitata_HIv3___RNAseq.g30678.t1b/Montipora_capitata_HIv3___RNAseq.g14965.t1/Montipora_capitata_HIv3___RNAseq.g42092.t1/Montipora_capitata_HIv3___RNAseq.g43161.t1a/Montipora_capitata_HIv3___TS.g33523.t1/Montipora_capitata_HIv3___RNAseq.g47955.t1/Montipora_capitata_HIv3___TS.g10359.t4b/Montipora_capitata_HIv3___RNAseq.g41226.t1,0.5137655680659932,regulation of protein metabolic process,BP
GO:0050795,regulation of behavior,4/85,212/8363,0.16883065094022132,1.9157680365051595,4,212,Montipora_capitata_HIv3___TS.g27540.t1/Montipora_capitata_HIv3___RNAseq.g24942.t1/Montipora_capitata_HIv3___RNAseq.g23464.t1/Montipora_capitata_HIv3___RNAseq.g23366.t1,0.5165793187573439,regulation of behavior,BP
GO:0090087,regulation of peptide transport,7/85,450/8363,0.1722420065212911,1.5871015224352336,7,450,Montipora_capitata_HIv3___RNAseq.g5395.t1/Montipora_capitata_HIv3___RNAseq.g7741.t1/Montipora_capitata_HIv3___RNAseq.g44960.t2/Montipora_capitata_HIv3___RNAseq.21467_t/Montipora_capitata_HIv3___RNAseq.g37193.t1/Montipora_capitata_HIv3___RNAseq.g35008.t1/Montipora_capitata_HIv3___RNAseq.g44814.t1,0.5211299371527993,regulation of peptide transport,BP
GO:0001700,embryonic development via the syncytial blastoderm,3/85,141/8363,0.17262556498394854,2.1577387290176726,3,141,Montipora_capitata_HIv3___RNAseq.g44960.t2/Montipora_capitata_HIv3___RNAseq.21467_t/Montipora_capitata_HIv3___RNAseq.g47955.t1,0.5211299371527993,embryonic development via the syncytial blastoderm,BP
GO:0030705,cytoskeleton-dependent intracellular transport,3/85,141/8363,0.17262556498394854,2.1577387290176726,3,141,Montipora_capitata_HIv3___RNAseq.g36838.t1/Montipora_capitata_HIv3___RNAseq.g22865.t1/Montipora_capitata_HIv3___RNAseq.g44814.t1,0.5211299371527993,cytoskeleton-dependent intracellular transport,BP
GO:0055114,GO:0055114,10/85,703/8363,0.17467869196490782,1.459267748705508,10,703,Montipora_capitata_HIv3___RNAseq.g40983.t1/Montipora_capitata_HIv3___RNAseq.g24836.t1/Montipora_capitata_HIv3___RNAseq.g27709.t1/Montipora_capitata_HIv3___RNAseq.g40982.t1a/Montipora_capitata_HIv3___RNAseq.g46378.t1/Montipora_capitata_HIv3___TS.g4674.t2b/Montipora_capitata_HIv3___RNAseq.g37645.t1/Montipora_capitata_HIv3___RNAseq.g33997.t1/Montipora_capitata_HIv3___RNAseq.g9561.t1/Montipora_capitata_HIv3___RNAseq.g18391.t1,0.5211299371527993,NA,NA
GO:0098797,plasma membrane protein complex,4/85,215/8363,0.1748009620437185,1.8878506159480677,4,215,Montipora_capitata_HIv3___RNAseq.g11548.t1/Montipora_capitata_HIv3___RNAseq.g44960.t2/Montipora_capitata_HIv3___RNAseq.21467_t/Montipora_capitata_HIv3___RNAseq.g35008.t1,0.5211299371527993,plasma membrane protein complex,CC
GO:0003007,heart morphogenesis,4/85,215/8363,0.1748009620437185,1.8878506159480677,4,215,Montipora_capitata_HIv3___RNAseq.g7741.t1/Montipora_capitata_HIv3___RNAseq.g44814.t1/Montipora_capitata_HIv3___TS.g33523.t1/Montipora_capitata_HIv3___TS.g10359.t4b,0.5211299371527993,heart morphogenesis,BP
GO:0030003,intracellular monoatomic cation homeostasis,6/85,371/8363,0.17503950811861713,1.6464064611450233,6,371,Montipora_capitata_HIv3___RNAseq.g33991.t1/Montipora_capitata_HIv3___TS.g27540.t1/Montipora_capitata_HIv3___RNAseq.g33992.t1/Montipora_capitata_HIv3___RNAseq.g38848.t1/Montipora_capitata_HIv3___RNAseq.g36907.t1/Montipora_capitata_HIv3___RNAseq.g44814.t1,0.5211299371527993,intracellular monoatomic cation homeostasis,BP
GO:0098660,inorganic ion transmembrane transport,6/85,371/8363,0.17503950811861713,1.6464064611450233,6,371,Montipora_capitata_HIv3___RNAseq.g24139.t1/Montipora_capitata_HIv3___RNAseq.g38848.t1/Montipora_capitata_HIv3___RNAseq.g36907.t1/Montipora_capitata_HIv3___RNAseq.g20250.t1/Montipora_capitata_HIv3___TS.g4674.t2b/Montipora_capitata_HIv3___RNAseq.g23366.t1,0.5211299371527993,inorganic ion transmembrane transport,BP
GO:0016055,Wnt signaling pathway,3/85,142/8363,0.1751382214275081,2.1419463024529244,3,142,Montipora_capitata_HIv3___RNAseq.g7741.t1/Montipora_capitata_HIv3___RNAseq.g35008.t1/Montipora_capitata_HIv3___TS.g10359.t4b,0.5211299371527993,Wnt signaling pathway,BP
GO:0070887,cellular response to chemical stimulus,19/85,1500/8363,0.17620503281215877,1.321161268682837,19,1500,Montipora_capitata_HIv3___RNAseq.g5395.t1/Montipora_capitata_HIv3___RNAseq.g11548.t1/Montipora_capitata_HIv3___RNAseq.g7741.t1/Montipora_capitata_HIv3___RNAseq.g2640.t1a/Montipora_capitata_HIv3___TS.g27540.t1/Montipora_capitata_HIv3___RNAseq.g44960.t2/Montipora_capitata_HIv3___RNAseq.21467_t/Montipora_capitata_HIv3___RNAseq.g46378.t1/Montipora_capitata_HIv3___RNAseq.g24942.t1/Montipora_capitata_HIv3___RNAseq.g44814.t1/Montipora_capitata_HIv3___RNAseq.g37645.t1/Montipora_capitata_HIv3___RNAseq.g42092.t1/Montipora_capitata_HIv3___RNAseq.g43161.t1a/Montipora_capitata_HIv3___RNAseq.g33449.t1/Montipora_capitata_HIv3___TS.g33523.t1/Montipora_capitata_HIv3___RNAseq.g33997.t1/Montipora_capitata_HIv3___RNAseq.g9561.t1/Montipora_capitata_HIv3___TS.g10359.t4b/Montipora_capitata_HIv3___RNAseq.g44445.t1,0.5227057833116783,cellular response to chemical stimulus,BP
GO:0098771,inorganic ion homeostasis,7/85,454/8363,0.177658434623831,1.5720971668757484,7,454,Montipora_capitata_HIv3___RNAseq.g33991.t1/Montipora_capitata_HIv3___TS.g27540.t1/Montipora_capitata_HIv3___RNAseq.g33992.t1/Montipora_capitata_HIv3___RNAseq.g38848.t1/Montipora_capitata_HIv3___RNAseq.g36907.t1/Montipora_capitata_HIv3___RNAseq.g46378.t1/Montipora_capitata_HIv3___RNAseq.g44814.t1,0.5254153704832448,inorganic ion homeostasis,BP
GO:0042578,phosphoric ester hydrolase activity,4/85,217/8363,0.1788219961142335,1.869680387597079,4,217,Montipora_capitata_HIv3___RNAseq.g5395.t1/Montipora_capitata_HIv3___RNAseq.g46819.t1/Montipora_capitata_HIv3___RNAseq.g33449.t1/Montipora_capitata_HIv3___RNAseq.g6934.t1,0.5272539461186339,phosphoric ester hydrolase activity,MF
GO:0048813,dendrite morphogenesis,3/85,144/8363,0.18019474582273823,2.1110433399670154,3,144,Montipora_capitata_HIv3___RNAseq.g23734.t3/Montipora_capitata_HIv3___RNAseq.g35804.t1/Montipora_capitata_HIv3___RNAseq.g35720.t1,0.5296963374185024,dendrite morphogenesis,BP
GO:0000075,cell cycle checkpoint signaling,3/85,145/8363,0.18273818933310138,2.095921094338676,3,145,Montipora_capitata_HIv3___RNAseq.g7741.t1/Montipora_capitata_HIv3___RNAseq.g14965.t1/Montipora_capitata_HIv3___RNAseq.g43161.t1a,0.5355549946418905,cell cycle checkpoint signaling,BP
GO:0006811,monoatomic ion transport,10/85,714/8363,0.1868078650384784,1.4343884222112928,10,714,Montipora_capitata_HIv3___RNAseq.g24139.t1/Montipora_capitata_HIv3___TS.g32048.t1/Montipora_capitata_HIv3___RNAseq.g38848.t1/Montipora_capitata_HIv3___RNAseq.g36907.t1/Montipora_capitata_HIv3___RNAseq.g46378.t1/Montipora_capitata_HIv3___RNAseq.g20250.t1/Montipora_capitata_HIv3___TS.g4674.t2b/Montipora_capitata_HIv3___TS.g33523.t1/Montipora_capitata_HIv3___RNAseq.g44445.t1/Montipora_capitata_HIv3___RNAseq.g23366.t1,0.5439949830858416,monoatomic ion transport,BP
GO:0035295,tube development,13/85,976/8363,0.18743293843326994,1.371447408530518,13,976,Montipora_capitata_HIv3___RNAseq.g22865.t1/Montipora_capitata_HIv3___RNAseq.g7741.t1/Montipora_capitata_HIv3___RNAseq.g44960.t2/Montipora_capitata_HIv3___RNAseq.21467_t/Montipora_capitata_HIv3___RNAseq.g36907.t1/Montipora_capitata_HIv3___RNAseq.g35008.t1/Montipora_capitata_HIv3___RNAseq.g44814.t1/Montipora_capitata_HIv3___TS.g4674.t2b/Montipora_capitata_HIv3___RNAseq.g42092.t1/Montipora_capitata_HIv3___RNAseq.g9918.t1/Montipora_capitata_HIv3___RNAseq.g33449.t1/Montipora_capitata_HIv3___TS.g33523.t1/Montipora_capitata_HIv3___RNAseq.g18391.t1,0.5439949830858416,tube development,BP
GO:0043406,positive regulation of MAP kinase activity,3/85,147/8363,0.18785438264834817,2.0663038713840995,3,147,Montipora_capitata_HIv3___RNAseq.g44960.t2/Montipora_capitata_HIv3___RNAseq.21467_t/Montipora_capitata_HIv3___RNAseq.g35008.t1,0.5439949830858416,positive regulation of MAP kinase activity,BP
GO:0198738,cell-cell signaling by wnt,3/85,147/8363,0.18785438264834817,2.0663038713840995,3,147,Montipora_capitata_HIv3___RNAseq.g7741.t1/Montipora_capitata_HIv3___RNAseq.g35008.t1/Montipora_capitata_HIv3___TS.g10359.t4b,0.5439949830858416,cell-cell signaling by wnt,BP
GO:0044425,GO:0044425,27/85,2258/8363,0.19042489327970666,1.2617464668397855,27,2258,Montipora_capitata_HIv3___RNAseq.g5395.t1/Montipora_capitata_HIv3___RNAseq.g11548.t1/Montipora_capitata_HIv3___RNAseq.g26580.t1/Montipora_capitata_HIv3___RNAseq.g2640.t1a/Montipora_capitata_HIv3___RNAseq.g36836.t1/Montipora_capitata_HIv3___TS.g27540.t1/Montipora_capitata_HIv3___RNAseq.g11237.t1/Montipora_capitata_HIv3___RNAseq.g44960.t2/Montipora_capitata_HIv3___RNAseq.21467_t/Montipora_capitata_HIv3___RNAseq.g9026.t1/Montipora_capitata_HIv3___RNAseq.g37193.t1/Montipora_capitata_HIv3___RNAseq.g38848.t1/Montipora_capitata_HIv3___RNAseq.g39648.t1/Montipora_capitata_HIv3___RNAseq.g49895.t2/Montipora_capitata_HIv3___RNAseq.g36907.t1/Montipora_capitata_HIv3___RNAseq.g35008.t1/Montipora_capitata_HIv3___RNAseq.g40982.t1a/Montipora_capitata_HIv3___TS.g4674.t2b/Montipora_capitata_HIv3___RNAseq.g33449.t1/Montipora_capitata_HIv3___TS.g33523.t1/Montipora_capitata_HIv3___RNAseq.g33997.t1/Montipora_capitata_HIv3___RNAseq.g6934.t1/Montipora_capitata_HIv3___RNAseq.g9561.t1/Montipora_capitata_HIv3___RNAseq.g4457.t1/Montipora_capitata_HIv3___RNAseq.g8867.t2/Montipora_capitata_HIv3___RNAseq.g44445.t1/Montipora_capitata_HIv3___RNAseq.g23366.t1,0.5491141165420006,NA,NA
GO:0055082,intracellular chemical homeostasis,7/85,464/8363,0.19151955744072796,1.5357352200011198,7,464,Montipora_capitata_HIv3___RNAseq.g7741.t1/Montipora_capitata_HIv3___RNAseq.g33991.t1/Montipora_capitata_HIv3___TS.g27540.t1/Montipora_capitata_HIv3___RNAseq.g33992.t1/Montipora_capitata_HIv3___RNAseq.g38848.t1/Montipora_capitata_HIv3___RNAseq.g36907.t1/Montipora_capitata_HIv3___RNAseq.g44814.t1,0.5491141165420006,intracellular chemical homeostasis,BP
GO:0030334,regulation of cell migration,7/85,465/8363,0.1929300730219258,1.532186351082419,7,465,Montipora_capitata_HIv3___RNAseq.g23734.t3/Montipora_capitata_HIv3___RNAseq.g35804.t1/Montipora_capitata_HIv3___RNAseq.g5395.t1/Montipora_capitata_HIv3___RNAseq.g35008.t1/Montipora_capitata_HIv3___RNAseq.g44814.t1/Montipora_capitata_HIv3___RNAseq.g35720.t1/Montipora_capitata_HIv3___TS.g10359.t4b,0.5491141165420006,regulation of cell migration,BP
GO:0044456,GO:0044456,7/85,465/8363,0.1929300730219258,1.532186351082419,7,465,Montipora_capitata_HIv3___RNAseq.g23734.t3/Montipora_capitata_HIv3___RNAseq.g35804.t1/Montipora_capitata_HIv3___RNAseq.g5395.t1/Montipora_capitata_HIv3___RNAseq.g9026.t1/Montipora_capitata_HIv3___RNAseq.g24942.t1/Montipora_capitata_HIv3___RNAseq.g35720.t1/Montipora_capitata_HIv3___RNAseq.g23366.t1,0.5491141165420006,NA,NA
GO:0097237,cellular response to toxic substance,3/85,149/8363,0.1930082506242181,2.0375081663569117,3,149,Montipora_capitata_HIv3___RNAseq.g44814.t1/Montipora_capitata_HIv3___RNAseq.g37645.t1/Montipora_capitata_HIv3___RNAseq.g33997.t1,0.5491141165420006,cellular response to toxic substance,BP
GO:0001894,tissue homeostasis,3/85,149/8363,0.1930082506242181,2.0375081663569117,3,149,Montipora_capitata_HIv3___RNAseq.g44960.t2/Montipora_capitata_HIv3___RNAseq.21467_t/Montipora_capitata_HIv3___RNAseq.g44814.t1,0.5491141165420006,tissue homeostasis,BP
GO:0001077,GO:0001077,3/85,150/8363,0.1955987902359003,2.0233342812542374,3,150,Montipora_capitata_HIv3___RNAseq.g7741.t1/Montipora_capitata_HIv3___RNAseq.g44814.t1/Montipora_capitata_HIv3___RNAseq.g44445.t1,0.5534611535976253,NA,NA
GO:0048592,eye morphogenesis,5/85,304/8363,0.19623887503124904,1.6677126525474124,5,304,Montipora_capitata_HIv3___RNAseq.g5395.t1/Montipora_capitata_HIv3___RNAseq.g35008.t1/Montipora_capitata_HIv3___RNAseq.g24942.t1/Montipora_capitata_HIv3___RNAseq.g44814.t1/Montipora_capitata_HIv3___TS.g10359.t4b,0.5534611535976253,eye morphogenesis,BP
GO:0009887,animal organ morphogenesis,13/85,985/8363,0.19624264952844883,1.3570796570675276,13,985,Montipora_capitata_HIv3___RNAseq.g5395.t1/Montipora_capitata_HIv3___RNAseq.g7741.t1/Montipora_capitata_HIv3___RNAseq.g44960.t2/Montipora_capitata_HIv3___RNAseq.21467_t/Montipora_capitata_HIv3___RNAseq.g36907.t1/Montipora_capitata_HIv3___RNAseq.g35008.t1/Montipora_capitata_HIv3___RNAseq.g24942.t1/Montipora_capitata_HIv3___RNAseq.g44814.t1/Montipora_capitata_HIv3___RNAseq.g42092.t1/Montipora_capitata_HIv3___RNAseq.g33449.t1/Montipora_capitata_HIv3___TS.g33523.t1/Montipora_capitata_HIv3___TS.g10359.t4b/Montipora_capitata_HIv3___RNAseq.g18391.t1,0.5534611535976253,animal organ morphogenesis,BP
GO:0012506,vesicle membrane,6/85,386/8363,0.19812899337659218,1.5784232115361188,6,386,Montipora_capitata_HIv3___RNAseq.g38848.t1/Montipora_capitata_HIv3___RNAseq.g35008.t1/Montipora_capitata_HIv3___TS.g4674.t2b/Montipora_capitata_HIv3___TS.g33523.t1/Montipora_capitata_HIv3___RNAseq.g33997.t1/Montipora_capitata_HIv3___RNAseq.g23366.t1,0.5571662154781046,vesicle membrane,CC
GO:0065008,regulation of biological quality,29/85,2464/8363,0.20281480981923175,1.2425648860129048,29,2464,Montipora_capitata_HIv3___RNAseq.g7992.t1/Montipora_capitata_HIv3___RNAseq.g23734.t3/Montipora_capitata_HIv3___RNAseq.g35804.t1/Montipora_capitata_HIv3___RNAseq.g5395.t1/Montipora_capitata_HIv3___RNAseq.g7741.t1/Montipora_capitata_HIv3___TS.g29616.t1/Montipora_capitata_HIv3___RNAseq.g33991.t1/Montipora_capitata_HIv3___RNAseq.g26580.t1/Montipora_capitata_HIv3___TS.g27540.t1/Montipora_capitata_HIv3___RNAseq.g24139.t1/Montipora_capitata_HIv3___RNAseq.g12596.t1/Montipora_capitata_HIv3___RNAseq.g44960.t2/Montipora_capitata_HIv3___RNAseq.g40983.t1/Montipora_capitata_HIv3___RNAseq.21467_t/Montipora_capitata_HIv3___RNAseq.g24836.t1/Montipora_capitata_HIv3___RNAseq.g29879.t1b/Montipora_capitata_HIv3___RNAseq.g33992.t1/Montipora_capitata_HIv3___RNAseq.g38848.t1/Montipora_capitata_HIv3___RNAseq.g36907.t1/Montipora_capitata_HIv3___RNAseq.g46378.t1/Montipora_capitata_HIv3___RNAseq.g24942.t1/Montipora_capitata_HIv3___RNAseq.g44814.t1/Montipora_capitata_HIv3___RNAseq.g20250.t1/Montipora_capitata_HIv3___RNAseq.g35720.t1/Montipora_capitata_HIv3___RNAseq.g42092.t1/Montipora_capitata_HIv3___RNAseq.g43161.t1a/Montipora_capitata_HIv3___RNAseq.g33997.t1/Montipora_capitata_HIv3___RNAseq.g44445.t1/Montipora_capitata_HIv3___RNAseq.g23366.t1,0.5659678489548855,regulation of biological quality,BP
GO:0071900,regulation of protein serine/threonine kinase activity,5/85,308/8363,0.20339116041791405,1.644873487632291,5,308,Montipora_capitata_HIv3___RNAseq.g5395.t1/Montipora_capitata_HIv3___RNAseq.g44960.t2/Montipora_capitata_HIv3___RNAseq.21467_t/Montipora_capitata_HIv3___RNAseq.g35008.t1/Montipora_capitata_HIv3___RNAseq.g43161.t1a,0.5659678489548855,regulation of protein serine/threonine kinase activity,BP
GO:2001020,GO:2001020,3/85,153/8363,0.2034223432326382,1.9822129428391757,3,153,Montipora_capitata_HIv3___TS.g1118.t1/Montipora_capitata_HIv3___RNAseq.g43161.t1a/Montipora_capitata_HIv3___RNAseq.g44445.t1,0.5659678489548855,NA,NA
GO:0006650,glycerophospholipid metabolic process,4/85,229/8363,0.20358555717801638,1.7673020971778275,4,229,Montipora_capitata_HIv3___RNAseq.g33449.t1/Montipora_capitata_HIv3___RNAseq.g6934.t1/Montipora_capitata_HIv3___RNAseq.g8867.t2/Montipora_capitata_HIv3___RNAseq.g44445.t1,0.5659678489548855,glycerophospholipid metabolic process,BP
GO:0061138,morphogenesis of a branching epithelium,3/85,154/8363,0.2060468193481924,1.9688472970089494,3,154,Montipora_capitata_HIv3___RNAseq.g22865.t1/Montipora_capitata_HIv3___RNAseq.g36907.t1/Montipora_capitata_HIv3___RNAseq.g35008.t1,0.5709371784425094,morphogenesis of a branching epithelium,BP
GO:0042623,GO:0042623,5/85,310/8363,0.20700091738145054,1.6336784157581234,5,310,Montipora_capitata_HIv3___RNAseq.g36838.t1/Montipora_capitata_HIv3___TS.g5595.t1/Montipora_capitata_HIv3___TS.g4674.t2b/Montipora_capitata_HIv3___RNAseq.g43161.t1a/Montipora_capitata_HIv3___RNAseq.g47955.t1,0.5709371784425094,NA,NA
GO:0019900,kinase binding,7/85,475/8363,0.20726842333770484,1.4975397534582988,7,475,Montipora_capitata_HIv3___RNAseq.g5395.t1/Montipora_capitata_HIv3___RNAseq.g11548.t1/Montipora_capitata_HIv3___RNAseq.g44960.t2/Montipora_capitata_HIv3___RNAseq.21467_t/Montipora_capitata_HIv3___RNAseq.g35008.t1/Montipora_capitata_HIv3___RNAseq.g44814.t1/Montipora_capitata_HIv3___TS.g10359.t4b,0.5709371784425094,kinase binding,MF
GO:0010008,endosome membrane,4/85,231/8363,0.20781136923355953,1.75129856334161,4,231,Montipora_capitata_HIv3___RNAseq.g2640.t1a/Montipora_capitata_HIv3___RNAseq.g44960.t2/Montipora_capitata_HIv3___RNAseq.21467_t/Montipora_capitata_HIv3___RNAseq.g35008.t1,0.5709371784425094,endosome membrane,CC
GO:0045637,regulation of myeloid cell differentiation,3/85,155/8363,0.20867926710950002,1.9556580782628405,3,155,Montipora_capitata_HIv3___RNAseq.g44960.t2/Montipora_capitata_HIv3___RNAseq.21467_t/Montipora_capitata_HIv3___RNAseq.g44814.t1,0.5709371784425094,regulation of myeloid cell differentiation,BP
GO:0043408,regulation of MAPK cascade,6/85,393/8363,0.20928689974345055,1.5485006295069488,6,393,Montipora_capitata_HIv3___RNAseq.g5395.t1/Montipora_capitata_HIv3___TS.g27540.t1/Montipora_capitata_HIv3___RNAseq.g44960.t2/Montipora_capitata_HIv3___RNAseq.21467_t/Montipora_capitata_HIv3___RNAseq.g35008.t1/Montipora_capitata_HIv3___TS.g10359.t4b,0.5709371784425094,regulation of MAPK cascade,BP
GO:0002009,morphogenesis of an epithelium,10/85,734/8363,0.20983193936882788,1.3910899910163799,10,734,Montipora_capitata_HIv3___RNAseq.g22865.t1/Montipora_capitata_HIv3___RNAseq.g7741.t1/Montipora_capitata_HIv3___RNAseq.g44960.t2/Montipora_capitata_HIv3___RNAseq.21467_t/Montipora_capitata_HIv3___RNAseq.g36907.t1/Montipora_capitata_HIv3___RNAseq.g35008.t1/Montipora_capitata_HIv3___RNAseq.g44814.t1/Montipora_capitata_HIv3___TS.g33523.t1/Montipora_capitata_HIv3___TS.g10359.t4b/Montipora_capitata_HIv3___RNAseq.g18391.t1,0.5709371784425094,morphogenesis of an epithelium,BP
GO:0060429,epithelium development,15/85,1178/8363,0.21006732773115966,1.3109086271673094,15,1178,Montipora_capitata_HIv3___RNAseq.g22865.t1/Montipora_capitata_HIv3___RNAseq.g7741.t1/Montipora_capitata_HIv3___RNAseq.g44960.t2/Montipora_capitata_HIv3___RNAseq.21467_t/Montipora_capitata_HIv3___RNAseq.g36907.t1/Montipora_capitata_HIv3___RNAseq.g35008.t1/Montipora_capitata_HIv3___RNAseq.g24942.t1/Montipora_capitata_HIv3___RNAseq.g44814.t1/Montipora_capitata_HIv3___TS.g4674.t2b/Montipora_capitata_HIv3___RNAseq.g33449.t1/Montipora_capitata_HIv3___RNAseq.g9060.t1/Montipora_capitata_HIv3___TS.g33523.t1/Montipora_capitata_HIv3___RNAseq.g4457.t1/Montipora_capitata_HIv3___TS.g10359.t4b/Montipora_capitata_HIv3___RNAseq.g18391.t1,0.5709371784425094,epithelium development,BP
GO:0001525,angiogenesis,3/85,156/8363,0.21131948335699938,1.9426420187428974,3,156,Montipora_capitata_HIv3___RNAseq.g35008.t1/Montipora_capitata_HIv3___RNAseq.g44814.t1/Montipora_capitata_HIv3___RNAseq.g9918.t1,0.5727405495998896,angiogenesis,BP
GO:0031331,positive regulation of cellular catabolic process,5/85,313/8363,0.21245617462976876,1.6171582622073555,5,313,Montipora_capitata_HIv3___TS.g1118.t1/Montipora_capitata_HIv3___RNAseq.g44960.t2/Montipora_capitata_HIv3___RNAseq.21467_t/Montipora_capitata_HIv3___RNAseq.g44814.t1/Montipora_capitata_HIv3___RNAseq.g30678.t1b,0.5742218275410139,positive regulation of cellular catabolic process,BP
GO:0042127,regulation of cell population proliferation,12/85,914/8363,0.2144466181008339,1.3441704355144608,12,914,Montipora_capitata_HIv3___RNAseq.g7741.t1/Montipora_capitata_HIv3___RNAseq.g44960.t2/Montipora_capitata_HIv3___RNAseq.21467_t/Montipora_capitata_HIv3___RNAseq.g36907.t1/Montipora_capitata_HIv3___RNAseq.g35008.t1/Montipora_capitata_HIv3___RNAseq.g46378.t1/Montipora_capitata_HIv3___RNAseq.g44814.t1/Montipora_capitata_HIv3___RNAseq.g15186.t1/Montipora_capitata_HIv3___RNAseq.g37645.t1/Montipora_capitata_HIv3___RNAseq.g43161.t1a/Montipora_capitata_HIv3___RNAseq.g9918.t1/Montipora_capitata_HIv3___TS.g33523.t1,0.5765862674115935,regulation of cell population proliferation,BP
GO:0014070,response to organic cyclic compound,9/85,651/8363,0.21451616526515602,1.4084334379354422,9,651,Montipora_capitata_HIv3___RNAseq.g5395.t1/Montipora_capitata_HIv3___RNAseq.g46378.t1/Montipora_capitata_HIv3___RNAseq.g44814.t1/Montipora_capitata_HIv3___RNAseq.g42092.t1/Montipora_capitata_HIv3___RNAseq.g43161.t1a/Montipora_capitata_HIv3___RNAseq.g33449.t1/Montipora_capitata_HIv3___TS.g33523.t1/Montipora_capitata_HIv3___RNAseq.g47955.t1/Montipora_capitata_HIv3___RNAseq.g18391.t1,0.5765862674115935,response to organic cyclic compound,BP
GO:0003824,catalytic activity,41/85,3633/8363,0.21540997836309617,1.2155837924623933,41,3633,Montipora_capitata_HIv3___TS.g1118.t1/Montipora_capitata_HIv3___RNAseq.g36838.t1/Montipora_capitata_HIv3___RNAseq.g40427.t1a/Montipora_capitata_HIv3___RNAseq.g23762.t1/Montipora_capitata_HIv3___RNAseq.g5395.t1/Montipora_capitata_HIv3___RNAseq.g22865.t1/Montipora_capitata_HIv3___RNAseq.g11548.t1/Montipora_capitata_HIv3___RNAseq.g33991.t1/Montipora_capitata_HIv3___TS.g5595.t1/Montipora_capitata_HIv3___RNAseq.g36836.t1/Montipora_capitata_HIv3___RNAseq.g46819.t1/Montipora_capitata_HIv3___RNAseq.g44960.t2/Montipora_capitata_HIv3___RNAseq.g40983.t1/Montipora_capitata_HIv3___RNAseq.21467_t/Montipora_capitata_HIv3___RNAseq.g24836.t1/Montipora_capitata_HIv3___RNAseq.g37193.t1/Montipora_capitata_HIv3___RNAseq.g33992.t1/Montipora_capitata_HIv3___RNAseq.g27709.t1/Montipora_capitata_HIv3___RNAseq.g40982.t1a/Montipora_capitata_HIv3___RNAseq.g46378.t1/Montipora_capitata_HIv3___RNAseq.g14515.t1/Montipora_capitata_HIv3___RNAseq.g9027.t1/Montipora_capitata_HIv3___RNAseq.g30678.t1b/Montipora_capitata_HIv3___RNAseq.g15186.t1/Montipora_capitata_HIv3___TS.g4674.t2b/Montipora_capitata_HIv3___RNAseq.g37645.t1/Montipora_capitata_HIv3___RNAseq.g42092.t1/Montipora_capitata_HIv3___RNAseq.g43161.t1a/Montipora_capitata_HIv3___RNAseq.g22553.t1c/Montipora_capitata_HIv3___RNAseq.g9918.t1/Montipora_capitata_HIv3___RNAseq.g33449.t1/Montipora_capitata_HIv3___RNAseq.g9060.t1/Montipora_capitata_HIv3___RNAseq.g4241.t1/Montipora_capitata_HIv3___RNAseq.g47955.t1/Montipora_capitata_HIv3___TS.g21293.t1/Montipora_capitata_HIv3___RNAseq.g33997.t1/Montipora_capitata_HIv3___RNAseq.g6934.t1/Montipora_capitata_HIv3___RNAseq.g9561.t1/Montipora_capitata_HIv3___RNAseq.g8867.t2/Montipora_capitata_HIv3___RNAseq.g14960.t1/Montipora_capitata_HIv3___RNAseq.g18391.t1,0.5773936885600346,catalytic activity,MF
GO:0008021,synaptic vesicle,3/85,158/8363,0.21662241349619482,1.9171167311806918,3,158,Montipora_capitata_HIv3___RNAseq.g5395.t1/Montipora_capitata_HIv3___RNAseq.g9026.t1/Montipora_capitata_HIv3___RNAseq.g23366.t1,0.5774619406350617,synaptic vesicle,CC
GO:0007264,small GTPase mediated signal transduction,3/85,158/8363,0.21662241349619482,1.9171167311806918,3,158,Montipora_capitata_HIv3___RNAseq.g5395.t1/Montipora_capitata_HIv3___RNAseq.g22865.t1/Montipora_capitata_HIv3___RNAseq.g24942.t1,0.5774619406350617,small GTPase mediated signal transduction,BP
GO:0006873,intracellular monoatomic ion homeostasis,6/85,398/8363,0.2173949824765172,1.5277815559375556,6,398,Montipora_capitata_HIv3___RNAseq.g33991.t1/Montipora_capitata_HIv3___TS.g27540.t1/Montipora_capitata_HIv3___RNAseq.g33992.t1/Montipora_capitata_HIv3___RNAseq.g38848.t1/Montipora_capitata_HIv3___RNAseq.g36907.t1/Montipora_capitata_HIv3___RNAseq.g44814.t1,0.5779380271848394,intracellular monoatomic ion homeostasis,BP
GO:0048598,embryonic morphogenesis,9/85,654/8363,0.21833160638897048,1.4013332922653179,9,654,Montipora_capitata_HIv3___RNAseq.g7741.t1/Montipora_capitata_HIv3___RNAseq.g44960.t2/Montipora_capitata_HIv3___RNAseq.21467_t/Montipora_capitata_HIv3___RNAseq.g36907.t1/Montipora_capitata_HIv3___RNAseq.g35008.t1/Montipora_capitata_HIv3___RNAseq.g24942.t1/Montipora_capitata_HIv3___RNAseq.g44814.t1/Montipora_capitata_HIv3___TS.g33523.t1/Montipora_capitata_HIv3___TS.g10359.t4b,0.5788464659849272,embryonic morphogenesis,BP
GO:0044255,cellular lipid metabolic process,9/85,655/8363,0.21960957232616196,1.3989812297653388,9,655,Montipora_capitata_HIv3___RNAseq.g36836.t1/Montipora_capitata_HIv3___RNAseq.g46378.t1/Montipora_capitata_HIv3___RNAseq.g37645.t1/Montipora_capitata_HIv3___RNAseq.g33449.t1/Montipora_capitata_HIv3___RNAseq.g11214.t1/Montipora_capitata_HIv3___RNAseq.g6934.t1/Montipora_capitata_HIv3___RNAseq.g8867.t2/Montipora_capitata_HIv3___RNAseq.g44445.t1/Montipora_capitata_HIv3___RNAseq.g14960.t1,0.5806524833515098,cellular lipid metabolic process,BP
GO:1901700,response to oxygen-containing compound,13/85,1012/8363,0.22382682535849216,1.3155293166982658,13,1012,Montipora_capitata_HIv3___RNAseq.g5395.t1/Montipora_capitata_HIv3___RNAseq.g7741.t1/Montipora_capitata_HIv3___RNAseq.g2640.t1a/Montipora_capitata_HIv3___TS.g27540.t1/Montipora_capitata_HIv3___RNAseq.g44960.t2/Montipora_capitata_HIv3___RNAseq.21467_t/Montipora_capitata_HIv3___RNAseq.g46378.t1/Montipora_capitata_HIv3___RNAseq.g24942.t1/Montipora_capitata_HIv3___RNAseq.g44814.t1/Montipora_capitata_HIv3___RNAseq.g43161.t1a/Montipora_capitata_HIv3___RNAseq.g33449.t1/Montipora_capitata_HIv3___TS.g33523.t1/Montipora_capitata_HIv3___RNAseq.g44445.t1,0.5875404259865609,response to oxygen-containing compound,BP
GO:0042592,homeostatic process,14/85,1102/8363,0.22392642383471972,1.3030286973904446,14,1102,Montipora_capitata_HIv3___RNAseq.g23734.t3/Montipora_capitata_HIv3___RNAseq.g35804.t1/Montipora_capitata_HIv3___RNAseq.g7741.t1/Montipora_capitata_HIv3___RNAseq.g33991.t1/Montipora_capitata_HIv3___TS.g27540.t1/Montipora_capitata_HIv3___RNAseq.g44960.t2/Montipora_capitata_HIv3___RNAseq.21467_t/Montipora_capitata_HIv3___RNAseq.g33992.t1/Montipora_capitata_HIv3___RNAseq.g38848.t1/Montipora_capitata_HIv3___RNAseq.g36907.t1/Montipora_capitata_HIv3___RNAseq.g46378.t1/Montipora_capitata_HIv3___RNAseq.g44814.t1/Montipora_capitata_HIv3___RNAseq.g35720.t1/Montipora_capitata_HIv3___RNAseq.g43161.t1a,0.5875404259865609,homeostatic process,BP
GO:0098562,cytoplasmic side of membrane,3/85,161/8363,0.22463004981192253,1.8800503611906274,3,161,Montipora_capitata_HIv3___RNAseq.g11548.t1/Montipora_capitata_HIv3___RNAseq.g44960.t2/Montipora_capitata_HIv3___RNAseq.21467_t,0.5875404259865609,cytoplasmic side of membrane,CC
GO:0006302,double-strand break repair,3/85,161/8363,0.22463004981192253,1.8800503611906274,3,161,Montipora_capitata_HIv3___TS.g1118.t1/Montipora_capitata_HIv3___RNAseq.g43161.t1a/Montipora_capitata_HIv3___RNAseq.g47955.t1,0.5875404259865609,double-strand break repair,BP
GO:0016791,phosphatase activity,3/85,163/8363,0.23000165672429582,1.8561198798981022,3,163,Montipora_capitata_HIv3___RNAseq.g5395.t1/Montipora_capitata_HIv3___RNAseq.g46819.t1/Montipora_capitata_HIv3___RNAseq.g33449.t1,0.5983732940982348,phosphatase activity,MF
GO:0045785,positive regulation of cell adhesion,3/85,163/8363,0.23000165672429582,1.8561198798981022,3,163,Montipora_capitata_HIv3___RNAseq.g44960.t2/Montipora_capitata_HIv3___RNAseq.21467_t/Montipora_capitata_HIv3___RNAseq.g43161.t1a,0.5983732940982348,positive regulation of cell adhesion,BP
GO:2000145,regulation of cell motility,7/85,491/8363,0.23103625585424437,1.4450784690634706,7,491,Montipora_capitata_HIv3___RNAseq.g23734.t3/Montipora_capitata_HIv3___RNAseq.g35804.t1/Montipora_capitata_HIv3___RNAseq.g5395.t1/Montipora_capitata_HIv3___RNAseq.g35008.t1/Montipora_capitata_HIv3___RNAseq.g44814.t1/Montipora_capitata_HIv3___RNAseq.g35720.t1/Montipora_capitata_HIv3___TS.g10359.t4b,0.5989788697865212,regulation of cell motility,BP
GO:0015318,inorganic molecular entity transmembrane transporter activity,6/85,407/8363,0.2322610113848182,1.4917976939898283,6,407,Montipora_capitata_HIv3___RNAseq.g24139.t1/Montipora_capitata_HIv3___RNAseq.g49895.t2/Montipora_capitata_HIv3___RNAseq.g36907.t1/Montipora_capitata_HIv3___RNAseq.g20250.t1/Montipora_capitata_HIv3___TS.g4674.t2b/Montipora_capitata_HIv3___RNAseq.g23366.t1,0.5989788697865212,inorganic molecular entity transmembrane transporter activity,MF
GO:0060562,epithelial tube morphogenesis,8/85,578/8363,0.23253744513865635,1.4048900555271924,8,578,Montipora_capitata_HIv3___RNAseq.g22865.t1/Montipora_capitata_HIv3___RNAseq.g7741.t1/Montipora_capitata_HIv3___RNAseq.g44960.t2/Montipora_capitata_HIv3___RNAseq.21467_t/Montipora_capitata_HIv3___RNAseq.g36907.t1/Montipora_capitata_HIv3___RNAseq.g44814.t1/Montipora_capitata_HIv3___TS.g33523.t1/Montipora_capitata_HIv3___RNAseq.g18391.t1,0.5989788697865212,epithelial tube morphogenesis,BP
GO:0001763,morphogenesis of a branching structure,3/85,164/8363,0.23269682711131037,1.8443803741336213,3,164,Montipora_capitata_HIv3___RNAseq.g22865.t1/Montipora_capitata_HIv3___RNAseq.g36907.t1/Montipora_capitata_HIv3___RNAseq.g35008.t1,0.5989788697865212,morphogenesis of a branching structure,BP
GO:0043436,oxoacid metabolic process,10/85,756/8363,0.23649374866759065,1.3461427560618915,10,756,Montipora_capitata_HIv3___RNAseq.g40427.t1a/Montipora_capitata_HIv3___RNAseq.g37193.t1/Montipora_capitata_HIv3___RNAseq.g27709.t1/Montipora_capitata_HIv3___RNAseq.g46378.t1/Montipora_capitata_HIv3___RNAseq.g44814.t1/Montipora_capitata_HIv3___RNAseq.g37645.t1/Montipora_capitata_HIv3___RNAseq.g9060.t1/Montipora_capitata_HIv3___TS.g33523.t1/Montipora_capitata_HIv3___RNAseq.g33997.t1/Montipora_capitata_HIv3___RNAseq.g14960.t1,0.6071462201941048,oxoacid metabolic process,BP
GO:0006629,lipid metabolic process,10/85,757/8363,0.23773643475997272,1.3441625908373405,10,757,Montipora_capitata_HIv3___RNAseq.g36836.t1/Montipora_capitata_HIv3___RNAseq.g46378.t1/Montipora_capitata_HIv3___RNAseq.g37645.t1/Montipora_capitata_HIv3___RNAseq.g42092.t1/Montipora_capitata_HIv3___RNAseq.g33449.t1/Montipora_capitata_HIv3___RNAseq.g11214.t1/Montipora_capitata_HIv3___RNAseq.g6934.t1/Montipora_capitata_HIv3___RNAseq.g8867.t2/Montipora_capitata_HIv3___RNAseq.g44445.t1/Montipora_capitata_HIv3___RNAseq.g14960.t1,0.6087303974248774,lipid metabolic process,BP
GO:0050801,monoatomic ion homeostasis,7/85,497/8363,0.24018980177819843,1.426288870826207,7,497,Montipora_capitata_HIv3___RNAseq.g33991.t1/Montipora_capitata_HIv3___TS.g27540.t1/Montipora_capitata_HIv3___RNAseq.g33992.t1/Montipora_capitata_HIv3___RNAseq.g38848.t1/Montipora_capitata_HIv3___RNAseq.g36907.t1/Montipora_capitata_HIv3___RNAseq.g46378.t1/Montipora_capitata_HIv3___RNAseq.g44814.t1,0.6133911326200688,monoatomic ion homeostasis,BP
GO:0022407,regulation of cell-cell adhesion,3/85,167/8363,0.24081748474909173,1.8098326264351006,3,167,Montipora_capitata_HIv3___RNAseq.g44960.t2/Montipora_capitata_HIv3___RNAseq.21467_t/Montipora_capitata_HIv3___RNAseq.g43161.t1a,0.6133911326200688,regulation of cell-cell adhesion,BP
GO:0098657,import into cell,6/85,413/8363,0.24235266163980296,1.468690756162133,6,413,Montipora_capitata_HIv3___RNAseq.g2640.t1a/Montipora_capitata_HIv3___RNAseq.g24139.t1/Montipora_capitata_HIv3___RNAseq.g38848.t1/Montipora_capitata_HIv3___RNAseq.g36907.t1/Montipora_capitata_HIv3___RNAseq.g24942.t1/Montipora_capitata_HIv3___TS.g33523.t1,0.6144159365806235,import into cell,BP
GO:0007018,microtubule-based movement,4/85,247/8363,0.24248275400509708,1.632747400126953,4,247,Montipora_capitata_HIv3___RNAseq.g36838.t1/Montipora_capitata_HIv3___RNAseq.g22865.t1/Montipora_capitata_HIv3___TS.g5595.t1/Montipora_capitata_HIv3___RNAseq.g44814.t1,0.6144159365806235,microtubule-based movement,BP
GO:0003700,DNA-binding transcription factor activity,7/85,499/8363,0.2432681164418589,1.4201275148072006,7,499,Montipora_capitata_HIv3___TS.g10979.t1/Montipora_capitata_HIv3___RNAseq.g7741.t1/Montipora_capitata_HIv3___RNAseq.g45527.t1/Montipora_capitata_HIv3___RNAseq.g44814.t1/Montipora_capitata_HIv3___RNAseq.g28405.t2/Montipora_capitata_HIv3___RNAseq.g40991.t1/Montipora_capitata_HIv3___RNAseq.g44445.t1,0.6148048760985161,DNA-binding transcription factor activity,MF
GO:0001934,positive regulation of protein phosphorylation,7/85,500/8363,0.24481221539391382,1.4170655831522572,7,500,Montipora_capitata_HIv3___RNAseq.g5395.t1/Montipora_capitata_HIv3___TS.g27540.t1/Montipora_capitata_HIv3___RNAseq.g44960.t2/Montipora_capitata_HIv3___RNAseq.21467_t/Montipora_capitata_HIv3___RNAseq.g35008.t1/Montipora_capitata_HIv3___RNAseq.g14965.t1/Montipora_capitata_HIv3___TS.g10359.t4b,0.617104366783104,positive regulation of protein phosphorylation,BP
GO:0008284,positive regulation of cell population proliferation,7/85,501/8363,0.2463595652714148,1.4140160476773649,7,501,Montipora_capitata_HIv3___RNAseq.g7741.t1/Montipora_capitata_HIv3___RNAseq.g44960.t2/Montipora_capitata_HIv3___RNAseq.21467_t/Montipora_capitata_HIv3___RNAseq.g36907.t1/Montipora_capitata_HIv3___RNAseq.g44814.t1/Montipora_capitata_HIv3___RNAseq.g43161.t1a/Montipora_capitata_HIv3___TS.g33523.t1,0.6194001473103012,positive regulation of cell population proliferation,BP
GO:0098805,GO:0098805,11/85,855/8363,0.2487473676980459,1.309255756265894,11,855,Montipora_capitata_HIv3___RNAseq.g2640.t1a/Montipora_capitata_HIv3___RNAseq.g24139.t1/Montipora_capitata_HIv3___RNAseq.g44960.t2/Montipora_capitata_HIv3___RNAseq.21467_t/Montipora_capitata_HIv3___RNAseq.g38848.t1/Montipora_capitata_HIv3___RNAseq.g35008.t1/Montipora_capitata_HIv3___RNAseq.g46378.t1/Montipora_capitata_HIv3___TS.g4674.t2b/Montipora_capitata_HIv3___TS.g33523.t1/Montipora_capitata_HIv3___RNAseq.g44445.t1/Montipora_capitata_HIv3___RNAseq.g23366.t1,0.6200594582940809,NA,NA
GO:0016020,membrane,38/85,3391/8363,0.2491348639177522,1.1875368578498398,38,3391,Montipora_capitata_HIv3___RNAseq.g5395.t1/Montipora_capitata_HIv3___RNAseq.g22865.t1/Montipora_capitata_HIv3___RNAseq.g11548.t1/Montipora_capitata_HIv3___RNAseq.g26580.t1/Montipora_capitata_HIv3___RNAseq.g2640.t1a/Montipora_capitata_HIv3___RNAseq.g36836.t1/Montipora_capitata_HIv3___TS.g27540.t1/Montipora_capitata_HIv3___RNAseq.g24139.t1/Montipora_capitata_HIv3___RNAseq.g11237.t1/Montipora_capitata_HIv3___RNAseq.g44960.t2/Montipora_capitata_HIv3___RNAseq.g40983.t1/Montipora_capitata_HIv3___RNAseq.21467_t/Montipora_capitata_HIv3___RNAseq.g24836.t1/Montipora_capitata_HIv3___RNAseq.g9026.t1/Montipora_capitata_HIv3___RNAseq.g37193.t1/Montipora_capitata_HIv3___RNAseq.g38848.t1/Montipora_capitata_HIv3___RNAseq.g39648.t1/Montipora_capitata_HIv3___RNAseq.g49895.t2/Montipora_capitata_HIv3___RNAseq.g36907.t1/Montipora_capitata_HIv3___RNAseq.g35008.t1/Montipora_capitata_HIv3___RNAseq.g40982.t1a/Montipora_capitata_HIv3___RNAseq.g46378.t1/Montipora_capitata_HIv3___RNAseq.g44814.t1/Montipora_capitata_HIv3___RNAseq.g20250.t1/Montipora_capitata_HIv3___RNAseq.g14515.t1/Montipora_capitata_HIv3___RNAseq.g40991.t1/Montipora_capitata_HIv3___TS.g4674.t2b/Montipora_capitata_HIv3___RNAseq.g33449.t1/Montipora_capitata_HIv3___TS.g33523.t1/Montipora_capitata_HIv3___RNAseq.g11214.t1/Montipora_capitata_HIv3___RNAseq.g33997.t1/Montipora_capitata_HIv3___RNAseq.g6934.t1/Montipora_capitata_HIv3___RNAseq.g9561.t1/Montipora_capitata_HIv3___RNAseq.g4457.t1/Montipora_capitata_HIv3___RNAseq.g41226.t1/Montipora_capitata_HIv3___RNAseq.g8867.t2/Montipora_capitata_HIv3___RNAseq.g44445.t1/Montipora_capitata_HIv3___RNAseq.g23366.t1,0.6200594582940809,membrane,CC
GO:0031399,regulation of protein modification process,13/85,1037/8363,0.2507964937254546,1.2790107354144606,13,1037,Montipora_capitata_HIv3___TS.g1118.t1/Montipora_capitata_HIv3___RNAseq.g5395.t1/Montipora_capitata_HIv3___RNAseq.g7741.t1/Montipora_capitata_HIv3___TS.g27540.t1/Montipora_capitata_HIv3___RNAseq.g44960.t2/Montipora_capitata_HIv3___RNAseq.21467_t/Montipora_capitata_HIv3___RNAseq.g37193.t1/Montipora_capitata_HIv3___RNAseq.g36907.t1/Montipora_capitata_HIv3___RNAseq.g35008.t1/Montipora_capitata_HIv3___RNAseq.g30678.t1b/Montipora_capitata_HIv3___RNAseq.g14965.t1/Montipora_capitata_HIv3___RNAseq.g43161.t1a/Montipora_capitata_HIv3___TS.g10359.t4b,0.6200594582940809,regulation of protein modification process,BP
GO:0030182,neuron differentiation,12/85,947/8363,0.2512646854145752,1.2909367769246485,12,947,Montipora_capitata_HIv3___RNAseq.g23734.t3/Montipora_capitata_HIv3___RNAseq.g35804.t1/Montipora_capitata_HIv3___RNAseq.g5395.t1/Montipora_capitata_HIv3___RNAseq.g22865.t1/Montipora_capitata_HIv3___RNAseq.g7741.t1/Montipora_capitata_HIv3___RNAseq.g35008.t1/Montipora_capitata_HIv3___RNAseq.g24942.t1/Montipora_capitata_HIv3___RNAseq.g44814.t1/Montipora_capitata_HIv3___RNAseq.g35720.t1/Montipora_capitata_HIv3___TS.g33523.t1/Montipora_capitata_HIv3___RNAseq.g6934.t1/Montipora_capitata_HIv3___TS.g10359.t4b,0.6200594582940809,neuron differentiation,BP
GO:0007166,cell surface receptor signaling pathway,12/85,947/8363,0.2512646854145752,1.2909367769246485,12,947,Montipora_capitata_HIv3___RNAseq.g5395.t1/Montipora_capitata_HIv3___RNAseq.g22865.t1/Montipora_capitata_HIv3___RNAseq.g11548.t1/Montipora_capitata_HIv3___RNAseq.g7741.t1/Montipora_capitata_HIv3___RNAseq.g44960.t2/Montipora_capitata_HIv3___RNAseq.21467_t/Montipora_capitata_HIv3___RNAseq.g45527.t1/Montipora_capitata_HIv3___RNAseq.g35008.t1/Montipora_capitata_HIv3___RNAseq.g24942.t1/Montipora_capitata_HIv3___RNAseq.g44814.t1/Montipora_capitata_HIv3___RNAseq.g42092.t1/Montipora_capitata_HIv3___TS.g10359.t4b,0.6200594582940809,cell surface receptor signaling pathway,BP
GO:0055074,calcium ion homeostasis,4/85,251/8363,0.2513606158335303,1.605507832008187,4,251,Montipora_capitata_HIv3___RNAseq.g33991.t1/Montipora_capitata_HIv3___TS.g27540.t1/Montipora_capitata_HIv3___RNAseq.g33992.t1/Montipora_capitata_HIv3___RNAseq.g46378.t1,0.6200594582940809,calcium ion homeostasis,BP
GO:0072503,GO:0072503,4/85,251/8363,0.2513606158335303,1.605507832008187,4,251,Montipora_capitata_HIv3___RNAseq.g33991.t1/Montipora_capitata_HIv3___TS.g27540.t1/Montipora_capitata_HIv3___RNAseq.g33992.t1/Montipora_capitata_HIv3___RNAseq.g36907.t1,0.6200594582940809,NA,NA
GO:0070382,exocytic vesicle,3/85,171/8363,0.251719923973445,1.7659545142976452,3,171,Montipora_capitata_HIv3___RNAseq.g5395.t1/Montipora_capitata_HIv3___RNAseq.g9026.t1/Montipora_capitata_HIv3___RNAseq.g23366.t1,0.6200594582940809,exocytic vesicle,CC
GO:0019752,carboxylic acid metabolic process,9/85,681/8363,0.2538496540127876,1.3402842256223104,9,681,Montipora_capitata_HIv3___RNAseq.g40427.t1a/Montipora_capitata_HIv3___RNAseq.g27709.t1/Montipora_capitata_HIv3___RNAseq.g46378.t1/Montipora_capitata_HIv3___RNAseq.g44814.t1/Montipora_capitata_HIv3___RNAseq.g37645.t1/Montipora_capitata_HIv3___RNAseq.g9060.t1/Montipora_capitata_HIv3___TS.g33523.t1/Montipora_capitata_HIv3___RNAseq.g33997.t1/Montipora_capitata_HIv3___RNAseq.g14960.t1,0.6237265488748543,carboxylic acid metabolic process,BP
GO:0007165,signal transduction,22/85,1874/8363,0.25623010461880974,1.2116472366516928,22,1874,Montipora_capitata_HIv3___RNAseq.g5395.t1/Montipora_capitata_HIv3___RNAseq.g22865.t1/Montipora_capitata_HIv3___RNAseq.g11548.t1/Montipora_capitata_HIv3___RNAseq.g7741.t1/Montipora_capitata_HIv3___RNAseq.g2640.t1a/Montipora_capitata_HIv3___TS.g27540.t1/Montipora_capitata_HIv3___RNAseq.g11237.t1/Montipora_capitata_HIv3___RNAseq.g44960.t2/Montipora_capitata_HIv3___RNAseq.21467_t/Montipora_capitata_HIv3___RNAseq.g39648.t1/Montipora_capitata_HIv3___RNAseq.g45527.t1/Montipora_capitata_HIv3___RNAseq.g35008.t1/Montipora_capitata_HIv3___RNAseq.g46378.t1/Montipora_capitata_HIv3___RNAseq.g24942.t1/Montipora_capitata_HIv3___RNAseq.g44814.t1/Montipora_capitata_HIv3___RNAseq.g42092.t1/Montipora_capitata_HIv3___TS.g33523.t1/Montipora_capitata_HIv3___RNAseq.g6934.t1/Montipora_capitata_HIv3___TS.g10359.t4b/Montipora_capitata_HIv3___RNAseq.g8867.t2/Montipora_capitata_HIv3___RNAseq.g44445.t1/Montipora_capitata_HIv3___RNAseq.g23366.t1,0.6279896518743121,signal transduction,BP
GO:0071310,cellular response to organic substance,15/85,1226/8363,0.2578594546664137,1.2504524413583256,15,1226,Montipora_capitata_HIv3___RNAseq.g5395.t1/Montipora_capitata_HIv3___RNAseq.g11548.t1/Montipora_capitata_HIv3___RNAseq.g7741.t1/Montipora_capitata_HIv3___RNAseq.g2640.t1a/Montipora_capitata_HIv3___TS.g27540.t1/Montipora_capitata_HIv3___RNAseq.g44960.t2/Montipora_capitata_HIv3___RNAseq.21467_t/Montipora_capitata_HIv3___RNAseq.g46378.t1/Montipora_capitata_HIv3___RNAseq.g24942.t1/Montipora_capitata_HIv3___RNAseq.g44814.t1/Montipora_capitata_HIv3___RNAseq.g42092.t1/Montipora_capitata_HIv3___RNAseq.g43161.t1a/Montipora_capitata_HIv3___RNAseq.g33449.t1/Montipora_capitata_HIv3___TS.g33523.t1/Montipora_capitata_HIv3___RNAseq.g44445.t1,0.6303950989709058,cellular response to organic substance,BP
GO:0016757,glycosyltransferase activity,3/85,174/8363,0.259946373276496,1.7343357615567287,3,174,Montipora_capitata_HIv3___RNAseq.g36836.t1/Montipora_capitata_HIv3___RNAseq.g37193.t1/Montipora_capitata_HIv3___RNAseq.g42092.t1,0.6332026090338593,glycosyltransferase activity,MF
GO:0006520,amino acid metabolic process,4/85,255/8363,0.26030939734177155,1.5791360040412148,4,255,Montipora_capitata_HIv3___RNAseq.g40427.t1a/Montipora_capitata_HIv3___RNAseq.g27709.t1/Montipora_capitata_HIv3___RNAseq.g9060.t1/Montipora_capitata_HIv3___RNAseq.g33997.t1,0.6332026090338593,amino acid metabolic process,BP
GO:0046474,glycerophospholipid biosynthetic process,3/85,176/8363,0.26545154942489696,1.713865369893934,3,176,Montipora_capitata_HIv3___RNAseq.g33449.t1/Montipora_capitata_HIv3___RNAseq.g8867.t2/Montipora_capitata_HIv3___RNAseq.g44445.t1,0.6441006423701365,glycerophospholipid biosynthetic process,BP
GO:0006417,regulation of translation,4/85,258/8363,0.26706363819289225,1.5599020017585639,4,258,Montipora_capitata_HIv3___RNAseq.g7741.t1/Montipora_capitata_HIv3___RNAseq.g24942.t1/Montipora_capitata_HIv3___RNAseq.g47955.t1/Montipora_capitata_HIv3___RNAseq.g41226.t1,0.6464002984121496,regulation of translation,BP
GO:0048729,tissue morphogenesis,10/85,783/8363,0.2708931475557179,1.2944780975499555,10,783,Montipora_capitata_HIv3___RNAseq.g22865.t1/Montipora_capitata_HIv3___RNAseq.g7741.t1/Montipora_capitata_HIv3___RNAseq.g44960.t2/Montipora_capitata_HIv3___RNAseq.21467_t/Montipora_capitata_HIv3___RNAseq.g36907.t1/Montipora_capitata_HIv3___RNAseq.g35008.t1/Montipora_capitata_HIv3___RNAseq.g44814.t1/Montipora_capitata_HIv3___TS.g33523.t1/Montipora_capitata_HIv3___TS.g10359.t4b/Montipora_capitata_HIv3___RNAseq.g18391.t1,0.6540422644459393,tissue morphogenesis,BP
GO:0000981,"DNA-binding transcription factor activity, RNA polymerase II-specific",6/85,431/8363,0.2733914150009683,1.4032851977593241,6,431,Montipora_capitata_HIv3___TS.g10979.t1/Montipora_capitata_HIv3___RNAseq.g7741.t1/Montipora_capitata_HIv3___RNAseq.g44814.t1/Montipora_capitata_HIv3___RNAseq.g28405.t2/Montipora_capitata_HIv3___RNAseq.g40991.t1/Montipora_capitata_HIv3___RNAseq.g44445.t1,0.6576447812829688,"DNA-binding transcription factor activity, RNA polymerase II-specific",MF
GO:0016358,dendrite development,3/85,179/8363,0.273737036402469,1.6840314227694293,3,179,Montipora_capitata_HIv3___RNAseq.g23734.t3/Montipora_capitata_HIv3___RNAseq.g35804.t1/Montipora_capitata_HIv3___RNAseq.g35720.t1,0.6576447812829688,dendrite development,BP
GO:0080134,regulation of response to stress,10/85,786/8363,0.2748164779780711,1.2889590336750187,10,786,Montipora_capitata_HIv3___TS.g1118.t1/Montipora_capitata_HIv3___RNAseq.g11548.t1/Montipora_capitata_HIv3___RNAseq.g44960.t2/Montipora_capitata_HIv3___RNAseq.21467_t/Montipora_capitata_HIv3___RNAseq.g35008.t1/Montipora_capitata_HIv3___RNAseq.g44814.t1/Montipora_capitata_HIv3___RNAseq.g30678.t1b/Montipora_capitata_HIv3___RNAseq.g43161.t1a/Montipora_capitata_HIv3___TS.g10359.t4b/Montipora_capitata_HIv3___RNAseq.g44445.t1,0.6586119041198601,regulation of response to stress,BP
GO:0016311,dephosphorylation,3/85,181/8363,0.2792771191627575,1.6647003715302582,3,181,Montipora_capitata_HIv3___RNAseq.g5395.t1/Montipora_capitata_HIv3___RNAseq.g46819.t1/Montipora_capitata_HIv3___RNAseq.g33449.t1,0.6676575846323416,dephosphorylation,BP
GO:0044440,GO:0044440,4/85,264/8363,0.28067012218801457,1.5227652779873262,4,264,Montipora_capitata_HIv3___RNAseq.g2640.t1a/Montipora_capitata_HIv3___RNAseq.g44960.t2/Montipora_capitata_HIv3___RNAseq.21467_t/Montipora_capitata_HIv3___RNAseq.g35008.t1,0.669343208061123,NA,NA
GO:1905114,GO:1905114,3/85,182/8363,0.28205156704075784,1.6551967108075119,3,182,Montipora_capitata_HIv3___RNAseq.g7741.t1/Montipora_capitata_HIv3___RNAseq.g35008.t1/Montipora_capitata_HIv3___TS.g10359.t4b,0.670993092250996,NA,NA
GO:0042221,response to chemical,27/85,2379/8363,0.28364821080803887,1.1728504961569093,27,2379,Montipora_capitata_HIv3___RNAseq.g5395.t1/Montipora_capitata_HIv3___RNAseq.g11548.t1/Montipora_capitata_HIv3___RNAseq.g7741.t1/Montipora_capitata_HIv3___RNAseq.g2640.t1a/Montipora_capitata_HIv3___TS.g27540.t1/Montipora_capitata_HIv3___RNAseq.g24139.t1/Montipora_capitata_HIv3___RNAseq.g44960.t2/Montipora_capitata_HIv3___TS.g32048.t1/Montipora_capitata_HIv3___RNAseq.21467_t/Montipora_capitata_HIv3___RNAseq.g36907.t1/Montipora_capitata_HIv3___RNAseq.g35008.t1/Montipora_capitata_HIv3___RNAseq.g46378.t1/Montipora_capitata_HIv3___RNAseq.g24942.t1/Montipora_capitata_HIv3___RNAseq.g44814.t1/Montipora_capitata_HIv3___TS.g4674.t2b/Montipora_capitata_HIv3___RNAseq.g37645.t1/Montipora_capitata_HIv3___RNAseq.g42092.t1/Montipora_capitata_HIv3___RNAseq.g43161.t1a/Montipora_capitata_HIv3___RNAseq.g33449.t1/Montipora_capitata_HIv3___TS.g33523.t1/Montipora_capitata_HIv3___RNAseq.g47955.t1/Montipora_capitata_HIv3___RNAseq.g33997.t1/Montipora_capitata_HIv3___RNAseq.g9561.t1/Montipora_capitata_HIv3___TS.g10359.t4b/Montipora_capitata_HIv3___RNAseq.g44445.t1/Montipora_capitata_HIv3___RNAseq.g23366.t1/Montipora_capitata_HIv3___RNAseq.g18391.t1,0.6724401938182205,response to chemical,BP
GO:0044433,GO:0044433,10/85,793/8363,0.28404205514829256,1.2762456676761675,10,793,Montipora_capitata_HIv3___RNAseq.g2640.t1a/Montipora_capitata_HIv3___RNAseq.g44960.t2/Montipora_capitata_HIv3___RNAseq.21467_t/Montipora_capitata_HIv3___RNAseq.g38848.t1/Montipora_capitata_HIv3___RNAseq.g35008.t1/Montipora_capitata_HIv3___RNAseq.g24942.t1/Montipora_capitata_HIv3___TS.g4674.t2b/Montipora_capitata_HIv3___TS.g33523.t1/Montipora_capitata_HIv3___RNAseq.g33997.t1/Montipora_capitata_HIv3___RNAseq.g23366.t1,0.6724401938182205,NA,NA
GO:0008219,cell death,7/85,526/8363,0.2860029003000962,1.3415964753958967,7,526,Montipora_capitata_HIv3___RNAseq.g11548.t1/Montipora_capitata_HIv3___RNAseq.g44960.t2/Montipora_capitata_HIv3___RNAseq.21467_t/Montipora_capitata_HIv3___TS.g28995.t1/Montipora_capitata_HIv3___RNAseq.g35008.t1/Montipora_capitata_HIv3___RNAseq.g24942.t1/Montipora_capitata_HIv3___RNAseq.g44445.t1,0.6754388883300816,cell death,BP
GO:0030425,dendrite,6/85,440/8363,0.2892805506664592,1.372616935958615,6,440,Montipora_capitata_HIv3___RNAseq.g23734.t3/Montipora_capitata_HIv3___RNAseq.g35804.t1/Montipora_capitata_HIv3___RNAseq.g5395.t1/Montipora_capitata_HIv3___RNAseq.g24942.t1/Montipora_capitata_HIv3___RNAseq.g35720.t1/Montipora_capitata_HIv3___RNAseq.g23366.t1,0.6815253651294547,dendrite,CC
GO:0045017,glycerolipid biosynthetic process,3/85,185/8363,0.2903904895562929,1.6273118743723938,3,185,Montipora_capitata_HIv3___RNAseq.g33449.t1/Montipora_capitata_HIv3___RNAseq.g8867.t2/Montipora_capitata_HIv3___RNAseq.g44445.t1,0.6815574183907291,glycerolipid biosynthetic process,BP
GO:0097447,dendritic tree,6/85,441/8363,0.2910591220781419,1.3692876761107187,6,441,Montipora_capitata_HIv3___RNAseq.g23734.t3/Montipora_capitata_HIv3___RNAseq.g35804.t1/Montipora_capitata_HIv3___RNAseq.g5395.t1/Montipora_capitata_HIv3___RNAseq.g24942.t1/Montipora_capitata_HIv3___RNAseq.g35720.t1/Montipora_capitata_HIv3___RNAseq.g23366.t1,0.6815574183907291,dendritic tree,CC
GO:0048562,embryonic organ morphogenesis,4/85,269/8363,0.2920960364531696,1.493109654736358,4,269,Montipora_capitata_HIv3___RNAseq.g35008.t1/Montipora_capitata_HIv3___RNAseq.g44814.t1/Montipora_capitata_HIv3___TS.g33523.t1/Montipora_capitata_HIv3___TS.g10359.t4b,0.6815574183907291,embryonic organ morphogenesis,BP
GO:0001501,skeletal system development,4/85,269/8363,0.2920960364531696,1.493109654736358,4,269,Montipora_capitata_HIv3___RNAseq.g7741.t1/Montipora_capitata_HIv3___RNAseq.g44814.t1/Montipora_capitata_HIv3___RNAseq.g42092.t1/Montipora_capitata_HIv3___RNAseq.g33449.t1,0.6815574183907291,skeletal system development,BP
GO:0098588,bounding membrane of organelle,13/85,1074/8363,0.2928914144521759,1.2281162531714482,13,1074,Montipora_capitata_HIv3___RNAseq.g22865.t1/Montipora_capitata_HIv3___RNAseq.g2640.t1a/Montipora_capitata_HIv3___RNAseq.g24139.t1/Montipora_capitata_HIv3___RNAseq.g44960.t2/Montipora_capitata_HIv3___RNAseq.21467_t/Montipora_capitata_HIv3___RNAseq.g37193.t1/Montipora_capitata_HIv3___RNAseq.g38848.t1/Montipora_capitata_HIv3___RNAseq.g35008.t1/Montipora_capitata_HIv3___RNAseq.g46378.t1/Montipora_capitata_HIv3___TS.g4674.t2b/Montipora_capitata_HIv3___TS.g33523.t1/Montipora_capitata_HIv3___RNAseq.g8867.t2/Montipora_capitata_HIv3___RNAseq.g23366.t1,0.6817783403396344,bounding membrane of organelle,CC
GO:1901564,organonitrogen compound metabolic process,37/85,3354/8363,0.29425931972367236,1.152856421708891,37,3354,Montipora_capitata_HIv3___TS.g1118.t1/Montipora_capitata_HIv3___RNAseq.g40427.t1a/Montipora_capitata_HIv3___RNAseq.g23762.t1/Montipora_capitata_HIv3___RNAseq.g5395.t1/Montipora_capitata_HIv3___RNAseq.g11548.t1/Montipora_capitata_HIv3___RNAseq.g33991.t1/Montipora_capitata_HIv3___RNAseq.g36836.t1/Montipora_capitata_HIv3___RNAseq.g46819.t1/Montipora_capitata_HIv3___RNAseq.g44960.t2/Montipora_capitata_HIv3___TS.g32048.t1/Montipora_capitata_HIv3___RNAseq.g40983.t1/Montipora_capitata_HIv3___RNAseq.21467_t/Montipora_capitata_HIv3___RNAseq.g24836.t1/Montipora_capitata_HIv3___RNAseq.g37193.t1/Montipora_capitata_HIv3___RNAseq.g33992.t1/Montipora_capitata_HIv3___RNAseq.g27709.t1/Montipora_capitata_HIv3___RNAseq.g24942.t1/Montipora_capitata_HIv3___RNAseq.g44814.t1/Montipora_capitata_HIv3___RNAseq.g30678.t1b/Montipora_capitata_HIv3___RNAseq.g15186.t1/Montipora_capitata_HIv3___RNAseq.g40991.t1/Montipora_capitata_HIv3___RNAseq.g14965.t1/Montipora_capitata_HIv3___RNAseq.g37645.t1/Montipora_capitata_HIv3___RNAseq.g42092.t1/Montipora_capitata_HIv3___RNAseq.g22553.t1c/Montipora_capitata_HIv3___RNAseq.g9918.t1/Montipora_capitata_HIv3___RNAseq.g9060.t1/Montipora_capitata_HIv3___TS.g33523.t1/Montipora_capitata_HIv3___RNAseq.g11214.t1/Montipora_capitata_HIv3___TS.g21293.t1/Montipora_capitata_HIv3___RNAseq.g33997.t1/Montipora_capitata_HIv3___RNAseq.g6934.t1/Montipora_capitata_HIv3___RNAseq.g9561.t1/Montipora_capitata_HIv3___RNAseq.g41226.t1/Montipora_capitata_HIv3___RNAseq.g8867.t2/Montipora_capitata_HIv3___RNAseq.g44445.t1/Montipora_capitata_HIv3___RNAseq.g14960.t1,0.6833277281411294,organonitrogen compound metabolic process,BP
GO:0016042,lipid catabolic process,3/85,187/8363,0.29596107518341225,1.609226790991027,3,187,Montipora_capitata_HIv3___RNAseq.g46378.t1/Montipora_capitata_HIv3___RNAseq.g6934.t1/Montipora_capitata_HIv3___RNAseq.g14960.t1,0.6856431575082385,lipid catabolic process,BP
GO:0032868,response to insulin,3/85,188/8363,0.2987492629232253,1.6003307921835357,3,188,Montipora_capitata_HIv3___RNAseq.g46378.t1/Montipora_capitata_HIv3___RNAseq.g24942.t1/Montipora_capitata_HIv3___RNAseq.g44814.t1,0.6904585102714922,response to insulin,BP
GO:0006644,phospholipid metabolic process,4/85,273/8363,0.30128510203696346,1.4701777563958158,4,273,Montipora_capitata_HIv3___RNAseq.g33449.t1/Montipora_capitata_HIv3___RNAseq.g6934.t1/Montipora_capitata_HIv3___RNAseq.g8867.t2/Montipora_capitata_HIv3___RNAseq.g44445.t1,0.6917528434202086,phospholipid metabolic process,BP
GO:0001228,"DNA-binding transcription activator activity, RNA polymerase II-specific",3/85,189/8363,0.3015391633113231,1.5915303938451302,3,189,Montipora_capitata_HIv3___RNAseq.g7741.t1/Montipora_capitata_HIv3___RNAseq.g44814.t1/Montipora_capitata_HIv3___RNAseq.g44445.t1,0.6917528434202086,"DNA-binding transcription activator activity, RNA polymerase II-specific",MF
GO:0031253,cell projection membrane,3/85,189/8363,0.3015391633113231,1.5915303938451302,3,189,Montipora_capitata_HIv3___RNAseq.g36907.t1/Montipora_capitata_HIv3___TS.g33523.t1/Montipora_capitata_HIv3___RNAseq.g23366.t1,0.6917528434202086,cell projection membrane,CC
GO:0045859,regulation of protein kinase activity,6/85,448/8363,0.3035753838859098,1.3464045766250201,6,448,Montipora_capitata_HIv3___RNAseq.g5395.t1/Montipora_capitata_HIv3___RNAseq.g44960.t2/Montipora_capitata_HIv3___RNAseq.21467_t/Montipora_capitata_HIv3___RNAseq.g35008.t1/Montipora_capitata_HIv3___RNAseq.g14965.t1/Montipora_capitata_HIv3___RNAseq.g43161.t1a,0.6917528434202086,regulation of protein kinase activity,BP
GO:0009967,positive regulation of signal transduction,11/85,899/8363,0.3035773153936656,1.2370297328795181,11,899,Montipora_capitata_HIv3___RNAseq.g7741.t1/Montipora_capitata_HIv3___TS.g27540.t1/Montipora_capitata_HIv3___RNAseq.g44960.t2/Montipora_capitata_HIv3___RNAseq.21467_t/Montipora_capitata_HIv3___RNAseq.g36907.t1/Montipora_capitata_HIv3___RNAseq.g35008.t1/Montipora_capitata_HIv3___RNAseq.g46378.t1/Montipora_capitata_HIv3___RNAseq.g24942.t1/Montipora_capitata_HIv3___RNAseq.g44814.t1/Montipora_capitata_HIv3___TS.g10359.t4b/Montipora_capitata_HIv3___RNAseq.g44445.t1,0.6917528434202086,positive regulation of signal transduction,BP
GO:0009888,tissue development,17/85,1456/8363,0.3042665282776086,1.188092956382116,17,1456,Montipora_capitata_HIv3___RNAseq.g22865.t1/Montipora_capitata_HIv3___RNAseq.g7741.t1/Montipora_capitata_HIv3___RNAseq.g44960.t2/Montipora_capitata_HIv3___RNAseq.21467_t/Montipora_capitata_HIv3___RNAseq.g36907.t1/Montipora_capitata_HIv3___RNAseq.g35008.t1/Montipora_capitata_HIv3___RNAseq.g46378.t1/Montipora_capitata_HIv3___RNAseq.g24942.t1/Montipora_capitata_HIv3___RNAseq.g44814.t1/Montipora_capitata_HIv3___TS.g4674.t2b/Montipora_capitata_HIv3___RNAseq.g42092.t1/Montipora_capitata_HIv3___RNAseq.g33449.t1/Montipora_capitata_HIv3___RNAseq.g9060.t1/Montipora_capitata_HIv3___TS.g33523.t1/Montipora_capitata_HIv3___RNAseq.g4457.t1/Montipora_capitata_HIv3___TS.g10359.t4b/Montipora_capitata_HIv3___RNAseq.g18391.t1,0.6917528434202086,tissue development,BP
GO:0044281,small molecule metabolic process,16/85,1363/8363,0.3048204943357018,1.193107652025384,16,1363,Montipora_capitata_HIv3___RNAseq.g40427.t1a/Montipora_capitata_HIv3___RNAseq.g33991.t1/Montipora_capitata_HIv3___RNAseq.g37193.t1/Montipora_capitata_HIv3___RNAseq.g33992.t1/Montipora_capitata_HIv3___RNAseq.g27709.t1/Montipora_capitata_HIv3___RNAseq.g46378.t1/Montipora_capitata_HIv3___RNAseq.g44814.t1/Montipora_capitata_HIv3___RNAseq.g37645.t1/Montipora_capitata_HIv3___RNAseq.g9060.t1/Montipora_capitata_HIv3___TS.g33523.t1/Montipora_capitata_HIv3___TS.g21293.t1/Montipora_capitata_HIv3___RNAseq.g33997.t1/Montipora_capitata_HIv3___RNAseq.g6934.t1/Montipora_capitata_HIv3___RNAseq.g9561.t1/Montipora_capitata_HIv3___RNAseq.g8867.t2/Montipora_capitata_HIv3___RNAseq.g14960.t1,0.6917528434202086,small molecule metabolic process,BP
GO:0006281,DNA repair,5/85,361/8363,0.3049968857423119,1.3907216033124792,5,361,Montipora_capitata_HIv3___TS.g1118.t1/Montipora_capitata_HIv3___RNAseq.g30678.t1b/Montipora_capitata_HIv3___RNAseq.g15186.t1/Montipora_capitata_HIv3___RNAseq.g43161.t1a/Montipora_capitata_HIv3___RNAseq.g47955.t1,0.6917528434202086,DNA repair,BP
GO:0045597,positive regulation of cell differentiation,8/85,628/8363,0.3060325167312528,1.2832406365998013,8,628,Montipora_capitata_HIv3___RNAseq.g5395.t1/Montipora_capitata_HIv3___RNAseq.g44960.t2/Montipora_capitata_HIv3___RNAseq.21467_t/Montipora_capitata_HIv3___RNAseq.g35008.t1/Montipora_capitata_HIv3___RNAseq.g46378.t1/Montipora_capitata_HIv3___RNAseq.g24942.t1/Montipora_capitata_HIv3___RNAseq.g44814.t1/Montipora_capitata_HIv3___TS.g10359.t4b,0.6919979000287299,positive regulation of cell differentiation,BP
GO:1901605,alpha-amino acid metabolic process,3/85,191/8363,0.30712345855824846,1.5742103163643302,3,191,Montipora_capitata_HIv3___RNAseq.g40427.t1a/Montipora_capitata_HIv3___RNAseq.g27709.t1/Montipora_capitata_HIv3___RNAseq.g33997.t1,0.6919979000287299,alpha-amino acid metabolic process,BP
GO:0033993,response to lipid,7/85,539/8363,0.3072385332090558,1.30663181117567,7,539,Montipora_capitata_HIv3___RNAseq.g2640.t1a/Montipora_capitata_HIv3___RNAseq.g44960.t2/Montipora_capitata_HIv3___RNAseq.21467_t/Montipora_capitata_HIv3___RNAseq.g46378.t1/Montipora_capitata_HIv3___RNAseq.g44814.t1/Montipora_capitata_HIv3___RNAseq.g33449.t1/Montipora_capitata_HIv3___RNAseq.g44445.t1,0.6919979000287299,response to lipid,BP
GO:0016887,ATP hydrolysis activity,5/85,363/8363,0.30901108318658593,1.382605018037663,5,363,Montipora_capitata_HIv3___RNAseq.g36838.t1/Montipora_capitata_HIv3___TS.g5595.t1/Montipora_capitata_HIv3___TS.g4674.t2b/Montipora_capitata_HIv3___RNAseq.g43161.t1a/Montipora_capitata_HIv3___RNAseq.g47955.t1,0.6943828728419126,ATP hydrolysis activity,MF
GO:0051247,positive regulation of protein metabolic process,12/85,997/8363,0.31117297924589804,1.2170744218335683,12,997,Montipora_capitata_HIv3___RNAseq.g5395.t1/Montipora_capitata_HIv3___RNAseq.g7741.t1/Montipora_capitata_HIv3___TS.g27540.t1/Montipora_capitata_HIv3___RNAseq.g44960.t2/Montipora_capitata_HIv3___RNAseq.21467_t/Montipora_capitata_HIv3___RNAseq.g36907.t1/Montipora_capitata_HIv3___RNAseq.g35008.t1/Montipora_capitata_HIv3___RNAseq.g24942.t1/Montipora_capitata_HIv3___RNAseq.g30678.t1b/Montipora_capitata_HIv3___RNAseq.g14965.t1/Montipora_capitata_HIv3___RNAseq.g42092.t1/Montipora_capitata_HIv3___TS.g10359.t4b,0.697629743793223,positive regulation of protein metabolic process,BP
GO:0000982,GO:0000982,3/85,193/8363,0.312712688106878,1.5572547162740205,3,193,Montipora_capitata_HIv3___RNAseq.g7741.t1/Montipora_capitata_HIv3___RNAseq.g44814.t1/Montipora_capitata_HIv3___RNAseq.g44445.t1,0.6985817739728105,NA,NA
GO:0051347,positive regulation of transferase activity,5/85,365/8363,0.31303355956027273,1.3745786076655315,5,365,Montipora_capitata_HIv3___TS.g1118.t1/Montipora_capitata_HIv3___RNAseq.g44960.t2/Montipora_capitata_HIv3___RNAseq.21467_t/Montipora_capitata_HIv3___RNAseq.g35008.t1/Montipora_capitata_HIv3___RNAseq.g14965.t1,0.6985817739728105,positive regulation of transferase activity,BP
GO:0006974,DNA damage response,7/85,544/8363,0.31549726461393807,1.293632123320627,7,544,Montipora_capitata_HIv3___TS.g1118.t1/Montipora_capitata_HIv3___RNAseq.g7741.t1/Montipora_capitata_HIv3___RNAseq.g30678.t1b/Montipora_capitata_HIv3___RNAseq.g15186.t1/Montipora_capitata_HIv3___RNAseq.g14965.t1/Montipora_capitata_HIv3___RNAseq.g43161.t1a/Montipora_capitata_HIv3___RNAseq.g47955.t1,0.7019970784143788,DNA damage response,BP
GO:0016604,nuclear body,6/85,455/8363,0.31619657077800434,1.3242411880791316,6,455,Montipora_capitata_HIv3___RNAseq.g44814.t1/Montipora_capitata_HIv3___RNAseq.g9027.t1/Montipora_capitata_HIv3___RNAseq.g30678.t1b/Montipora_capitata_HIv3___RNAseq.g15186.t1/Montipora_capitata_HIv3___RNAseq.g43161.t1a/Montipora_capitata_HIv3___RNAseq.g47955.t1,0.7019970784143788,nuclear body,CC
GO:0051716,cellular response to stimulus,33/85,2995/8363,0.31697373705368587,1.1389416085240465,33,2995,Montipora_capitata_HIv3___TS.g1118.t1/Montipora_capitata_HIv3___RNAseq.g5395.t1/Montipora_capitata_HIv3___RNAseq.g22865.t1/Montipora_capitata_HIv3___RNAseq.g11548.t1/Montipora_capitata_HIv3___RNAseq.g7741.t1/Montipora_capitata_HIv3___RNAseq.g2640.t1a/Montipora_capitata_HIv3___TS.g27540.t1/Montipora_capitata_HIv3___RNAseq.g11237.t1/Montipora_capitata_HIv3___RNAseq.g44960.t2/Montipora_capitata_HIv3___RNAseq.21467_t/Montipora_capitata_HIv3___RNAseq.g38848.t1/Montipora_capitata_HIv3___RNAseq.g39648.t1/Montipora_capitata_HIv3___RNAseq.g45527.t1/Montipora_capitata_HIv3___RNAseq.g35008.t1/Montipora_capitata_HIv3___RNAseq.g46378.t1/Montipora_capitata_HIv3___RNAseq.g24942.t1/Montipora_capitata_HIv3___RNAseq.g44814.t1/Montipora_capitata_HIv3___RNAseq.g30678.t1b/Montipora_capitata_HIv3___RNAseq.g15186.t1/Montipora_capitata_HIv3___RNAseq.g14965.t1/Montipora_capitata_HIv3___RNAseq.g37645.t1/Montipora_capitata_HIv3___RNAseq.g42092.t1/Montipora_capitata_HIv3___RNAseq.g43161.t1a/Montipora_capitata_HIv3___RNAseq.g33449.t1/Montipora_capitata_HIv3___TS.g33523.t1/Montipora_capitata_HIv3___RNAseq.g47955.t1/Montipora_capitata_HIv3___RNAseq.g33997.t1/Montipora_capitata_HIv3___RNAseq.g6934.t1/Montipora_capitata_HIv3___RNAseq.g9561.t1/Montipora_capitata_HIv3___TS.g10359.t4b/Montipora_capitata_HIv3___RNAseq.g8867.t2/Montipora_capitata_HIv3___RNAseq.g44445.t1/Montipora_capitata_HIv3___RNAseq.g23366.t1,0.7019970784143788,cellular response to stimulus,BP
GO:0030133,transport vesicle,4/85,280/8363,0.31744986074237064,1.43164694795578,4,280,Montipora_capitata_HIv3___RNAseq.g5395.t1/Montipora_capitata_HIv3___RNAseq.g9026.t1/Montipora_capitata_HIv3___TS.g33523.t1/Montipora_capitata_HIv3___RNAseq.g23366.t1,0.7019970784143788,transport vesicle,CC
GO:0032147,activation of protein kinase activity,3/85,195/8363,0.31830560184005285,1.540652247135703,3,195,Montipora_capitata_HIv3___RNAseq.g44960.t2/Montipora_capitata_HIv3___RNAseq.21467_t/Montipora_capitata_HIv3___RNAseq.g14965.t1,0.7022933119963072,activation of protein kinase activity,BP
GO:0001101,response to acid chemical,4/85,282/8363,0.3220843452549957,1.4209946368910553,4,282,Montipora_capitata_HIv3___RNAseq.g5395.t1/Montipora_capitata_HIv3___RNAseq.g46378.t1/Montipora_capitata_HIv3___RNAseq.g44814.t1/Montipora_capitata_HIv3___TS.g33523.t1,0.7065132856309847,response to acid chemical,BP
GO:0006732,GO:0006732,4/85,282/8363,0.3220843452549957,1.4209946368910553,4,282,Montipora_capitata_HIv3___RNAseq.g40427.t1a/Montipora_capitata_HIv3___TS.g33523.t1/Montipora_capitata_HIv3___RNAseq.g9561.t1/Montipora_capitata_HIv3___RNAseq.g14960.t1,0.7065132856309847,NA,NA
GO:0002366,leukocyte activation involved in immune response,5/85,370/8363,0.32312272569967954,1.3548973486289082,5,370,Montipora_capitata_HIv3___RNAseq.g23734.t3/Montipora_capitata_HIv3___RNAseq.g35804.t1/Montipora_capitata_HIv3___RNAseq.g24942.t1/Montipora_capitata_HIv3___RNAseq.g35720.t1/Montipora_capitata_HIv3___TS.g33523.t1,0.7065132856309847,leukocyte activation involved in immune response,BP
GO:0090596,sensory organ morphogenesis,5/85,370/8363,0.32312272569967954,1.3548973486289082,5,370,Montipora_capitata_HIv3___RNAseq.g5395.t1/Montipora_capitata_HIv3___RNAseq.g35008.t1/Montipora_capitata_HIv3___RNAseq.g24942.t1/Montipora_capitata_HIv3___RNAseq.g44814.t1/Montipora_capitata_HIv3___TS.g10359.t4b,0.7065132856309847,sensory organ morphogenesis,BP
GO:0002263,cell activation involved in immune response,5/85,372/8363,0.3271702933318966,1.347174970130286,5,372,Montipora_capitata_HIv3___RNAseq.g23734.t3/Montipora_capitata_HIv3___RNAseq.g35804.t1/Montipora_capitata_HIv3___RNAseq.g24942.t1/Montipora_capitata_HIv3___RNAseq.g35720.t1/Montipora_capitata_HIv3___TS.g33523.t1,0.7110572700402968,cell activation involved in immune response,BP
GO:0050769,positive regulation of neurogenesis,5/85,372/8363,0.3271702933318966,1.347174970130286,5,372,Montipora_capitata_HIv3___RNAseq.g5395.t1/Montipora_capitata_HIv3___RNAseq.g35008.t1/Montipora_capitata_HIv3___RNAseq.g24942.t1/Montipora_capitata_HIv3___RNAseq.g44814.t1/Montipora_capitata_HIv3___TS.g10359.t4b,0.7110572700402968,positive regulation of neurogenesis,BP
GO:0010647,positive regulation of cell communication,12/85,1010/8363,0.3273932754142374,1.199079178268965,12,1010,Montipora_capitata_HIv3___RNAseq.g5395.t1/Montipora_capitata_HIv3___RNAseq.g7741.t1/Montipora_capitata_HIv3___TS.g27540.t1/Montipora_capitata_HIv3___RNAseq.g44960.t2/Montipora_capitata_HIv3___RNAseq.21467_t/Montipora_capitata_HIv3___RNAseq.g36907.t1/Montipora_capitata_HIv3___RNAseq.g35008.t1/Montipora_capitata_HIv3___RNAseq.g46378.t1/Montipora_capitata_HIv3___RNAseq.g24942.t1/Montipora_capitata_HIv3___RNAseq.g44814.t1/Montipora_capitata_HIv3___TS.g10359.t4b/Montipora_capitata_HIv3___RNAseq.g44445.t1,0.7110572700402968,positive regulation of cell communication,BP
GO:0016053,organic acid biosynthetic process,4/85,286/8363,0.33136988081393776,1.4001433624385287,4,286,Montipora_capitata_HIv3___RNAseq.g40427.t1a/Montipora_capitata_HIv3___RNAseq.g27709.t1/Montipora_capitata_HIv3___RNAseq.g46378.t1/Montipora_capitata_HIv3___RNAseq.g37645.t1,0.7149066386517992,organic acid biosynthetic process,BP
GO:0046394,carboxylic acid biosynthetic process,4/85,286/8363,0.33136988081393776,1.4001433624385287,4,286,Montipora_capitata_HIv3___RNAseq.g40427.t1a/Montipora_capitata_HIv3___RNAseq.g27709.t1/Montipora_capitata_HIv3___RNAseq.g46378.t1/Montipora_capitata_HIv3___RNAseq.g37645.t1,0.7149066386517992,carboxylic acid biosynthetic process,BP
GO:0045860,positive regulation of protein kinase activity,4/85,286/8363,0.33136988081393776,1.4001433624385287,4,286,Montipora_capitata_HIv3___RNAseq.g44960.t2/Montipora_capitata_HIv3___RNAseq.21467_t/Montipora_capitata_HIv3___RNAseq.g35008.t1/Montipora_capitata_HIv3___RNAseq.g14965.t1,0.7149066386517992,positive regulation of protein kinase activity,BP
GO:0032880,regulation of protein localization,8/85,646/8363,0.33379082233019547,1.2441108647272594,8,646,Montipora_capitata_HIv3___TS.g1118.t1/Montipora_capitata_HIv3___RNAseq.g5395.t1/Montipora_capitata_HIv3___RNAseq.g7741.t1/Montipora_capitata_HIv3___RNAseq.g44960.t2/Montipora_capitata_HIv3___RNAseq.21467_t/Montipora_capitata_HIv3___RNAseq.g37193.t1/Montipora_capitata_HIv3___RNAseq.g35008.t1/Montipora_capitata_HIv3___RNAseq.g44814.t1,0.7150147891272585,regulation of protein localization,BP
GO:0019220,regulation of phosphate metabolic process,11/85,923/8363,0.3348499846463097,1.2005697526343817,11,923,Montipora_capitata_HIv3___RNAseq.g5395.t1/Montipora_capitata_HIv3___TS.g27540.t1/Montipora_capitata_HIv3___RNAseq.g44960.t2/Montipora_capitata_HIv3___RNAseq.21467_t/Montipora_capitata_HIv3___RNAseq.g37193.t1/Montipora_capitata_HIv3___RNAseq.g36907.t1/Montipora_capitata_HIv3___RNAseq.g35008.t1/Montipora_capitata_HIv3___RNAseq.g44814.t1/Montipora_capitata_HIv3___RNAseq.g14965.t1/Montipora_capitata_HIv3___RNAseq.g43161.t1a/Montipora_capitata_HIv3___TS.g10359.t4b,0.7150147891272585,regulation of phosphate metabolic process,BP
GO:0051174,regulation of phosphorus metabolic process,11/85,923/8363,0.3348499846463097,1.2005697526343817,11,923,Montipora_capitata_HIv3___RNAseq.g5395.t1/Montipora_capitata_HIv3___TS.g27540.t1/Montipora_capitata_HIv3___RNAseq.g44960.t2/Montipora_capitata_HIv3___RNAseq.21467_t/Montipora_capitata_HIv3___RNAseq.g37193.t1/Montipora_capitata_HIv3___RNAseq.g36907.t1/Montipora_capitata_HIv3___RNAseq.g35008.t1/Montipora_capitata_HIv3___RNAseq.g44814.t1/Montipora_capitata_HIv3___RNAseq.g14965.t1/Montipora_capitata_HIv3___RNAseq.g43161.t1a/Montipora_capitata_HIv3___TS.g10359.t4b,0.7150147891272585,regulation of phosphorus metabolic process,BP
GO:0023056,positive regulation of signaling,12/85,1016/8363,0.3349511295943619,1.1909297887336534,12,1016,Montipora_capitata_HIv3___RNAseq.g5395.t1/Montipora_capitata_HIv3___RNAseq.g7741.t1/Montipora_capitata_HIv3___TS.g27540.t1/Montipora_capitata_HIv3___RNAseq.g44960.t2/Montipora_capitata_HIv3___RNAseq.21467_t/Montipora_capitata_HIv3___RNAseq.g36907.t1/Montipora_capitata_HIv3___RNAseq.g35008.t1/Montipora_capitata_HIv3___RNAseq.g46378.t1/Montipora_capitata_HIv3___RNAseq.g24942.t1/Montipora_capitata_HIv3___RNAseq.g44814.t1/Montipora_capitata_HIv3___TS.g10359.t4b/Montipora_capitata_HIv3___RNAseq.g44445.t1,0.7150147891272585,positive regulation of signaling,BP
GO:0008654,phospholipid biosynthetic process,3/85,201/8363,0.335094289662929,1.492863336707596,3,201,Montipora_capitata_HIv3___RNAseq.g33449.t1/Montipora_capitata_HIv3___RNAseq.g8867.t2/Montipora_capitata_HIv3___RNAseq.g44445.t1,0.7150147891272585,phospholipid biosynthetic process,BP
GO:0022838,GO:0022838,3/85,202/8363,0.3378923004562647,1.485179223712263,3,202,Montipora_capitata_HIv3___RNAseq.g49895.t2/Montipora_capitata_HIv3___RNAseq.g20250.t1/Montipora_capitata_HIv3___RNAseq.g23366.t1,0.7178366994409291,NA,NA
GO:0009612,response to mechanical stimulus,3/85,202/8363,0.3378923004562647,1.485179223712263,3,202,Montipora_capitata_HIv3___RNAseq.g44814.t1/Montipora_capitata_HIv3___RNAseq.g20250.t1/Montipora_capitata_HIv3___RNAseq.g23366.t1,0.7178366994409291,response to mechanical stimulus,BP
GO:0032268,GO:0032268,17/85,1490/8363,0.3403528000673372,1.1548955284468871,17,1490,Montipora_capitata_HIv3___TS.g1118.t1/Montipora_capitata_HIv3___RNAseq.g5395.t1/Montipora_capitata_HIv3___RNAseq.g7741.t1/Montipora_capitata_HIv3___TS.g27540.t1/Montipora_capitata_HIv3___RNAseq.g44960.t2/Montipora_capitata_HIv3___TS.g32048.t1/Montipora_capitata_HIv3___RNAseq.21467_t/Montipora_capitata_HIv3___RNAseq.g37193.t1/Montipora_capitata_HIv3___RNAseq.g36907.t1/Montipora_capitata_HIv3___RNAseq.g35008.t1/Montipora_capitata_HIv3___RNAseq.g24942.t1/Montipora_capitata_HIv3___RNAseq.g30678.t1b/Montipora_capitata_HIv3___RNAseq.g14965.t1/Montipora_capitata_HIv3___RNAseq.g43161.t1a/Montipora_capitata_HIv3___RNAseq.g47955.t1/Montipora_capitata_HIv3___TS.g10359.t4b/Montipora_capitata_HIv3___RNAseq.g41226.t1,0.7214886153932879,NA,NA
GO:0005215,transporter activity,8/85,652/8363,0.3431485545510254,1.2315536442258976,8,652,Montipora_capitata_HIv3___RNAseq.g24139.t1/Montipora_capitata_HIv3___RNAseq.g49895.t2/Montipora_capitata_HIv3___RNAseq.g36907.t1/Montipora_capitata_HIv3___RNAseq.g20250.t1/Montipora_capitata_HIv3___TS.g4674.t2b/Montipora_capitata_HIv3___RNAseq.g11214.t1/Montipora_capitata_HIv3___RNAseq.g44445.t1/Montipora_capitata_HIv3___RNAseq.g23366.t1,0.723404305215041,transporter activity,MF
GO:0033218,amide binding,3/85,204/8363,0.34348693628915616,1.4700405032732207,3,204,Montipora_capitata_HIv3___TS.g27540.t1/Montipora_capitata_HIv3___RNAseq.g35008.t1/Montipora_capitata_HIv3___TS.g33523.t1,0.723404305215041,amide binding,MF
GO:0071902,positive regulation of protein serine/threonine kinase activity,3/85,204/8363,0.34348693628915616,1.4700405032732207,3,204,Montipora_capitata_HIv3___RNAseq.g44960.t2/Montipora_capitata_HIv3___RNAseq.21467_t/Montipora_capitata_HIv3___RNAseq.g35008.t1,0.723404305215041,positive regulation of protein serine/threonine kinase activity,BP
GO:0048608,reproductive structure development,5/85,381/8363,0.34545250957374124,1.313447203712426,5,381,Montipora_capitata_HIv3___RNAseq.g36907.t1/Montipora_capitata_HIv3___RNAseq.g35008.t1/Montipora_capitata_HIv3___RNAseq.g46378.t1/Montipora_capitata_HIv3___RNAseq.g44814.t1/Montipora_capitata_HIv3___RNAseq.g42092.t1,0.7246400599450616,reproductive structure development,BP
GO:0051270,GO:0051270,7/85,562/8363,0.3455631940539657,1.2487724758633636,7,562,Montipora_capitata_HIv3___RNAseq.g23734.t3/Montipora_capitata_HIv3___RNAseq.g35804.t1/Montipora_capitata_HIv3___RNAseq.g5395.t1/Montipora_capitata_HIv3___RNAseq.g35008.t1/Montipora_capitata_HIv3___RNAseq.g44814.t1/Montipora_capitata_HIv3___RNAseq.g35720.t1/Montipora_capitata_HIv3___TS.g10359.t4b,0.7246400599450616,NA,NA
GO:0045930,negative regulation of mitotic cell cycle,3/85,206/8363,0.34907879029961164,1.455200233093568,3,206,Montipora_capitata_HIv3___RNAseq.g7741.t1/Montipora_capitata_HIv3___RNAseq.g14965.t1/Montipora_capitata_HIv3___RNAseq.g43161.t1a,0.7282447122330097,negative regulation of mitotic cell cycle,BP
GO:0044212,GO:0044212,5/85,383/8363,0.3495275237541783,1.3061681507409209,5,383,Montipora_capitata_HIv3___RNAseq.g7741.t1/Montipora_capitata_HIv3___RNAseq.g45527.t1/Montipora_capitata_HIv3___RNAseq.g44814.t1/Montipora_capitata_HIv3___RNAseq.g40991.t1/Montipora_capitata_HIv3___RNAseq.g42092.t1,0.7282447122330097,NA,NA
GO:0120031,plasma membrane bounded cell projection assembly,5/85,383/8363,0.3495275237541783,1.3061681507409209,5,383,Montipora_capitata_HIv3___RNAseq.g36838.t1/Montipora_capitata_HIv3___RNAseq.g22865.t1/Montipora_capitata_HIv3___TS.g5595.t1/Montipora_capitata_HIv3___RNAseq.g24942.t1/Montipora_capitata_HIv3___TS.g4674.t2b,0.7282447122330097,plasma membrane bounded cell projection assembly,BP
GO:0044092,negative regulation of molecular function,7/85,565/8363,0.3506157964786534,1.2415772195728407,7,565,Montipora_capitata_HIv3___TS.g1118.t1/Montipora_capitata_HIv3___RNAseq.g5395.t1/Montipora_capitata_HIv3___RNAseq.g11548.t1/Montipora_capitata_HIv3___RNAseq.g26580.t1/Montipora_capitata_HIv3___TS.g32048.t1/Montipora_capitata_HIv3___RNAseq.g46378.t1/Montipora_capitata_HIv3___RNAseq.g44445.t1,0.728951217892585,negative regulation of molecular function,BP
GO:0061458,reproductive system development,5/85,384/8363,0.35156635386337814,1.3025574303932141,5,384,Montipora_capitata_HIv3___RNAseq.g36907.t1/Montipora_capitata_HIv3___RNAseq.g35008.t1/Montipora_capitata_HIv3___RNAseq.g46378.t1/Montipora_capitata_HIv3___RNAseq.g44814.t1/Montipora_capitata_HIv3___RNAseq.g42092.t1,0.7293690027911874,reproductive system development,BP
GO:0015267,channel activity,3/85,208/8363,0.35466676166845434,1.4406496527139585,3,208,Montipora_capitata_HIv3___RNAseq.g49895.t2/Montipora_capitata_HIv3___RNAseq.g20250.t1/Montipora_capitata_HIv3___RNAseq.g23366.t1,0.7326767709201828,channel activity,MF
GO:0022803,passive transmembrane transporter activity,3/85,208/8363,0.35466676166845434,1.4406496527139585,3,208,Montipora_capitata_HIv3___RNAseq.g49895.t2/Montipora_capitata_HIv3___RNAseq.g20250.t1/Montipora_capitata_HIv3___RNAseq.g23366.t1,0.7326767709201828,passive transmembrane transporter activity,MF
GO:0001067,transcription regulatory region nucleic acid binding,5/85,386/8363,0.35564636871189415,1.2953928461039783,5,386,Montipora_capitata_HIv3___RNAseq.g7741.t1/Montipora_capitata_HIv3___RNAseq.g45527.t1/Montipora_capitata_HIv3___RNAseq.g44814.t1/Montipora_capitata_HIv3___RNAseq.g40991.t1/Montipora_capitata_HIv3___RNAseq.g42092.t1,0.7331438914336292,transcription regulatory region nucleic acid binding,MF
GO:0072359,circulatory system development,7/85,569/8363,0.3573671553880398,1.2321030275863782,7,569,Montipora_capitata_HIv3___RNAseq.g7741.t1/Montipora_capitata_HIv3___RNAseq.g35008.t1/Montipora_capitata_HIv3___RNAseq.g44814.t1/Montipora_capitata_HIv3___RNAseq.g42092.t1/Montipora_capitata_HIv3___RNAseq.g9918.t1/Montipora_capitata_HIv3___TS.g33523.t1/Montipora_capitata_HIv3___TS.g10359.t4b,0.7351337044240227,circulatory system development,BP
GO:0030031,cell projection assembly,5/85,388/8363,0.3597291371388678,1.2883030809289804,5,388,Montipora_capitata_HIv3___RNAseq.g36838.t1/Montipora_capitata_HIv3___RNAseq.g22865.t1/Montipora_capitata_HIv3___TS.g5595.t1/Montipora_capitata_HIv3___RNAseq.g24942.t1/Montipora_capitata_HIv3___TS.g4674.t2b,0.737412314995629,cell projection assembly,BP
GO:0051606,detection of stimulus,3/85,210/8363,0.36024977259917645,1.426380339297133,3,210,Montipora_capitata_HIv3___RNAseq.g7741.t1/Montipora_capitata_HIv3___RNAseq.g20250.t1/Montipora_capitata_HIv3___RNAseq.g8867.t2,0.737412314995629,detection of stimulus,BP
GO:0051338,regulation of transferase activity,7/85,571/8363,0.3607484706453437,1.2274163215072975,7,571,Montipora_capitata_HIv3___TS.g1118.t1/Montipora_capitata_HIv3___RNAseq.g5395.t1/Montipora_capitata_HIv3___RNAseq.g44960.t2/Montipora_capitata_HIv3___RNAseq.21467_t/Montipora_capitata_HIv3___RNAseq.g35008.t1/Montipora_capitata_HIv3___RNAseq.g14965.t1/Montipora_capitata_HIv3___RNAseq.g43161.t1a,0.737412314995629,regulation of transferase activity,BP
GO:1903829,positive regulation of protein localization,3/85,211/8363,0.3630390873753695,1.4193486140835168,3,211,Montipora_capitata_HIv3___TS.g1118.t1/Montipora_capitata_HIv3___RNAseq.g5395.t1/Montipora_capitata_HIv3___RNAseq.g37193.t1,0.7405388511870744,positive regulation of protein localization,BP
GO:0048871,multicellular organismal-level homeostasis,3/85,212/8363,0.36582676828113714,1.4123841922585672,3,212,Montipora_capitata_HIv3___RNAseq.g44960.t2/Montipora_capitata_HIv3___RNAseq.21467_t/Montipora_capitata_HIv3___RNAseq.g44814.t1,0.7435421505954658,multicellular organismal-level homeostasis,BP
GO:0006790,sulfur compound metabolic process,4/85,301/8363,0.3662996799520456,1.3269620598381318,4,301,Montipora_capitata_HIv3___RNAseq.g37193.t1/Montipora_capitata_HIv3___RNAseq.g37645.t1/Montipora_capitata_HIv3___TS.g21293.t1/Montipora_capitata_HIv3___RNAseq.g14960.t1,0.7435421505954658,sulfur compound metabolic process,BP
GO:0032270,GO:0032270,11/85,947/8363,0.36680393862880123,1.1659714152861345,11,947,Montipora_capitata_HIv3___RNAseq.g5395.t1/Montipora_capitata_HIv3___RNAseq.g7741.t1/Montipora_capitata_HIv3___TS.g27540.t1/Montipora_capitata_HIv3___RNAseq.g44960.t2/Montipora_capitata_HIv3___RNAseq.21467_t/Montipora_capitata_HIv3___RNAseq.g36907.t1/Montipora_capitata_HIv3___RNAseq.g35008.t1/Montipora_capitata_HIv3___RNAseq.g24942.t1/Montipora_capitata_HIv3___RNAseq.g30678.t1b/Montipora_capitata_HIv3___RNAseq.g14965.t1/Montipora_capitata_HIv3___TS.g10359.t4b,0.7435421505954658,NA,NA
GO:0045202,synapse,7/85,577/8363,0.3709117673168368,1.2135535195432678,7,577,Montipora_capitata_HIv3___RNAseq.g23734.t3/Montipora_capitata_HIv3___RNAseq.g35804.t1/Montipora_capitata_HIv3___RNAseq.g5395.t1/Montipora_capitata_HIv3___RNAseq.g9026.t1/Montipora_capitata_HIv3___RNAseq.g24942.t1/Montipora_capitata_HIv3___RNAseq.g35720.t1/Montipora_capitata_HIv3___RNAseq.g23366.t1,0.7481759947870987,synapse,CC
GO:0006259,DNA metabolic process,7/85,577/8363,0.3709117673168368,1.2135535195432678,7,577,Montipora_capitata_HIv3___TS.g1118.t1/Montipora_capitata_HIv3___TS.g28995.t1/Montipora_capitata_HIv3___RNAseq.g30678.t1b/Montipora_capitata_HIv3___RNAseq.g15186.t1/Montipora_capitata_HIv3___RNAseq.g14965.t1/Montipora_capitata_HIv3___RNAseq.g43161.t1a/Montipora_capitata_HIv3___RNAseq.g47955.t1,0.7481759947870987,DNA metabolic process,BP
GO:0090287,regulation of cellular response to growth factor stimulus,3/85,214/8363,0.37139671683676123,1.3986534186582351,3,214,Montipora_capitata_HIv3___RNAseq.g24942.t1/Montipora_capitata_HIv3___RNAseq.g44814.t1/Montipora_capitata_HIv3___TS.g33523.t1,0.7481759947870987,regulation of cellular response to growth factor stimulus,BP
GO:0043549,regulation of kinase activity,6/85,487/8363,0.37480467463493866,1.231102682921896,6,487,Montipora_capitata_HIv3___RNAseq.g5395.t1/Montipora_capitata_HIv3___RNAseq.g44960.t2/Montipora_capitata_HIv3___RNAseq.21467_t/Montipora_capitata_HIv3___RNAseq.g35008.t1/Montipora_capitata_HIv3___RNAseq.g14965.t1/Montipora_capitata_HIv3___RNAseq.g43161.t1a,0.7504954505250149,regulation of kinase activity,BP
GO:0040012,regulation of locomotion,8/85,673/8363,0.376198377233538,1.1893876418475615,8,673,Montipora_capitata_HIv3___RNAseq.g23734.t3/Montipora_capitata_HIv3___RNAseq.g35804.t1/Montipora_capitata_HIv3___RNAseq.g5395.t1/Montipora_capitata_HIv3___RNAseq.g35008.t1/Montipora_capitata_HIv3___RNAseq.g44814.t1/Montipora_capitata_HIv3___RNAseq.g35720.t1/Montipora_capitata_HIv3___TS.g10359.t4b/Montipora_capitata_HIv3___RNAseq.g23366.t1,0.7504954505250149,regulation of locomotion,BP
GO:0016462,pyrophosphatase activity,7/85,581/8363,0.3777007838120982,1.2044726441112366,7,581,Montipora_capitata_HIv3___RNAseq.g36838.t1/Montipora_capitata_HIv3___RNAseq.g22865.t1/Montipora_capitata_HIv3___TS.g5595.t1/Montipora_capitata_HIv3___TS.g4674.t2b/Montipora_capitata_HIv3___RNAseq.g43161.t1a/Montipora_capitata_HIv3___RNAseq.g33449.t1/Montipora_capitata_HIv3___RNAseq.g47955.t1,0.7504954505250149,pyrophosphatase activity,MF
GO:0016817,"hydrolase activity, acting on acid anhydrides",7/85,581/8363,0.3777007838120982,1.2044726441112366,7,581,Montipora_capitata_HIv3___RNAseq.g36838.t1/Montipora_capitata_HIv3___RNAseq.g22865.t1/Montipora_capitata_HIv3___TS.g5595.t1/Montipora_capitata_HIv3___TS.g4674.t2b/Montipora_capitata_HIv3___RNAseq.g43161.t1a/Montipora_capitata_HIv3___RNAseq.g33449.t1/Montipora_capitata_HIv3___RNAseq.g47955.t1,0.7504954505250149,"hydrolase activity, acting on acid anhydrides",MF
GO:0016818,"hydrolase activity, acting on acid anhydrides, in phosphorus-containing anhydrides",7/85,581/8363,0.3777007838120982,1.2044726441112366,7,581,Montipora_capitata_HIv3___RNAseq.g36838.t1/Montipora_capitata_HIv3___RNAseq.g22865.t1/Montipora_capitata_HIv3___TS.g5595.t1/Montipora_capitata_HIv3___TS.g4674.t2b/Montipora_capitata_HIv3___RNAseq.g43161.t1a/Montipora_capitata_HIv3___RNAseq.g33449.t1/Montipora_capitata_HIv3___RNAseq.g47955.t1,0.7504954505250149,"hydrolase activity, acting on acid anhydrides, in phosphorus-containing anhydrides",MF
GO:0010038,response to metal ion,4/85,306/8363,0.3779473491852593,1.304178286222843,4,306,Montipora_capitata_HIv3___RNAseq.g36907.t1/Montipora_capitata_HIv3___RNAseq.g46378.t1/Montipora_capitata_HIv3___RNAseq.g44814.t1/Montipora_capitata_HIv3___TS.g4674.t2b,0.7504954505250149,response to metal ion,BP
GO:0033674,positive regulation of kinase activity,4/85,306/8363,0.3779473491852593,1.304178286222843,4,306,Montipora_capitata_HIv3___RNAseq.g44960.t2/Montipora_capitata_HIv3___RNAseq.21467_t/Montipora_capitata_HIv3___RNAseq.g35008.t1/Montipora_capitata_HIv3___RNAseq.g14965.t1,0.7504954505250149,positive regulation of kinase activity,BP
GO:0098590,plasma membrane region,7/85,582/8363,0.3793994230750043,1.2022221643169446,7,582,Montipora_capitata_HIv3___RNAseq.g5395.t1/Montipora_capitata_HIv3___RNAseq.g26580.t1/Montipora_capitata_HIv3___RNAseq.g49895.t2/Montipora_capitata_HIv3___RNAseq.g36907.t1/Montipora_capitata_HIv3___TS.g4674.t2b/Montipora_capitata_HIv3___TS.g33523.t1/Montipora_capitata_HIv3___RNAseq.g23366.t1,0.7518444779062713,plasma membrane region,CC
GO:0044463,GO:0044463,11/85,958/8363,0.38161501703952494,1.1506971184988912,11,958,Montipora_capitata_HIv3___RNAseq.g36838.t1/Montipora_capitata_HIv3___RNAseq.g23734.t3/Montipora_capitata_HIv3___RNAseq.g35804.t1/Montipora_capitata_HIv3___RNAseq.g5395.t1/Montipora_capitata_HIv3___RNAseq.g22865.t1/Montipora_capitata_HIv3___TS.g5595.t1/Montipora_capitata_HIv3___RNAseq.g36907.t1/Montipora_capitata_HIv3___RNAseq.g24942.t1/Montipora_capitata_HIv3___RNAseq.g35720.t1/Montipora_capitata_HIv3___TS.g33523.t1/Montipora_capitata_HIv3___RNAseq.g23366.t1,0.752065829868069,NA,NA
GO:0120038,GO:0120038,11/85,958/8363,0.38161501703952494,1.1506971184988912,11,958,Montipora_capitata_HIv3___RNAseq.g36838.t1/Montipora_capitata_HIv3___RNAseq.g23734.t3/Montipora_capitata_HIv3___RNAseq.g35804.t1/Montipora_capitata_HIv3___RNAseq.g5395.t1/Montipora_capitata_HIv3___RNAseq.g22865.t1/Montipora_capitata_HIv3___TS.g5595.t1/Montipora_capitata_HIv3___RNAseq.g36907.t1/Montipora_capitata_HIv3___RNAseq.g24942.t1/Montipora_capitata_HIv3___RNAseq.g35720.t1/Montipora_capitata_HIv3___TS.g33523.t1/Montipora_capitata_HIv3___RNAseq.g23366.t1,0.752065829868069,NA,NA
GO:0001822,kidney development,3/85,218/8363,0.3825114593014852,1.371958275515919,3,218,Montipora_capitata_HIv3___RNAseq.g22865.t1/Montipora_capitata_HIv3___RNAseq.g7741.t1/Montipora_capitata_HIv3___RNAseq.g42092.t1,0.752065829868069,kidney development,BP
GO:0034248,regulation of amide metabolic process,4/85,308/8363,0.3826028630880721,1.2952746077592405,4,308,Montipora_capitata_HIv3___RNAseq.g7741.t1/Montipora_capitata_HIv3___RNAseq.g24942.t1/Montipora_capitata_HIv3___RNAseq.g47955.t1/Montipora_capitata_HIv3___RNAseq.g41226.t1,0.752065829868069,regulation of amide metabolic process,BP
GO:0005576,extracellular region,10/85,866/8363,0.38469297236782,1.156046739832503,10,866,Montipora_capitata_HIv3___RNAseq.g33991.t1/Montipora_capitata_HIv3___TS.g32048.t1/Montipora_capitata_HIv3___RNAseq.g33992.t1/Montipora_capitata_HIv3___RNAseq.g35008.t1/Montipora_capitata_HIv3___RNAseq.g24942.t1/Montipora_capitata_HIv3___RNAseq.g33449.t1/Montipora_capitata_HIv3___TS.g33523.t1/Montipora_capitata_HIv3___RNAseq.g4457.t1/Montipora_capitata_HIv3___TS.g10359.t4b/Montipora_capitata_HIv3___RNAseq.g44445.t1,0.754288769169971,extracellular region,CC
GO:0035690,GO:0035690,3/85,219/8363,0.3852841914465319,1.3654389672147642,3,219,Montipora_capitata_HIv3___RNAseq.g44814.t1/Montipora_capitata_HIv3___RNAseq.g43161.t1a/Montipora_capitata_HIv3___TS.g33523.t1,0.754288769169971,NA,NA
GO:0098793,presynapse,4/85,310/8363,0.3872554104500622,1.2864873071360656,4,310,Montipora_capitata_HIv3___RNAseq.g5395.t1/Montipora_capitata_HIv3___RNAseq.g9026.t1/Montipora_capitata_HIv3___RNAseq.g24942.t1/Montipora_capitata_HIv3___RNAseq.g23366.t1,0.7566255308592581,presynapse,CC
GO:0065007,biological regulation,59/85,5633/8363,0.39069064330929854,1.1008096012721635,59,5633,Montipora_capitata_HIv3___RNAseq.g7992.t1/Montipora_capitata_HIv3___TS.g1118.t1/Montipora_capitata_HIv3___RNAseq.g23734.t3/Montipora_capitata_HIv3___RNAseq.g35804.t1/Montipora_capitata_HIv3___TS.g10979.t1/Montipora_capitata_HIv3___RNAseq.g5395.t1/Montipora_capitata_HIv3___RNAseq.g22865.t1/Montipora_capitata_HIv3___RNAseq.g23733.t1/Montipora_capitata_HIv3___RNAseq.g11548.t1/Montipora_capitata_HIv3___RNAseq.g7741.t1/Montipora_capitata_HIv3___TS.g29616.t1/Montipora_capitata_HIv3___RNAseq.g33991.t1/Montipora_capitata_HIv3___RNAseq.g26580.t1/Montipora_capitata_HIv3___RNAseq.g2640.t1a/Montipora_capitata_HIv3___TS.g27540.t1/Montipora_capitata_HIv3___RNAseq.g24139.t1/Montipora_capitata_HIv3___RNAseq.g46819.t1/Montipora_capitata_HIv3___RNAseq.g12596.t1/Montipora_capitata_HIv3___RNAseq.g11237.t1/Montipora_capitata_HIv3___RNAseq.g44960.t2/Montipora_capitata_HIv3___TS.g32048.t1/Montipora_capitata_HIv3___RNAseq.g40983.t1/Montipora_capitata_HIv3___RNAseq.21467_t/Montipora_capitata_HIv3___RNAseq.g24836.t1/Montipora_capitata_HIv3___RNAseq.g37193.t1/Montipora_capitata_HIv3___RNAseq.g29879.t1b/Montipora_capitata_HIv3___RNAseq.g35718.t1/Montipora_capitata_HIv3___RNAseq.g33992.t1/Montipora_capitata_HIv3___RNAseq.g38848.t1/Montipora_capitata_HIv3___RNAseq.g39648.t1/Montipora_capitata_HIv3___RNAseq.g36907.t1/Montipora_capitata_HIv3___RNAseq.g45527.t1/Montipora_capitata_HIv3___RNAseq.g35008.t1/Montipora_capitata_HIv3___RNAseq.g46378.t1/Montipora_capitata_HIv3___RNAseq.g24942.t1/Montipora_capitata_HIv3___RNAseq.g44814.t1/Montipora_capitata_HIv3___RNAseq.g20250.t1/Montipora_capitata_HIv3___RNAseq.g35720.t1/Montipora_capitata_HIv3___RNAseq.g30678.t1b/Montipora_capitata_HIv3___RNAseq.g15186.t1/Montipora_capitata_HIv3___RNAseq.g28405.t2/Montipora_capitata_HIv3___RNAseq.g40991.t1/Montipora_capitata_HIv3___RNAseq.g14965.t1/Montipora_capitata_HIv3___RNAseq.g37645.t1/Montipora_capitata_HIv3___RNAseq.g42092.t1/Montipora_capitata_HIv3___RNAseq.g43161.t1a/Montipora_capitata_HIv3___RNAseq.g9918.t1/Montipora_capitata_HIv3___TS.g33523.t1/Montipora_capitata_HIv3___RNAseq.g4241.t1/Montipora_capitata_HIv3___RNAseq.g47955.t1/Montipora_capitata_HIv3___RNAseq.g33997.t1/Montipora_capitata_HIv3___RNAseq.g6934.t1/Montipora_capitata_HIv3___RNAseq.g23464.t1/Montipora_capitata_HIv3___RNAseq.g4457.t1/Montipora_capitata_HIv3___TS.g10359.t4b/Montipora_capitata_HIv3___RNAseq.g41226.t1/Montipora_capitata_HIv3___RNAseq.g8867.t2/Montipora_capitata_HIv3___RNAseq.g44445.t1/Montipora_capitata_HIv3___RNAseq.g23366.t1,0.7611236754387993,biological regulation,BP
GO:0002252,immune effector process,6/85,496/8363,0.39142987319347644,1.2070991317985353,6,496,Montipora_capitata_HIv3___RNAseq.g23734.t3/Montipora_capitata_HIv3___RNAseq.g35804.t1/Montipora_capitata_HIv3___RNAseq.g24942.t1/Montipora_capitata_HIv3___RNAseq.g35720.t1/Montipora_capitata_HIv3___TS.g33523.t1/Montipora_capitata_HIv3___RNAseq.g44445.t1,0.7611236754387993,immune effector process,BP
GO:0007169,transmembrane receptor protein tyrosine kinase signaling pathway,4/85,312/8363,0.3919043796452605,1.2778141178093907,4,312,Montipora_capitata_HIv3___RNAseq.g5395.t1/Montipora_capitata_HIv3___RNAseq.g24942.t1/Montipora_capitata_HIv3___RNAseq.g44814.t1/Montipora_capitata_HIv3___RNAseq.g42092.t1,0.7611236754387993,transmembrane receptor protein tyrosine kinase signaling pathway,BP
GO:1903532,positive regulation of secretion by cell,3/85,222/8363,0.39358620069428885,1.346251155184221,3,222,Montipora_capitata_HIv3___RNAseq.g7741.t1/Montipora_capitata_HIv3___RNAseq.g35008.t1/Montipora_capitata_HIv3___RNAseq.g44814.t1,0.761450288522603,positive regulation of secretion by cell,BP
GO:0009792,embryo development ending in birth or egg hatching,9/85,778/8363,0.3936377133883549,1.1563155939409147,9,778,Montipora_capitata_HIv3___RNAseq.g5395.t1/Montipora_capitata_HIv3___RNAseq.g7741.t1/Montipora_capitata_HIv3___RNAseq.g44960.t2/Montipora_capitata_HIv3___RNAseq.21467_t/Montipora_capitata_HIv3___RNAseq.g35008.t1/Montipora_capitata_HIv3___RNAseq.g44814.t1/Montipora_capitata_HIv3___RNAseq.g33449.t1/Montipora_capitata_HIv3___TS.g33523.t1/Montipora_capitata_HIv3___RNAseq.g47955.t1,0.761450288522603,embryo development ending in birth or egg hatching,BP
GO:0010942,GO:0010942,6/85,503/8363,0.40436617958148624,1.1890306755377171,6,503,Montipora_capitata_HIv3___RNAseq.g5395.t1/Montipora_capitata_HIv3___RNAseq.g7741.t1/Montipora_capitata_HIv3___RNAseq.g44960.t2/Montipora_capitata_HIv3___RNAseq.21467_t/Montipora_capitata_HIv3___RNAseq.g44814.t1/Montipora_capitata_HIv3___RNAseq.g44445.t1,0.7799590965684537,NA,NA
GO:0051050,positive regulation of transport,7/85,597/8363,0.4049196638470207,1.1693803215206664,7,597,Montipora_capitata_HIv3___RNAseq.g5395.t1/Montipora_capitata_HIv3___RNAseq.g7741.t1/Montipora_capitata_HIv3___RNAseq.g24139.t1/Montipora_capitata_HIv3___RNAseq.g37193.t1/Montipora_capitata_HIv3___RNAseq.g35008.t1/Montipora_capitata_HIv3___RNAseq.g24942.t1/Montipora_capitata_HIv3___RNAseq.g44814.t1,0.7799590965684537,positive regulation of transport,BP
GO:0035556,intracellular signal transduction,9/85,786/8363,0.4056107943100078,1.1431861925746825,9,786,Montipora_capitata_HIv3___RNAseq.g5395.t1/Montipora_capitata_HIv3___RNAseq.g22865.t1/Montipora_capitata_HIv3___RNAseq.g7741.t1/Montipora_capitata_HIv3___RNAseq.g11237.t1/Montipora_capitata_HIv3___RNAseq.g44960.t2/Montipora_capitata_HIv3___RNAseq.21467_t/Montipora_capitata_HIv3___RNAseq.g39648.t1/Montipora_capitata_HIv3___RNAseq.g24942.t1/Montipora_capitata_HIv3___RNAseq.g44445.t1,0.7799590965684537,intracellular signal transduction,BP
GO:0006915,apoptotic process,5/85,411/8363,0.4067334729666563,1.2117908366626997,5,411,Montipora_capitata_HIv3___RNAseq.g11548.t1/Montipora_capitata_HIv3___TS.g28995.t1/Montipora_capitata_HIv3___RNAseq.g35008.t1/Montipora_capitata_HIv3___RNAseq.g24942.t1/Montipora_capitata_HIv3___RNAseq.g44445.t1,0.7805752844113542,apoptotic process,BP
GO:0007584,response to nutrient,3/85,228/8363,0.4101071375609123,1.3093809741223865,3,228,Montipora_capitata_HIv3___RNAseq.g46378.t1/Montipora_capitata_HIv3___RNAseq.g33449.t1/Montipora_capitata_HIv3___TS.g33523.t1,0.7855004819818261,response to nutrient,BP
GO:0019725,cellular homeostasis,7/85,601/8363,0.4117298812089877,1.1609025979616299,7,601,Montipora_capitata_HIv3___RNAseq.g7741.t1/Montipora_capitata_HIv3___RNAseq.g33991.t1/Montipora_capitata_HIv3___TS.g27540.t1/Montipora_capitata_HIv3___RNAseq.g33992.t1/Montipora_capitata_HIv3___RNAseq.g38848.t1/Montipora_capitata_HIv3___RNAseq.g36907.t1/Montipora_capitata_HIv3___RNAseq.g44814.t1,0.7861089294677029,cellular homeostasis,BP
GO:0043167,ion binding,16/85,1459/8363,0.4121227461357648,1.098366516198369,16,1459,Montipora_capitata_HIv3___RNAseq.g22865.t1/Montipora_capitata_HIv3___RNAseq.g44960.t2/Montipora_capitata_HIv3___TS.g32048.t1/Montipora_capitata_HIv3___RNAseq.21467_t/Montipora_capitata_HIv3___RNAseq.g46378.t1/Montipora_capitata_HIv3___RNAseq.g44814.t1/Montipora_capitata_HIv3___RNAseq.g9027.t1/Montipora_capitata_HIv3___RNAseq.g30678.t1b/Montipora_capitata_HIv3___RNAseq.g37645.t1/Montipora_capitata_HIv3___RNAseq.g43161.t1a/Montipora_capitata_HIv3___RNAseq.g9918.t1/Montipora_capitata_HIv3___RNAseq.g33449.t1/Montipora_capitata_HIv3___TS.g33523.t1/Montipora_capitata_HIv3___RNAseq.g33997.t1/Montipora_capitata_HIv3___RNAseq.g8867.t2/Montipora_capitata_HIv3___RNAseq.g44445.t1,0.7861089294677029,ion binding,MF
GO:0005667,transcription regulator complex,3/85,229/8363,0.41284857446864975,1.3034262583545446,3,229,Montipora_capitata_HIv3___RNAseq.g7741.t1/Montipora_capitata_HIv3___RNAseq.g45527.t1/Montipora_capitata_HIv3___RNAseq.g44814.t1,0.7861089294677029,transcription regulator complex,CC
GO:0060271,cilium assembly,4/85,322/8363,0.4150747793620043,1.2360844977464318,4,322,Montipora_capitata_HIv3___RNAseq.g36838.t1/Montipora_capitata_HIv3___RNAseq.g22865.t1/Montipora_capitata_HIv3___TS.g5595.t1/Montipora_capitata_HIv3___TS.g4674.t2b,0.788236754407108,cilium assembly,BP
GO:0051090,regulation of DNA-binding transcription factor activity,3/85,230/8363,0.4155862846976839,1.2975240024660224,3,230,Montipora_capitata_HIv3___RNAseq.g11548.t1/Montipora_capitata_HIv3___RNAseq.g44960.t2/Montipora_capitata_HIv3___RNAseq.21467_t,0.788236754407108,regulation of DNA-binding transcription factor activity,BP
GO:0120036,plasma membrane bounded cell projection organization,11/85,984/8363,0.4168757993868777,1.1159657190840846,11,984,Montipora_capitata_HIv3___RNAseq.g36838.t1/Montipora_capitata_HIv3___RNAseq.g23734.t3/Montipora_capitata_HIv3___RNAseq.g35804.t1/Montipora_capitata_HIv3___RNAseq.g22865.t1/Montipora_capitata_HIv3___TS.g5595.t1/Montipora_capitata_HIv3___RNAseq.g35008.t1/Montipora_capitata_HIv3___RNAseq.g24942.t1/Montipora_capitata_HIv3___RNAseq.g35720.t1/Montipora_capitata_HIv3___TS.g4674.t2b/Montipora_capitata_HIv3___TS.g33523.t1/Montipora_capitata_HIv3___RNAseq.g6934.t1,0.7891442661545369,plasma membrane bounded cell projection organization,BP
GO:2000241,regulation of reproductive process,3/85,232/8363,0.42105011414034377,1.2858741221632695,3,232,Montipora_capitata_HIv3___RNAseq.g24942.t1/Montipora_capitata_HIv3___RNAseq.g37645.t1/Montipora_capitata_HIv3___RNAseq.g23464.t1,0.7899120275933791,regulation of reproductive process,BP
GO:0010948,negative regulation of cell cycle process,3/85,232/8363,0.42105011414034377,1.2858741221632695,3,232,Montipora_capitata_HIv3___RNAseq.g7741.t1/Montipora_capitata_HIv3___RNAseq.g14965.t1/Montipora_capitata_HIv3___RNAseq.g43161.t1a,0.7899120275933791,negative regulation of cell cycle process,BP
GO:0090305,nucleic acid phosphodiester bond hydrolysis,3/85,232/8363,0.42105011414034377,1.2858741221632695,3,232,Montipora_capitata_HIv3___TS.g28995.t1/Montipora_capitata_HIv3___RNAseq.g4241.t1/Montipora_capitata_HIv3___RNAseq.g47955.t1,0.7899120275933791,nucleic acid phosphodiester bond hydrolysis,BP
GO:0008406,gonad development,3/85,232/8363,0.42105011414034377,1.2858741221632695,3,232,Montipora_capitata_HIv3___RNAseq.g36907.t1/Montipora_capitata_HIv3___RNAseq.g35008.t1/Montipora_capitata_HIv3___RNAseq.g42092.t1,0.7899120275933791,gonad development,BP
GO:0060249,anatomical structure homeostasis,4/85,325/8363,0.42199470746378476,1.224072569875634,4,325,Montipora_capitata_HIv3___RNAseq.g44960.t2/Montipora_capitata_HIv3___RNAseq.21467_t/Montipora_capitata_HIv3___RNAseq.g44814.t1/Montipora_capitata_HIv3___RNAseq.g43161.t1a,0.7899120275933791,anatomical structure homeostasis,BP
GO:0022008,neurogenesis,15/85,1372/8363,0.42274374416785776,1.0929158671425887,15,1372,Montipora_capitata_HIv3___RNAseq.g23734.t3/Montipora_capitata_HIv3___RNAseq.g35804.t1/Montipora_capitata_HIv3___RNAseq.g5395.t1/Montipora_capitata_HIv3___RNAseq.g22865.t1/Montipora_capitata_HIv3___RNAseq.g7741.t1/Montipora_capitata_HIv3___RNAseq.g26580.t1/Montipora_capitata_HIv3___RNAseq.g35008.t1/Montipora_capitata_HIv3___RNAseq.g24942.t1/Montipora_capitata_HIv3___RNAseq.g44814.t1/Montipora_capitata_HIv3___RNAseq.g35720.t1/Montipora_capitata_HIv3___RNAseq.g33449.t1/Montipora_capitata_HIv3___TS.g33523.t1/Montipora_capitata_HIv3___RNAseq.g6934.t1/Montipora_capitata_HIv3___RNAseq.g4457.t1/Montipora_capitata_HIv3___TS.g10359.t4b,0.7899120275933791,neurogenesis,BP
GO:0030030,cell projection organization,11/85,989/8363,0.4236797773306139,1.1094982235299957,11,989,Montipora_capitata_HIv3___RNAseq.g36838.t1/Montipora_capitata_HIv3___RNAseq.g23734.t3/Montipora_capitata_HIv3___RNAseq.g35804.t1/Montipora_capitata_HIv3___RNAseq.g22865.t1/Montipora_capitata_HIv3___TS.g5595.t1/Montipora_capitata_HIv3___RNAseq.g35008.t1/Montipora_capitata_HIv3___RNAseq.g24942.t1/Montipora_capitata_HIv3___RNAseq.g35720.t1/Montipora_capitata_HIv3___TS.g4674.t2b/Montipora_capitata_HIv3___TS.g33523.t1/Montipora_capitata_HIv3___RNAseq.g6934.t1,0.7899120275933791,cell projection organization,BP
GO:0001666,response to hypoxia,3/85,233/8363,0.42377603124742436,1.280125153499597,3,233,Montipora_capitata_HIv3___RNAseq.g7741.t1/Montipora_capitata_HIv3___RNAseq.g44814.t1/Montipora_capitata_HIv3___TS.g4674.t2b,0.7899120275933791,response to hypoxia,BP
GO:0051962,positive regulation of nervous system development,5/85,420/8363,0.4250648766205857,1.1841596679209125,5,420,Montipora_capitata_HIv3___RNAseq.g5395.t1/Montipora_capitata_HIv3___RNAseq.g35008.t1/Montipora_capitata_HIv3___RNAseq.g24942.t1/Montipora_capitata_HIv3___RNAseq.g44814.t1/Montipora_capitata_HIv3___TS.g10359.t4b,0.790799474095277,positive regulation of nervous system development,BP
GO:0045137,development of primary sexual characteristics,3/85,234/8363,0.42649781745133153,1.2744259556989979,3,234,Montipora_capitata_HIv3___RNAseq.g36907.t1/Montipora_capitata_HIv3___RNAseq.g35008.t1/Montipora_capitata_HIv3___RNAseq.g42092.t1,0.7919510999621099,development of primary sexual characteristics,BP
GO:0034220,monoatomic ion transmembrane transport,6/85,516/8363,0.4283539505198274,1.1567907462705145,6,516,Montipora_capitata_HIv3___RNAseq.g24139.t1/Montipora_capitata_HIv3___RNAseq.g38848.t1/Montipora_capitata_HIv3___RNAseq.g36907.t1/Montipora_capitata_HIv3___RNAseq.g20250.t1/Montipora_capitata_HIv3___TS.g4674.t2b/Montipora_capitata_HIv3___RNAseq.g23366.t1,0.7924602655209746,monoatomic ion transmembrane transport,BP
GO:1903530,regulation of secretion by cell,5/85,422/8363,0.42912741362538587,1.1781813662838647,5,422,Montipora_capitata_HIv3___RNAseq.g7741.t1/Montipora_capitata_HIv3___RNAseq.g44960.t2/Montipora_capitata_HIv3___RNAseq.21467_t/Montipora_capitata_HIv3___RNAseq.g35008.t1/Montipora_capitata_HIv3___RNAseq.g44814.t1,0.7924602655209746,regulation of secretion by cell,BP
GO:1903706,regulation of hemopoiesis,3/85,235/8363,0.42921537505606744,1.2687758853169073,3,235,Montipora_capitata_HIv3___RNAseq.g44960.t2/Montipora_capitata_HIv3___RNAseq.21467_t/Montipora_capitata_HIv3___RNAseq.g44814.t1,0.7924602655209746,regulation of hemopoiesis,BP
GO:0006874,intracellular calcium ion homeostasis,3/85,236/8363,0.43192860769786035,1.263174309938538,3,236,Montipora_capitata_HIv3___RNAseq.g33991.t1/Montipora_capitata_HIv3___TS.g27540.t1/Montipora_capitata_HIv3___RNAseq.g33992.t1,0.7943192045353445,intracellular calcium ion homeostasis,BP
GO:0051047,positive regulation of secretion,3/85,236/8363,0.43192860769786035,1.263174309938538,3,236,Montipora_capitata_HIv3___RNAseq.g7741.t1/Montipora_capitata_HIv3___RNAseq.g35008.t1/Montipora_capitata_HIv3___RNAseq.g44814.t1,0.7943192045353445,positive regulation of secretion,BP
GO:0048878,chemical homeostasis,8/85,709/8363,0.43335968349033505,1.1229674919465549,8,709,Montipora_capitata_HIv3___RNAseq.g7741.t1/Montipora_capitata_HIv3___RNAseq.g33991.t1/Montipora_capitata_HIv3___TS.g27540.t1/Montipora_capitata_HIv3___RNAseq.g33992.t1/Montipora_capitata_HIv3___RNAseq.g38848.t1/Montipora_capitata_HIv3___RNAseq.g36907.t1/Montipora_capitata_HIv3___RNAseq.g46378.t1/Montipora_capitata_HIv3___RNAseq.g44814.t1,0.7943192045353445,chemical homeostasis,BP
GO:1901652,response to peptide,4/85,330/8363,0.43348766455114895,1.2045439385499246,4,330,Montipora_capitata_HIv3___TS.g27540.t1/Montipora_capitata_HIv3___RNAseq.g46378.t1/Montipora_capitata_HIv3___RNAseq.g24942.t1/Montipora_capitata_HIv3___RNAseq.g44814.t1,0.7943192045353445,response to peptide,BP
GO:0009266,response to temperature stimulus,3/85,237/8363,0.4346374203390413,1.2576206079430545,3,237,Montipora_capitata_HIv3___RNAseq.g38848.t1/Montipora_capitata_HIv3___RNAseq.g44814.t1/Montipora_capitata_HIv3___RNAseq.g20250.t1,0.7949289661464045,response to temperature stimulus,BP
GO:0044782,cilium organization,4/85,331/8363,0.43577962252023617,1.2007098713356363,4,331,Montipora_capitata_HIv3___RNAseq.g36838.t1/Montipora_capitata_HIv3___RNAseq.g22865.t1/Montipora_capitata_HIv3___TS.g5595.t1/Montipora_capitata_HIv3___TS.g4674.t2b,0.7955226504919133,cilium organization,BP
GO:0031252,cell leading edge,3/85,239/8363,0.44004141206186875,1.2466543902147271,3,239,Montipora_capitata_HIv3___RNAseq.g36907.t1/Montipora_capitata_HIv3___RNAseq.g24942.t1/Montipora_capitata_HIv3___RNAseq.g23366.t1,0.8017983032513076,cell leading edge,CC
GO:0010035,response to inorganic substance,5/85,430/8363,0.4453249378773194,1.1548307644291091,5,430,Montipora_capitata_HIv3___RNAseq.g36907.t1/Montipora_capitata_HIv3___RNAseq.g46378.t1/Montipora_capitata_HIv3___RNAseq.g44814.t1/Montipora_capitata_HIv3___TS.g4674.t2b/Montipora_capitata_HIv3___RNAseq.g43161.t1a,0.8099087187937043,response to inorganic substance,BP
GO:0008610,lipid biosynthetic process,5/85,431/8363,0.44734293697211247,1.151973597527134,5,431,Montipora_capitata_HIv3___RNAseq.g46378.t1/Montipora_capitata_HIv3___RNAseq.g37645.t1/Montipora_capitata_HIv3___RNAseq.g33449.t1/Montipora_capitata_HIv3___RNAseq.g8867.t2/Montipora_capitata_HIv3___RNAseq.g44445.t1,0.8110778612907955,lipid biosynthetic process,BP
GO:0140110,transcription regulator activity,8/85,718/8363,0.4476349553064308,1.1074084755404605,8,718,Montipora_capitata_HIv3___TS.g10979.t1/Montipora_capitata_HIv3___RNAseq.g7741.t1/Montipora_capitata_HIv3___RNAseq.g45527.t1/Montipora_capitata_HIv3___RNAseq.g44814.t1/Montipora_capitata_HIv3___RNAseq.g28405.t2/Montipora_capitata_HIv3___RNAseq.g40991.t1/Montipora_capitata_HIv3___RNAseq.g47955.t1/Montipora_capitata_HIv3___RNAseq.g44445.t1,0.8110778612907955,transcription regulator activity,MF
GO:1901360,organic cyclic compound metabolic process,27/85,2560/8363,0.44890234730867873,1.0558138977145999,27,2560,Montipora_capitata_HIv3___TS.g1118.t1/Montipora_capitata_HIv3___RNAseq.g40427.t1a/Montipora_capitata_HIv3___RNAseq.g7741.t1/Montipora_capitata_HIv3___RNAseq.g33991.t1/Montipora_capitata_HIv3___RNAseq.g40983.t1/Montipora_capitata_HIv3___RNAseq.g24836.t1/Montipora_capitata_HIv3___TS.g28995.t1/Montipora_capitata_HIv3___RNAseq.g33992.t1/Montipora_capitata_HIv3___RNAseq.g45527.t1/Montipora_capitata_HIv3___RNAseq.g46378.t1/Montipora_capitata_HIv3___RNAseq.g44814.t1/Montipora_capitata_HIv3___RNAseq.g30678.t1b/Montipora_capitata_HIv3___RNAseq.g15186.t1/Montipora_capitata_HIv3___RNAseq.g40991.t1/Montipora_capitata_HIv3___RNAseq.g14965.t1/Montipora_capitata_HIv3___RNAseq.g47379.t1/Montipora_capitata_HIv3___RNAseq.g42092.t1/Montipora_capitata_HIv3___RNAseq.g43161.t1a/Montipora_capitata_HIv3___TS.g33523.t1/Montipora_capitata_HIv3___RNAseq.g4241.t1/Montipora_capitata_HIv3___RNAseq.g47955.t1/Montipora_capitata_HIv3___TS.g21293.t1/Montipora_capitata_HIv3___RNAseq.g33997.t1/Montipora_capitata_HIv3___RNAseq.g9561.t1/Montipora_capitata_HIv3___RNAseq.g8867.t2/Montipora_capitata_HIv3___RNAseq.g44445.t1/Montipora_capitata_HIv3___RNAseq.g14960.t1,0.8111810675055647,organic cyclic compound metabolic process,BP
GO:0010720,positive regulation of cell development,5/85,432/8363,0.44935929638797467,1.1491298115100586,5,432,Montipora_capitata_HIv3___RNAseq.g5395.t1/Montipora_capitata_HIv3___RNAseq.g35008.t1/Montipora_capitata_HIv3___RNAseq.g24942.t1/Montipora_capitata_HIv3___RNAseq.g44814.t1/Montipora_capitata_HIv3___TS.g10359.t4b,0.8111810675055647,positive regulation of cell development,BP
GO:0009605,response to external stimulus,15/85,1396/8363,0.4511850989379871,1.0701929517457258,15,1396,Montipora_capitata_HIv3___RNAseq.g2640.t1a/Montipora_capitata_HIv3___RNAseq.g44960.t2/Montipora_capitata_HIv3___RNAseq.21467_t/Montipora_capitata_HIv3___RNAseq.g49895.t2/Montipora_capitata_HIv3___RNAseq.g35008.t1/Montipora_capitata_HIv3___RNAseq.g46378.t1/Montipora_capitata_HIv3___RNAseq.g24942.t1/Montipora_capitata_HIv3___RNAseq.g44814.t1/Montipora_capitata_HIv3___RNAseq.g20250.t1/Montipora_capitata_HIv3___RNAseq.g33449.t1/Montipora_capitata_HIv3___TS.g33523.t1/Montipora_capitata_HIv3___RNAseq.g47955.t1/Montipora_capitata_HIv3___RNAseq.g8867.t2/Montipora_capitata_HIv3___RNAseq.g44445.t1/Montipora_capitata_HIv3___RNAseq.g23366.t1,0.8116553951520815,response to external stimulus,BP
GO:0048870,cell motility,8/85,721/8363,0.452384946761214,1.1023094123032455,8,721,Montipora_capitata_HIv3___TS.g5595.t1/Montipora_capitata_HIv3___RNAseq.g36907.t1/Montipora_capitata_HIv3___RNAseq.g35008.t1/Montipora_capitata_HIv3___RNAseq.g24942.t1/Montipora_capitata_HIv3___RNAseq.g44814.t1/Montipora_capitata_HIv3___TS.g33523.t1/Montipora_capitata_HIv3___RNAseq.g4457.t1/Montipora_capitata_HIv3___TS.g10359.t4b,0.8116553951520815,cell motility,BP
GO:0042254,ribosome biogenesis,3/85,244/8363,0.4534676411959244,1.2200350958149915,3,244,Montipora_capitata_HIv3___RNAseq.g27546.t1/Montipora_capitata_HIv3___RNAseq.g47379.t1/Montipora_capitata_HIv3___RNAseq.g47955.t1,0.8116553951520815,ribosome biogenesis,BP
GO:0042325,regulation of phosphorylation,9/85,818/8363,0.4535377713711283,1.0932630949540396,9,818,Montipora_capitata_HIv3___RNAseq.g5395.t1/Montipora_capitata_HIv3___TS.g27540.t1/Montipora_capitata_HIv3___RNAseq.g44960.t2/Montipora_capitata_HIv3___RNAseq.21467_t/Montipora_capitata_HIv3___RNAseq.g35008.t1/Montipora_capitata_HIv3___RNAseq.g44814.t1/Montipora_capitata_HIv3___RNAseq.g14965.t1/Montipora_capitata_HIv3___RNAseq.g43161.t1a/Montipora_capitata_HIv3___TS.g10359.t4b,0.8116553951520815,regulation of phosphorylation,BP
GO:0022857,transmembrane transporter activity,6/85,531/8363,0.4558800773080026,1.1215717236525615,6,531,Montipora_capitata_HIv3___RNAseq.g24139.t1/Montipora_capitata_HIv3___RNAseq.g49895.t2/Montipora_capitata_HIv3___RNAseq.g36907.t1/Montipora_capitata_HIv3___RNAseq.g20250.t1/Montipora_capitata_HIv3___TS.g4674.t2b/Montipora_capitata_HIv3___RNAseq.g23366.t1,0.8116553951520815,transmembrane transporter activity,MF
GO:0001701,in utero embryonic development,3/85,245/8363,0.45613782950064985,1.2148432246480954,3,245,Montipora_capitata_HIv3___RNAseq.g5395.t1/Montipora_capitata_HIv3___RNAseq.g35008.t1/Montipora_capitata_HIv3___RNAseq.g44814.t1,0.8116553951520815,in utero embryonic development,BP
GO:0036293,response to decreased oxygen levels,3/85,245/8363,0.45613782950064985,1.2148432246480954,3,245,Montipora_capitata_HIv3___RNAseq.g7741.t1/Montipora_capitata_HIv3___RNAseq.g44814.t1/Montipora_capitata_HIv3___TS.g4674.t2b,0.8116553951520815,response to decreased oxygen levels,BP
GO:0010033,response to organic substance,18/85,1692/8363,0.4568154112919258,1.059862790620508,18,1692,Montipora_capitata_HIv3___RNAseq.g5395.t1/Montipora_capitata_HIv3___RNAseq.g11548.t1/Montipora_capitata_HIv3___RNAseq.g7741.t1/Montipora_capitata_HIv3___RNAseq.g2640.t1a/Montipora_capitata_HIv3___TS.g27540.t1/Montipora_capitata_HIv3___RNAseq.g44960.t2/Montipora_capitata_HIv3___RNAseq.21467_t/Montipora_capitata_HIv3___RNAseq.g35008.t1/Montipora_capitata_HIv3___RNAseq.g46378.t1/Montipora_capitata_HIv3___RNAseq.g24942.t1/Montipora_capitata_HIv3___RNAseq.g44814.t1/Montipora_capitata_HIv3___RNAseq.g42092.t1/Montipora_capitata_HIv3___RNAseq.g43161.t1a/Montipora_capitata_HIv3___RNAseq.g33449.t1/Montipora_capitata_HIv3___TS.g33523.t1/Montipora_capitata_HIv3___RNAseq.g47955.t1/Montipora_capitata_HIv3___RNAseq.g44445.t1/Montipora_capitata_HIv3___RNAseq.g18391.t1,0.8116553951520815,response to organic substance,BP
GO:0051674,localization of cell,8/85,724/8363,0.4571296572901754,1.0972530912834115,8,724,Montipora_capitata_HIv3___TS.g5595.t1/Montipora_capitata_HIv3___RNAseq.g36907.t1/Montipora_capitata_HIv3___RNAseq.g35008.t1/Montipora_capitata_HIv3___RNAseq.g24942.t1/Montipora_capitata_HIv3___RNAseq.g44814.t1/Montipora_capitata_HIv3___TS.g33523.t1/Montipora_capitata_HIv3___RNAseq.g4457.t1/Montipora_capitata_HIv3___TS.g10359.t4b,0.8116553951520815,localization of cell,BP
GO:0002274,myeloid leukocyte activation,4/85,342/8363,0.4608215936799085,1.1600323283062466,4,342,Montipora_capitata_HIv3___RNAseq.g44960.t2/Montipora_capitata_HIv3___RNAseq.21467_t/Montipora_capitata_HIv3___RNAseq.g24942.t1/Montipora_capitata_HIv3___TS.g33523.t1,0.8167202379791456,myeloid leukocyte activation,BP
GO:0016477,cell migration,7/85,632/8363,0.4643017262839516,1.0988561767458884,7,632,Montipora_capitata_HIv3___RNAseq.g36907.t1/Montipora_capitata_HIv3___RNAseq.g35008.t1/Montipora_capitata_HIv3___RNAseq.g24942.t1/Montipora_capitata_HIv3___RNAseq.g44814.t1/Montipora_capitata_HIv3___TS.g33523.t1/Montipora_capitata_HIv3___RNAseq.g4457.t1/Montipora_capitata_HIv3___TS.g10359.t4b,0.8213919630441544,cell migration,BP
GO:0043065,positive regulation of apoptotic process,5/85,440/8363,0.46542581685098194,1.1268501584448676,5,440,Montipora_capitata_HIv3___RNAseq.g7741.t1/Montipora_capitata_HIv3___RNAseq.g44960.t2/Montipora_capitata_HIv3___RNAseq.21467_t/Montipora_capitata_HIv3___RNAseq.g44814.t1/Montipora_capitata_HIv3___RNAseq.g44445.t1,0.8218862428239663,positive regulation of apoptotic process,BP
GO:0062012,regulation of small molecule metabolic process,3/85,249/8363,0.46676560031425496,1.1944978135666668,3,249,Montipora_capitata_HIv3___RNAseq.g46819.t1/Montipora_capitata_HIv3___RNAseq.g46378.t1/Montipora_capitata_HIv3___RNAseq.g44814.t1,0.8227589295394385,regulation of small molecule metabolic process,BP
GO:0015075,monoatomic ion transmembrane transporter activity,5/85,442/8363,0.46942297821327084,1.1214076855106299,5,442,Montipora_capitata_HIv3___RNAseq.g24139.t1/Montipora_capitata_HIv3___RNAseq.g36907.t1/Montipora_capitata_HIv3___RNAseq.g20250.t1/Montipora_capitata_HIv3___TS.g4674.t2b/Montipora_capitata_HIv3___RNAseq.g23366.t1,0.8259467591347424,monoatomic ion transmembrane transporter activity,MF
GO:0048812,neuron projection morphogenesis,6/85,539/8363,0.47045443871961257,1.1035875442697083,6,539,Montipora_capitata_HIv3___RNAseq.g23734.t3/Montipora_capitata_HIv3___RNAseq.g35804.t1/Montipora_capitata_HIv3___RNAseq.g35008.t1/Montipora_capitata_HIv3___RNAseq.g24942.t1/Montipora_capitata_HIv3___RNAseq.g35720.t1/Montipora_capitata_HIv3___RNAseq.g6934.t1,0.8262674528414856,neuron projection morphogenesis,BP
GO:0120039,plasma membrane bounded cell projection morphogenesis,6/85,540/8363,0.4722698082943282,1.1013774007346682,6,540,Montipora_capitata_HIv3___RNAseq.g23734.t3/Montipora_capitata_HIv3___RNAseq.g35804.t1/Montipora_capitata_HIv3___RNAseq.g35008.t1/Montipora_capitata_HIv3___RNAseq.g24942.t1/Montipora_capitata_HIv3___RNAseq.g35720.t1/Montipora_capitata_HIv3___RNAseq.g6934.t1,0.8279613035502367,plasma membrane bounded cell projection morphogenesis,BP
GO:0023052,signaling,22/85,2101/8363,0.47721692024511586,1.0412339629184075,22,2101,Montipora_capitata_HIv3___RNAseq.g5395.t1/Montipora_capitata_HIv3___RNAseq.g22865.t1/Montipora_capitata_HIv3___RNAseq.g11548.t1/Montipora_capitata_HIv3___RNAseq.g7741.t1/Montipora_capitata_HIv3___RNAseq.g2640.t1a/Montipora_capitata_HIv3___TS.g27540.t1/Montipora_capitata_HIv3___RNAseq.g11237.t1/Montipora_capitata_HIv3___RNAseq.g44960.t2/Montipora_capitata_HIv3___RNAseq.21467_t/Montipora_capitata_HIv3___RNAseq.g39648.t1/Montipora_capitata_HIv3___RNAseq.g45527.t1/Montipora_capitata_HIv3___RNAseq.g35008.t1/Montipora_capitata_HIv3___RNAseq.g46378.t1/Montipora_capitata_HIv3___RNAseq.g24942.t1/Montipora_capitata_HIv3___RNAseq.g44814.t1/Montipora_capitata_HIv3___RNAseq.g42092.t1/Montipora_capitata_HIv3___TS.g33523.t1/Montipora_capitata_HIv3___RNAseq.g6934.t1/Montipora_capitata_HIv3___TS.g10359.t4b/Montipora_capitata_HIv3___RNAseq.g8867.t2/Montipora_capitata_HIv3___RNAseq.g44445.t1/Montipora_capitata_HIv3___RNAseq.g23366.t1,0.831795851960462,signaling,BP
GO:0048858,cell projection morphogenesis,6/85,543/8363,0.4777065619181817,1.0947963732798494,6,543,Montipora_capitata_HIv3___RNAseq.g23734.t3/Montipora_capitata_HIv3___RNAseq.g35804.t1/Montipora_capitata_HIv3___RNAseq.g35008.t1/Montipora_capitata_HIv3___RNAseq.g24942.t1/Montipora_capitata_HIv3___RNAseq.g35720.t1/Montipora_capitata_HIv3___RNAseq.g6934.t1,0.831795851960462,cell projection morphogenesis,BP
GO:1902533,positive regulation of intracellular signal transduction,6/85,543/8363,0.4777065619181817,1.0947963732798494,6,543,Montipora_capitata_HIv3___TS.g27540.t1/Montipora_capitata_HIv3___RNAseq.g44960.t2/Montipora_capitata_HIv3___RNAseq.21467_t/Montipora_capitata_HIv3___RNAseq.g35008.t1/Montipora_capitata_HIv3___TS.g10359.t4b/Montipora_capitata_HIv3___RNAseq.g44445.t1,0.831795851960462,positive regulation of intracellular signal transduction,BP
GO:0071417,cellular response to organonitrogen compound,4/85,350/8363,0.478808519461583,1.1320730264409162,4,350,Montipora_capitata_HIv3___RNAseq.g24942.t1/Montipora_capitata_HIv3___RNAseq.g44814.t1/Montipora_capitata_HIv3___RNAseq.g43161.t1a/Montipora_capitata_HIv3___TS.g33523.t1,0.831795851960462,cellular response to organonitrogen compound,BP
GO:0000278,mitotic cell cycle,7/85,641/8363,0.4794194181444059,1.0819746578207727,7,641,Montipora_capitata_HIv3___RNAseq.g5395.t1/Montipora_capitata_HIv3___RNAseq.g22865.t1/Montipora_capitata_HIv3___RNAseq.g7741.t1/Montipora_capitata_HIv3___RNAseq.g26580.t1/Montipora_capitata_HIv3___RNAseq.g14965.t1/Montipora_capitata_HIv3___RNAseq.g43161.t1a/Montipora_capitata_HIv3___TS.g10359.t4b,0.831795851960462,mitotic cell cycle,BP
GO:0045893,positive regulation of DNA-templated transcription,9/85,836/8363,0.48034129155095795,1.0669494160590818,9,836,Montipora_capitata_HIv3___TS.g1118.t1/Montipora_capitata_HIv3___RNAseq.g7741.t1/Montipora_capitata_HIv3___RNAseq.g44960.t2/Montipora_capitata_HIv3___RNAseq.21467_t/Montipora_capitata_HIv3___RNAseq.g45527.t1/Montipora_capitata_HIv3___RNAseq.g35008.t1/Montipora_capitata_HIv3___RNAseq.g44814.t1/Montipora_capitata_HIv3___RNAseq.g43161.t1a/Montipora_capitata_HIv3___RNAseq.g44445.t1,0.831795851960462,positive regulation of DNA-templated transcription,BP
GO:0042493,GO:0042493,8/85,740/8363,0.48231996599462856,1.071056701738594,8,740,Montipora_capitata_HIv3___RNAseq.g5395.t1/Montipora_capitata_HIv3___RNAseq.g24139.t1/Montipora_capitata_HIv3___RNAseq.g46378.t1/Montipora_capitata_HIv3___RNAseq.g44814.t1/Montipora_capitata_HIv3___RNAseq.g43161.t1a/Montipora_capitata_HIv3___TS.g33523.t1/Montipora_capitata_HIv3___RNAseq.g23366.t1/Montipora_capitata_HIv3___RNAseq.g18391.t1,0.831795851960462,NA,NA
GO:0010976,positive regulation of neuron projection development,3/85,255/8363,0.4825396496553208,1.165190637687081,3,255,Montipora_capitata_HIv3___RNAseq.g5395.t1/Montipora_capitata_HIv3___RNAseq.g24942.t1/Montipora_capitata_HIv3___TS.g10359.t4b,0.831795851960462,positive regulation of neuron projection development,BP
GO:0017111,ribonucleoside triphosphate phosphatase activity,6/85,546/8363,0.48312860952847836,1.0882885137581766,6,546,Montipora_capitata_HIv3___RNAseq.g36838.t1/Montipora_capitata_HIv3___RNAseq.g22865.t1/Montipora_capitata_HIv3___TS.g5595.t1/Montipora_capitata_HIv3___TS.g4674.t2b/Montipora_capitata_HIv3___RNAseq.g43161.t1a/Montipora_capitata_HIv3___RNAseq.g47955.t1,0.831795851960462,ribonucleoside triphosphate phosphatase activity,MF
GO:0051046,regulation of secretion,5/85,449/8363,0.4833442228372865,1.1027336954101128,5,449,Montipora_capitata_HIv3___RNAseq.g7741.t1/Montipora_capitata_HIv3___RNAseq.g44960.t2/Montipora_capitata_HIv3___RNAseq.21467_t/Montipora_capitata_HIv3___RNAseq.g35008.t1/Montipora_capitata_HIv3___RNAseq.g44814.t1,0.831795851960462,regulation of secretion,BP
GO:0016740,transferase activity,15/85,1424/8363,0.4843408681398187,1.0446628682915966,15,1424,Montipora_capitata_HIv3___TS.g1118.t1/Montipora_capitata_HIv3___RNAseq.g11548.t1/Montipora_capitata_HIv3___RNAseq.g36836.t1/Montipora_capitata_HIv3___RNAseq.g44960.t2/Montipora_capitata_HIv3___RNAseq.21467_t/Montipora_capitata_HIv3___RNAseq.g37193.t1/Montipora_capitata_HIv3___RNAseq.g30678.t1b/Montipora_capitata_HIv3___RNAseq.g15186.t1/Montipora_capitata_HIv3___RNAseq.g37645.t1/Montipora_capitata_HIv3___RNAseq.g42092.t1/Montipora_capitata_HIv3___RNAseq.g22553.t1c/Montipora_capitata_HIv3___RNAseq.g9918.t1/Montipora_capitata_HIv3___RNAseq.g9060.t1/Montipora_capitata_HIv3___TS.g21293.t1/Montipora_capitata_HIv3___RNAseq.g8867.t2,0.831795851960462,transferase activity,MF
GO:0006979,response to oxidative stress,4/85,353/8363,0.4854978814642289,1.121918709655807,4,353,Montipora_capitata_HIv3___RNAseq.g44814.t1/Montipora_capitata_HIv3___TS.g4674.t2b/Montipora_capitata_HIv3___RNAseq.g37645.t1/Montipora_capitata_HIv3___TS.g10359.t4b,0.831795851960462,response to oxidative stress,BP
GO:0030335,positive regulation of cell migration,3/85,257/8363,0.4877505788882953,1.1557292371672627,3,257,Montipora_capitata_HIv3___RNAseq.g35008.t1/Montipora_capitata_HIv3___RNAseq.g44814.t1/Montipora_capitata_HIv3___TS.g10359.t4b,0.831795851960462,positive regulation of cell migration,BP
GO:0031175,neuron projection development,7/85,646/8363,0.48777553873992896,1.0728720357165795,7,646,Montipora_capitata_HIv3___RNAseq.g23734.t3/Montipora_capitata_HIv3___RNAseq.g35804.t1/Montipora_capitata_HIv3___RNAseq.g35008.t1/Montipora_capitata_HIv3___RNAseq.g24942.t1/Montipora_capitata_HIv3___RNAseq.g35720.t1/Montipora_capitata_HIv3___TS.g33523.t1/Montipora_capitata_HIv3___RNAseq.g6934.t1,0.831795851960462,neuron projection development,BP
GO:0044444,GO:0044444,57/85,5542/8363,0.48909357980740287,1.036596779733938,57,5542,Montipora_capitata_HIv3___RNAseq.g7992.t1/Montipora_capitata_HIv3___TS.g1118.t1/Montipora_capitata_HIv3___RNAseq.g36838.t1/Montipora_capitata_HIv3___RNAseq.g23734.t3/Montipora_capitata_HIv3___RNAseq.g35804.t1/Montipora_capitata_HIv3___RNAseq.g40427.t1a/Montipora_capitata_HIv3___RNAseq.g23762.t1/Montipora_capitata_HIv3___RNAseq.g5395.t1/Montipora_capitata_HIv3___RNAseq.g22865.t1/Montipora_capitata_HIv3___RNAseq.g11548.t1/Montipora_capitata_HIv3___RNAseq.g7741.t1/Montipora_capitata_HIv3___TS.g29616.t1/Montipora_capitata_HIv3___RNAseq.g7739.t1/Montipora_capitata_HIv3___RNAseq.g26580.t1/Montipora_capitata_HIv3___RNAseq.g2640.t1a/Montipora_capitata_HIv3___TS.g5595.t1/Montipora_capitata_HIv3___RNAseq.g36836.t1/Montipora_capitata_HIv3___RNAseq.g27546.t1/Montipora_capitata_HIv3___RNAseq.g24139.t1/Montipora_capitata_HIv3___RNAseq.g46819.t1/Montipora_capitata_HIv3___RNAseq.g12596.t1/Montipora_capitata_HIv3___RNAseq.g44960.t2/Montipora_capitata_HIv3___RNAseq.21467_t/Montipora_capitata_HIv3___RNAseq.g9026.t1/Montipora_capitata_HIv3___RNAseq.g37193.t1/Montipora_capitata_HIv3___RNAseq.g29879.t1b/Montipora_capitata_HIv3___TS.g40937.t3b/Montipora_capitata_HIv3___RNAseq.g38848.t1/Montipora_capitata_HIv3___RNAseq.g36907.t1/Montipora_capitata_HIv3___RNAseq.g35008.t1/Montipora_capitata_HIv3___RNAseq.g40982.t1a/Montipora_capitata_HIv3___RNAseq.g46378.t1/Montipora_capitata_HIv3___RNAseq.g24942.t1/Montipora_capitata_HIv3___RNAseq.g44814.t1/Montipora_capitata_HIv3___RNAseq.g35720.t1/Montipora_capitata_HIv3___RNAseq.g14515.t1/Montipora_capitata_HIv3___RNAseq.g30678.t1b/Montipora_capitata_HIv3___RNAseq.g40991.t1/Montipora_capitata_HIv3___RNAseq.g14965.t1/Montipora_capitata_HIv3___TS.g4674.t2b/Montipora_capitata_HIv3___RNAseq.g43161.t1a/Montipora_capitata_HIv3___RNAseq.g22553.t1c/Montipora_capitata_HIv3___RNAseq.g9918.t1/Montipora_capitata_HIv3___RNAseq.g33449.t1/Montipora_capitata_HIv3___RNAseq.g9060.t1/Montipora_capitata_HIv3___TS.g33523.t1/Montipora_capitata_HIv3___RNAseq.g4241.t1/Montipora_capitata_HIv3___RNAseq.g47955.t1/Montipora_capitata_HIv3___RNAseq.g11214.t1/Montipora_capitata_HIv3___RNAseq.g33997.t1/Montipora_capitata_HIv3___RNAseq.g9561.t1/Montipora_capitata_HIv3___RNAseq.g41226.t1/Montipora_capitata_HIv3___RNAseq.g8867.t2/Montipora_capitata_HIv3___RNAseq.g44445.t1/Montipora_capitata_HIv3___RNAseq.g14960.t1/Montipora_capitata_HIv3___RNAseq.g23366.t1/Montipora_capitata_HIv3___RNAseq.g18391.t1,0.831795851960462,NA,NA
GO:0045944,positive regulation of transcription by RNA polymerase II,7/85,647/8363,0.4894427233527512,1.0710544561712207,7,647,Montipora_capitata_HIv3___RNAseq.g7741.t1/Montipora_capitata_HIv3___RNAseq.g44960.t2/Montipora_capitata_HIv3___RNAseq.21467_t/Montipora_capitata_HIv3___RNAseq.g45527.t1/Montipora_capitata_HIv3___RNAseq.g35008.t1/Montipora_capitata_HIv3___RNAseq.g44814.t1/Montipora_capitata_HIv3___RNAseq.g44445.t1,0.831795851960462,positive regulation of transcription by RNA polymerase II,BP
GO:0120035,regulation of plasma membrane bounded cell projection organization,6/85,550/8363,0.49033366005363743,1.0797231458682022,6,550,Montipora_capitata_HIv3___RNAseq.g23734.t3/Montipora_capitata_HIv3___RNAseq.g35804.t1/Montipora_capitata_HIv3___RNAseq.g5395.t1/Montipora_capitata_HIv3___RNAseq.g24942.t1/Montipora_capitata_HIv3___RNAseq.g35720.t1/Montipora_capitata_HIv3___TS.g10359.t4b,0.831795851960462,regulation of plasma membrane bounded cell projection organization,BP
GO:0009636,response to toxic substance,5/85,453/8363,0.4912473150424296,1.092323271280267,5,453,Montipora_capitata_HIv3___RNAseq.g5395.t1/Montipora_capitata_HIv3___RNAseq.g44814.t1/Montipora_capitata_HIv3___RNAseq.g37645.t1/Montipora_capitata_HIv3___RNAseq.g33997.t1/Montipora_capitata_HIv3___RNAseq.g18391.t1,0.831795851960462,response to toxic substance,BP
GO:0030111,regulation of Wnt signaling pathway,3/85,259/8363,0.4929370238104762,1.1464156549646114,3,259,Montipora_capitata_HIv3___RNAseq.g7741.t1/Montipora_capitata_HIv3___TS.g33523.t1/Montipora_capitata_HIv3___RNAseq.g4457.t1,0.831795851960462,regulation of Wnt signaling pathway,BP
GO:0043010,camera-type eye development,3/85,259/8363,0.4929370238104762,1.1464156549646114,3,259,Montipora_capitata_HIv3___RNAseq.g35008.t1/Montipora_capitata_HIv3___RNAseq.g44814.t1/Montipora_capitata_HIv3___TS.g10359.t4b,0.831795851960462,camera-type eye development,BP
GO:0007568,GO:0007568,5/85,454/8363,0.4932167984619087,1.0897496635626451,5,454,Montipora_capitata_HIv3___RNAseq.g5395.t1/Montipora_capitata_HIv3___RNAseq.g46378.t1/Montipora_capitata_HIv3___RNAseq.g44814.t1/Montipora_capitata_HIv3___TS.g4674.t2b/Montipora_capitata_HIv3___TS.g10359.t4b,0.831795851960462,NA,NA
GO:0001932,regulation of protein phosphorylation,8/85,747/8363,0.4932643438655566,1.0599220124993263,8,747,Montipora_capitata_HIv3___RNAseq.g5395.t1/Montipora_capitata_HIv3___TS.g27540.t1/Montipora_capitata_HIv3___RNAseq.g44960.t2/Montipora_capitata_HIv3___RNAseq.21467_t/Montipora_capitata_HIv3___RNAseq.g35008.t1/Montipora_capitata_HIv3___RNAseq.g14965.t1/Montipora_capitata_HIv3___RNAseq.g43161.t1a/Montipora_capitata_HIv3___TS.g10359.t4b,0.831795851960462,regulation of protein phosphorylation,BP
GO:0055085,transmembrane transport,7/85,651/8363,0.4960971556605047,1.0638407232822513,7,651,Montipora_capitata_HIv3___RNAseq.g24139.t1/Montipora_capitata_HIv3___RNAseq.g38848.t1/Montipora_capitata_HIv3___RNAseq.g49895.t2/Montipora_capitata_HIv3___RNAseq.g36907.t1/Montipora_capitata_HIv3___RNAseq.g20250.t1/Montipora_capitata_HIv3___TS.g4674.t2b/Montipora_capitata_HIv3___RNAseq.g23366.t1,0.8351254886810918,transmembrane transport,BP
GO:0043068,positive regulation of programmed cell death,5/85,459/8363,0.5030245904492969,1.0770518876449515,5,459,Montipora_capitata_HIv3___RNAseq.g7741.t1/Montipora_capitata_HIv3___RNAseq.g44960.t2/Montipora_capitata_HIv3___RNAseq.21467_t/Montipora_capitata_HIv3___RNAseq.g44814.t1/Montipora_capitata_HIv3___RNAseq.g44445.t1,0.8442189779894195,positive regulation of programmed cell death,BP
GO:0008047,enzyme activator activity,3/85,263/8363,0.5032343342588523,1.128218296035347,3,263,Montipora_capitata_HIv3___TS.g1118.t1/Montipora_capitata_HIv3___RNAseq.g37193.t1/Montipora_capitata_HIv3___RNAseq.g41226.t1,0.8442189779894195,enzyme activator activity,MF
GO:0031344,regulation of cell projection organization,6/85,558/8363,0.5046529486892046,1.0630344822108526,6,558,Montipora_capitata_HIv3___RNAseq.g23734.t3/Montipora_capitata_HIv3___RNAseq.g35804.t1/Montipora_capitata_HIv3___RNAseq.g5395.t1/Montipora_capitata_HIv3___RNAseq.g24942.t1/Montipora_capitata_HIv3___RNAseq.g35720.t1/Montipora_capitata_HIv3___TS.g10359.t4b,0.8451416851542102,regulation of cell projection organization,BP
GO:0000139,Golgi membrane,4/85,363/8363,0.5075527464150795,1.0892789978293451,4,363,Montipora_capitata_HIv3___RNAseq.g22865.t1/Montipora_capitata_HIv3___RNAseq.g37193.t1/Montipora_capitata_HIv3___TS.g33523.t1/Montipora_capitata_HIv3___RNAseq.g8867.t2,0.846507969404597,Golgi membrane,CC
GO:0010506,regulation of autophagy,3/85,265/8363,0.5083441824048838,1.1193279550066877,3,265,Montipora_capitata_HIv3___RNAseq.g44960.t2/Montipora_capitata_HIv3___RNAseq.21467_t/Montipora_capitata_HIv3___RNAseq.g44814.t1,0.846507969404597,regulation of autophagy,BP
GO:0009100,glycoprotein metabolic process,3/85,265/8363,0.5083441824048838,1.1193279550066877,3,265,Montipora_capitata_HIv3___RNAseq.g36836.t1/Montipora_capitata_HIv3___RNAseq.g37193.t1/Montipora_capitata_HIv3___RNAseq.g44814.t1,0.846507969404597,glycoprotein metabolic process,BP
GO:0006725,cellular aromatic compound metabolic process,25/85,2427/8363,0.5094410183805218,1.0192876142596035,25,2427,Montipora_capitata_HIv3___TS.g1118.t1/Montipora_capitata_HIv3___RNAseq.g40427.t1a/Montipora_capitata_HIv3___RNAseq.g7741.t1/Montipora_capitata_HIv3___RNAseq.g33991.t1/Montipora_capitata_HIv3___RNAseq.g40983.t1/Montipora_capitata_HIv3___RNAseq.g24836.t1/Montipora_capitata_HIv3___TS.g28995.t1/Montipora_capitata_HIv3___RNAseq.g33992.t1/Montipora_capitata_HIv3___RNAseq.g45527.t1/Montipora_capitata_HIv3___RNAseq.g44814.t1/Montipora_capitata_HIv3___RNAseq.g30678.t1b/Montipora_capitata_HIv3___RNAseq.g15186.t1/Montipora_capitata_HIv3___RNAseq.g40991.t1/Montipora_capitata_HIv3___RNAseq.g14965.t1/Montipora_capitata_HIv3___RNAseq.g47379.t1/Montipora_capitata_HIv3___RNAseq.g43161.t1a/Montipora_capitata_HIv3___TS.g33523.t1/Montipora_capitata_HIv3___RNAseq.g4241.t1/Montipora_capitata_HIv3___RNAseq.g47955.t1/Montipora_capitata_HIv3___TS.g21293.t1/Montipora_capitata_HIv3___RNAseq.g33997.t1/Montipora_capitata_HIv3___RNAseq.g9561.t1/Montipora_capitata_HIv3___RNAseq.g8867.t2/Montipora_capitata_HIv3___RNAseq.g44445.t1/Montipora_capitata_HIv3___RNAseq.g14960.t1,0.846507969404597,cellular aromatic compound metabolic process,BP
GO:0046983,protein dimerization activity,9/85,856/8363,0.5098187770514839,1.0389494707133697,9,856,Montipora_capitata_HIv3___RNAseq.g5395.t1/Montipora_capitata_HIv3___RNAseq.g7741.t1/Montipora_capitata_HIv3___TS.g32048.t1/Montipora_capitata_HIv3___RNAseq.g45527.t1/Montipora_capitata_HIv3___RNAseq.g44814.t1/Montipora_capitata_HIv3___RNAseq.g30678.t1b/Montipora_capitata_HIv3___RNAseq.g37645.t1/Montipora_capitata_HIv3___RNAseq.g43161.t1a/Montipora_capitata_HIv3___RNAseq.g33449.t1,0.846507969404597,protein dimerization activity,MF
GO:2000147,positive regulation of cell motility,3/85,266/8363,0.5108891910441837,1.114933482306015,3,266,Montipora_capitata_HIv3___RNAseq.g35008.t1/Montipora_capitata_HIv3___RNAseq.g44814.t1/Montipora_capitata_HIv3___TS.g10359.t4b,0.8468313185834083,positive regulation of cell motility,BP
GO:0030154,cell differentiation,25/85,2430/8363,0.5123692124835726,1.0174965391011679,25,2430,Montipora_capitata_HIv3___RNAseq.g23734.t3/Montipora_capitata_HIv3___RNAseq.g35804.t1/Montipora_capitata_HIv3___RNAseq.g5395.t1/Montipora_capitata_HIv3___RNAseq.g22865.t1/Montipora_capitata_HIv3___RNAseq.g7741.t1/Montipora_capitata_HIv3___RNAseq.g26580.t1/Montipora_capitata_HIv3___TS.g5595.t1/Montipora_capitata_HIv3___RNAseq.g44960.t2/Montipora_capitata_HIv3___RNAseq.21467_t/Montipora_capitata_HIv3___RNAseq.g35008.t1/Montipora_capitata_HIv3___RNAseq.g46378.t1/Montipora_capitata_HIv3___RNAseq.g24942.t1/Montipora_capitata_HIv3___RNAseq.g44814.t1/Montipora_capitata_HIv3___RNAseq.g35720.t1/Montipora_capitata_HIv3___RNAseq.g40991.t1/Montipora_capitata_HIv3___RNAseq.g42092.t1/Montipora_capitata_HIv3___RNAseq.g43161.t1a/Montipora_capitata_HIv3___RNAseq.g33449.t1/Montipora_capitata_HIv3___RNAseq.g9060.t1/Montipora_capitata_HIv3___TS.g33523.t1/Montipora_capitata_HIv3___RNAseq.g47955.t1/Montipora_capitata_HIv3___RNAseq.g6934.t1/Montipora_capitata_HIv3___RNAseq.g4457.t1/Montipora_capitata_HIv3___TS.g10359.t4b/Montipora_capitata_HIv3___RNAseq.g44445.t1,0.8468313185834083,cell differentiation,BP
GO:0060548,GO:0060548,7/85,661/8363,0.5126245083716624,1.0461936492992598,7,661,Montipora_capitata_HIv3___RNAseq.g7741.t1/Montipora_capitata_HIv3___RNAseq.g44960.t2/Montipora_capitata_HIv3___RNAseq.21467_t/Montipora_capitata_HIv3___RNAseq.g36907.t1/Montipora_capitata_HIv3___RNAseq.g44814.t1/Montipora_capitata_HIv3___RNAseq.g43161.t1a/Montipora_capitata_HIv3___TS.g10359.t4b,0.8468313185834083,NA,NA
GO:0032990,cell part morphogenesis,6/85,564/8363,0.515305522901031,1.0507809105282755,6,564,Montipora_capitata_HIv3___RNAseq.g23734.t3/Montipora_capitata_HIv3___RNAseq.g35804.t1/Montipora_capitata_HIv3___RNAseq.g35008.t1/Montipora_capitata_HIv3___RNAseq.g24942.t1/Montipora_capitata_HIv3___RNAseq.g35720.t1/Montipora_capitata_HIv3___RNAseq.g6934.t1,0.8492416814681176,cell part morphogenesis,BP
GO:0033554,cellular response to stress,13/85,1254/8363,0.515829222762238,1.0238266430773981,13,1254,Montipora_capitata_HIv3___TS.g1118.t1/Montipora_capitata_HIv3___RNAseq.g7741.t1/Montipora_capitata_HIv3___RNAseq.g44960.t2/Montipora_capitata_HIv3___RNAseq.21467_t/Montipora_capitata_HIv3___RNAseq.g38848.t1/Montipora_capitata_HIv3___RNAseq.g44814.t1/Montipora_capitata_HIv3___RNAseq.g30678.t1b/Montipora_capitata_HIv3___RNAseq.g15186.t1/Montipora_capitata_HIv3___RNAseq.g14965.t1/Montipora_capitata_HIv3___RNAseq.g43161.t1a/Montipora_capitata_HIv3___TS.g33523.t1/Montipora_capitata_HIv3___RNAseq.g47955.t1/Montipora_capitata_HIv3___TS.g10359.t4b,0.8492416814681176,cellular response to stress,BP
GO:0044089,positive regulation of cellular component biogenesis,4/85,368/8363,0.5184292240175926,1.073627563508293,4,368,Montipora_capitata_HIv3___RNAseq.g23734.t3/Montipora_capitata_HIv3___RNAseq.g35804.t1/Montipora_capitata_HIv3___RNAseq.g24942.t1/Montipora_capitata_HIv3___RNAseq.g35720.t1,0.8520804644748609,positive regulation of cellular component biogenesis,BP
GO:1901698,response to nitrogen compound,8/85,764/8363,0.5195920843131479,1.0337419521277595,8,764,Montipora_capitata_HIv3___RNAseq.g5395.t1/Montipora_capitata_HIv3___TS.g27540.t1/Montipora_capitata_HIv3___RNAseq.g46378.t1/Montipora_capitata_HIv3___RNAseq.g24942.t1/Montipora_capitata_HIv3___RNAseq.g44814.t1/Montipora_capitata_HIv3___RNAseq.g43161.t1a/Montipora_capitata_HIv3___TS.g33523.t1/Montipora_capitata_HIv3___RNAseq.g47955.t1,0.8525515987128042,response to nitrogen compound,BP
GO:0098791,Golgi apparatus subcompartment,5/85,469/8363,0.5224276058698248,1.0525467613554886,5,469,Montipora_capitata_HIv3___RNAseq.g22865.t1/Montipora_capitata_HIv3___RNAseq.g7739.t1/Montipora_capitata_HIv3___RNAseq.g37193.t1/Montipora_capitata_HIv3___TS.g33523.t1/Montipora_capitata_HIv3___RNAseq.g8867.t2,0.8557610446318847,Golgi apparatus subcompartment,CC
GO:0007399,nervous system development,18/85,1755/8363,0.5258497560521802,1.0116763309790313,18,1755,Montipora_capitata_HIv3___RNAseq.g23734.t3/Montipora_capitata_HIv3___RNAseq.g35804.t1/Montipora_capitata_HIv3___RNAseq.g5395.t1/Montipora_capitata_HIv3___RNAseq.g22865.t1/Montipora_capitata_HIv3___RNAseq.g7741.t1/Montipora_capitata_HIv3___RNAseq.g26580.t1/Montipora_capitata_HIv3___RNAseq.g44960.t2/Montipora_capitata_HIv3___RNAseq.21467_t/Montipora_capitata_HIv3___RNAseq.g36907.t1/Montipora_capitata_HIv3___RNAseq.g35008.t1/Montipora_capitata_HIv3___RNAseq.g24942.t1/Montipora_capitata_HIv3___RNAseq.g44814.t1/Montipora_capitata_HIv3___RNAseq.g35720.t1/Montipora_capitata_HIv3___RNAseq.g33449.t1/Montipora_capitata_HIv3___TS.g33523.t1/Montipora_capitata_HIv3___RNAseq.g6934.t1/Montipora_capitata_HIv3___RNAseq.g4457.t1/Montipora_capitata_HIv3___TS.g10359.t4b,0.8581713815491809,nervous system development,BP
GO:0010608,post-transcriptional regulation of gene expression,4/85,372/8363,0.5270528504597581,1.0614820648823748,4,372,Montipora_capitata_HIv3___RNAseq.g7741.t1/Montipora_capitata_HIv3___RNAseq.g24942.t1/Montipora_capitata_HIv3___RNAseq.g47955.t1/Montipora_capitata_HIv3___RNAseq.g41226.t1,0.8581713815491809,post-transcriptional regulation of gene expression,BP
GO:0031090,organelle membrane,16/85,1560/8363,0.5281831942297169,1.0113379555015962,16,1560,Montipora_capitata_HIv3___RNAseq.g22865.t1/Montipora_capitata_HIv3___RNAseq.g2640.t1a/Montipora_capitata_HIv3___RNAseq.g24139.t1/Montipora_capitata_HIv3___RNAseq.g44960.t2/Montipora_capitata_HIv3___RNAseq.21467_t/Montipora_capitata_HIv3___RNAseq.g37193.t1/Montipora_capitata_HIv3___RNAseq.g38848.t1/Montipora_capitata_HIv3___RNAseq.g35008.t1/Montipora_capitata_HIv3___RNAseq.g40982.t1a/Montipora_capitata_HIv3___RNAseq.g46378.t1/Montipora_capitata_HIv3___TS.g4674.t2b/Montipora_capitata_HIv3___TS.g33523.t1/Montipora_capitata_HIv3___RNAseq.g33997.t1/Montipora_capitata_HIv3___RNAseq.g9561.t1/Montipora_capitata_HIv3___RNAseq.g8867.t2/Montipora_capitata_HIv3___RNAseq.g23366.t1,0.8581713815491809,organelle membrane,CC
GO:0001667,ameboidal-type cell migration,3/85,273/8363,0.5285138258810822,1.0850666454828433,3,273,Montipora_capitata_HIv3___RNAseq.g24942.t1/Montipora_capitata_HIv3___RNAseq.g44814.t1/Montipora_capitata_HIv3___TS.g33523.t1,0.8581713815491809,ameboidal-type cell migration,BP
GO:0072001,renal system development,3/85,273/8363,0.5285138258810822,1.0850666454828433,3,273,Montipora_capitata_HIv3___RNAseq.g22865.t1/Montipora_capitata_HIv3___RNAseq.g7741.t1/Montipora_capitata_HIv3___RNAseq.g42092.t1,0.8581713815491809,renal system development,BP
GO:0032787,monocarboxylic acid metabolic process,4/85,373/8363,0.5291976360086517,1.058469614137008,4,373,Montipora_capitata_HIv3___RNAseq.g46378.t1/Montipora_capitata_HIv3___RNAseq.g44814.t1/Montipora_capitata_HIv3___RNAseq.g37645.t1/Montipora_capitata_HIv3___RNAseq.g14960.t1,0.8581713815491809,monocarboxylic acid metabolic process,BP
GO:1901362,organic cyclic compound biosynthetic process,11/85,1068/8363,0.5302770865710007,1.0155073467083817,11,1068,Montipora_capitata_HIv3___RNAseq.g40427.t1a/Montipora_capitata_HIv3___RNAseq.g7741.t1/Montipora_capitata_HIv3___RNAseq.g45527.t1/Montipora_capitata_HIv3___RNAseq.g46378.t1/Montipora_capitata_HIv3___RNAseq.g44814.t1/Montipora_capitata_HIv3___RNAseq.g30678.t1b/Montipora_capitata_HIv3___RNAseq.g40991.t1/Montipora_capitata_HIv3___RNAseq.g43161.t1a/Montipora_capitata_HIv3___TS.g21293.t1/Montipora_capitata_HIv3___RNAseq.g44445.t1/Montipora_capitata_HIv3___RNAseq.g14960.t1,0.8581713815491809,organic cyclic compound biosynthetic process,BP
GO:0019438,aromatic compound biosynthetic process,10/85,970/8363,0.5315646607891862,1.016388469639127,10,970,Montipora_capitata_HIv3___RNAseq.g40427.t1a/Montipora_capitata_HIv3___RNAseq.g7741.t1/Montipora_capitata_HIv3___RNAseq.g45527.t1/Montipora_capitata_HIv3___RNAseq.g44814.t1/Montipora_capitata_HIv3___RNAseq.g30678.t1b/Montipora_capitata_HIv3___RNAseq.g40991.t1/Montipora_capitata_HIv3___RNAseq.g43161.t1a/Montipora_capitata_HIv3___TS.g21293.t1/Montipora_capitata_HIv3___RNAseq.g44445.t1/Montipora_capitata_HIv3___RNAseq.g14960.t1,0.8581713815491809,aromatic compound biosynthetic process,BP
GO:0003677,DNA binding,8/85,772/8363,0.5318369404667586,1.0218269285954247,8,772,Montipora_capitata_HIv3___RNAseq.g7741.t1/Montipora_capitata_HIv3___RNAseq.g27546.t1/Montipora_capitata_HIv3___RNAseq.g45527.t1/Montipora_capitata_HIv3___RNAseq.g44814.t1/Montipora_capitata_HIv3___RNAseq.g40991.t1/Montipora_capitata_HIv3___RNAseq.g14965.t1/Montipora_capitata_HIv3___RNAseq.g42092.t1/Montipora_capitata_HIv3___RNAseq.g43161.t1a,0.8581713815491809,DNA binding,MF
GO:0006897,endocytosis,4/85,375/8363,0.5334735798072774,1.0524936211696416,4,375,Montipora_capitata_HIv3___RNAseq.g2640.t1a/Montipora_capitata_HIv3___RNAseq.g38848.t1/Montipora_capitata_HIv3___RNAseq.g24942.t1/Montipora_capitata_HIv3___TS.g33523.t1,0.859387074755763,endocytosis,BP
GO:0048568,embryonic organ development,4/85,376/8363,0.5356046596502517,1.0495298252993353,4,376,Montipora_capitata_HIv3___RNAseq.g35008.t1/Montipora_capitata_HIv3___RNAseq.g44814.t1/Montipora_capitata_HIv3___TS.g33523.t1/Montipora_capitata_HIv3___TS.g10359.t4b,0.8613939402309008,embryonic organ development,BP
GO:0044283,small molecule biosynthetic process,5/85,477/8363,0.5377271055474726,1.0336387691446982,5,477,Montipora_capitata_HIv3___RNAseq.g40427.t1a/Montipora_capitata_HIv3___RNAseq.g27709.t1/Montipora_capitata_HIv3___RNAseq.g46378.t1/Montipora_capitata_HIv3___RNAseq.g37645.t1/Montipora_capitata_HIv3___TS.g21293.t1,0.862975470400079,small molecule biosynthetic process,BP
GO:0016787,hydrolase activity,16/85,1569/8363,0.5383618813287235,1.0041336841486201,16,1569,Montipora_capitata_HIv3___RNAseq.g36838.t1/Montipora_capitata_HIv3___RNAseq.g23762.t1/Montipora_capitata_HIv3___RNAseq.g5395.t1/Montipora_capitata_HIv3___RNAseq.g22865.t1/Montipora_capitata_HIv3___RNAseq.g33991.t1/Montipora_capitata_HIv3___TS.g5595.t1/Montipora_capitata_HIv3___RNAseq.g46819.t1/Montipora_capitata_HIv3___RNAseq.g33992.t1/Montipora_capitata_HIv3___RNAseq.g14515.t1/Montipora_capitata_HIv3___RNAseq.g9027.t1/Montipora_capitata_HIv3___TS.g4674.t2b/Montipora_capitata_HIv3___RNAseq.g43161.t1a/Montipora_capitata_HIv3___RNAseq.g33449.t1/Montipora_capitata_HIv3___RNAseq.g4241.t1/Montipora_capitata_HIv3___RNAseq.g47955.t1/Montipora_capitata_HIv3___RNAseq.g6934.t1,0.862975470400079,hydrolase activity,MF
GO:0018130,heterocycle biosynthetic process,10/85,976/8363,0.5398095172278001,1.0092471569241699,10,976,Montipora_capitata_HIv3___RNAseq.g40427.t1a/Montipora_capitata_HIv3___RNAseq.g7741.t1/Montipora_capitata_HIv3___RNAseq.g45527.t1/Montipora_capitata_HIv3___RNAseq.g44814.t1/Montipora_capitata_HIv3___RNAseq.g30678.t1b/Montipora_capitata_HIv3___RNAseq.g40991.t1/Montipora_capitata_HIv3___RNAseq.g43161.t1a/Montipora_capitata_HIv3___TS.g21293.t1/Montipora_capitata_HIv3___RNAseq.g44445.t1/Montipora_capitata_HIv3___RNAseq.g14960.t1,0.8638727964846209,heterocycle biosynthetic process,BP
GO:0048471,perinuclear region of cytoplasm,5/85,479/8363,0.5415188801912956,1.029012056793965,5,479,Montipora_capitata_HIv3___RNAseq.g5395.t1/Montipora_capitata_HIv3___RNAseq.g44960.t2/Montipora_capitata_HIv3___RNAseq.21467_t/Montipora_capitata_HIv3___RNAseq.g35008.t1/Montipora_capitata_HIv3___RNAseq.g24942.t1,0.8651853373171273,perinuclear region of cytoplasm,CC
GO:0071496,cellular response to external stimulus,3/85,279/8363,0.5433457905191124,1.0607344344438214,3,279,Montipora_capitata_HIv3___RNAseq.g46378.t1/Montipora_capitata_HIv3___RNAseq.g44814.t1/Montipora_capitata_HIv3___TS.g33523.t1,0.8666810724181907,cellular response to external stimulus,BP
GO:1903508,GO:1903508,9/85,881/8363,0.5460045981578544,1.0057636530204894,9,881,Montipora_capitata_HIv3___TS.g1118.t1/Montipora_capitata_HIv3___RNAseq.g7741.t1/Montipora_capitata_HIv3___RNAseq.g44960.t2/Montipora_capitata_HIv3___RNAseq.21467_t/Montipora_capitata_HIv3___RNAseq.g45527.t1/Montipora_capitata_HIv3___RNAseq.g35008.t1/Montipora_capitata_HIv3___RNAseq.g44814.t1/Montipora_capitata_HIv3___RNAseq.g43161.t1a/Montipora_capitata_HIv3___RNAseq.g44445.t1,0.8683700961640676,NA,NA
GO:0043086,negative regulation of catalytic activity,4/85,381/8363,0.5461896185533498,1.0349479023248995,4,381,Montipora_capitata_HIv3___TS.g1118.t1/Montipora_capitata_HIv3___RNAseq.g5395.t1/Montipora_capitata_HIv3___TS.g32048.t1/Montipora_capitata_HIv3___RNAseq.g46378.t1,0.8683700961640676,negative regulation of catalytic activity,BP
GO:1902680,positive regulation of RNA biosynthetic process,9/85,882/8363,0.5474334481058178,1.00447599451771,9,882,Montipora_capitata_HIv3___TS.g1118.t1/Montipora_capitata_HIv3___RNAseq.g7741.t1/Montipora_capitata_HIv3___RNAseq.g44960.t2/Montipora_capitata_HIv3___RNAseq.21467_t/Montipora_capitata_HIv3___RNAseq.g45527.t1/Montipora_capitata_HIv3___RNAseq.g35008.t1/Montipora_capitata_HIv3___RNAseq.g44814.t1/Montipora_capitata_HIv3___RNAseq.g43161.t1a/Montipora_capitata_HIv3___RNAseq.g44445.t1,0.8687771939139556,positive regulation of RNA biosynthetic process,BP
GO:0070482,response to oxygen levels,3/85,281/8363,0.548231446108087,1.0528345668056396,3,281,Montipora_capitata_HIv3___RNAseq.g7741.t1/Montipora_capitata_HIv3___RNAseq.g44814.t1/Montipora_capitata_HIv3___TS.g4674.t2b,0.8687771939139556,response to oxygen levels,BP
GO:1901990,regulation of mitotic cell cycle phase transition,3/85,282/8363,0.5506631353645717,1.0489272943437216,3,282,Montipora_capitata_HIv3___RNAseq.g7741.t1/Montipora_capitata_HIv3___RNAseq.g14965.t1/Montipora_capitata_HIv3___RNAseq.g43161.t1a,0.8712117572515906,regulation of mitotic cell cycle phase transition,BP
GO:0010243,response to organonitrogen compound,7/85,690/8363,0.5594895884724431,0.997954215091212,7,690,Montipora_capitata_HIv3___RNAseq.g5395.t1/Montipora_capitata_HIv3___TS.g27540.t1/Montipora_capitata_HIv3___RNAseq.g46378.t1/Montipora_capitata_HIv3___RNAseq.g24942.t1/Montipora_capitata_HIv3___RNAseq.g44814.t1/Montipora_capitata_HIv3___RNAseq.g43161.t1a/Montipora_capitata_HIv3___TS.g33523.t1,0.8820392238564764,response to organonitrogen compound,BP
GO:0009894,regulation of catabolic process,7/85,690/8363,0.5594895884724431,0.997954215091212,7,690,Montipora_capitata_HIv3___TS.g1118.t1/Montipora_capitata_HIv3___RNAseq.g46819.t1/Montipora_capitata_HIv3___RNAseq.g44960.t2/Montipora_capitata_HIv3___RNAseq.21467_t/Montipora_capitata_HIv3___RNAseq.g44814.t1/Montipora_capitata_HIv3___RNAseq.g30678.t1b/Montipora_capitata_HIv3___RNAseq.g42092.t1,0.8820392238564764,regulation of catabolic process,BP
GO:0043434,response to peptide hormone,3/85,286/8363,0.5603146665244588,1.0335758518788398,3,286,Montipora_capitata_HIv3___RNAseq.g46378.t1/Montipora_capitata_HIv3___RNAseq.g24942.t1/Montipora_capitata_HIv3___RNAseq.g44814.t1,0.8820392238564764,response to peptide hormone,BP
GO:0048699,generation of neurons,13/85,1291/8363,0.5611587849613612,0.9889592624070181,13,1291,Montipora_capitata_HIv3___RNAseq.g23734.t3/Montipora_capitata_HIv3___RNAseq.g35804.t1/Montipora_capitata_HIv3___RNAseq.g5395.t1/Montipora_capitata_HIv3___RNAseq.g22865.t1/Montipora_capitata_HIv3___RNAseq.g7741.t1/Montipora_capitata_HIv3___RNAseq.g26580.t1/Montipora_capitata_HIv3___RNAseq.g35008.t1/Montipora_capitata_HIv3___RNAseq.g24942.t1/Montipora_capitata_HIv3___RNAseq.g44814.t1/Montipora_capitata_HIv3___RNAseq.g35720.t1/Montipora_capitata_HIv3___TS.g33523.t1/Montipora_capitata_HIv3___RNAseq.g6934.t1/Montipora_capitata_HIv3___TS.g10359.t4b,0.8820392238564764,generation of neurons,BP
GO:0048869,cellular developmental process,25/85,2482/8363,0.5626622809296997,0.9871426711742726,25,2482,Montipora_capitata_HIv3___RNAseq.g23734.t3/Montipora_capitata_HIv3___RNAseq.g35804.t1/Montipora_capitata_HIv3___RNAseq.g5395.t1/Montipora_capitata_HIv3___RNAseq.g22865.t1/Montipora_capitata_HIv3___RNAseq.g7741.t1/Montipora_capitata_HIv3___RNAseq.g26580.t1/Montipora_capitata_HIv3___TS.g5595.t1/Montipora_capitata_HIv3___RNAseq.g44960.t2/Montipora_capitata_HIv3___RNAseq.21467_t/Montipora_capitata_HIv3___RNAseq.g35008.t1/Montipora_capitata_HIv3___RNAseq.g46378.t1/Montipora_capitata_HIv3___RNAseq.g24942.t1/Montipora_capitata_HIv3___RNAseq.g44814.t1/Montipora_capitata_HIv3___RNAseq.g35720.t1/Montipora_capitata_HIv3___RNAseq.g40991.t1/Montipora_capitata_HIv3___RNAseq.g42092.t1/Montipora_capitata_HIv3___RNAseq.g43161.t1a/Montipora_capitata_HIv3___RNAseq.g33449.t1/Montipora_capitata_HIv3___RNAseq.g9060.t1/Montipora_capitata_HIv3___TS.g33523.t1/Montipora_capitata_HIv3___RNAseq.g47955.t1/Montipora_capitata_HIv3___RNAseq.g6934.t1/Montipora_capitata_HIv3___RNAseq.g4457.t1/Montipora_capitata_HIv3___TS.g10359.t4b/Montipora_capitata_HIv3___RNAseq.g44445.t1,0.8820392238564764,cellular developmental process,BP
GO:0034654,nucleobase-containing compound biosynthetic process,9/85,893/8363,0.563043922684898,0.9905046906542229,9,893,Montipora_capitata_HIv3___RNAseq.g7741.t1/Montipora_capitata_HIv3___RNAseq.g45527.t1/Montipora_capitata_HIv3___RNAseq.g44814.t1/Montipora_capitata_HIv3___RNAseq.g30678.t1b/Montipora_capitata_HIv3___RNAseq.g40991.t1/Montipora_capitata_HIv3___RNAseq.g43161.t1a/Montipora_capitata_HIv3___TS.g21293.t1/Montipora_capitata_HIv3___RNAseq.g44445.t1/Montipora_capitata_HIv3___RNAseq.g14960.t1,0.8820392238564764,nucleobase-containing compound biosynthetic process,BP
GO:0099503,secretory vesicle,6/85,592/8363,0.5638524123727937,0.9969330093198627,6,592,Montipora_capitata_HIv3___RNAseq.g5395.t1/Montipora_capitata_HIv3___RNAseq.g9026.t1/Montipora_capitata_HIv3___RNAseq.g24942.t1/Montipora_capitata_HIv3___TS.g4674.t2b/Montipora_capitata_HIv3___TS.g33523.t1/Montipora_capitata_HIv3___RNAseq.g23366.t1,0.8820392238564764,secretory vesicle,CC
GO:0042802,identical protein binding,12/85,1197/8363,0.5681846182211123,0.983944194663666,12,1197,Montipora_capitata_HIv3___RNAseq.g5395.t1/Montipora_capitata_HIv3___RNAseq.g44960.t2/Montipora_capitata_HIv3___TS.g32048.t1/Montipora_capitata_HIv3___RNAseq.21467_t/Montipora_capitata_HIv3___RNAseq.g45527.t1/Montipora_capitata_HIv3___RNAseq.g30678.t1b/Montipora_capitata_HIv3___RNAseq.g37645.t1/Montipora_capitata_HIv3___RNAseq.g43161.t1a/Montipora_capitata_HIv3___RNAseq.g9918.t1/Montipora_capitata_HIv3___RNAseq.g33449.t1/Montipora_capitata_HIv3___RNAseq.g11214.t1/Montipora_capitata_HIv3___RNAseq.g4457.t1,0.8873894599183665,identical protein binding,MF
GO:0005488,binding,53/85,5238/8363,0.5695572890487457,0.9879982906021455,53,5238,Montipora_capitata_HIv3___RNAseq.g7992.t1/Montipora_capitata_HIv3___TS.g1118.t1/Montipora_capitata_HIv3___RNAseq.g36838.t1/Montipora_capitata_HIv3___RNAseq.g23734.t3/Montipora_capitata_HIv3___RNAseq.g35804.t1/Montipora_capitata_HIv3___RNAseq.g5395.t1/Montipora_capitata_HIv3___RNAseq.g22865.t1/Montipora_capitata_HIv3___RNAseq.g46820.t1/Montipora_capitata_HIv3___RNAseq.g23733.t1/Montipora_capitata_HIv3___RNAseq.g11548.t1/Montipora_capitata_HIv3___RNAseq.g7741.t1/Montipora_capitata_HIv3___TS.g29616.t1/Montipora_capitata_HIv3___RNAseq.g26580.t1/Montipora_capitata_HIv3___RNAseq.g2640.t1a/Montipora_capitata_HIv3___TS.g5595.t1/Montipora_capitata_HIv3___RNAseq.g27546.t1/Montipora_capitata_HIv3___TS.g27540.t1/Montipora_capitata_HIv3___RNAseq.g12596.t1/Montipora_capitata_HIv3___RNAseq.g44960.t2/Montipora_capitata_HIv3___TS.g32048.t1/Montipora_capitata_HIv3___RNAseq.g40983.t1/Montipora_capitata_HIv3___RNAseq.21467_t/Montipora_capitata_HIv3___RNAseq.g24836.t1/Montipora_capitata_HIv3___RNAseq.g29879.t1b/Montipora_capitata_HIv3___RNAseq.g35718.t1/Montipora_capitata_HIv3___RNAseq.g27709.t1/Montipora_capitata_HIv3___RNAseq.g45527.t1/Montipora_capitata_HIv3___RNAseq.g35008.t1/Montipora_capitata_HIv3___RNAseq.g46378.t1/Montipora_capitata_HIv3___RNAseq.g24942.t1/Montipora_capitata_HIv3___RNAseq.g44814.t1/Montipora_capitata_HIv3___RNAseq.g35720.t1/Montipora_capitata_HIv3___RNAseq.g9027.t1/Montipora_capitata_HIv3___RNAseq.g30678.t1b/Montipora_capitata_HIv3___RNAseq.g15186.t1/Montipora_capitata_HIv3___RNAseq.g40991.t1/Montipora_capitata_HIv3___RNAseq.g14965.t1/Montipora_capitata_HIv3___RNAseq.g37645.t1/Montipora_capitata_HIv3___RNAseq.g42092.t1/Montipora_capitata_HIv3___RNAseq.g43161.t1a/Montipora_capitata_HIv3___RNAseq.g9918.t1/Montipora_capitata_HIv3___RNAseq.g33449.t1/Montipora_capitata_HIv3___TS.g33523.t1/Montipora_capitata_HIv3___RNAseq.g4241.t1/Montipora_capitata_HIv3___RNAseq.g47955.t1/Montipora_capitata_HIv3___RNAseq.g11214.t1/Montipora_capitata_HIv3___RNAseq.g33997.t1/Montipora_capitata_HIv3___RNAseq.g4457.t1/Montipora_capitata_HIv3___TS.g10359.t4b/Montipora_capitata_HIv3___RNAseq.g41226.t1/Montipora_capitata_HIv3___RNAseq.g8867.t2/Montipora_capitata_HIv3___RNAseq.g44445.t1/Montipora_capitata_HIv3___RNAseq.g23366.t1,0.8881077600070987,binding,MF
GO:0012501,programmed cell death,5/85,496/8363,0.573172079174739,0.9912179243322772,5,496,Montipora_capitata_HIv3___RNAseq.g11548.t1/Montipora_capitata_HIv3___TS.g28995.t1/Montipora_capitata_HIv3___RNAseq.g35008.t1/Montipora_capitata_HIv3___RNAseq.g24942.t1/Montipora_capitata_HIv3___RNAseq.g44445.t1,0.8923142928592337,programmed cell death,BP
GO:0051272,GO:0051272,3/85,292/8363,0.5745620560424214,1.011351210657504,3,292,Montipora_capitata_HIv3___RNAseq.g35008.t1/Montipora_capitata_HIv3___RNAseq.g44814.t1/Montipora_capitata_HIv3___TS.g10359.t4b,0.8930493299189712,NA,NA
GO:0045165,cell fate commitment,4/85,396/8363,0.5772033809854058,0.9934500033315791,4,396,Montipora_capitata_HIv3___RNAseq.g5395.t1/Montipora_capitata_HIv3___RNAseq.g26580.t1/Montipora_capitata_HIv3___RNAseq.g44814.t1/Montipora_capitata_HIv3___TS.g10359.t4b,0.8957239070156297,cell fate commitment,BP
GO:0010604,positive regulation of macromolecule metabolic process,18/85,1804/8363,0.578289938455123,0.9765476720617547,18,1804,Montipora_capitata_HIv3___TS.g1118.t1/Montipora_capitata_HIv3___RNAseq.g5395.t1/Montipora_capitata_HIv3___RNAseq.g7741.t1/Montipora_capitata_HIv3___TS.g27540.t1/Montipora_capitata_HIv3___RNAseq.g46819.t1/Montipora_capitata_HIv3___RNAseq.g44960.t2/Montipora_capitata_HIv3___RNAseq.21467_t/Montipora_capitata_HIv3___RNAseq.g36907.t1/Montipora_capitata_HIv3___RNAseq.g45527.t1/Montipora_capitata_HIv3___RNAseq.g35008.t1/Montipora_capitata_HIv3___RNAseq.g24942.t1/Montipora_capitata_HIv3___RNAseq.g44814.t1/Montipora_capitata_HIv3___RNAseq.g30678.t1b/Montipora_capitata_HIv3___RNAseq.g14965.t1/Montipora_capitata_HIv3___RNAseq.g42092.t1/Montipora_capitata_HIv3___RNAseq.g43161.t1a/Montipora_capitata_HIv3___TS.g10359.t4b/Montipora_capitata_HIv3___RNAseq.g44445.t1,0.8959810670650233,positive regulation of macromolecule metabolic process,BP
GO:0009790,embryo development,12/85,1206/8363,0.5793015127071346,0.9752883218185725,12,1206,Montipora_capitata_HIv3___RNAseq.g5395.t1/Montipora_capitata_HIv3___RNAseq.g7741.t1/Montipora_capitata_HIv3___RNAseq.g44960.t2/Montipora_capitata_HIv3___RNAseq.21467_t/Montipora_capitata_HIv3___RNAseq.g36907.t1/Montipora_capitata_HIv3___RNAseq.g35008.t1/Montipora_capitata_HIv3___RNAseq.g24942.t1/Montipora_capitata_HIv3___RNAseq.g44814.t1/Montipora_capitata_HIv3___RNAseq.g33449.t1/Montipora_capitata_HIv3___TS.g33523.t1/Montipora_capitata_HIv3___RNAseq.g47955.t1/Montipora_capitata_HIv3___TS.g10359.t4b,0.8961214179078568,embryo development,BP
GO:0030155,regulation of cell adhesion,3/85,295/8363,0.581580231427364,1.0005860320960684,3,295,Montipora_capitata_HIv3___RNAseq.g44960.t2/Montipora_capitata_HIv3___RNAseq.21467_t/Montipora_capitata_HIv3___RNAseq.g43161.t1a,0.8969562812071751,regulation of cell adhesion,BP
GO:0051173,positive regulation of nitrogen compound metabolic process,17/85,1708/8363,0.5820789870796763,0.9738290897136401,17,1708,Montipora_capitata_HIv3___TS.g1118.t1/Montipora_capitata_HIv3___RNAseq.g5395.t1/Montipora_capitata_HIv3___RNAseq.g7741.t1/Montipora_capitata_HIv3___TS.g27540.t1/Montipora_capitata_HIv3___RNAseq.g44960.t2/Montipora_capitata_HIv3___RNAseq.21467_t/Montipora_capitata_HIv3___RNAseq.g36907.t1/Montipora_capitata_HIv3___RNAseq.g45527.t1/Montipora_capitata_HIv3___RNAseq.g35008.t1/Montipora_capitata_HIv3___RNAseq.g24942.t1/Montipora_capitata_HIv3___RNAseq.g44814.t1/Montipora_capitata_HIv3___RNAseq.g30678.t1b/Montipora_capitata_HIv3___RNAseq.g14965.t1/Montipora_capitata_HIv3___RNAseq.g42092.t1/Montipora_capitata_HIv3___RNAseq.g43161.t1a/Montipora_capitata_HIv3___TS.g10359.t4b/Montipora_capitata_HIv3___RNAseq.g44445.t1,0.8969562812071751,positive regulation of nitrogen compound metabolic process,BP
GO:0005794,Golgi apparatus,9/85,907/8363,0.5826067520276821,0.9732174360703797,9,907,Montipora_capitata_HIv3___RNAseq.g22865.t1/Montipora_capitata_HIv3___RNAseq.g7739.t1/Montipora_capitata_HIv3___RNAseq.g37193.t1/Montipora_capitata_HIv3___RNAseq.g35008.t1/Montipora_capitata_HIv3___RNAseq.g14965.t1/Montipora_capitata_HIv3___RNAseq.g22553.t1c/Montipora_capitata_HIv3___TS.g33523.t1/Montipora_capitata_HIv3___RNAseq.g8867.t2/Montipora_capitata_HIv3___RNAseq.g44445.t1,0.8969562812071751,Golgi apparatus,CC
GO:0001655,urogenital system development,3/85,297/8363,0.5862193492174419,0.9935298847772097,3,297,Montipora_capitata_HIv3___RNAseq.g22865.t1/Montipora_capitata_HIv3___RNAseq.g7741.t1/Montipora_capitata_HIv3___RNAseq.g42092.t1,0.8989231141184881,urogenital system development,BP
GO:0005789,endoplasmic reticulum membrane,6/85,606/8363,0.587292933878096,0.9719016410865527,6,606,Montipora_capitata_HIv3___RNAseq.g5395.t1/Montipora_capitata_HIv3___RNAseq.g36836.t1/Montipora_capitata_HIv3___RNAseq.g37193.t1/Montipora_capitata_HIv3___TS.g33523.t1/Montipora_capitata_HIv3___RNAseq.g9561.t1/Montipora_capitata_HIv3___RNAseq.g8867.t2,0.8989231141184881,endoplasmic reticulum membrane,CC
GO:0006351,DNA-templated transcription,5/85,504/8363,0.5876867999622406,0.974326457337399,5,504,Montipora_capitata_HIv3___RNAseq.g7741.t1/Montipora_capitata_HIv3___RNAseq.g45527.t1/Montipora_capitata_HIv3___RNAseq.g44814.t1/Montipora_capitata_HIv3___RNAseq.g40991.t1/Montipora_capitata_HIv3___RNAseq.g44445.t1,0.8989231141184881,DNA-templated transcription,BP
GO:0097659,GO:0097659,5/85,504/8363,0.5876867999622406,0.974326457337399,5,504,Montipora_capitata_HIv3___RNAseq.g7741.t1/Montipora_capitata_HIv3___RNAseq.g45527.t1/Montipora_capitata_HIv3___RNAseq.g44814.t1/Montipora_capitata_HIv3___RNAseq.g40991.t1/Montipora_capitata_HIv3___RNAseq.g44445.t1,0.8989231141184881,NA,NA
GO:0007154,cell communication,22/85,2212/8363,0.5888104181158751,0.9707491880138837,22,2212,Montipora_capitata_HIv3___RNAseq.g5395.t1/Montipora_capitata_HIv3___RNAseq.g22865.t1/Montipora_capitata_HIv3___RNAseq.g11548.t1/Montipora_capitata_HIv3___RNAseq.g7741.t1/Montipora_capitata_HIv3___RNAseq.g2640.t1a/Montipora_capitata_HIv3___TS.g27540.t1/Montipora_capitata_HIv3___RNAseq.g11237.t1/Montipora_capitata_HIv3___RNAseq.g44960.t2/Montipora_capitata_HIv3___RNAseq.21467_t/Montipora_capitata_HIv3___RNAseq.g39648.t1/Montipora_capitata_HIv3___RNAseq.g45527.t1/Montipora_capitata_HIv3___RNAseq.g35008.t1/Montipora_capitata_HIv3___RNAseq.g46378.t1/Montipora_capitata_HIv3___RNAseq.g24942.t1/Montipora_capitata_HIv3___RNAseq.g44814.t1/Montipora_capitata_HIv3___RNAseq.g42092.t1/Montipora_capitata_HIv3___TS.g33523.t1/Montipora_capitata_HIv3___RNAseq.g6934.t1/Montipora_capitata_HIv3___TS.g10359.t4b/Montipora_capitata_HIv3___RNAseq.g8867.t2/Montipora_capitata_HIv3___RNAseq.g44445.t1/Montipora_capitata_HIv3___RNAseq.g23366.t1,0.8989231141184881,cell communication,BP
GO:0048666,neuron development,8/85,811/8363,0.5898499662712444,0.9671550995193237,8,811,Montipora_capitata_HIv3___RNAseq.g23734.t3/Montipora_capitata_HIv3___RNAseq.g35804.t1/Montipora_capitata_HIv3___RNAseq.g22865.t1/Montipora_capitata_HIv3___RNAseq.g35008.t1/Montipora_capitata_HIv3___RNAseq.g24942.t1/Montipora_capitata_HIv3___RNAseq.g35720.t1/Montipora_capitata_HIv3___TS.g33523.t1/Montipora_capitata_HIv3___RNAseq.g6934.t1,0.8989231141184881,neuron development,BP
GO:0007017,microtubule-based process,6/85,608/8363,0.5905912225962529,0.9684207138763589,6,608,Montipora_capitata_HIv3___RNAseq.g36838.t1/Montipora_capitata_HIv3___RNAseq.g22865.t1/Montipora_capitata_HIv3___RNAseq.g26580.t1/Montipora_capitata_HIv3___TS.g5595.t1/Montipora_capitata_HIv3___RNAseq.g44814.t1/Montipora_capitata_HIv3___TS.g10359.t4b,0.8989231141184881,microtubule-based process,BP
GO:0001654,eye development,5/85,506/8363,0.5912752240861587,0.9701878442822137,5,506,Montipora_capitata_HIv3___RNAseq.g5395.t1/Montipora_capitata_HIv3___RNAseq.g35008.t1/Montipora_capitata_HIv3___RNAseq.g24942.t1/Montipora_capitata_HIv3___RNAseq.g44814.t1/Montipora_capitata_HIv3___TS.g10359.t4b,0.8989231141184881,eye development,BP
GO:0098827,endoplasmic reticulum subcompartment,6/85,612/8363,0.5971485202955704,0.9615277457597714,6,612,Montipora_capitata_HIv3___RNAseq.g5395.t1/Montipora_capitata_HIv3___RNAseq.g36836.t1/Montipora_capitata_HIv3___RNAseq.g37193.t1/Montipora_capitata_HIv3___TS.g33523.t1/Montipora_capitata_HIv3___RNAseq.g9561.t1/Montipora_capitata_HIv3___RNAseq.g8867.t2,0.9058245863328861,endoplasmic reticulum subcompartment,CC
GO:0003712,transcription coregulator activity,3/85,302/8363,0.5976766540860359,0.9763058509246964,3,302,Montipora_capitata_HIv3___RNAseq.g7741.t1/Montipora_capitata_HIv3___RNAseq.g44814.t1/Montipora_capitata_HIv3___RNAseq.g47955.t1,0.9058245863328861,transcription coregulator activity,MF
GO:0002065,columnar/cuboidal epithelial cell differentiation,3/85,303/8363,0.5999438218674054,0.9729299269587929,3,303,Montipora_capitata_HIv3___RNAseq.g7741.t1/Montipora_capitata_HIv3___RNAseq.g24942.t1/Montipora_capitata_HIv3___RNAseq.g44814.t1,0.9067845476303169,columnar/cuboidal epithelial cell differentiation,BP
GO:0032774,RNA biosynthetic process,5/85,511/8363,0.6001739451941666,0.9599843855285856,5,511,Montipora_capitata_HIv3___RNAseq.g7741.t1/Montipora_capitata_HIv3___RNAseq.g45527.t1/Montipora_capitata_HIv3___RNAseq.g44814.t1/Montipora_capitata_HIv3___RNAseq.g40991.t1/Montipora_capitata_HIv3___RNAseq.g44445.t1,0.9067845476303169,RNA biosynthetic process,BP
GO:0044451,GO:0044451,7/85,718/8363,0.6028753221103457,0.9551228902356012,7,718,Montipora_capitata_HIv3___RNAseq.g45527.t1/Montipora_capitata_HIv3___RNAseq.g44814.t1/Montipora_capitata_HIv3___RNAseq.g9027.t1/Montipora_capitata_HIv3___RNAseq.g30678.t1b/Montipora_capitata_HIv3___RNAseq.g15186.t1/Montipora_capitata_HIv3___RNAseq.g43161.t1a/Montipora_capitata_HIv3___RNAseq.g47955.t1,0.9094537804858394,NA,NA
GO:0008233,peptidase activity,3/85,306/8363,0.6066963080447128,0.9629358292309709,3,306,Montipora_capitata_HIv3___RNAseq.g23762.t1/Montipora_capitata_HIv3___RNAseq.g33991.t1/Montipora_capitata_HIv3___RNAseq.g33992.t1,0.9104526778355646,peptidase activity,MF
GO:0006796,phosphate-containing compound metabolic process,13/85,1331/8363,0.6084933491811821,0.9534612365845047,13,1331,Montipora_capitata_HIv3___RNAseq.g5395.t1/Montipora_capitata_HIv3___RNAseq.g46819.t1/Montipora_capitata_HIv3___RNAseq.g44960.t2/Montipora_capitata_HIv3___RNAseq.21467_t/Montipora_capitata_HIv3___RNAseq.g14965.t1/Montipora_capitata_HIv3___RNAseq.g33449.t1/Montipora_capitata_HIv3___RNAseq.g9060.t1/Montipora_capitata_HIv3___TS.g21293.t1/Montipora_capitata_HIv3___RNAseq.g6934.t1/Montipora_capitata_HIv3___RNAseq.g9561.t1/Montipora_capitata_HIv3___RNAseq.g8867.t2/Montipora_capitata_HIv3___RNAseq.g44445.t1/Montipora_capitata_HIv3___RNAseq.g14960.t1,0.9104526778355646,phosphate-containing compound metabolic process,BP
GO:0042175,nuclear outer membrane-endoplasmic reticulum membrane network,6/85,619/8363,0.6084948494966822,0.9496813756617933,6,619,Montipora_capitata_HIv3___RNAseq.g5395.t1/Montipora_capitata_HIv3___RNAseq.g36836.t1/Montipora_capitata_HIv3___RNAseq.g37193.t1/Montipora_capitata_HIv3___TS.g33523.t1/Montipora_capitata_HIv3___RNAseq.g9561.t1/Montipora_capitata_HIv3___RNAseq.g8867.t2,0.9104526778355646,nuclear outer membrane-endoplasmic reticulum membrane network,CC
GO:1901987,regulation of cell cycle phase transition,3/85,307/8363,0.6089307245216865,0.9596482886239505,3,307,Montipora_capitata_HIv3___RNAseq.g7741.t1/Montipora_capitata_HIv3___RNAseq.g14965.t1/Montipora_capitata_HIv3___RNAseq.g43161.t1a,0.9104526778355646,regulation of cell cycle phase transition,BP
GO:0009653,anatomical structure morphogenesis,19/85,1934/8363,0.6094445817241292,0.9565209434423831,19,1934,Montipora_capitata_HIv3___RNAseq.g23734.t3/Montipora_capitata_HIv3___RNAseq.g35804.t1/Montipora_capitata_HIv3___RNAseq.g5395.t1/Montipora_capitata_HIv3___RNAseq.g22865.t1/Montipora_capitata_HIv3___RNAseq.g7741.t1/Montipora_capitata_HIv3___RNAseq.g44960.t2/Montipora_capitata_HIv3___RNAseq.21467_t/Montipora_capitata_HIv3___RNAseq.g36907.t1/Montipora_capitata_HIv3___RNAseq.g35008.t1/Montipora_capitata_HIv3___RNAseq.g24942.t1/Montipora_capitata_HIv3___RNAseq.g44814.t1/Montipora_capitata_HIv3___RNAseq.g35720.t1/Montipora_capitata_HIv3___RNAseq.g42092.t1/Montipora_capitata_HIv3___RNAseq.g9918.t1/Montipora_capitata_HIv3___RNAseq.g33449.t1/Montipora_capitata_HIv3___TS.g33523.t1/Montipora_capitata_HIv3___RNAseq.g6934.t1/Montipora_capitata_HIv3___TS.g10359.t4b/Montipora_capitata_HIv3___RNAseq.g18391.t1,0.9104526778355646,anatomical structure morphogenesis,BP
GO:0060541,respiratory system development,3/85,308/8363,0.6111569002079187,0.9563823014971632,3,308,Montipora_capitata_HIv3___RNAseq.g22865.t1/Montipora_capitata_HIv3___RNAseq.g36907.t1/Montipora_capitata_HIv3___RNAseq.g44814.t1,0.9104526778355646,respiratory system development,BP
GO:0044431,GO:0044431,5/85,518/8363,0.6124546268692868,0.9460335513331033,5,518,Montipora_capitata_HIv3___RNAseq.g22865.t1/Montipora_capitata_HIv3___RNAseq.g7739.t1/Montipora_capitata_HIv3___RNAseq.g37193.t1/Montipora_capitata_HIv3___TS.g33523.t1/Montipora_capitata_HIv3___RNAseq.g8867.t2,0.9104526778355646,NA,NA
GO:0048667,cell morphogenesis involved in neuron differentiation,5/85,518/8363,0.6124546268692868,0.9460335513331033,5,518,Montipora_capitata_HIv3___RNAseq.g23734.t3/Montipora_capitata_HIv3___RNAseq.g35804.t1/Montipora_capitata_HIv3___RNAseq.g35008.t1/Montipora_capitata_HIv3___RNAseq.g24942.t1/Montipora_capitata_HIv3___RNAseq.g35720.t1,0.9104526778355646,cell morphogenesis involved in neuron differentiation,BP
GO:0008285,negative regulation of cell population proliferation,4/85,414/8363,0.6128395744999019,0.9476718751318045,4,414,Montipora_capitata_HIv3___RNAseq.g7741.t1/Montipora_capitata_HIv3___RNAseq.g35008.t1/Montipora_capitata_HIv3___RNAseq.g46378.t1/Montipora_capitata_HIv3___RNAseq.g37645.t1,0.9104526778355646,negative regulation of cell population proliferation,BP
GO:0031329,regulation of cellular catabolic process,6/85,622/8363,0.6133061574388474,0.9446867268794383,6,622,Montipora_capitata_HIv3___TS.g1118.t1/Montipora_capitata_HIv3___RNAseq.g46819.t1/Montipora_capitata_HIv3___RNAseq.g44960.t2/Montipora_capitata_HIv3___RNAseq.21467_t/Montipora_capitata_HIv3___RNAseq.g44814.t1/Montipora_capitata_HIv3___RNAseq.g30678.t1b,0.9104526778355646,regulation of cellular catabolic process,BP
GO:0007167,enzyme-linked receptor protein signaling pathway,4/85,415/8363,0.6147660938725241,0.945246183257831,4,415,Montipora_capitata_HIv3___RNAseq.g5395.t1/Montipora_capitata_HIv3___RNAseq.g24942.t1/Montipora_capitata_HIv3___RNAseq.g44814.t1/Montipora_capitata_HIv3___RNAseq.g42092.t1,0.9104526778355646,enzyme-linked receptor protein signaling pathway,BP
GO:0007507,heart development,4/85,415/8363,0.6147660938725241,0.945246183257831,4,415,Montipora_capitata_HIv3___RNAseq.g7741.t1/Montipora_capitata_HIv3___RNAseq.g44814.t1/Montipora_capitata_HIv3___TS.g33523.t1/Montipora_capitata_HIv3___TS.g10359.t4b,0.9104526778355646,heart development,BP
GO:0048513,animal organ development,22/85,2240/8363,0.615833563727503,0.9541247619775107,22,2240,Montipora_capitata_HIv3___RNAseq.g23734.t3/Montipora_capitata_HIv3___RNAseq.g35804.t1/Montipora_capitata_HIv3___RNAseq.g5395.t1/Montipora_capitata_HIv3___RNAseq.g22865.t1/Montipora_capitata_HIv3___RNAseq.g7741.t1/Montipora_capitata_HIv3___RNAseq.g44960.t2/Montipora_capitata_HIv3___RNAseq.21467_t/Montipora_capitata_HIv3___RNAseq.g36907.t1/Montipora_capitata_HIv3___RNAseq.g35008.t1/Montipora_capitata_HIv3___RNAseq.g46378.t1/Montipora_capitata_HIv3___RNAseq.g24942.t1/Montipora_capitata_HIv3___RNAseq.g44814.t1/Montipora_capitata_HIv3___RNAseq.g35720.t1/Montipora_capitata_HIv3___TS.g4674.t2b/Montipora_capitata_HIv3___RNAseq.g42092.t1/Montipora_capitata_HIv3___RNAseq.g43161.t1a/Montipora_capitata_HIv3___RNAseq.g33449.t1/Montipora_capitata_HIv3___TS.g33523.t1/Montipora_capitata_HIv3___RNAseq.g4457.t1/Montipora_capitata_HIv3___TS.g10359.t4b/Montipora_capitata_HIv3___RNAseq.g44445.t1/Montipora_capitata_HIv3___RNAseq.g18391.t1,0.9106475038098183,animal organ development,BP
GO:0051049,regulation of transport,10/85,1035/8363,0.6179810916422332,0.9434797955927661,10,1035,Montipora_capitata_HIv3___RNAseq.g5395.t1/Montipora_capitata_HIv3___RNAseq.g7741.t1/Montipora_capitata_HIv3___RNAseq.g24139.t1/Montipora_capitata_HIv3___RNAseq.g44960.t2/Montipora_capitata_HIv3___RNAseq.21467_t/Montipora_capitata_HIv3___RNAseq.g37193.t1/Montipora_capitata_HIv3___RNAseq.g35008.t1/Montipora_capitata_HIv3___RNAseq.g24942.t1/Montipora_capitata_HIv3___RNAseq.g44814.t1/Montipora_capitata_HIv3___RNAseq.g41226.t1,0.9117511708806217,regulation of transport,BP
GO:0009893,positive regulation of metabolic process,19/85,1943/8363,0.6184540316353653,0.9506936548394374,19,1943,Montipora_capitata_HIv3___TS.g1118.t1/Montipora_capitata_HIv3___RNAseq.g5395.t1/Montipora_capitata_HIv3___RNAseq.g7741.t1/Montipora_capitata_HIv3___TS.g27540.t1/Montipora_capitata_HIv3___RNAseq.g46819.t1/Montipora_capitata_HIv3___RNAseq.g44960.t2/Montipora_capitata_HIv3___RNAseq.21467_t/Montipora_capitata_HIv3___RNAseq.g36907.t1/Montipora_capitata_HIv3___RNAseq.g45527.t1/Montipora_capitata_HIv3___RNAseq.g35008.t1/Montipora_capitata_HIv3___RNAseq.g46378.t1/Montipora_capitata_HIv3___RNAseq.g24942.t1/Montipora_capitata_HIv3___RNAseq.g44814.t1/Montipora_capitata_HIv3___RNAseq.g30678.t1b/Montipora_capitata_HIv3___RNAseq.g14965.t1/Montipora_capitata_HIv3___RNAseq.g42092.t1/Montipora_capitata_HIv3___RNAseq.g43161.t1a/Montipora_capitata_HIv3___TS.g10359.t4b/Montipora_capitata_HIv3___RNAseq.g44445.t1,0.9117511708806217,positive regulation of metabolic process,BP
GO:0048646,anatomical structure formation involved in morphogenesis,8/85,832/8363,0.6197074957373525,0.9398592458306444,8,832,Montipora_capitata_HIv3___RNAseq.g7741.t1/Montipora_capitata_HIv3___RNAseq.g44960.t2/Montipora_capitata_HIv3___RNAseq.21467_t/Montipora_capitata_HIv3___RNAseq.g35008.t1/Montipora_capitata_HIv3___RNAseq.g44814.t1/Montipora_capitata_HIv3___RNAseq.g9918.t1/Montipora_capitata_HIv3___TS.g33523.t1/Montipora_capitata_HIv3___TS.g10359.t4b,0.9122169339673888,anatomical structure formation involved in morphogenesis,BP
GO:0030855,epithelial cell differentiation,5/85,524/8363,0.6228117480805193,0.9343750890036427,5,524,Montipora_capitata_HIv3___RNAseq.g7741.t1/Montipora_capitata_HIv3___RNAseq.g24942.t1/Montipora_capitata_HIv3___RNAseq.g44814.t1/Montipora_capitata_HIv3___RNAseq.g9060.t1/Montipora_capitata_HIv3___TS.g10359.t4b,0.9124819526747554,epithelial cell differentiation,BP
GO:1901699,cellular response to nitrogen compound,4/85,420/8363,0.6243120922098159,0.9332926042180216,4,420,Montipora_capitata_HIv3___RNAseq.g24942.t1/Montipora_capitata_HIv3___RNAseq.g44814.t1/Montipora_capitata_HIv3___RNAseq.g43161.t1a/Montipora_capitata_HIv3___TS.g33523.t1,0.9124819526747554,cellular response to nitrogen compound,BP
GO:0006366,transcription by RNA polymerase II,4/85,420/8363,0.6243120922098159,0.9332926042180216,4,420,Montipora_capitata_HIv3___RNAseq.g7741.t1/Montipora_capitata_HIv3___RNAseq.g45527.t1/Montipora_capitata_HIv3___RNAseq.g44814.t1/Montipora_capitata_HIv3___RNAseq.g44445.t1,0.9124819526747554,transcription by RNA polymerase II,BP
GO:0045666,positive regulation of neuron differentiation,3/85,314/8363,0.6243398488979718,0.9372273604614703,3,314,Montipora_capitata_HIv3___RNAseq.g5395.t1/Montipora_capitata_HIv3___RNAseq.g24942.t1/Montipora_capitata_HIv3___TS.g10359.t4b,0.9124819526747554,positive regulation of neuron differentiation,BP
GO:0050794,regulation of cellular process,48/85,4813/8363,0.6245765472573351,0.9564113738177966,48,4813,Montipora_capitata_HIv3___RNAseq.g7992.t1/Montipora_capitata_HIv3___TS.g1118.t1/Montipora_capitata_HIv3___RNAseq.g23734.t3/Montipora_capitata_HIv3___RNAseq.g35804.t1/Montipora_capitata_HIv3___TS.g10979.t1/Montipora_capitata_HIv3___RNAseq.g5395.t1/Montipora_capitata_HIv3___RNAseq.g22865.t1/Montipora_capitata_HIv3___RNAseq.g23733.t1/Montipora_capitata_HIv3___RNAseq.g11548.t1/Montipora_capitata_HIv3___RNAseq.g7741.t1/Montipora_capitata_HIv3___TS.g29616.t1/Montipora_capitata_HIv3___RNAseq.g2640.t1a/Montipora_capitata_HIv3___TS.g27540.t1/Montipora_capitata_HIv3___RNAseq.g46819.t1/Montipora_capitata_HIv3___RNAseq.g12596.t1/Montipora_capitata_HIv3___RNAseq.g11237.t1/Montipora_capitata_HIv3___RNAseq.g44960.t2/Montipora_capitata_HIv3___TS.g32048.t1/Montipora_capitata_HIv3___RNAseq.21467_t/Montipora_capitata_HIv3___RNAseq.g37193.t1/Montipora_capitata_HIv3___RNAseq.g29879.t1b/Montipora_capitata_HIv3___RNAseq.g35718.t1/Montipora_capitata_HIv3___RNAseq.g39648.t1/Montipora_capitata_HIv3___RNAseq.g36907.t1/Montipora_capitata_HIv3___RNAseq.g45527.t1/Montipora_capitata_HIv3___RNAseq.g35008.t1/Montipora_capitata_HIv3___RNAseq.g46378.t1/Montipora_capitata_HIv3___RNAseq.g24942.t1/Montipora_capitata_HIv3___RNAseq.g44814.t1/Montipora_capitata_HIv3___RNAseq.g35720.t1/Montipora_capitata_HIv3___RNAseq.g30678.t1b/Montipora_capitata_HIv3___RNAseq.g15186.t1/Montipora_capitata_HIv3___RNAseq.g28405.t2/Montipora_capitata_HIv3___RNAseq.g40991.t1/Montipora_capitata_HIv3___RNAseq.g14965.t1/Montipora_capitata_HIv3___RNAseq.g37645.t1/Montipora_capitata_HIv3___RNAseq.g42092.t1/Montipora_capitata_HIv3___RNAseq.g43161.t1a/Montipora_capitata_HIv3___RNAseq.g9918.t1/Montipora_capitata_HIv3___TS.g33523.t1/Montipora_capitata_HIv3___RNAseq.g47955.t1/Montipora_capitata_HIv3___RNAseq.g6934.t1/Montipora_capitata_HIv3___RNAseq.g4457.t1/Montipora_capitata_HIv3___TS.g10359.t4b/Montipora_capitata_HIv3___RNAseq.g41226.t1/Montipora_capitata_HIv3___RNAseq.g8867.t2/Montipora_capitata_HIv3___RNAseq.g44445.t1/Montipora_capitata_HIv3___RNAseq.g23366.t1,0.9124819526747554,regulation of cellular process,BP
GO:0098662,inorganic cation transmembrane transport,3/85,317/8363,0.6308186459832785,0.92792435119288,3,317,Montipora_capitata_HIv3___RNAseq.g24139.t1/Montipora_capitata_HIv3___RNAseq.g38848.t1/Montipora_capitata_HIv3___RNAseq.g36907.t1,0.9202197039606146,inorganic cation transmembrane transport,BP
GO:0007548,sex differentiation,3/85,320/8363,0.6372218059995625,0.9187973905981945,3,320,Montipora_capitata_HIv3___RNAseq.g36907.t1/Montipora_capitata_HIv3___RNAseq.g35008.t1/Montipora_capitata_HIv3___RNAseq.g42092.t1,0.9266302288272596,sex differentiation,BP
GO:0051254,positive regulation of RNA metabolic process,9/85,948/8363,0.6376153838061138,0.9255507590243722,9,948,Montipora_capitata_HIv3___TS.g1118.t1/Montipora_capitata_HIv3___RNAseq.g7741.t1/Montipora_capitata_HIv3___RNAseq.g44960.t2/Montipora_capitata_HIv3___RNAseq.21467_t/Montipora_capitata_HIv3___RNAseq.g45527.t1/Montipora_capitata_HIv3___RNAseq.g35008.t1/Montipora_capitata_HIv3___RNAseq.g44814.t1/Montipora_capitata_HIv3___RNAseq.g43161.t1a/Montipora_capitata_HIv3___RNAseq.g44445.t1,0.9266302288272596,positive regulation of RNA metabolic process,BP
GO:0006793,phosphorus metabolic process,13/85,1357/8363,0.6380701472911243,0.9315148588738548,13,1357,Montipora_capitata_HIv3___RNAseq.g5395.t1/Montipora_capitata_HIv3___RNAseq.g46819.t1/Montipora_capitata_HIv3___RNAseq.g44960.t2/Montipora_capitata_HIv3___RNAseq.21467_t/Montipora_capitata_HIv3___RNAseq.g14965.t1/Montipora_capitata_HIv3___RNAseq.g33449.t1/Montipora_capitata_HIv3___RNAseq.g9060.t1/Montipora_capitata_HIv3___TS.g21293.t1/Montipora_capitata_HIv3___RNAseq.g6934.t1/Montipora_capitata_HIv3___RNAseq.g9561.t1/Montipora_capitata_HIv3___RNAseq.g8867.t2/Montipora_capitata_HIv3___RNAseq.g44445.t1/Montipora_capitata_HIv3___RNAseq.g14960.t1,0.9266302288272596,phosphorus metabolic process,BP
GO:0140096,"catalytic activity, acting on a protein",12/85,1257/8363,0.6400552979327405,0.9285929341030109,12,1257,Montipora_capitata_HIv3___TS.g1118.t1/Montipora_capitata_HIv3___RNAseq.g23762.t1/Montipora_capitata_HIv3___RNAseq.g5395.t1/Montipora_capitata_HIv3___RNAseq.g11548.t1/Montipora_capitata_HIv3___RNAseq.g33991.t1/Montipora_capitata_HIv3___RNAseq.g46819.t1/Montipora_capitata_HIv3___RNAseq.g44960.t2/Montipora_capitata_HIv3___RNAseq.21467_t/Montipora_capitata_HIv3___RNAseq.g33992.t1/Montipora_capitata_HIv3___RNAseq.g30678.t1b/Montipora_capitata_HIv3___RNAseq.g15186.t1/Montipora_capitata_HIv3___RNAseq.g22553.t1c,0.9281278761379382,"catalytic activity, acting on a protein",MF
GO:0036094,small molecule binding,7/85,744/8363,0.6411972302538097,0.9182624507883371,7,744,Montipora_capitata_HIv3___RNAseq.g22865.t1/Montipora_capitata_HIv3___RNAseq.g2640.t1a/Montipora_capitata_HIv3___RNAseq.g46378.t1/Montipora_capitata_HIv3___RNAseq.g43161.t1a/Montipora_capitata_HIv3___TS.g33523.t1/Montipora_capitata_HIv3___RNAseq.g33997.t1/Montipora_capitata_HIv3___RNAseq.g8867.t2,0.9284001563049954,small molecule binding,MF
GO:0001558,regulation of cell growth,3/85,323/8363,0.6435490090922448,0.909841527996599,3,323,Montipora_capitata_HIv3___RNAseq.g46378.t1/Montipora_capitata_HIv3___RNAseq.g24942.t1/Montipora_capitata_HIv3___RNAseq.g44814.t1,0.930064958467567,regulation of cell growth,BP
GO:1901566,organonitrogen compound biosynthetic process,10/85,1056/8363,0.6442587687637618,0.9218574660392925,10,1056,Montipora_capitata_HIv3___RNAseq.g40427.t1a/Montipora_capitata_HIv3___RNAseq.g36836.t1/Montipora_capitata_HIv3___RNAseq.g37193.t1/Montipora_capitata_HIv3___RNAseq.g27709.t1/Montipora_capitata_HIv3___RNAseq.g44814.t1/Montipora_capitata_HIv3___RNAseq.g9918.t1/Montipora_capitata_HIv3___TS.g21293.t1/Montipora_capitata_HIv3___RNAseq.g41226.t1/Montipora_capitata_HIv3___RNAseq.g44445.t1/Montipora_capitata_HIv3___RNAseq.g14960.t1,0.930064958467567,organonitrogen compound biosynthetic process,BP
GO:0012505,endomembrane system,24/85,2473/8363,0.646767134720194,0.9364623126862166,24,2473,Montipora_capitata_HIv3___RNAseq.g5395.t1/Montipora_capitata_HIv3___RNAseq.g22865.t1/Montipora_capitata_HIv3___RNAseq.g7739.t1/Montipora_capitata_HIv3___RNAseq.g2640.t1a/Montipora_capitata_HIv3___RNAseq.g36836.t1/Montipora_capitata_HIv3___RNAseq.g24139.t1/Montipora_capitata_HIv3___RNAseq.g44960.t2/Montipora_capitata_HIv3___RNAseq.21467_t/Montipora_capitata_HIv3___RNAseq.g9026.t1/Montipora_capitata_HIv3___RNAseq.g37193.t1/Montipora_capitata_HIv3___RNAseq.g36907.t1/Montipora_capitata_HIv3___RNAseq.g35008.t1/Montipora_capitata_HIv3___RNAseq.g24942.t1/Montipora_capitata_HIv3___RNAseq.g14515.t1/Montipora_capitata_HIv3___RNAseq.g15186.t1/Montipora_capitata_HIv3___RNAseq.g14965.t1/Montipora_capitata_HIv3___TS.g4674.t2b/Montipora_capitata_HIv3___RNAseq.g22553.t1c/Montipora_capitata_HIv3___TS.g33523.t1/Montipora_capitata_HIv3___RNAseq.g9561.t1/Montipora_capitata_HIv3___RNAseq.g41226.t1/Montipora_capitata_HIv3___RNAseq.g8867.t2/Montipora_capitata_HIv3___RNAseq.g44445.t1/Montipora_capitata_HIv3___RNAseq.g23366.t1,0.9323021338256304,endomembrane system,CC
GO:0008289,lipid binding,3/85,325/8363,0.6477248124009518,0.9039636460939503,3,325,Montipora_capitata_HIv3___RNAseq.g46378.t1/Montipora_capitata_HIv3___RNAseq.g11214.t1/Montipora_capitata_HIv3___RNAseq.g8867.t2,0.9323021338256304,lipid binding,MF
GO:0032879,regulation of localization,15/85,1571/8363,0.6498998187694103,0.9257592545449863,15,1571,Montipora_capitata_HIv3___TS.g1118.t1/Montipora_capitata_HIv3___RNAseq.g23734.t3/Montipora_capitata_HIv3___RNAseq.g35804.t1/Montipora_capitata_HIv3___RNAseq.g5395.t1/Montipora_capitata_HIv3___RNAseq.g7741.t1/Montipora_capitata_HIv3___RNAseq.g24139.t1/Montipora_capitata_HIv3___RNAseq.g44960.t2/Montipora_capitata_HIv3___RNAseq.21467_t/Montipora_capitata_HIv3___RNAseq.g37193.t1/Montipora_capitata_HIv3___RNAseq.g35008.t1/Montipora_capitata_HIv3___RNAseq.g24942.t1/Montipora_capitata_HIv3___RNAseq.g44814.t1/Montipora_capitata_HIv3___RNAseq.g35720.t1/Montipora_capitata_HIv3___TS.g10359.t4b/Montipora_capitata_HIv3___RNAseq.g41226.t1,0.9340509950703636,regulation of localization,BP
GO:0010557,positive regulation of macromolecule biosynthetic process,10/85,1064/8363,0.6540228856093722,0.9138464547336373,10,1064,Montipora_capitata_HIv3___TS.g1118.t1/Montipora_capitata_HIv3___RNAseq.g7741.t1/Montipora_capitata_HIv3___RNAseq.g46819.t1/Montipora_capitata_HIv3___RNAseq.g44960.t2/Montipora_capitata_HIv3___RNAseq.21467_t/Montipora_capitata_HIv3___RNAseq.g45527.t1/Montipora_capitata_HIv3___RNAseq.g35008.t1/Montipora_capitata_HIv3___RNAseq.g44814.t1/Montipora_capitata_HIv3___RNAseq.g43161.t1a/Montipora_capitata_HIv3___RNAseq.g44445.t1,0.9385903653361639,positive regulation of macromolecule biosynthetic process,BP
GO:0036477,somatodendritic compartment,6/85,650/8363,0.6566442649236464,0.9003125599677565,6,650,Montipora_capitata_HIv3___RNAseq.g23734.t3/Montipora_capitata_HIv3___RNAseq.g35804.t1/Montipora_capitata_HIv3___RNAseq.g5395.t1/Montipora_capitata_HIv3___RNAseq.g24942.t1/Montipora_capitata_HIv3___RNAseq.g35720.t1/Montipora_capitata_HIv3___RNAseq.g23366.t1,0.9409644621070808,somatodendritic compartment,CC
GO:0090407,organophosphate biosynthetic process,4/85,442/8363,0.6645560119538074,0.8839381647321786,4,442,Montipora_capitata_HIv3___RNAseq.g33449.t1/Montipora_capitata_HIv3___RNAseq.g8867.t2/Montipora_capitata_HIv3___RNAseq.g44445.t1/Montipora_capitata_HIv3___RNAseq.g14960.t1,0.9505115011720742,organophosphate biosynthetic process,BP
GO:0031325,positive regulation of cellular metabolic process,17/85,1789/8363,0.6652603620741855,0.9178988080268978,17,1789,Montipora_capitata_HIv3___TS.g1118.t1/Montipora_capitata_HIv3___RNAseq.g5395.t1/Montipora_capitata_HIv3___RNAseq.g7741.t1/Montipora_capitata_HIv3___TS.g27540.t1/Montipora_capitata_HIv3___RNAseq.g46819.t1/Montipora_capitata_HIv3___RNAseq.g44960.t2/Montipora_capitata_HIv3___RNAseq.21467_t/Montipora_capitata_HIv3___RNAseq.g36907.t1/Montipora_capitata_HIv3___RNAseq.g45527.t1/Montipora_capitata_HIv3___RNAseq.g35008.t1/Montipora_capitata_HIv3___RNAseq.g24942.t1/Montipora_capitata_HIv3___RNAseq.g44814.t1/Montipora_capitata_HIv3___RNAseq.g30678.t1b/Montipora_capitata_HIv3___RNAseq.g14965.t1/Montipora_capitata_HIv3___RNAseq.g43161.t1a/Montipora_capitata_HIv3___TS.g10359.t4b/Montipora_capitata_HIv3___RNAseq.g44445.t1,0.9505115011720742,positive regulation of cellular metabolic process,BP
GO:0080090,regulation of primary metabolic process,28/85,2896/8363,0.667691764462391,0.9266218946164058,28,2896,Montipora_capitata_HIv3___TS.g1118.t1/Montipora_capitata_HIv3___TS.g10979.t1/Montipora_capitata_HIv3___RNAseq.g5395.t1/Montipora_capitata_HIv3___RNAseq.g11548.t1/Montipora_capitata_HIv3___RNAseq.g7741.t1/Montipora_capitata_HIv3___TS.g27540.t1/Montipora_capitata_HIv3___RNAseq.g46819.t1/Montipora_capitata_HIv3___RNAseq.g44960.t2/Montipora_capitata_HIv3___TS.g32048.t1/Montipora_capitata_HIv3___RNAseq.21467_t/Montipora_capitata_HIv3___RNAseq.g37193.t1/Montipora_capitata_HIv3___RNAseq.g36907.t1/Montipora_capitata_HIv3___RNAseq.g45527.t1/Montipora_capitata_HIv3___RNAseq.g35008.t1/Montipora_capitata_HIv3___RNAseq.g46378.t1/Montipora_capitata_HIv3___RNAseq.g24942.t1/Montipora_capitata_HIv3___RNAseq.g44814.t1/Montipora_capitata_HIv3___RNAseq.g30678.t1b/Montipora_capitata_HIv3___RNAseq.g28405.t2/Montipora_capitata_HIv3___RNAseq.g40991.t1/Montipora_capitata_HIv3___RNAseq.g14965.t1/Montipora_capitata_HIv3___RNAseq.g42092.t1/Montipora_capitata_HIv3___RNAseq.g43161.t1a/Montipora_capitata_HIv3___TS.g33523.t1/Montipora_capitata_HIv3___RNAseq.g47955.t1/Montipora_capitata_HIv3___TS.g10359.t4b/Montipora_capitata_HIv3___RNAseq.g41226.t1/Montipora_capitata_HIv3___RNAseq.g44445.t1,0.9517300232093273,regulation of primary metabolic process,BP
GO:0043565,sequence-specific DNA binding,4/85,444/8363,0.6680694818622513,0.8796960607964618,4,444,Montipora_capitata_HIv3___RNAseq.g7741.t1/Montipora_capitata_HIv3___RNAseq.g44814.t1/Montipora_capitata_HIv3___RNAseq.g40991.t1/Montipora_capitata_HIv3___RNAseq.g43161.t1a,0.9517300232093273,sequence-specific DNA binding,MF
GO:0005615,extracellular space,4/85,445/8363,0.6698170259716506,0.8775894335487415,4,445,Montipora_capitata_HIv3___TS.g32048.t1/Montipora_capitata_HIv3___RNAseq.g33449.t1/Montipora_capitata_HIv3___RNAseq.g4457.t1/Montipora_capitata_HIv3___TS.g10359.t4b,0.952300496628845,extracellular space,CC
GO:0031410,cytoplasmic vesicle,12/85,1284/8363,0.6704273794355178,0.9054425163393302,12,1284,Montipora_capitata_HIv3___RNAseq.g5395.t1/Montipora_capitata_HIv3___RNAseq.g2640.t1a/Montipora_capitata_HIv3___RNAseq.g44960.t2/Montipora_capitata_HIv3___RNAseq.21467_t/Montipora_capitata_HIv3___RNAseq.g9026.t1/Montipora_capitata_HIv3___RNAseq.g38848.t1/Montipora_capitata_HIv3___RNAseq.g35008.t1/Montipora_capitata_HIv3___RNAseq.g24942.t1/Montipora_capitata_HIv3___TS.g4674.t2b/Montipora_capitata_HIv3___TS.g33523.t1/Montipora_capitata_HIv3___RNAseq.g33997.t1/Montipora_capitata_HIv3___RNAseq.g23366.t1,0.952300496628845,cytoplasmic vesicle,CC
GO:0005515,protein binding,38/85,3891/8363,0.6718949183738431,0.928523453979924,38,3891,Montipora_capitata_HIv3___RNAseq.g7992.t1/Montipora_capitata_HIv3___TS.g1118.t1/Montipora_capitata_HIv3___RNAseq.g36838.t1/Montipora_capitata_HIv3___RNAseq.g23734.t3/Montipora_capitata_HIv3___RNAseq.g35804.t1/Montipora_capitata_HIv3___RNAseq.g5395.t1/Montipora_capitata_HIv3___RNAseq.g22865.t1/Montipora_capitata_HIv3___RNAseq.g46820.t1/Montipora_capitata_HIv3___RNAseq.g23733.t1/Montipora_capitata_HIv3___RNAseq.g11548.t1/Montipora_capitata_HIv3___RNAseq.g7741.t1/Montipora_capitata_HIv3___TS.g29616.t1/Montipora_capitata_HIv3___RNAseq.g26580.t1/Montipora_capitata_HIv3___TS.g5595.t1/Montipora_capitata_HIv3___RNAseq.g12596.t1/Montipora_capitata_HIv3___RNAseq.g44960.t2/Montipora_capitata_HIv3___TS.g32048.t1/Montipora_capitata_HIv3___RNAseq.21467_t/Montipora_capitata_HIv3___RNAseq.g29879.t1b/Montipora_capitata_HIv3___RNAseq.g35718.t1/Montipora_capitata_HIv3___RNAseq.g45527.t1/Montipora_capitata_HIv3___RNAseq.g35008.t1/Montipora_capitata_HIv3___RNAseq.g24942.t1/Montipora_capitata_HIv3___RNAseq.g44814.t1/Montipora_capitata_HIv3___RNAseq.g35720.t1/Montipora_capitata_HIv3___RNAseq.g30678.t1b/Montipora_capitata_HIv3___RNAseq.g15186.t1/Montipora_capitata_HIv3___RNAseq.g37645.t1/Montipora_capitata_HIv3___RNAseq.g43161.t1a/Montipora_capitata_HIv3___RNAseq.g9918.t1/Montipora_capitata_HIv3___RNAseq.g33449.t1/Montipora_capitata_HIv3___RNAseq.g4241.t1/Montipora_capitata_HIv3___RNAseq.g11214.t1/Montipora_capitata_HIv3___RNAseq.g4457.t1/Montipora_capitata_HIv3___TS.g10359.t4b/Montipora_capitata_HIv3___RNAseq.g41226.t1/Montipora_capitata_HIv3___RNAseq.g44445.t1/Montipora_capitata_HIv3___RNAseq.g23366.t1,0.9528003986969017,protein binding,MF
GO:0042803,protein homodimerization activity,6/85,661/8363,0.6728586267710526,0.8839171527289839,6,661,Montipora_capitata_HIv3___RNAseq.g5395.t1/Montipora_capitata_HIv3___TS.g32048.t1/Montipora_capitata_HIv3___RNAseq.g30678.t1b/Montipora_capitata_HIv3___RNAseq.g37645.t1/Montipora_capitata_HIv3___RNAseq.g43161.t1a/Montipora_capitata_HIv3___RNAseq.g33449.t1,0.9528003986969017,protein homodimerization activity,MF
GO:0097708,intracellular vesicle,12/85,1287/8363,0.673717034227614,0.9029238807886012,12,1287,Montipora_capitata_HIv3___RNAseq.g5395.t1/Montipora_capitata_HIv3___RNAseq.g2640.t1a/Montipora_capitata_HIv3___RNAseq.g44960.t2/Montipora_capitata_HIv3___RNAseq.21467_t/Montipora_capitata_HIv3___RNAseq.g9026.t1/Montipora_capitata_HIv3___RNAseq.g38848.t1/Montipora_capitata_HIv3___RNAseq.g35008.t1/Montipora_capitata_HIv3___RNAseq.g24942.t1/Montipora_capitata_HIv3___TS.g4674.t2b/Montipora_capitata_HIv3___TS.g33523.t1/Montipora_capitata_HIv3___RNAseq.g33997.t1/Montipora_capitata_HIv3___RNAseq.g23366.t1,0.9528003986969017,intracellular vesicle,CC
GO:0000226,microtubule cytoskeleton organization,4/85,448/8363,0.6750228063481042,0.8713264710842663,4,448,Montipora_capitata_HIv3___RNAseq.g36838.t1/Montipora_capitata_HIv3___RNAseq.g26580.t1/Montipora_capitata_HIv3___TS.g5595.t1/Montipora_capitata_HIv3___TS.g10359.t4b,0.9532615247847683,microtubule cytoskeleton organization,BP
GO:0043066,negative regulation of apoptotic process,5/85,558/8363,0.6783939332750776,0.873087098226249,5,558,Montipora_capitata_HIv3___RNAseq.g44960.t2/Montipora_capitata_HIv3___RNAseq.21467_t/Montipora_capitata_HIv3___RNAseq.g36907.t1/Montipora_capitata_HIv3___RNAseq.g44814.t1/Montipora_capitata_HIv3___RNAseq.g43161.t1a,0.9552493445392917,negative regulation of apoptotic process,BP
GO:1903047,mitotic cell cycle process,5/85,558/8363,0.6783939332750776,0.873087098226249,5,558,Montipora_capitata_HIv3___RNAseq.g22865.t1/Montipora_capitata_HIv3___RNAseq.g7741.t1/Montipora_capitata_HIv3___RNAseq.g14965.t1/Montipora_capitata_HIv3___RNAseq.g43161.t1a/Montipora_capitata_HIv3___TS.g10359.t4b,0.9552493445392917,mitotic cell cycle process,BP
GO:0005730,nucleolus,6/85,666/8363,0.6800716254981736,0.8766452373827557,6,666,Montipora_capitata_HIv3___RNAseq.g27546.t1/Montipora_capitata_HIv3___RNAseq.g40991.t1/Montipora_capitata_HIv3___RNAseq.g47379.t1/Montipora_capitata_HIv3___RNAseq.g43161.t1a/Montipora_capitata_HIv3___RNAseq.g47955.t1/Montipora_capitata_HIv3___RNAseq.g44445.t1,0.9559931451523036,nucleolus,CC
GO:0006511,ubiquitin-dependent protein catabolic process,3/85,342/8363,0.6818445009813563,0.8568013642861779,3,342,Montipora_capitata_HIv3___TS.g1118.t1/Montipora_capitata_HIv3___RNAseq.g30678.t1b/Montipora_capitata_HIv3___RNAseq.g22553.t1c,0.9559931451523036,ubiquitin-dependent protein catabolic process,BP
GO:0030162,regulation of proteolysis,4/85,452/8363,0.6818776155844275,0.8631062948176395,4,452,Montipora_capitata_HIv3___RNAseq.g11548.t1/Montipora_capitata_HIv3___TS.g32048.t1/Montipora_capitata_HIv3___RNAseq.g24942.t1/Montipora_capitata_HIv3___RNAseq.g30678.t1b,0.9559931451523036,regulation of proteolysis,BP
GO:0006928,GO:0006928,10/85,1089/8363,0.6836031209943806,0.8895757138988587,10,1089,Montipora_capitata_HIv3___RNAseq.g36838.t1/Montipora_capitata_HIv3___RNAseq.g22865.t1/Montipora_capitata_HIv3___TS.g5595.t1/Montipora_capitata_HIv3___RNAseq.g36907.t1/Montipora_capitata_HIv3___RNAseq.g35008.t1/Montipora_capitata_HIv3___RNAseq.g24942.t1/Montipora_capitata_HIv3___RNAseq.g44814.t1/Montipora_capitata_HIv3___TS.g33523.t1/Montipora_capitata_HIv3___RNAseq.g4457.t1/Montipora_capitata_HIv3___TS.g10359.t4b,0.9559931451523036,NA,NA
GO:0005829,cytosol,29/85,3016/8363,0.6846497681156163,0.9173031955811887,29,3016,Montipora_capitata_HIv3___RNAseq.g7992.t1/Montipora_capitata_HIv3___TS.g1118.t1/Montipora_capitata_HIv3___RNAseq.g23734.t3/Montipora_capitata_HIv3___RNAseq.g35804.t1/Montipora_capitata_HIv3___RNAseq.g40427.t1a/Montipora_capitata_HIv3___RNAseq.g23762.t1/Montipora_capitata_HIv3___RNAseq.g5395.t1/Montipora_capitata_HIv3___RNAseq.g11548.t1/Montipora_capitata_HIv3___TS.g29616.t1/Montipora_capitata_HIv3___RNAseq.g26580.t1/Montipora_capitata_HIv3___RNAseq.g27546.t1/Montipora_capitata_HIv3___RNAseq.g12596.t1/Montipora_capitata_HIv3___RNAseq.g44960.t2/Montipora_capitata_HIv3___RNAseq.21467_t/Montipora_capitata_HIv3___RNAseq.g29879.t1b/Montipora_capitata_HIv3___RNAseq.g24942.t1/Montipora_capitata_HIv3___RNAseq.g44814.t1/Montipora_capitata_HIv3___RNAseq.g35720.t1/Montipora_capitata_HIv3___RNAseq.g30678.t1b/Montipora_capitata_HIv3___RNAseq.g40991.t1/Montipora_capitata_HIv3___RNAseq.g43161.t1a/Montipora_capitata_HIv3___RNAseq.g9918.t1/Montipora_capitata_HIv3___RNAseq.g9060.t1/Montipora_capitata_HIv3___RNAseq.g4241.t1/Montipora_capitata_HIv3___RNAseq.g47955.t1/Montipora_capitata_HIv3___RNAseq.g11214.t1/Montipora_capitata_HIv3___RNAseq.g9561.t1/Montipora_capitata_HIv3___RNAseq.g41226.t1/Montipora_capitata_HIv3___RNAseq.g44445.t1,0.9559931451523036,cytosol,CC
GO:0019941,modification-dependent protein catabolic process,3/85,344/8363,0.6856965003281636,0.8515619570350149,3,344,Montipora_capitata_HIv3___TS.g1118.t1/Montipora_capitata_HIv3___RNAseq.g30678.t1b/Montipora_capitata_HIv3___RNAseq.g22553.t1c,0.9559931451523036,modification-dependent protein catabolic process,BP
GO:0010556,regulation of macromolecule biosynthetic process,18/85,1912/8363,0.6857998101914778,0.905557138745193,18,1912,Montipora_capitata_HIv3___TS.g1118.t1/Montipora_capitata_HIv3___TS.g10979.t1/Montipora_capitata_HIv3___RNAseq.g11548.t1/Montipora_capitata_HIv3___RNAseq.g7741.t1/Montipora_capitata_HIv3___RNAseq.g46819.t1/Montipora_capitata_HIv3___RNAseq.g44960.t2/Montipora_capitata_HIv3___RNAseq.21467_t/Montipora_capitata_HIv3___RNAseq.g45527.t1/Montipora_capitata_HIv3___RNAseq.g35008.t1/Montipora_capitata_HIv3___RNAseq.g24942.t1/Montipora_capitata_HIv3___RNAseq.g44814.t1/Montipora_capitata_HIv3___RNAseq.g28405.t2/Montipora_capitata_HIv3___RNAseq.g40991.t1/Montipora_capitata_HIv3___RNAseq.g43161.t1a/Montipora_capitata_HIv3___TS.g33523.t1/Montipora_capitata_HIv3___RNAseq.g47955.t1/Montipora_capitata_HIv3___RNAseq.g41226.t1/Montipora_capitata_HIv3___RNAseq.g44445.t1,0.9559931451523036,regulation of macromolecule biosynthetic process,BP
GO:0051301,cell division,3/85,345/8363,0.6876097069758671,0.8489652289084362,3,345,Montipora_capitata_HIv3___RNAseq.g22865.t1/Montipora_capitata_HIv3___RNAseq.g26580.t1/Montipora_capitata_HIv3___TS.g10359.t4b,0.9571448424714145,cell division,BP
GO:0030054,cell junction,3/85,348/8363,0.6932981934783844,0.8412653484311211,3,348,Montipora_capitata_HIv3___RNAseq.g5395.t1/Montipora_capitata_HIv3___RNAseq.g35008.t1/Montipora_capitata_HIv3___RNAseq.g24942.t1,0.9573978927882038,cell junction,CC
GO:0040017,positive regulation of locomotion,3/85,348/8363,0.6932981934783844,0.8412653484311211,3,348,Montipora_capitata_HIv3___RNAseq.g35008.t1/Montipora_capitata_HIv3___RNAseq.g44814.t1/Montipora_capitata_HIv3___TS.g10359.t4b,0.9573978927882038,positive regulation of locomotion,BP
GO:0044441,GO:0044441,3/85,348/8363,0.6932981934783844,0.8412653484311211,3,348,Montipora_capitata_HIv3___RNAseq.g36838.t1/Montipora_capitata_HIv3___RNAseq.g22865.t1/Montipora_capitata_HIv3___TS.g5595.t1,0.9573978927882038,NA,NA
GO:0005929,cilium,4/85,459/8363,0.6936354501170485,0.8490686616080999,4,459,Montipora_capitata_HIv3___RNAseq.g36838.t1/Montipora_capitata_HIv3___RNAseq.g22865.t1/Montipora_capitata_HIv3___TS.g5595.t1/Montipora_capitata_HIv3___RNAseq.g44814.t1,0.9573978927882038,cilium,CC
GO:0098796,membrane protein complex,5/85,568/8363,0.6936952871692534,0.8564693747493827,5,568,Montipora_capitata_HIv3___RNAseq.g11548.t1/Montipora_capitata_HIv3___RNAseq.g44960.t2/Montipora_capitata_HIv3___RNAseq.21467_t/Montipora_capitata_HIv3___RNAseq.g35008.t1/Montipora_capitata_HIv3___RNAseq.g40982.t1a,0.9573978927882038,membrane protein complex,CC
GO:0044421,GO:0044421,5/85,568/8363,0.6936952871692534,0.8564693747493827,5,568,Montipora_capitata_HIv3___TS.g32048.t1/Montipora_capitata_HIv3___RNAseq.g33449.t1/Montipora_capitata_HIv3___RNAseq.g4457.t1/Montipora_capitata_HIv3___TS.g10359.t4b/Montipora_capitata_HIv3___RNAseq.g44445.t1,0.9573978927882038,NA,NA
GO:0043069,negative regulation of programmed cell death,5/85,569/8363,0.6951986066615745,0.854839997910829,5,569,Montipora_capitata_HIv3___RNAseq.g44960.t2/Montipora_capitata_HIv3___RNAseq.21467_t/Montipora_capitata_HIv3___RNAseq.g36907.t1/Montipora_capitata_HIv3___RNAseq.g44814.t1/Montipora_capitata_HIv3___RNAseq.g43161.t1a,0.9581136604556827,negative regulation of programmed cell death,BP
GO:0030001,metal ion transport,3/85,350/8363,0.6970479483716139,0.8362060469858824,3,350,Montipora_capitata_HIv3___RNAseq.g38848.t1/Montipora_capitata_HIv3___RNAseq.g36907.t1/Montipora_capitata_HIv3___RNAseq.g46378.t1,0.9593036121153893,metal ion transport,BP
GO:0051704,GO:0051704,16/85,1722/8363,0.6987110550958704,0.8932957980871286,16,1722,Montipora_capitata_HIv3___RNAseq.g26580.t1/Montipora_capitata_HIv3___RNAseq.g2640.t1a/Montipora_capitata_HIv3___TS.g5595.t1/Montipora_capitata_HIv3___RNAseq.g44960.t2/Montipora_capitata_HIv3___RNAseq.21467_t/Montipora_capitata_HIv3___RNAseq.g49895.t2/Montipora_capitata_HIv3___RNAseq.g36907.t1/Montipora_capitata_HIv3___RNAseq.g35008.t1/Montipora_capitata_HIv3___RNAseq.g46378.t1/Montipora_capitata_HIv3___RNAseq.g24942.t1/Montipora_capitata_HIv3___RNAseq.g44814.t1/Montipora_capitata_HIv3___RNAseq.g15186.t1/Montipora_capitata_HIv3___RNAseq.g33449.t1/Montipora_capitata_HIv3___RNAseq.g47955.t1/Montipora_capitata_HIv3___RNAseq.g44445.t1/Montipora_capitata_HIv3___RNAseq.g23366.t1,0.9602342607461608,NA,NA
GO:0043632,modification-dependent macromolecule catabolic process,3/85,352/8363,0.7007636953516404,0.8312047208278354,3,352,Montipora_capitata_HIv3___TS.g1118.t1/Montipora_capitata_HIv3___RNAseq.g30678.t1b/Montipora_capitata_HIv3___RNAseq.g22553.t1c,0.9616968625911794,modification-dependent macromolecule catabolic process,BP
GO:0044249,cellular biosynthetic process,20/85,2135/8363,0.7038379503789154,0.8966118715970753,20,2135,Montipora_capitata_HIv3___RNAseq.g40427.t1a/Montipora_capitata_HIv3___RNAseq.g7741.t1/Montipora_capitata_HIv3___RNAseq.g36836.t1/Montipora_capitata_HIv3___RNAseq.g37193.t1/Montipora_capitata_HIv3___RNAseq.g27709.t1/Montipora_capitata_HIv3___RNAseq.g45527.t1/Montipora_capitata_HIv3___RNAseq.g46378.t1/Montipora_capitata_HIv3___RNAseq.g44814.t1/Montipora_capitata_HIv3___RNAseq.g30678.t1b/Montipora_capitata_HIv3___RNAseq.g40991.t1/Montipora_capitata_HIv3___RNAseq.g14965.t1/Montipora_capitata_HIv3___RNAseq.g37645.t1/Montipora_capitata_HIv3___RNAseq.g43161.t1a/Montipora_capitata_HIv3___RNAseq.g9918.t1/Montipora_capitata_HIv3___RNAseq.g33449.t1/Montipora_capitata_HIv3___TS.g21293.t1/Montipora_capitata_HIv3___RNAseq.g41226.t1/Montipora_capitata_HIv3___RNAseq.g8867.t2/Montipora_capitata_HIv3___RNAseq.g44445.t1/Montipora_capitata_HIv3___RNAseq.g14960.t1,0.9642281804580152,cellular biosynthetic process,BP
GO:0120025,plasma membrane bounded cell projection,12/85,1316/8363,0.7045901709205024,0.8791718199657339,12,1316,Montipora_capitata_HIv3___RNAseq.g36838.t1/Montipora_capitata_HIv3___RNAseq.g23734.t3/Montipora_capitata_HIv3___RNAseq.g35804.t1/Montipora_capitata_HIv3___RNAseq.g5395.t1/Montipora_capitata_HIv3___RNAseq.g22865.t1/Montipora_capitata_HIv3___TS.g5595.t1/Montipora_capitata_HIv3___RNAseq.g36907.t1/Montipora_capitata_HIv3___RNAseq.g24942.t1/Montipora_capitata_HIv3___RNAseq.g44814.t1/Montipora_capitata_HIv3___RNAseq.g35720.t1/Montipora_capitata_HIv3___TS.g33523.t1/Montipora_capitata_HIv3___RNAseq.g23366.t1,0.9642281804580152,plasma membrane bounded cell projection,CC
GO:0032870,cellular response to hormone stimulus,3/85,356/8363,0.7080933684324646,0.8213720531951563,3,356,Montipora_capitata_HIv3___TS.g27540.t1/Montipora_capitata_HIv3___RNAseq.g24942.t1/Montipora_capitata_HIv3___RNAseq.g44814.t1,0.9657951556021931,cellular response to hormone stimulus,BP
GO:0010628,positive regulation of gene expression,10/85,1111/8363,0.7084059976184325,0.8691878163472949,10,1111,Montipora_capitata_HIv3___TS.g1118.t1/Montipora_capitata_HIv3___RNAseq.g7741.t1/Montipora_capitata_HIv3___RNAseq.g44960.t2/Montipora_capitata_HIv3___RNAseq.21467_t/Montipora_capitata_HIv3___RNAseq.g45527.t1/Montipora_capitata_HIv3___RNAseq.g35008.t1/Montipora_capitata_HIv3___RNAseq.g44814.t1/Montipora_capitata_HIv3___RNAseq.g43161.t1a/Montipora_capitata_HIv3___TS.g10359.t4b/Montipora_capitata_HIv3___RNAseq.g44445.t1,0.9657951556021931,positive regulation of gene expression,BP
GO:0044271,cellular nitrogen compound biosynthetic process,12/85,1320/8363,0.708712991880746,0.8759779424359775,12,1320,Montipora_capitata_HIv3___RNAseq.g40427.t1a/Montipora_capitata_HIv3___RNAseq.g7741.t1/Montipora_capitata_HIv3___RNAseq.g45527.t1/Montipora_capitata_HIv3___RNAseq.g44814.t1/Montipora_capitata_HIv3___RNAseq.g30678.t1b/Montipora_capitata_HIv3___RNAseq.g40991.t1/Montipora_capitata_HIv3___RNAseq.g43161.t1a/Montipora_capitata_HIv3___RNAseq.g9918.t1/Montipora_capitata_HIv3___TS.g21293.t1/Montipora_capitata_HIv3___RNAseq.g41226.t1/Montipora_capitata_HIv3___RNAseq.g44445.t1/Montipora_capitata_HIv3___RNAseq.g14960.t1,0.9657951556021931,cellular nitrogen compound biosynthetic process,BP
GO:0050789,regulation of biological process,51/85,5211/8363,0.7123170681566929,0.9064078514083882,51,5211,Montipora_capitata_HIv3___RNAseq.g7992.t1/Montipora_capitata_HIv3___TS.g1118.t1/Montipora_capitata_HIv3___RNAseq.g23734.t3/Montipora_capitata_HIv3___RNAseq.g35804.t1/Montipora_capitata_HIv3___TS.g10979.t1/Montipora_capitata_HIv3___RNAseq.g5395.t1/Montipora_capitata_HIv3___RNAseq.g22865.t1/Montipora_capitata_HIv3___RNAseq.g23733.t1/Montipora_capitata_HIv3___RNAseq.g11548.t1/Montipora_capitata_HIv3___RNAseq.g7741.t1/Montipora_capitata_HIv3___TS.g29616.t1/Montipora_capitata_HIv3___RNAseq.g2640.t1a/Montipora_capitata_HIv3___TS.g27540.t1/Montipora_capitata_HIv3___RNAseq.g24139.t1/Montipora_capitata_HIv3___RNAseq.g46819.t1/Montipora_capitata_HIv3___RNAseq.g12596.t1/Montipora_capitata_HIv3___RNAseq.g11237.t1/Montipora_capitata_HIv3___RNAseq.g44960.t2/Montipora_capitata_HIv3___TS.g32048.t1/Montipora_capitata_HIv3___RNAseq.21467_t/Montipora_capitata_HIv3___RNAseq.g37193.t1/Montipora_capitata_HIv3___RNAseq.g29879.t1b/Montipora_capitata_HIv3___RNAseq.g35718.t1/Montipora_capitata_HIv3___RNAseq.g39648.t1/Montipora_capitata_HIv3___RNAseq.g36907.t1/Montipora_capitata_HIv3___RNAseq.g45527.t1/Montipora_capitata_HIv3___RNAseq.g35008.t1/Montipora_capitata_HIv3___RNAseq.g46378.t1/Montipora_capitata_HIv3___RNAseq.g24942.t1/Montipora_capitata_HIv3___RNAseq.g44814.t1/Montipora_capitata_HIv3___RNAseq.g35720.t1/Montipora_capitata_HIv3___RNAseq.g30678.t1b/Montipora_capitata_HIv3___RNAseq.g15186.t1/Montipora_capitata_HIv3___RNAseq.g28405.t2/Montipora_capitata_HIv3___RNAseq.g40991.t1/Montipora_capitata_HIv3___RNAseq.g14965.t1/Montipora_capitata_HIv3___RNAseq.g37645.t1/Montipora_capitata_HIv3___RNAseq.g42092.t1/Montipora_capitata_HIv3___RNAseq.g43161.t1a/Montipora_capitata_HIv3___RNAseq.g9918.t1/Montipora_capitata_HIv3___TS.g33523.t1/Montipora_capitata_HIv3___RNAseq.g4241.t1/Montipora_capitata_HIv3___RNAseq.g47955.t1/Montipora_capitata_HIv3___RNAseq.g6934.t1/Montipora_capitata_HIv3___RNAseq.g23464.t1/Montipora_capitata_HIv3___RNAseq.g4457.t1/Montipora_capitata_HIv3___TS.g10359.t4b/Montipora_capitata_HIv3___RNAseq.g41226.t1/Montipora_capitata_HIv3___RNAseq.g8867.t2/Montipora_capitata_HIv3___RNAseq.g44445.t1/Montipora_capitata_HIv3___RNAseq.g23366.t1,0.9674122977321704,regulation of biological process,BP
GO:1903827,GO:1903827,3/85,359/8363,0.7135017670703563,0.8141425293310411,3,359,Montipora_capitata_HIv3___TS.g1118.t1/Montipora_capitata_HIv3___RNAseq.g5395.t1/Montipora_capitata_HIv3___RNAseq.g37193.t1,0.9674122977321704,NA,NA
GO:0042995,cell projection,12/85,1325/8363,0.713819127253956,0.8720128297010596,12,1325,Montipora_capitata_HIv3___RNAseq.g36838.t1/Montipora_capitata_HIv3___RNAseq.g23734.t3/Montipora_capitata_HIv3___RNAseq.g35804.t1/Montipora_capitata_HIv3___RNAseq.g5395.t1/Montipora_capitata_HIv3___RNAseq.g22865.t1/Montipora_capitata_HIv3___TS.g5595.t1/Montipora_capitata_HIv3___RNAseq.g36907.t1/Montipora_capitata_HIv3___RNAseq.g24942.t1/Montipora_capitata_HIv3___RNAseq.g44814.t1/Montipora_capitata_HIv3___RNAseq.g35720.t1/Montipora_capitata_HIv3___TS.g33523.t1/Montipora_capitata_HIv3___RNAseq.g23366.t1,0.9674122977321704,cell projection,CC
GO:0031328,positive regulation of cellular biosynthetic process,10/85,1116/8363,0.7138767006903375,0.8646534712233019,10,1116,Montipora_capitata_HIv3___TS.g1118.t1/Montipora_capitata_HIv3___RNAseq.g7741.t1/Montipora_capitata_HIv3___RNAseq.g46819.t1/Montipora_capitata_HIv3___RNAseq.g44960.t2/Montipora_capitata_HIv3___RNAseq.21467_t/Montipora_capitata_HIv3___RNAseq.g45527.t1/Montipora_capitata_HIv3___RNAseq.g35008.t1/Montipora_capitata_HIv3___RNAseq.g44814.t1/Montipora_capitata_HIv3___RNAseq.g43161.t1a/Montipora_capitata_HIv3___RNAseq.g44445.t1,0.9674122977321704,positive regulation of cellular biosynthetic process,BP
GO:2000112,GO:2000112,17/85,1842/8363,0.714978716106188,0.8839859237565469,17,1842,Montipora_capitata_HIv3___TS.g1118.t1/Montipora_capitata_HIv3___TS.g10979.t1/Montipora_capitata_HIv3___RNAseq.g11548.t1/Montipora_capitata_HIv3___RNAseq.g7741.t1/Montipora_capitata_HIv3___RNAseq.g46819.t1/Montipora_capitata_HIv3___RNAseq.g44960.t2/Montipora_capitata_HIv3___RNAseq.21467_t/Montipora_capitata_HIv3___RNAseq.g45527.t1/Montipora_capitata_HIv3___RNAseq.g35008.t1/Montipora_capitata_HIv3___RNAseq.g24942.t1/Montipora_capitata_HIv3___RNAseq.g44814.t1/Montipora_capitata_HIv3___RNAseq.g28405.t2/Montipora_capitata_HIv3___RNAseq.g40991.t1/Montipora_capitata_HIv3___RNAseq.g43161.t1a/Montipora_capitata_HIv3___RNAseq.g47955.t1/Montipora_capitata_HIv3___RNAseq.g41226.t1/Montipora_capitata_HIv3___RNAseq.g44445.t1,0.9675581234649804,NA,NA
GO:0009889,regulation of biosynthetic process,19/85,2052/8363,0.7199838704648485,0.8843242235446358,19,2052,Montipora_capitata_HIv3___TS.g1118.t1/Montipora_capitata_HIv3___TS.g10979.t1/Montipora_capitata_HIv3___RNAseq.g11548.t1/Montipora_capitata_HIv3___RNAseq.g7741.t1/Montipora_capitata_HIv3___RNAseq.g46819.t1/Montipora_capitata_HIv3___RNAseq.g44960.t2/Montipora_capitata_HIv3___RNAseq.21467_t/Montipora_capitata_HIv3___RNAseq.g45527.t1/Montipora_capitata_HIv3___RNAseq.g35008.t1/Montipora_capitata_HIv3___RNAseq.g46378.t1/Montipora_capitata_HIv3___RNAseq.g24942.t1/Montipora_capitata_HIv3___RNAseq.g44814.t1/Montipora_capitata_HIv3___RNAseq.g28405.t2/Montipora_capitata_HIv3___RNAseq.g40991.t1/Montipora_capitata_HIv3___RNAseq.g43161.t1a/Montipora_capitata_HIv3___TS.g33523.t1/Montipora_capitata_HIv3___RNAseq.g47955.t1/Montipora_capitata_HIv3___RNAseq.g41226.t1/Montipora_capitata_HIv3___RNAseq.g44445.t1,0.9729782027254134,regulation of biosynthetic process,BP
GO:0000902,cell morphogenesis,6/85,698/8363,0.7238454345612855,0.8325916927889824,6,698,Montipora_capitata_HIv3___RNAseq.g23734.t3/Montipora_capitata_HIv3___RNAseq.g35804.t1/Montipora_capitata_HIv3___RNAseq.g35008.t1/Montipora_capitata_HIv3___RNAseq.g24942.t1/Montipora_capitata_HIv3___RNAseq.g35720.t1/Montipora_capitata_HIv3___RNAseq.g6934.t1,0.9735639645264736,cell morphogenesis,BP
GO:0000904,GO:0000904,5/85,589/8363,0.7242318172389504,0.8234237315993662,5,589,Montipora_capitata_HIv3___RNAseq.g23734.t3/Montipora_capitata_HIv3___RNAseq.g35804.t1/Montipora_capitata_HIv3___RNAseq.g35008.t1/Montipora_capitata_HIv3___RNAseq.g24942.t1/Montipora_capitata_HIv3___RNAseq.g35720.t1,0.9735639645264736,NA,NA
GO:0034622,GO:0034622,5/85,589/8363,0.7242318172389504,0.8234237315993662,5,589,Montipora_capitata_HIv3___RNAseq.g36838.t1/Montipora_capitata_HIv3___TS.g5595.t1/Montipora_capitata_HIv3___RNAseq.g27546.t1/Montipora_capitata_HIv3___RNAseq.g40982.t1a/Montipora_capitata_HIv3___RNAseq.g47955.t1,0.9735639645264736,NA,NA
GO:0051094,positive regulation of developmental process,8/85,914/8363,0.7247446608128753,0.845376918087885,8,914,Montipora_capitata_HIv3___RNAseq.g5395.t1/Montipora_capitata_HIv3___RNAseq.g44960.t2/Montipora_capitata_HIv3___RNAseq.21467_t/Montipora_capitata_HIv3___RNAseq.g35008.t1/Montipora_capitata_HIv3___RNAseq.g46378.t1/Montipora_capitata_HIv3___RNAseq.g24942.t1/Montipora_capitata_HIv3___RNAseq.g44814.t1/Montipora_capitata_HIv3___TS.g10359.t4b,0.9735639645264736,positive regulation of developmental process,BP
GO:0009628,response to abiotic stimulus,9/85,1021/8363,0.7254202202278452,0.8502850393785911,9,1021,Montipora_capitata_HIv3___RNAseq.g7741.t1/Montipora_capitata_HIv3___RNAseq.g38848.t1/Montipora_capitata_HIv3___RNAseq.g24942.t1/Montipora_capitata_HIv3___RNAseq.g44814.t1/Montipora_capitata_HIv3___RNAseq.g20250.t1/Montipora_capitata_HIv3___TS.g4674.t2b/Montipora_capitata_HIv3___RNAseq.g43161.t1a/Montipora_capitata_HIv3___RNAseq.g8867.t2/Montipora_capitata_HIv3___RNAseq.g23366.t1,0.9735639645264736,response to abiotic stimulus,BP
GO:0009725,response to hormone,5/85,592/8363,0.7284163632967279,0.8188958483843214,5,592,Montipora_capitata_HIv3___TS.g27540.t1/Montipora_capitata_HIv3___RNAseq.g46378.t1/Montipora_capitata_HIv3___RNAseq.g24942.t1/Montipora_capitata_HIv3___RNAseq.g44814.t1/Montipora_capitata_HIv3___RNAseq.g33449.t1,0.9762384593494713,response to hormone,BP
GO:0030234,enzyme regulator activity,4/85,482/8363,0.730125613305918,0.8058389636290632,4,482,Montipora_capitata_HIv3___TS.g1118.t1/Montipora_capitata_HIv3___TS.g32048.t1/Montipora_capitata_HIv3___RNAseq.g37193.t1/Montipora_capitata_HIv3___RNAseq.g41226.t1,0.9764767157561639,enzyme regulator activity,MF
GO:0005737,cytoplasm,61/85,6192/8363,0.7315302599011022,0.8900837386851221,61,6192,Montipora_capitata_HIv3___RNAseq.g7992.t1/Montipora_capitata_HIv3___TS.g1118.t1/Montipora_capitata_HIv3___RNAseq.g36838.t1/Montipora_capitata_HIv3___RNAseq.g23734.t3/Montipora_capitata_HIv3___RNAseq.g35804.t1/Montipora_capitata_HIv3___RNAseq.g40427.t1a/Montipora_capitata_HIv3___RNAseq.g23762.t1/Montipora_capitata_HIv3___RNAseq.g5395.t1/Montipora_capitata_HIv3___RNAseq.g22865.t1/Montipora_capitata_HIv3___RNAseq.g11548.t1/Montipora_capitata_HIv3___RNAseq.g7741.t1/Montipora_capitata_HIv3___TS.g29616.t1/Montipora_capitata_HIv3___RNAseq.g7739.t1/Montipora_capitata_HIv3___RNAseq.g26580.t1/Montipora_capitata_HIv3___RNAseq.g2640.t1a/Montipora_capitata_HIv3___TS.g5595.t1/Montipora_capitata_HIv3___RNAseq.g36836.t1/Montipora_capitata_HIv3___RNAseq.g27546.t1/Montipora_capitata_HIv3___RNAseq.g24139.t1/Montipora_capitata_HIv3___RNAseq.g46819.t1/Montipora_capitata_HIv3___RNAseq.g12596.t1/Montipora_capitata_HIv3___RNAseq.g44960.t2/Montipora_capitata_HIv3___RNAseq.21467_t/Montipora_capitata_HIv3___RNAseq.g9026.t1/Montipora_capitata_HIv3___RNAseq.g37193.t1/Montipora_capitata_HIv3___RNAseq.g29879.t1b/Montipora_capitata_HIv3___TS.g40937.t3b/Montipora_capitata_HIv3___RNAseq.g38848.t1/Montipora_capitata_HIv3___RNAseq.g27709.t1/Montipora_capitata_HIv3___RNAseq.g36907.t1/Montipora_capitata_HIv3___RNAseq.g35008.t1/Montipora_capitata_HIv3___RNAseq.g40982.t1a/Montipora_capitata_HIv3___RNAseq.g46378.t1/Montipora_capitata_HIv3___RNAseq.g24942.t1/Montipora_capitata_HIv3___RNAseq.g44814.t1/Montipora_capitata_HIv3___RNAseq.g35720.t1/Montipora_capitata_HIv3___RNAseq.g14515.t1/Montipora_capitata_HIv3___RNAseq.g30678.t1b/Montipora_capitata_HIv3___RNAseq.g15186.t1/Montipora_capitata_HIv3___RNAseq.g40991.t1/Montipora_capitata_HIv3___RNAseq.g14965.t1/Montipora_capitata_HIv3___TS.g4674.t2b/Montipora_capitata_HIv3___RNAseq.g37645.t1/Montipora_capitata_HIv3___RNAseq.g43161.t1a/Montipora_capitata_HIv3___RNAseq.g22553.t1c/Montipora_capitata_HIv3___RNAseq.g9918.t1/Montipora_capitata_HIv3___RNAseq.g33449.t1/Montipora_capitata_HIv3___RNAseq.g9060.t1/Montipora_capitata_HIv3___TS.g33523.t1/Montipora_capitata_HIv3___RNAseq.g4241.t1/Montipora_capitata_HIv3___RNAseq.g47955.t1/Montipora_capitata_HIv3___RNAseq.g11214.t1/Montipora_capitata_HIv3___RNAseq.g33997.t1/Montipora_capitata_HIv3___RNAseq.g9561.t1/Montipora_capitata_HIv3___TS.g10359.t4b/Montipora_capitata_HIv3___RNAseq.g41226.t1/Montipora_capitata_HIv3___RNAseq.g8867.t2/Montipora_capitata_HIv3___RNAseq.g44445.t1/Montipora_capitata_HIv3___RNAseq.g14960.t1/Montipora_capitata_HIv3___RNAseq.g23366.t1/Montipora_capitata_HIv3___RNAseq.g18391.t1,0.9764767157561639,cytoplasm,CC
GO:0046483,heterocycle metabolic process,22/85,2371/8363,0.731604856923169,0.8814309168500366,22,2371,Montipora_capitata_HIv3___TS.g1118.t1/Montipora_capitata_HIv3___RNAseq.g40427.t1a/Montipora_capitata_HIv3___RNAseq.g7741.t1/Montipora_capitata_HIv3___RNAseq.g33991.t1/Montipora_capitata_HIv3___TS.g28995.t1/Montipora_capitata_HIv3___RNAseq.g33992.t1/Montipora_capitata_HIv3___RNAseq.g45527.t1/Montipora_capitata_HIv3___RNAseq.g44814.t1/Montipora_capitata_HIv3___RNAseq.g30678.t1b/Montipora_capitata_HIv3___RNAseq.g15186.t1/Montipora_capitata_HIv3___RNAseq.g40991.t1/Montipora_capitata_HIv3___RNAseq.g14965.t1/Montipora_capitata_HIv3___RNAseq.g47379.t1/Montipora_capitata_HIv3___RNAseq.g43161.t1a/Montipora_capitata_HIv3___TS.g33523.t1/Montipora_capitata_HIv3___RNAseq.g4241.t1/Montipora_capitata_HIv3___RNAseq.g47955.t1/Montipora_capitata_HIv3___TS.g21293.t1/Montipora_capitata_HIv3___RNAseq.g9561.t1/Montipora_capitata_HIv3___RNAseq.g8867.t2/Montipora_capitata_HIv3___RNAseq.g44445.t1/Montipora_capitata_HIv3___RNAseq.g14960.t1,0.9764767157561639,heterocycle metabolic process,BP
GO:1901576,organic substance biosynthetic process,20/85,2169/8363,0.7326629943099805,0.8775610860363209,20,2169,Montipora_capitata_HIv3___RNAseq.g40427.t1a/Montipora_capitata_HIv3___RNAseq.g7741.t1/Montipora_capitata_HIv3___RNAseq.g36836.t1/Montipora_capitata_HIv3___RNAseq.g37193.t1/Montipora_capitata_HIv3___RNAseq.g27709.t1/Montipora_capitata_HIv3___RNAseq.g45527.t1/Montipora_capitata_HIv3___RNAseq.g46378.t1/Montipora_capitata_HIv3___RNAseq.g44814.t1/Montipora_capitata_HIv3___RNAseq.g30678.t1b/Montipora_capitata_HIv3___RNAseq.g40991.t1/Montipora_capitata_HIv3___RNAseq.g14965.t1/Montipora_capitata_HIv3___RNAseq.g37645.t1/Montipora_capitata_HIv3___RNAseq.g43161.t1a/Montipora_capitata_HIv3___RNAseq.g9918.t1/Montipora_capitata_HIv3___RNAseq.g33449.t1/Montipora_capitata_HIv3___TS.g21293.t1/Montipora_capitata_HIv3___RNAseq.g41226.t1/Montipora_capitata_HIv3___RNAseq.g8867.t2/Montipora_capitata_HIv3___RNAseq.g44445.t1/Montipora_capitata_HIv3___RNAseq.g14960.t1,0.9765494431008369,organic substance biosynthetic process,BP
GO:0003006,developmental process involved in reproduction,9/85,1032/8363,0.7373983481135193,0.8398645608458523,9,1032,Montipora_capitata_HIv3___TS.g5595.t1/Montipora_capitata_HIv3___RNAseq.g36907.t1/Montipora_capitata_HIv3___RNAseq.g35008.t1/Montipora_capitata_HIv3___RNAseq.g46378.t1/Montipora_capitata_HIv3___RNAseq.g24942.t1/Montipora_capitata_HIv3___RNAseq.g44814.t1/Montipora_capitata_HIv3___RNAseq.g42092.t1/Montipora_capitata_HIv3___RNAseq.g33449.t1/Montipora_capitata_HIv3___RNAseq.g47955.t1,0.9799318849966405,developmental process involved in reproduction,BP
GO:0098655,monoatomic cation transmembrane transport,3/85,373/8363,0.7377421192654716,0.7819545778637109,3,373,Montipora_capitata_HIv3___RNAseq.g24139.t1/Montipora_capitata_HIv3___RNAseq.g38848.t1/Montipora_capitata_HIv3___RNAseq.g36907.t1,0.9799318849966405,monoatomic cation transmembrane transport,BP
GO:0006812,monoatomic cation transport,4/85,489/8363,0.7405799364061683,0.7934956836462783,4,489,Montipora_capitata_HIv3___RNAseq.g24139.t1/Montipora_capitata_HIv3___RNAseq.g38848.t1/Montipora_capitata_HIv3___RNAseq.g36907.t1/Montipora_capitata_HIv3___RNAseq.g46378.t1,0.9799318849966405,monoatomic cation transport,BP
GO:0009891,positive regulation of biosynthetic process,10/85,1142/8363,0.741304222047922,0.8417187339902618,10,1142,Montipora_capitata_HIv3___TS.g1118.t1/Montipora_capitata_HIv3___RNAseq.g7741.t1/Montipora_capitata_HIv3___RNAseq.g46819.t1/Montipora_capitata_HIv3___RNAseq.g44960.t2/Montipora_capitata_HIv3___RNAseq.21467_t/Montipora_capitata_HIv3___RNAseq.g45527.t1/Montipora_capitata_HIv3___RNAseq.g35008.t1/Montipora_capitata_HIv3___RNAseq.g44814.t1/Montipora_capitata_HIv3___RNAseq.g43161.t1a/Montipora_capitata_HIv3___RNAseq.g44445.t1,0.9799318849966405,positive regulation of biosynthetic process,BP
GO:0031982,vesicle,12/85,1354/8363,0.7423756508308987,0.8496168808906889,12,1354,Montipora_capitata_HIv3___RNAseq.g5395.t1/Montipora_capitata_HIv3___RNAseq.g2640.t1a/Montipora_capitata_HIv3___RNAseq.g44960.t2/Montipora_capitata_HIv3___RNAseq.21467_t/Montipora_capitata_HIv3___RNAseq.g9026.t1/Montipora_capitata_HIv3___RNAseq.g38848.t1/Montipora_capitata_HIv3___RNAseq.g35008.t1/Montipora_capitata_HIv3___RNAseq.g24942.t1/Montipora_capitata_HIv3___TS.g4674.t2b/Montipora_capitata_HIv3___TS.g33523.t1/Montipora_capitata_HIv3___RNAseq.g33997.t1/Montipora_capitata_HIv3___RNAseq.g23366.t1,0.9799318849966405,vesicle,CC
GO:0051171,regulation of nitrogen compound metabolic process,26/85,2789/8363,0.7423934947612818,0.8796211547093616,26,2789,Montipora_capitata_HIv3___TS.g1118.t1/Montipora_capitata_HIv3___TS.g10979.t1/Montipora_capitata_HIv3___RNAseq.g5395.t1/Montipora_capitata_HIv3___RNAseq.g11548.t1/Montipora_capitata_HIv3___RNAseq.g7741.t1/Montipora_capitata_HIv3___TS.g27540.t1/Montipora_capitata_HIv3___RNAseq.g44960.t2/Montipora_capitata_HIv3___TS.g32048.t1/Montipora_capitata_HIv3___RNAseq.21467_t/Montipora_capitata_HIv3___RNAseq.g37193.t1/Montipora_capitata_HIv3___RNAseq.g36907.t1/Montipora_capitata_HIv3___RNAseq.g45527.t1/Montipora_capitata_HIv3___RNAseq.g35008.t1/Montipora_capitata_HIv3___RNAseq.g24942.t1/Montipora_capitata_HIv3___RNAseq.g44814.t1/Montipora_capitata_HIv3___RNAseq.g30678.t1b/Montipora_capitata_HIv3___RNAseq.g28405.t2/Montipora_capitata_HIv3___RNAseq.g40991.t1/Montipora_capitata_HIv3___RNAseq.g14965.t1/Montipora_capitata_HIv3___RNAseq.g42092.t1/Montipora_capitata_HIv3___RNAseq.g43161.t1a/Montipora_capitata_HIv3___TS.g33523.t1/Montipora_capitata_HIv3___RNAseq.g47955.t1/Montipora_capitata_HIv3___TS.g10359.t4b/Montipora_capitata_HIv3___RNAseq.g41226.t1/Montipora_capitata_HIv3___RNAseq.g44445.t1,0.9799318849966405,regulation of nitrogen compound metabolic process,BP
GO:1903506,GO:1903506,14/85,1565/8363,0.7442182967245672,0.8552387146281238,14,1565,Montipora_capitata_HIv3___TS.g1118.t1/Montipora_capitata_HIv3___TS.g10979.t1/Montipora_capitata_HIv3___RNAseq.g11548.t1/Montipora_capitata_HIv3___RNAseq.g7741.t1/Montipora_capitata_HIv3___RNAseq.g44960.t2/Montipora_capitata_HIv3___RNAseq.21467_t/Montipora_capitata_HIv3___RNAseq.g45527.t1/Montipora_capitata_HIv3___RNAseq.g35008.t1/Montipora_capitata_HIv3___RNAseq.g44814.t1/Montipora_capitata_HIv3___RNAseq.g28405.t2/Montipora_capitata_HIv3___RNAseq.g40991.t1/Montipora_capitata_HIv3___RNAseq.g43161.t1a/Montipora_capitata_HIv3___RNAseq.g47955.t1/Montipora_capitata_HIv3___RNAseq.g44445.t1,0.9799318849966405,NA,NA
GO:0043603,amide metabolic process,5/85,604/8363,0.7447090927902282,0.801237640086923,5,604,Montipora_capitata_HIv3___RNAseq.g40427.t1a/Montipora_capitata_HIv3___RNAseq.g37645.t1/Montipora_capitata_HIv3___TS.g33523.t1/Montipora_capitata_HIv3___RNAseq.g41226.t1/Montipora_capitata_HIv3___RNAseq.g14960.t1,0.9799318849966405,amide metabolic process,BP
GO:2001141,regulation of RNA biosynthetic process,14/85,1568/8363,0.7469064843356189,0.8532072549452405,14,1568,Montipora_capitata_HIv3___TS.g1118.t1/Montipora_capitata_HIv3___TS.g10979.t1/Montipora_capitata_HIv3___RNAseq.g11548.t1/Montipora_capitata_HIv3___RNAseq.g7741.t1/Montipora_capitata_HIv3___RNAseq.g44960.t2/Montipora_capitata_HIv3___RNAseq.21467_t/Montipora_capitata_HIv3___RNAseq.g45527.t1/Montipora_capitata_HIv3___RNAseq.g35008.t1/Montipora_capitata_HIv3___RNAseq.g44814.t1/Montipora_capitata_HIv3___RNAseq.g28405.t2/Montipora_capitata_HIv3___RNAseq.g40991.t1/Montipora_capitata_HIv3___RNAseq.g43161.t1a/Montipora_capitata_HIv3___RNAseq.g47955.t1/Montipora_capitata_HIv3___RNAseq.g44445.t1,0.9799318849966405,regulation of RNA biosynthetic process,BP
GO:0099568,cytoplasmic region,3/85,379/8363,0.7476328943848874,0.7688933721900328,3,379,Montipora_capitata_HIv3___RNAseq.g36838.t1/Montipora_capitata_HIv3___RNAseq.g22865.t1/Montipora_capitata_HIv3___TS.g5595.t1,0.9799318849966405,cytoplasmic region,CC
GO:0060255,regulation of macromolecule metabolic process,28/85,2998/8363,0.7483514811359866,0.8779230685330215,28,2998,Montipora_capitata_HIv3___TS.g1118.t1/Montipora_capitata_HIv3___TS.g10979.t1/Montipora_capitata_HIv3___RNAseq.g5395.t1/Montipora_capitata_HIv3___RNAseq.g11548.t1/Montipora_capitata_HIv3___RNAseq.g7741.t1/Montipora_capitata_HIv3___TS.g27540.t1/Montipora_capitata_HIv3___RNAseq.g46819.t1/Montipora_capitata_HIv3___RNAseq.g44960.t2/Montipora_capitata_HIv3___TS.g32048.t1/Montipora_capitata_HIv3___RNAseq.21467_t/Montipora_capitata_HIv3___RNAseq.g37193.t1/Montipora_capitata_HIv3___RNAseq.g36907.t1/Montipora_capitata_HIv3___RNAseq.g45527.t1/Montipora_capitata_HIv3___RNAseq.g35008.t1/Montipora_capitata_HIv3___RNAseq.g24942.t1/Montipora_capitata_HIv3___RNAseq.g44814.t1/Montipora_capitata_HIv3___RNAseq.g30678.t1b/Montipora_capitata_HIv3___RNAseq.g28405.t2/Montipora_capitata_HIv3___RNAseq.g40991.t1/Montipora_capitata_HIv3___RNAseq.g14965.t1/Montipora_capitata_HIv3___RNAseq.g42092.t1/Montipora_capitata_HIv3___RNAseq.g43161.t1a/Montipora_capitata_HIv3___TS.g33523.t1/Montipora_capitata_HIv3___RNAseq.g4241.t1/Montipora_capitata_HIv3___RNAseq.g47955.t1/Montipora_capitata_HIv3___TS.g10359.t4b/Montipora_capitata_HIv3___RNAseq.g41226.t1/Montipora_capitata_HIv3___RNAseq.g44445.t1,0.9799318849966405,regulation of macromolecule metabolic process,BP
GO:0045786,negative regulation of cell cycle,3/85,380/8363,0.7492526616425105,0.7667569161569895,3,380,Montipora_capitata_HIv3___RNAseq.g7741.t1/Montipora_capitata_HIv3___RNAseq.g14965.t1/Montipora_capitata_HIv3___RNAseq.g43161.t1a,0.9799318849966405,negative regulation of cell cycle,BP
GO:0031667,response to nutrient levels,4/85,495/8363,0.7493004341598155,0.7831957643469334,4,495,Montipora_capitata_HIv3___RNAseq.g46378.t1/Montipora_capitata_HIv3___RNAseq.g44814.t1/Montipora_capitata_HIv3___RNAseq.g33449.t1/Montipora_capitata_HIv3___TS.g33523.t1,0.9799318849966405,response to nutrient levels,BP
GO:0000122,negative regulation of transcription by RNA polymerase II,4/85,495/8363,0.7493004341598155,0.7831957643469334,4,495,Montipora_capitata_HIv3___RNAseq.g44960.t2/Montipora_capitata_HIv3___RNAseq.21467_t/Montipora_capitata_HIv3___RNAseq.g35008.t1/Montipora_capitata_HIv3___RNAseq.g44814.t1,0.9799318849966405,negative regulation of transcription by RNA polymerase II,BP
GO:0007049,cell cycle,8/85,937/8363,0.7505488572746872,0.8219277871267616,8,937,Montipora_capitata_HIv3___RNAseq.g5395.t1/Montipora_capitata_HIv3___RNAseq.g22865.t1/Montipora_capitata_HIv3___RNAseq.g7741.t1/Montipora_capitata_HIv3___RNAseq.g26580.t1/Montipora_capitata_HIv3___RNAseq.g46378.t1/Montipora_capitata_HIv3___RNAseq.g14965.t1/Montipora_capitata_HIv3___RNAseq.g43161.t1a/Montipora_capitata_HIv3___TS.g10359.t4b,0.9802470310446587,cell cycle,BP
GO:0009058,biosynthetic process,20/85,2197/8363,0.7551547756497247,0.8623192209623399,20,2197,Montipora_capitata_HIv3___RNAseq.g40427.t1a/Montipora_capitata_HIv3___RNAseq.g7741.t1/Montipora_capitata_HIv3___RNAseq.g36836.t1/Montipora_capitata_HIv3___RNAseq.g37193.t1/Montipora_capitata_HIv3___RNAseq.g27709.t1/Montipora_capitata_HIv3___RNAseq.g45527.t1/Montipora_capitata_HIv3___RNAseq.g46378.t1/Montipora_capitata_HIv3___RNAseq.g44814.t1/Montipora_capitata_HIv3___RNAseq.g30678.t1b/Montipora_capitata_HIv3___RNAseq.g40991.t1/Montipora_capitata_HIv3___RNAseq.g14965.t1/Montipora_capitata_HIv3___RNAseq.g37645.t1/Montipora_capitata_HIv3___RNAseq.g43161.t1a/Montipora_capitata_HIv3___RNAseq.g9918.t1/Montipora_capitata_HIv3___RNAseq.g33449.t1/Montipora_capitata_HIv3___TS.g21293.t1/Montipora_capitata_HIv3___RNAseq.g41226.t1/Montipora_capitata_HIv3___RNAseq.g8867.t2/Montipora_capitata_HIv3___RNAseq.g44445.t1/Montipora_capitata_HIv3___RNAseq.g14960.t1,0.9848895351189875,biosynthetic process,BP
GO:0031326,regulation of cellular biosynthetic process,18/85,1993/8363,0.7561279370337961,0.8574060359564173,18,1993,Montipora_capitata_HIv3___TS.g1118.t1/Montipora_capitata_HIv3___TS.g10979.t1/Montipora_capitata_HIv3___RNAseq.g11548.t1/Montipora_capitata_HIv3___RNAseq.g7741.t1/Montipora_capitata_HIv3___RNAseq.g46819.t1/Montipora_capitata_HIv3___RNAseq.g44960.t2/Montipora_capitata_HIv3___RNAseq.21467_t/Montipora_capitata_HIv3___RNAseq.g45527.t1/Montipora_capitata_HIv3___RNAseq.g35008.t1/Montipora_capitata_HIv3___RNAseq.g46378.t1/Montipora_capitata_HIv3___RNAseq.g24942.t1/Montipora_capitata_HIv3___RNAseq.g44814.t1/Montipora_capitata_HIv3___RNAseq.g28405.t2/Montipora_capitata_HIv3___RNAseq.g40991.t1/Montipora_capitata_HIv3___RNAseq.g43161.t1a/Montipora_capitata_HIv3___RNAseq.g47955.t1/Montipora_capitata_HIv3___RNAseq.g41226.t1/Montipora_capitata_HIv3___RNAseq.g44445.t1,0.9848895351189875,regulation of cellular biosynthetic process,BP
GO:0022613,ribonucleoprotein complex biogenesis,3/85,389/8363,0.7634656185113143,0.7480268547870692,3,389,Montipora_capitata_HIv3___RNAseq.g27546.t1/Montipora_capitata_HIv3___RNAseq.g47379.t1/Montipora_capitata_HIv3___RNAseq.g47955.t1,0.9924583054023349,ribonucleoprotein complex biogenesis,BP
GO:0006357,regulation of transcription by RNA polymerase II,10/85,1165/8363,0.7641143059128326,0.8222981220533114,10,1165,Montipora_capitata_HIv3___TS.g10979.t1/Montipora_capitata_HIv3___RNAseq.g7741.t1/Montipora_capitata_HIv3___RNAseq.g44960.t2/Montipora_capitata_HIv3___RNAseq.21467_t/Montipora_capitata_HIv3___RNAseq.g45527.t1/Montipora_capitata_HIv3___RNAseq.g35008.t1/Montipora_capitata_HIv3___RNAseq.g44814.t1/Montipora_capitata_HIv3___RNAseq.g28405.t2/Montipora_capitata_HIv3___RNAseq.g40991.t1/Montipora_capitata_HIv3___RNAseq.g44445.t1,0.9924583054023349,regulation of transcription by RNA polymerase II,BP
GO:0045935,positive regulation of nucleobase-containing compound metabolic process,9/85,1059/8363,0.7653417878138772,0.815210648959547,9,1059,Montipora_capitata_HIv3___TS.g1118.t1/Montipora_capitata_HIv3___RNAseq.g7741.t1/Montipora_capitata_HIv3___RNAseq.g44960.t2/Montipora_capitata_HIv3___RNAseq.21467_t/Montipora_capitata_HIv3___RNAseq.g45527.t1/Montipora_capitata_HIv3___RNAseq.g35008.t1/Montipora_capitata_HIv3___RNAseq.g44814.t1/Montipora_capitata_HIv3___RNAseq.g43161.t1a/Montipora_capitata_HIv3___RNAseq.g44445.t1,0.9924583054023349,positive regulation of nucleobase-containing compound metabolic process,BP
GO:0060627,regulation of vesicle-mediated transport,3/85,391/8363,0.766535629092544,0.7439825978914545,3,391,Montipora_capitata_HIv3___RNAseq.g5395.t1/Montipora_capitata_HIv3___RNAseq.g24942.t1/Montipora_capitata_HIv3___RNAseq.g41226.t1,0.9924583054023349,regulation of vesicle-mediated transport,BP
GO:0009991,response to extracellular stimulus,4/85,508/8363,0.767440413686686,0.7617203090242655,4,508,Montipora_capitata_HIv3___RNAseq.g46378.t1/Montipora_capitata_HIv3___RNAseq.g44814.t1/Montipora_capitata_HIv3___RNAseq.g33449.t1/Montipora_capitata_HIv3___TS.g33523.t1,0.9924583054023349,response to extracellular stimulus,BP
GO:0051603,proteolysis involved in protein catabolic process,3/85,392/8363,0.7680586885590527,0.7419760612489239,3,392,Montipora_capitata_HIv3___TS.g1118.t1/Montipora_capitata_HIv3___RNAseq.g30678.t1b/Montipora_capitata_HIv3___RNAseq.g22553.t1c,0.9924583054023349,proteolysis involved in protein catabolic process,BP
GO:0006807,nitrogen compound metabolic process,44/85,4613/8363,0.7714199786692383,0.8711890786497897,44,4613,Montipora_capitata_HIv3___TS.g1118.t1/Montipora_capitata_HIv3___RNAseq.g40427.t1a/Montipora_capitata_HIv3___RNAseq.g23762.t1/Montipora_capitata_HIv3___RNAseq.g5395.t1/Montipora_capitata_HIv3___RNAseq.g11548.t1/Montipora_capitata_HIv3___RNAseq.g7741.t1/Montipora_capitata_HIv3___RNAseq.g33991.t1/Montipora_capitata_HIv3___RNAseq.g36836.t1/Montipora_capitata_HIv3___RNAseq.g46819.t1/Montipora_capitata_HIv3___RNAseq.g44960.t2/Montipora_capitata_HIv3___TS.g32048.t1/Montipora_capitata_HIv3___RNAseq.g40983.t1/Montipora_capitata_HIv3___RNAseq.21467_t/Montipora_capitata_HIv3___RNAseq.g24836.t1/Montipora_capitata_HIv3___TS.g28995.t1/Montipora_capitata_HIv3___RNAseq.g37193.t1/Montipora_capitata_HIv3___RNAseq.g33992.t1/Montipora_capitata_HIv3___RNAseq.g27709.t1/Montipora_capitata_HIv3___RNAseq.g45527.t1/Montipora_capitata_HIv3___RNAseq.g24942.t1/Montipora_capitata_HIv3___RNAseq.g44814.t1/Montipora_capitata_HIv3___RNAseq.g30678.t1b/Montipora_capitata_HIv3___RNAseq.g15186.t1/Montipora_capitata_HIv3___RNAseq.g40991.t1/Montipora_capitata_HIv3___RNAseq.g14965.t1/Montipora_capitata_HIv3___RNAseq.g47379.t1/Montipora_capitata_HIv3___RNAseq.g37645.t1/Montipora_capitata_HIv3___RNAseq.g42092.t1/Montipora_capitata_HIv3___RNAseq.g43161.t1a/Montipora_capitata_HIv3___RNAseq.g22553.t1c/Montipora_capitata_HIv3___RNAseq.g9918.t1/Montipora_capitata_HIv3___RNAseq.g9060.t1/Montipora_capitata_HIv3___TS.g33523.t1/Montipora_capitata_HIv3___RNAseq.g4241.t1/Montipora_capitata_HIv3___RNAseq.g47955.t1/Montipora_capitata_HIv3___RNAseq.g11214.t1/Montipora_capitata_HIv3___TS.g21293.t1/Montipora_capitata_HIv3___RNAseq.g33997.t1/Montipora_capitata_HIv3___RNAseq.g6934.t1/Montipora_capitata_HIv3___RNAseq.g9561.t1/Montipora_capitata_HIv3___RNAseq.g41226.t1/Montipora_capitata_HIv3___RNAseq.g8867.t2/Montipora_capitata_HIv3___RNAseq.g44445.t1/Montipora_capitata_HIv3___RNAseq.g14960.t1,0.9954796276461126,nitrogen compound metabolic process,BP
GO:0060341,regulation of cellular localization,5/85,628/8363,0.7751663387686734,0.7679609830926039,5,628,Montipora_capitata_HIv3___TS.g1118.t1/Montipora_capitata_HIv3___RNAseq.g5395.t1/Montipora_capitata_HIv3___RNAseq.g37193.t1/Montipora_capitata_HIv3___RNAseq.g24942.t1/Montipora_capitata_HIv3___RNAseq.g44814.t1,0.9989892021482374,regulation of cellular localization,BP
GO:0034645,GO:0034645,11/85,1287/8363,0.7781981510200451,0.8157225822613464,11,1287,Montipora_capitata_HIv3___RNAseq.g7741.t1/Montipora_capitata_HIv3___RNAseq.g36836.t1/Montipora_capitata_HIv3___RNAseq.g37193.t1/Montipora_capitata_HIv3___RNAseq.g45527.t1/Montipora_capitata_HIv3___RNAseq.g44814.t1/Montipora_capitata_HIv3___RNAseq.g30678.t1b/Montipora_capitata_HIv3___RNAseq.g40991.t1/Montipora_capitata_HIv3___RNAseq.g14965.t1/Montipora_capitata_HIv3___RNAseq.g43161.t1a/Montipora_capitata_HIv3___RNAseq.g41226.t1/Montipora_capitata_HIv3___RNAseq.g44445.t1,0.9999700722747686,NA,NA
GO:0031400,negative regulation of protein modification process,3/85,401/8363,0.7814114305104427,0.7243708839736,3,401,Montipora_capitata_HIv3___TS.g1118.t1/Montipora_capitata_HIv3___RNAseq.g5395.t1/Montipora_capitata_HIv3___RNAseq.g7741.t1,0.9999700722747686,negative regulation of protein modification process,BP
GO:0019637,organophosphate metabolic process,6/85,748/8363,0.7837939495365869,0.7713595932822515,6,748,Montipora_capitata_HIv3___RNAseq.g33449.t1/Montipora_capitata_HIv3___RNAseq.g6934.t1/Montipora_capitata_HIv3___RNAseq.g9561.t1/Montipora_capitata_HIv3___RNAseq.g8867.t2/Montipora_capitata_HIv3___RNAseq.g44445.t1/Montipora_capitata_HIv3___RNAseq.g14960.t1,0.9999700722747686,organophosphate metabolic process,BP
GO:0051240,positive regulation of multicellular organismal process,9/85,1079/8363,0.7846953522923971,0.7977574018196285,9,1079,Montipora_capitata_HIv3___RNAseq.g5395.t1/Montipora_capitata_HIv3___RNAseq.g44960.t2/Montipora_capitata_HIv3___RNAseq.21467_t/Montipora_capitata_HIv3___RNAseq.g35008.t1/Montipora_capitata_HIv3___RNAseq.g46378.t1/Montipora_capitata_HIv3___RNAseq.g24942.t1/Montipora_capitata_HIv3___RNAseq.g44814.t1/Montipora_capitata_HIv3___RNAseq.g23464.t1/Montipora_capitata_HIv3___TS.g10359.t4b,0.9999700722747686,positive regulation of multicellular organismal process,BP
GO:0005783,endoplasmic reticulum,9/85,1081/8363,0.7865676927675774,0.7960482883403537,9,1081,Montipora_capitata_HIv3___RNAseq.g5395.t1/Montipora_capitata_HIv3___RNAseq.g36836.t1/Montipora_capitata_HIv3___RNAseq.g24139.t1/Montipora_capitata_HIv3___RNAseq.g37193.t1/Montipora_capitata_HIv3___RNAseq.g36907.t1/Montipora_capitata_HIv3___RNAseq.g14515.t1/Montipora_capitata_HIv3___TS.g33523.t1/Montipora_capitata_HIv3___RNAseq.g9561.t1/Montipora_capitata_HIv3___RNAseq.g8867.t2,0.9999700722747686,endoplasmic reticulum,CC
GO:0022402,cell cycle process,7/85,865/8363,0.7897339770502632,0.7761438171032828,7,865,Montipora_capitata_HIv3___RNAseq.g22865.t1/Montipora_capitata_HIv3___RNAseq.g7741.t1/Montipora_capitata_HIv3___RNAseq.g26580.t1/Montipora_capitata_HIv3___RNAseq.g46378.t1/Montipora_capitata_HIv3___RNAseq.g14965.t1/Montipora_capitata_HIv3___RNAseq.g43161.t1a/Montipora_capitata_HIv3___TS.g10359.t4b,0.9999700722747686,cell cycle process,BP
GO:0044257,GO:0044257,3/85,408/8363,0.7913620051214556,0.7112188191432067,3,408,Montipora_capitata_HIv3___TS.g1118.t1/Montipora_capitata_HIv3___RNAseq.g30678.t1b/Montipora_capitata_HIv3___RNAseq.g22553.t1c,0.9999700722747686,NA,NA
GO:0044265,GO:0044265,5/85,642/8363,0.791639516141374,0.749706990694901,5,642,Montipora_capitata_HIv3___TS.g1118.t1/Montipora_capitata_HIv3___TS.g28995.t1/Montipora_capitata_HIv3___RNAseq.g30678.t1b/Montipora_capitata_HIv3___RNAseq.g22553.t1c/Montipora_capitata_HIv3___RNAseq.g4241.t1,0.9999700722747686,NA,NA
GO:0044432,GO:0044432,6/85,756/8363,0.7924314952434086,0.7623805467728806,6,756,Montipora_capitata_HIv3___RNAseq.g5395.t1/Montipora_capitata_HIv3___RNAseq.g36836.t1/Montipora_capitata_HIv3___RNAseq.g37193.t1/Montipora_capitata_HIv3___TS.g33523.t1/Montipora_capitata_HIv3___RNAseq.g9561.t1/Montipora_capitata_HIv3___RNAseq.g8867.t2,0.9999700722747686,NA,NA
GO:0061024,membrane organization,4/85,528/8363,0.793368671463419,0.7307612090123106,4,528,Montipora_capitata_HIv3___RNAseq.g20250.t1/Montipora_capitata_HIv3___TS.g33523.t1/Montipora_capitata_HIv3___RNAseq.g11214.t1/Montipora_capitata_HIv3___RNAseq.g44445.t1,0.9999700722747686,membrane organization,BP
GO:0043005,neuron projection,7/85,869/8363,0.7937582531654604,0.7721245002909363,7,869,Montipora_capitata_HIv3___RNAseq.g23734.t3/Montipora_capitata_HIv3___RNAseq.g35804.t1/Montipora_capitata_HIv3___RNAseq.g5395.t1/Montipora_capitata_HIv3___RNAseq.g22865.t1/Montipora_capitata_HIv3___RNAseq.g24942.t1/Montipora_capitata_HIv3___RNAseq.g35720.t1/Montipora_capitata_HIv3___RNAseq.g23366.t1,0.9999700722747686,neuron projection,CC
GO:0050767,regulation of neurogenesis,5/85,644/8363,0.7939162140324301,0.7471645376018383,5,644,Montipora_capitata_HIv3___RNAseq.g5395.t1/Montipora_capitata_HIv3___RNAseq.g35008.t1/Montipora_capitata_HIv3___RNAseq.g24942.t1/Montipora_capitata_HIv3___RNAseq.g44814.t1/Montipora_capitata_HIv3___TS.g10359.t4b,0.9999700722747686,regulation of neurogenesis,BP
GO:0031984,organelle subcompartment,8/85,981/8363,0.7952380121578733,0.7800438498985034,8,981,Montipora_capitata_HIv3___RNAseq.g5395.t1/Montipora_capitata_HIv3___RNAseq.g22865.t1/Montipora_capitata_HIv3___RNAseq.g7739.t1/Montipora_capitata_HIv3___RNAseq.g36836.t1/Montipora_capitata_HIv3___RNAseq.g37193.t1/Montipora_capitata_HIv3___TS.g33523.t1/Montipora_capitata_HIv3___RNAseq.g9561.t1/Montipora_capitata_HIv3___RNAseq.g8867.t2,0.9999700722747686,organelle subcompartment,CC
GO:0048468,cell development,14/85,1627/8363,0.7961681964855634,0.814790931432579,14,1627,Montipora_capitata_HIv3___RNAseq.g23734.t3/Montipora_capitata_HIv3___RNAseq.g35804.t1/Montipora_capitata_HIv3___RNAseq.g22865.t1/Montipora_capitata_HIv3___RNAseq.g7741.t1/Montipora_capitata_HIv3___TS.g5595.t1/Montipora_capitata_HIv3___RNAseq.g44960.t2/Montipora_capitata_HIv3___RNAseq.21467_t/Montipora_capitata_HIv3___RNAseq.g35008.t1/Montipora_capitata_HIv3___RNAseq.g24942.t1/Montipora_capitata_HIv3___RNAseq.g44814.t1/Montipora_capitata_HIv3___RNAseq.g35720.t1/Montipora_capitata_HIv3___TS.g33523.t1/Montipora_capitata_HIv3___RNAseq.g47955.t1/Montipora_capitata_HIv3___RNAseq.g6934.t1,0.9999700722747686,cell development,BP
GO:0007423,sensory organ development,5/85,646/8363,0.7961739239812392,0.7446379414438418,5,646,Montipora_capitata_HIv3___RNAseq.g5395.t1/Montipora_capitata_HIv3___RNAseq.g35008.t1/Montipora_capitata_HIv3___RNAseq.g24942.t1/Montipora_capitata_HIv3___RNAseq.g44814.t1/Montipora_capitata_HIv3___TS.g10359.t4b,0.9999700722747686,sensory organ development,BP
GO:0034660,ncRNA metabolic process,3/85,412/8363,0.7968804078640501,0.7039054416176678,3,412,Montipora_capitata_HIv3___RNAseq.g45527.t1/Montipora_capitata_HIv3___RNAseq.g47379.t1/Montipora_capitata_HIv3___RNAseq.g47955.t1,0.9999700722747686,ncRNA metabolic process,BP
GO:0051656,establishment of organelle localization,3/85,412/8363,0.7968804078640501,0.7039054416176678,3,412,Montipora_capitata_HIv3___RNAseq.g44814.t1/Montipora_capitata_HIv3___TS.g33523.t1/Montipora_capitata_HIv3___TS.g10359.t4b,0.9999700722747686,establishment of organelle localization,BP
GO:0010941,GO:0010941,9/85,1093/8363,0.7975618856312714,0.7859260383366856,9,1093,Montipora_capitata_HIv3___RNAseq.g5395.t1/Montipora_capitata_HIv3___RNAseq.g7741.t1/Montipora_capitata_HIv3___RNAseq.g44960.t2/Montipora_capitata_HIv3___RNAseq.21467_t/Montipora_capitata_HIv3___RNAseq.g36907.t1/Montipora_capitata_HIv3___RNAseq.g44814.t1/Montipora_capitata_HIv3___RNAseq.g43161.t1a/Montipora_capitata_HIv3___TS.g10359.t4b/Montipora_capitata_HIv3___RNAseq.g44445.t1,0.9999700722747686,NA,NA
GO:0009059,macromolecule biosynthetic process,11/85,1310/8363,0.7980696285647485,0.7986493408699139,11,1310,Montipora_capitata_HIv3___RNAseq.g7741.t1/Montipora_capitata_HIv3___RNAseq.g36836.t1/Montipora_capitata_HIv3___RNAseq.g37193.t1/Montipora_capitata_HIv3___RNAseq.g45527.t1/Montipora_capitata_HIv3___RNAseq.g44814.t1/Montipora_capitata_HIv3___RNAseq.g30678.t1b/Montipora_capitata_HIv3___RNAseq.g40991.t1/Montipora_capitata_HIv3___RNAseq.g14965.t1/Montipora_capitata_HIv3___RNAseq.g43161.t1a/Montipora_capitata_HIv3___RNAseq.g41226.t1/Montipora_capitata_HIv3___RNAseq.g44445.t1,0.9999700722747686,macromolecule biosynthetic process,BP
GO:0040011,locomotion,8/85,986/8363,0.7999287773136002,0.7755242259550691,8,986,Montipora_capitata_HIv3___TS.g5595.t1/Montipora_capitata_HIv3___RNAseq.g36907.t1/Montipora_capitata_HIv3___RNAseq.g35008.t1/Montipora_capitata_HIv3___RNAseq.g24942.t1/Montipora_capitata_HIv3___RNAseq.g44814.t1/Montipora_capitata_HIv3___TS.g33523.t1/Montipora_capitata_HIv3___RNAseq.g4457.t1/Montipora_capitata_HIv3___TS.g10359.t4b,0.9999700722747686,locomotion,BP
GO:0005739,mitochondrion,9/85,1096/8363,0.800246355818047,0.7834303936997037,9,1096,Montipora_capitata_HIv3___RNAseq.g40427.t1a/Montipora_capitata_HIv3___RNAseq.g11548.t1/Montipora_capitata_HIv3___RNAseq.g7741.t1/Montipora_capitata_HIv3___TS.g40937.t3b/Montipora_capitata_HIv3___RNAseq.g40982.t1a/Montipora_capitata_HIv3___RNAseq.g46378.t1/Montipora_capitata_HIv3___RNAseq.g44814.t1/Montipora_capitata_HIv3___RNAseq.g14960.t1/Montipora_capitata_HIv3___RNAseq.g18391.t1,0.9999700722747686,mitochondrion,CC
GO:1901361,organic cyclic compound catabolic process,3/85,415/8363,0.8009403207353553,0.698513582472737,3,415,Montipora_capitata_HIv3___TS.g28995.t1/Montipora_capitata_HIv3___RNAseq.g46378.t1/Montipora_capitata_HIv3___RNAseq.g4241.t1,0.9999700722747686,organic cyclic compound catabolic process,BP
GO:0051130,positive regulation of cellular component organization,7/85,877/8363,0.801637533384185,0.7641966056893329,7,877,Montipora_capitata_HIv3___RNAseq.g23734.t3/Montipora_capitata_HIv3___RNAseq.g35804.t1/Montipora_capitata_HIv3___RNAseq.g5395.t1/Montipora_capitata_HIv3___RNAseq.g24942.t1/Montipora_capitata_HIv3___RNAseq.g44814.t1/Montipora_capitata_HIv3___RNAseq.g35720.t1/Montipora_capitata_HIv3___TS.g10359.t4b,0.9999700722747686,positive regulation of cellular component organization,BP
GO:0043604,amide biosynthetic process,3/85,417/8363,0.8036097152694666,0.69496241384275,3,417,Montipora_capitata_HIv3___RNAseq.g40427.t1a/Montipora_capitata_HIv3___RNAseq.g41226.t1/Montipora_capitata_HIv3___RNAseq.g14960.t1,0.9999700722747686,amide biosynthetic process,BP
GO:0006355,regulation of DNA-templated transcription,13/85,1536/8363,0.8077323847419529,0.8008436172254191,13,1536,Montipora_capitata_HIv3___TS.g1118.t1/Montipora_capitata_HIv3___TS.g10979.t1/Montipora_capitata_HIv3___RNAseq.g11548.t1/Montipora_capitata_HIv3___RNAseq.g7741.t1/Montipora_capitata_HIv3___RNAseq.g44960.t2/Montipora_capitata_HIv3___RNAseq.21467_t/Montipora_capitata_HIv3___RNAseq.g45527.t1/Montipora_capitata_HIv3___RNAseq.g35008.t1/Montipora_capitata_HIv3___RNAseq.g44814.t1/Montipora_capitata_HIv3___RNAseq.g28405.t2/Montipora_capitata_HIv3___RNAseq.g40991.t1/Montipora_capitata_HIv3___RNAseq.g43161.t1a/Montipora_capitata_HIv3___RNAseq.g44445.t1,0.9999700722747686,regulation of DNA-templated transcription,BP
GO:0007389,pattern specification process,5/85,659/8363,0.8103904784315008,0.7285915333528881,5,659,Montipora_capitata_HIv3___RNAseq.g35008.t1/Montipora_capitata_HIv3___RNAseq.g44814.t1/Montipora_capitata_HIv3___TS.g4674.t2b/Montipora_capitata_HIv3___TS.g33523.t1/Montipora_capitata_HIv3___TS.g10359.t4b,0.9999700722747686,pattern specification process,BP
GO:0010468,regulation of gene expression,19/85,2172/8363,0.8119225385955544,0.8190011310060612,19,2172,Montipora_capitata_HIv3___TS.g1118.t1/Montipora_capitata_HIv3___TS.g10979.t1/Montipora_capitata_HIv3___RNAseq.g11548.t1/Montipora_capitata_HIv3___RNAseq.g7741.t1/Montipora_capitata_HIv3___RNAseq.g44960.t2/Montipora_capitata_HIv3___RNAseq.21467_t/Montipora_capitata_HIv3___RNAseq.g45527.t1/Montipora_capitata_HIv3___RNAseq.g35008.t1/Montipora_capitata_HIv3___RNAseq.g24942.t1/Montipora_capitata_HIv3___RNAseq.g44814.t1/Montipora_capitata_HIv3___RNAseq.g28405.t2/Montipora_capitata_HIv3___RNAseq.g40991.t1/Montipora_capitata_HIv3___RNAseq.g42092.t1/Montipora_capitata_HIv3___RNAseq.g43161.t1a/Montipora_capitata_HIv3___RNAseq.g4241.t1/Montipora_capitata_HIv3___RNAseq.g47955.t1/Montipora_capitata_HIv3___TS.g10359.t4b/Montipora_capitata_HIv3___RNAseq.g41226.t1/Montipora_capitata_HIv3___RNAseq.g44445.t1,0.9999700722747686,regulation of gene expression,BP
GO:0009314,response to radiation,3/85,424/8363,0.8127211749209353,0.6827989762546306,3,424,Montipora_capitata_HIv3___RNAseq.g44814.t1/Montipora_capitata_HIv3___RNAseq.g43161.t1a/Montipora_capitata_HIv3___RNAseq.g8867.t2,0.9999700722747686,response to radiation,BP
GO:0070925,organelle assembly,5/85,662/8363,0.8135595304323426,0.7249786462910609,5,662,Montipora_capitata_HIv3___RNAseq.g36838.t1/Montipora_capitata_HIv3___RNAseq.g22865.t1/Montipora_capitata_HIv3___TS.g5595.t1/Montipora_capitata_HIv3___RNAseq.g27546.t1/Montipora_capitata_HIv3___TS.g4674.t2b,0.9999700722747686,organelle assembly,BP
GO:0010975,regulation of neuron projection development,3/85,425/8363,0.8139937509285162,0.6810942766810377,3,425,Montipora_capitata_HIv3___RNAseq.g5395.t1/Montipora_capitata_HIv3___RNAseq.g24942.t1/Montipora_capitata_HIv3___TS.g10359.t4b,0.9999700722747686,regulation of neuron projection development,BP
GO:0034641,cellular nitrogen compound metabolic process,24/85,2699/8363,0.8198381786343685,0.8241306566429794,24,2699,Montipora_capitata_HIv3___TS.g1118.t1/Montipora_capitata_HIv3___RNAseq.g40427.t1a/Montipora_capitata_HIv3___RNAseq.g7741.t1/Montipora_capitata_HIv3___TS.g28995.t1/Montipora_capitata_HIv3___RNAseq.g45527.t1/Montipora_capitata_HIv3___RNAseq.g44814.t1/Montipora_capitata_HIv3___RNAseq.g30678.t1b/Montipora_capitata_HIv3___RNAseq.g15186.t1/Montipora_capitata_HIv3___RNAseq.g40991.t1/Montipora_capitata_HIv3___RNAseq.g14965.t1/Montipora_capitata_HIv3___RNAseq.g47379.t1/Montipora_capitata_HIv3___RNAseq.g37645.t1/Montipora_capitata_HIv3___RNAseq.g43161.t1a/Montipora_capitata_HIv3___RNAseq.g9918.t1/Montipora_capitata_HIv3___TS.g33523.t1/Montipora_capitata_HIv3___RNAseq.g4241.t1/Montipora_capitata_HIv3___RNAseq.g47955.t1/Montipora_capitata_HIv3___TS.g21293.t1/Montipora_capitata_HIv3___RNAseq.g6934.t1/Montipora_capitata_HIv3___RNAseq.g9561.t1/Montipora_capitata_HIv3___RNAseq.g41226.t1/Montipora_capitata_HIv3___RNAseq.g8867.t2/Montipora_capitata_HIv3___RNAseq.g44445.t1/Montipora_capitata_HIv3___RNAseq.g14960.t1,0.9999700722747686,cellular nitrogen compound metabolic process,BP
GO:0009719,response to endogenous stimulus,7/85,897/8363,0.8203592020652382,0.7449996223178894,7,897,Montipora_capitata_HIv3___TS.g27540.t1/Montipora_capitata_HIv3___RNAseq.g46378.t1/Montipora_capitata_HIv3___RNAseq.g24942.t1/Montipora_capitata_HIv3___RNAseq.g44814.t1/Montipora_capitata_HIv3___RNAseq.g43161.t1a/Montipora_capitata_HIv3___RNAseq.g33449.t1/Montipora_capitata_HIv3___TS.g33523.t1,0.9999700722747686,response to endogenous stimulus,BP
GO:0061564,axon development,3/85,432/8363,0.8227018418344131,0.6693838601495852,3,432,Montipora_capitata_HIv3___RNAseq.g35008.t1/Montipora_capitata_HIv3___RNAseq.g24942.t1/Montipora_capitata_HIv3___TS.g33523.t1,0.9999700722747686,axon development,BP
GO:0010638,positive regulation of organelle organization,3/85,432/8363,0.8227018418344131,0.6693838601495852,3,432,Montipora_capitata_HIv3___RNAseq.g5395.t1/Montipora_capitata_HIv3___RNAseq.g24942.t1/Montipora_capitata_HIv3___RNAseq.g44814.t1,0.9999700722747686,positive regulation of organelle organization,BP
GO:0003676,nucleic acid binding,11/85,1344/8363,0.8251132928004344,0.774489822840558,11,1344,Montipora_capitata_HIv3___RNAseq.g7741.t1/Montipora_capitata_HIv3___RNAseq.g27546.t1/Montipora_capitata_HIv3___RNAseq.g27709.t1/Montipora_capitata_HIv3___RNAseq.g45527.t1/Montipora_capitata_HIv3___RNAseq.g24942.t1/Montipora_capitata_HIv3___RNAseq.g44814.t1/Montipora_capitata_HIv3___RNAseq.g40991.t1/Montipora_capitata_HIv3___RNAseq.g14965.t1/Montipora_capitata_HIv3___RNAseq.g42092.t1/Montipora_capitata_HIv3___RNAseq.g43161.t1a/Montipora_capitata_HIv3___RNAseq.g47955.t1,0.9999700722747686,nucleic acid binding,MF
GO:0032553,ribonucleotide binding,3/85,434/8363,0.8251263607797646,0.6661078793946001,3,434,Montipora_capitata_HIv3___RNAseq.g22865.t1/Montipora_capitata_HIv3___RNAseq.g43161.t1a/Montipora_capitata_HIv3___RNAseq.g33997.t1,0.9999700722747686,ribonucleotide binding,MF
GO:0065003,protein-containing complex assembly,8/85,1017/8363,0.8272773190708429,0.7485079676911276,8,1017,Montipora_capitata_HIv3___RNAseq.g36838.t1/Montipora_capitata_HIv3___TS.g5595.t1/Montipora_capitata_HIv3___RNAseq.g27546.t1/Montipora_capitata_HIv3___RNAseq.g38848.t1/Montipora_capitata_HIv3___RNAseq.g40982.t1a/Montipora_capitata_HIv3___RNAseq.g43161.t1a/Montipora_capitata_HIv3___TS.g33523.t1/Montipora_capitata_HIv3___RNAseq.g47955.t1,0.9999700722747686,protein-containing complex assembly,BP
GO:0045055,regulated exocytosis,3/85,436/8363,0.8275230296923594,0.6628621556003658,3,436,Montipora_capitata_HIv3___RNAseq.g24942.t1/Montipora_capitata_HIv3___TS.g4674.t2b/Montipora_capitata_HIv3___TS.g33523.t1,0.9999700722747686,regulated exocytosis,BP
GO:0048589,developmental growth,3/85,436/8363,0.8275230296923594,0.6628621556003658,3,436,Montipora_capitata_HIv3___RNAseq.g35008.t1/Montipora_capitata_HIv3___RNAseq.g24942.t1/Montipora_capitata_HIv3___RNAseq.g33449.t1,0.9999700722747686,developmental growth,BP
GO:0006325,chromatin organization,3/85,439/8363,0.8310662669236429,0.6580493909635362,3,439,Montipora_capitata_HIv3___TS.g1118.t1/Montipora_capitata_HIv3___RNAseq.g45527.t1/Montipora_capitata_HIv3___RNAseq.g40991.t1,0.9999700722747686,chromatin organization,BP
GO:1901137,carbohydrate derivative biosynthetic process,3/85,441/8363,0.8333942179493717,0.6548775005521247,3,441,Montipora_capitata_HIv3___RNAseq.g36836.t1/Montipora_capitata_HIv3___RNAseq.g37193.t1/Montipora_capitata_HIv3___RNAseq.g14960.t1,0.9999700722747686,carbohydrate derivative biosynthetic process,BP
GO:0048732,gland development,3/85,442/8363,0.834548009789888,0.6533023910165273,3,442,Montipora_capitata_HIv3___RNAseq.g35008.t1/Montipora_capitata_HIv3___RNAseq.g46378.t1/Montipora_capitata_HIv3___RNAseq.g44814.t1,0.9999700722747686,gland development,BP
GO:0097367,carbohydrate derivative binding,4/85,567/8363,0.8373477769460484,0.6767155005929413,4,567,Montipora_capitata_HIv3___RNAseq.g22865.t1/Montipora_capitata_HIv3___RNAseq.g43161.t1a/Montipora_capitata_HIv3___RNAseq.g11214.t1/Montipora_capitata_HIv3___RNAseq.g33997.t1,0.9999700722747686,carbohydrate derivative binding,MF
GO:1901135,carbohydrate derivative metabolic process,6/85,806/8363,0.8406643585731989,0.7099729260377381,6,806,Montipora_capitata_HIv3___RNAseq.g36836.t1/Montipora_capitata_HIv3___RNAseq.g37193.t1/Montipora_capitata_HIv3___RNAseq.g44814.t1/Montipora_capitata_HIv3___RNAseq.g9060.t1/Montipora_capitata_HIv3___RNAseq.g11214.t1/Montipora_capitata_HIv3___RNAseq.g14960.t1,0.9999700722747686,carbohydrate derivative metabolic process,BP
GO:0009117,nucleotide metabolic process,3/85,448/8363,0.8413298481116693,0.6440003653850602,3,448,Montipora_capitata_HIv3___RNAseq.g9561.t1/Montipora_capitata_HIv3___RNAseq.g8867.t2/Montipora_capitata_HIv3___RNAseq.g14960.t1,0.9999700722747686,nucleotide metabolic process,BP
GO:0006139,nucleobase-containing compound metabolic process,19/85,2220/8363,0.8422833485639869,0.7948675094244879,19,2220,Montipora_capitata_HIv3___TS.g1118.t1/Montipora_capitata_HIv3___RNAseq.g40427.t1a/Montipora_capitata_HIv3___RNAseq.g7741.t1/Montipora_capitata_HIv3___TS.g28995.t1/Montipora_capitata_HIv3___RNAseq.g45527.t1/Montipora_capitata_HIv3___RNAseq.g44814.t1/Montipora_capitata_HIv3___RNAseq.g30678.t1b/Montipora_capitata_HIv3___RNAseq.g15186.t1/Montipora_capitata_HIv3___RNAseq.g40991.t1/Montipora_capitata_HIv3___RNAseq.g14965.t1/Montipora_capitata_HIv3___RNAseq.g47379.t1/Montipora_capitata_HIv3___RNAseq.g43161.t1a/Montipora_capitata_HIv3___RNAseq.g4241.t1/Montipora_capitata_HIv3___RNAseq.g47955.t1/Montipora_capitata_HIv3___TS.g21293.t1/Montipora_capitata_HIv3___RNAseq.g9561.t1/Montipora_capitata_HIv3___RNAseq.g8867.t2/Montipora_capitata_HIv3___RNAseq.g44445.t1/Montipora_capitata_HIv3___RNAseq.g14960.t1,0.9999700722747686,nucleobase-containing compound metabolic process,BP
GO:0071702,organic substance transport,9/85,1149/8363,0.8435193481869367,0.7415063441064836,9,1149,Montipora_capitata_HIv3___RNAseq.g24139.t1/Montipora_capitata_HIv3___TS.g32048.t1/Montipora_capitata_HIv3___RNAseq.g49895.t2/Montipora_capitata_HIv3___RNAseq.g20250.t1/Montipora_capitata_HIv3___TS.g4674.t2b/Montipora_capitata_HIv3___TS.g33523.t1/Montipora_capitata_HIv3___RNAseq.g11214.t1/Montipora_capitata_HIv3___RNAseq.g41226.t1/Montipora_capitata_HIv3___RNAseq.g44445.t1,0.9999700722747686,organic substance transport,BP
GO:0071495,cellular response to endogenous stimulus,5/85,693/8363,0.8439306489279484,0.6895504367868095,5,693,Montipora_capitata_HIv3___TS.g27540.t1/Montipora_capitata_HIv3___RNAseq.g24942.t1/Montipora_capitata_HIv3___RNAseq.g44814.t1/Montipora_capitata_HIv3___RNAseq.g43161.t1a/Montipora_capitata_HIv3___TS.g33523.t1,0.9999700722747686,cellular response to endogenous stimulus,BP
GO:0032989,cellular component morphogenesis,6/85,811/8363,0.8449607403401145,0.7050899110063337,6,811,Montipora_capitata_HIv3___RNAseq.g23734.t3/Montipora_capitata_HIv3___RNAseq.g35804.t1/Montipora_capitata_HIv3___RNAseq.g35008.t1/Montipora_capitata_HIv3___RNAseq.g24942.t1/Montipora_capitata_HIv3___RNAseq.g35720.t1/Montipora_capitata_HIv3___RNAseq.g6934.t1,0.9999700722747686,cellular component morphogenesis,BP
GO:0030163,protein catabolic process,3/85,454/8363,0.8478742574736933,0.6349457929247037,3,454,Montipora_capitata_HIv3___TS.g1118.t1/Montipora_capitata_HIv3___RNAseq.g30678.t1b/Montipora_capitata_HIv3___RNAseq.g22553.t1c,0.9999700722747686,protein catabolic process,BP
GO:0040007,growth,3/85,455/8363,0.8489423132532796,0.6334600635910257,3,455,Montipora_capitata_HIv3___RNAseq.g35008.t1/Montipora_capitata_HIv3___RNAseq.g24942.t1/Montipora_capitata_HIv3___RNAseq.g33449.t1,0.9999700722747686,growth,BP
GO:0006753,nucleoside phosphate metabolic process,3/85,455/8363,0.8489423132532796,0.6334600635910257,3,455,Montipora_capitata_HIv3___RNAseq.g9561.t1/Montipora_capitata_HIv3___RNAseq.g8867.t2/Montipora_capitata_HIv3___RNAseq.g14960.t1,0.9999700722747686,nucleoside phosphate metabolic process,BP
GO:0008283,cell population proliferation,4/85,579/8363,0.8492316937253214,0.6615605094009323,4,579,Montipora_capitata_HIv3___RNAseq.g40427.t1a/Montipora_capitata_HIv3___RNAseq.g7741.t1/Montipora_capitata_HIv3___RNAseq.g26580.t1/Montipora_capitata_HIv3___TS.g10359.t4b,0.9999700722747686,cell population proliferation,BP
GO:0005768,endosome,4/85,581/8363,0.8511408333494359,0.6590959405798497,4,581,Montipora_capitata_HIv3___RNAseq.g2640.t1a/Montipora_capitata_HIv3___RNAseq.g44960.t2/Montipora_capitata_HIv3___RNAseq.21467_t/Montipora_capitata_HIv3___RNAseq.g35008.t1,0.9999700722747686,endosome,CC
GO:0046903,secretion,5/85,702/8363,0.8519633041846058,0.6798380594873562,5,702,Montipora_capitata_HIv3___RNAseq.g46378.t1/Montipora_capitata_HIv3___RNAseq.g24942.t1/Montipora_capitata_HIv3___RNAseq.g44814.t1/Montipora_capitata_HIv3___TS.g4674.t2b/Montipora_capitata_HIv3___TS.g33523.t1,0.9999700722747686,secretion,BP
GO:0042981,regulation of apoptotic process,7/85,935/8363,0.8522017354347547,0.7108181543047135,7,935,Montipora_capitata_HIv3___RNAseq.g7741.t1/Montipora_capitata_HIv3___RNAseq.g44960.t2/Montipora_capitata_HIv3___RNAseq.21467_t/Montipora_capitata_HIv3___RNAseq.g36907.t1/Montipora_capitata_HIv3___RNAseq.g44814.t1/Montipora_capitata_HIv3___RNAseq.g43161.t1a/Montipora_capitata_HIv3___RNAseq.g44445.t1,0.9999700722747686,regulation of apoptotic process,BP
GO:0019538,protein metabolic process,22/85,2554/8363,0.8548686175232199,0.7925111445192433,22,2554,Montipora_capitata_HIv3___TS.g1118.t1/Montipora_capitata_HIv3___RNAseq.g23762.t1/Montipora_capitata_HIv3___RNAseq.g5395.t1/Montipora_capitata_HIv3___RNAseq.g11548.t1/Montipora_capitata_HIv3___RNAseq.g33991.t1/Montipora_capitata_HIv3___RNAseq.g36836.t1/Montipora_capitata_HIv3___RNAseq.g46819.t1/Montipora_capitata_HIv3___RNAseq.g44960.t2/Montipora_capitata_HIv3___TS.g32048.t1/Montipora_capitata_HIv3___RNAseq.21467_t/Montipora_capitata_HIv3___RNAseq.g37193.t1/Montipora_capitata_HIv3___RNAseq.g33992.t1/Montipora_capitata_HIv3___RNAseq.g24942.t1/Montipora_capitata_HIv3___RNAseq.g44814.t1/Montipora_capitata_HIv3___RNAseq.g30678.t1b/Montipora_capitata_HIv3___RNAseq.g15186.t1/Montipora_capitata_HIv3___RNAseq.g40991.t1/Montipora_capitata_HIv3___RNAseq.g14965.t1/Montipora_capitata_HIv3___RNAseq.g42092.t1/Montipora_capitata_HIv3___RNAseq.g22553.t1c/Montipora_capitata_HIv3___RNAseq.g9060.t1/Montipora_capitata_HIv3___RNAseq.g41226.t1,0.9999700722747686,protein metabolic process,BP
GO:0006464,GO:0006464,15/85,1824/8363,0.8578813086093916,0.7663144678695153,15,1824,Montipora_capitata_HIv3___TS.g1118.t1/Montipora_capitata_HIv3___RNAseq.g23762.t1/Montipora_capitata_HIv3___RNAseq.g5395.t1/Montipora_capitata_HIv3___RNAseq.g11548.t1/Montipora_capitata_HIv3___RNAseq.g36836.t1/Montipora_capitata_HIv3___RNAseq.g46819.t1/Montipora_capitata_HIv3___RNAseq.g44960.t2/Montipora_capitata_HIv3___RNAseq.21467_t/Montipora_capitata_HIv3___RNAseq.g44814.t1/Montipora_capitata_HIv3___RNAseq.g30678.t1b/Montipora_capitata_HIv3___RNAseq.g15186.t1/Montipora_capitata_HIv3___RNAseq.g14965.t1/Montipora_capitata_HIv3___RNAseq.g42092.t1/Montipora_capitata_HIv3___RNAseq.g22553.t1c/Montipora_capitata_HIv3___RNAseq.g9060.t1,0.9999700722747686,NA,NA
GO:0036211,protein modification process,15/85,1824/8363,0.8578813086093916,0.7663144678695153,15,1824,Montipora_capitata_HIv3___TS.g1118.t1/Montipora_capitata_HIv3___RNAseq.g23762.t1/Montipora_capitata_HIv3___RNAseq.g5395.t1/Montipora_capitata_HIv3___RNAseq.g11548.t1/Montipora_capitata_HIv3___RNAseq.g36836.t1/Montipora_capitata_HIv3___RNAseq.g46819.t1/Montipora_capitata_HIv3___RNAseq.g44960.t2/Montipora_capitata_HIv3___RNAseq.21467_t/Montipora_capitata_HIv3___RNAseq.g44814.t1/Montipora_capitata_HIv3___RNAseq.g30678.t1b/Montipora_capitata_HIv3___RNAseq.g15186.t1/Montipora_capitata_HIv3___RNAseq.g14965.t1/Montipora_capitata_HIv3___RNAseq.g42092.t1/Montipora_capitata_HIv3___RNAseq.g22553.t1c/Montipora_capitata_HIv3___RNAseq.g9060.t1,0.9999700722747686,protein modification process,BP
GO:0090304,nucleic acid metabolic process,14/85,1720/8363,0.859813800145801,0.7596320879108805,14,1720,Montipora_capitata_HIv3___TS.g1118.t1/Montipora_capitata_HIv3___RNAseq.g7741.t1/Montipora_capitata_HIv3___TS.g28995.t1/Montipora_capitata_HIv3___RNAseq.g45527.t1/Montipora_capitata_HIv3___RNAseq.g44814.t1/Montipora_capitata_HIv3___RNAseq.g30678.t1b/Montipora_capitata_HIv3___RNAseq.g15186.t1/Montipora_capitata_HIv3___RNAseq.g40991.t1/Montipora_capitata_HIv3___RNAseq.g14965.t1/Montipora_capitata_HIv3___RNAseq.g47379.t1/Montipora_capitata_HIv3___RNAseq.g43161.t1a/Montipora_capitata_HIv3___RNAseq.g4241.t1/Montipora_capitata_HIv3___RNAseq.g47955.t1/Montipora_capitata_HIv3___RNAseq.g44445.t1,0.9999700722747686,nucleic acid metabolic process,BP
GO:0051252,regulation of RNA metabolic process,14/85,1722/8363,0.8609988272011815,0.7585118636640119,14,1722,Montipora_capitata_HIv3___TS.g1118.t1/Montipora_capitata_HIv3___TS.g10979.t1/Montipora_capitata_HIv3___RNAseq.g11548.t1/Montipora_capitata_HIv3___RNAseq.g7741.t1/Montipora_capitata_HIv3___RNAseq.g44960.t2/Montipora_capitata_HIv3___RNAseq.21467_t/Montipora_capitata_HIv3___RNAseq.g45527.t1/Montipora_capitata_HIv3___RNAseq.g35008.t1/Montipora_capitata_HIv3___RNAseq.g44814.t1/Montipora_capitata_HIv3___RNAseq.g28405.t2/Montipora_capitata_HIv3___RNAseq.g40991.t1/Montipora_capitata_HIv3___RNAseq.g43161.t1a/Montipora_capitata_HIv3___RNAseq.g47955.t1/Montipora_capitata_HIv3___RNAseq.g44445.t1,0.9999700722747686,regulation of RNA metabolic process,BP
GO:0030141,secretory granule,3/85,467/8363,0.8612668196593282,0.616130720134636,3,467,Montipora_capitata_HIv3___RNAseq.g24942.t1/Montipora_capitata_HIv3___TS.g4674.t2b/Montipora_capitata_HIv3___TS.g33523.t1,0.9999700722747686,secretory granule,CC
GO:0006887,exocytosis,3/85,471/8363,0.8651779594180192,0.6105517160790582,3,471,Montipora_capitata_HIv3___RNAseq.g24942.t1/Montipora_capitata_HIv3___TS.g4674.t2b/Montipora_capitata_HIv3___TS.g33523.t1,0.9999700722747686,exocytosis,BP
GO:0048731,system development,25/85,2886/8363,0.8668155049706175,0.7889100466097397,25,2886,Montipora_capitata_HIv3___RNAseq.g23734.t3/Montipora_capitata_HIv3___RNAseq.g35804.t1/Montipora_capitata_HIv3___RNAseq.g5395.t1/Montipora_capitata_HIv3___RNAseq.g22865.t1/Montipora_capitata_HIv3___RNAseq.g7741.t1/Montipora_capitata_HIv3___RNAseq.g26580.t1/Montipora_capitata_HIv3___RNAseq.g44960.t2/Montipora_capitata_HIv3___RNAseq.21467_t/Montipora_capitata_HIv3___RNAseq.g36907.t1/Montipora_capitata_HIv3___RNAseq.g35008.t1/Montipora_capitata_HIv3___RNAseq.g46378.t1/Montipora_capitata_HIv3___RNAseq.g24942.t1/Montipora_capitata_HIv3___RNAseq.g44814.t1/Montipora_capitata_HIv3___RNAseq.g35720.t1/Montipora_capitata_HIv3___TS.g4674.t2b/Montipora_capitata_HIv3___RNAseq.g42092.t1/Montipora_capitata_HIv3___RNAseq.g43161.t1a/Montipora_capitata_HIv3___RNAseq.g9918.t1/Montipora_capitata_HIv3___RNAseq.g33449.t1/Montipora_capitata_HIv3___TS.g33523.t1/Montipora_capitata_HIv3___RNAseq.g6934.t1/Montipora_capitata_HIv3___RNAseq.g4457.t1/Montipora_capitata_HIv3___TS.g10359.t4b/Montipora_capitata_HIv3___RNAseq.g44445.t1/Montipora_capitata_HIv3___RNAseq.g18391.t1,0.9999700722747686,system development,BP
GO:0016310,phosphorylation,5/85,721/8363,0.8678202740692099,0.6601354921861211,5,721,Montipora_capitata_HIv3___RNAseq.g44960.t2/Montipora_capitata_HIv3___RNAseq.21467_t/Montipora_capitata_HIv3___RNAseq.g14965.t1/Montipora_capitata_HIv3___RNAseq.g9060.t1/Montipora_capitata_HIv3___TS.g21293.t1,0.9999700722747686,phosphorylation,BP
GO:0019904,protein domain specific binding,3/85,477/8363,0.8708658866586612,0.6023597229337004,3,477,Montipora_capitata_HIv3___RNAseq.g35008.t1/Montipora_capitata_HIv3___RNAseq.g44814.t1/Montipora_capitata_HIv3___RNAseq.g44445.t1,0.9999700722747686,protein domain specific binding,MF
GO:0005654,nucleoplasm,18/85,2167/8363,0.8712667474843468,0.7662485840640161,18,2167,Montipora_capitata_HIv3___TS.g1118.t1/Montipora_capitata_HIv3___RNAseq.g23734.t3/Montipora_capitata_HIv3___RNAseq.g35804.t1/Montipora_capitata_HIv3___RNAseq.g5395.t1/Montipora_capitata_HIv3___RNAseq.g7741.t1/Montipora_capitata_HIv3___RNAseq.g27546.t1/Montipora_capitata_HIv3___RNAseq.g45527.t1/Montipora_capitata_HIv3___RNAseq.g46378.t1/Montipora_capitata_HIv3___RNAseq.g44814.t1/Montipora_capitata_HIv3___RNAseq.g35720.t1/Montipora_capitata_HIv3___RNAseq.g9027.t1/Montipora_capitata_HIv3___RNAseq.g30678.t1b/Montipora_capitata_HIv3___RNAseq.g15186.t1/Montipora_capitata_HIv3___RNAseq.g40991.t1/Montipora_capitata_HIv3___RNAseq.g14965.t1/Montipora_capitata_HIv3___RNAseq.g43161.t1a/Montipora_capitata_HIv3___RNAseq.g47955.t1/Montipora_capitata_HIv3___RNAseq.g33997.t1,0.9999700722747686,nucleoplasm,CC
GO:0043067,regulation of programmed cell death,7/85,961/8363,0.8713113652000483,0.6890018676714648,7,961,Montipora_capitata_HIv3___RNAseq.g7741.t1/Montipora_capitata_HIv3___RNAseq.g44960.t2/Montipora_capitata_HIv3___RNAseq.21467_t/Montipora_capitata_HIv3___RNAseq.g36907.t1/Montipora_capitata_HIv3___RNAseq.g44814.t1/Montipora_capitata_HIv3___RNAseq.g43161.t1a/Montipora_capitata_HIv3___RNAseq.g44445.t1,0.9999700722747686,regulation of programmed cell death,BP
GO:0019222,regulation of metabolic process,29/85,3303/8363,0.8715021245517361,0.7915234067273936,29,3303,Montipora_capitata_HIv3___TS.g1118.t1/Montipora_capitata_HIv3___TS.g10979.t1/Montipora_capitata_HIv3___RNAseq.g5395.t1/Montipora_capitata_HIv3___RNAseq.g11548.t1/Montipora_capitata_HIv3___RNAseq.g7741.t1/Montipora_capitata_HIv3___TS.g27540.t1/Montipora_capitata_HIv3___RNAseq.g46819.t1/Montipora_capitata_HIv3___RNAseq.g44960.t2/Montipora_capitata_HIv3___TS.g32048.t1/Montipora_capitata_HIv3___RNAseq.21467_t/Montipora_capitata_HIv3___RNAseq.g37193.t1/Montipora_capitata_HIv3___RNAseq.g36907.t1/Montipora_capitata_HIv3___RNAseq.g45527.t1/Montipora_capitata_HIv3___RNAseq.g35008.t1/Montipora_capitata_HIv3___RNAseq.g46378.t1/Montipora_capitata_HIv3___RNAseq.g24942.t1/Montipora_capitata_HIv3___RNAseq.g44814.t1/Montipora_capitata_HIv3___RNAseq.g30678.t1b/Montipora_capitata_HIv3___RNAseq.g28405.t2/Montipora_capitata_HIv3___RNAseq.g40991.t1/Montipora_capitata_HIv3___RNAseq.g14965.t1/Montipora_capitata_HIv3___RNAseq.g42092.t1/Montipora_capitata_HIv3___RNAseq.g43161.t1a/Montipora_capitata_HIv3___TS.g33523.t1/Montipora_capitata_HIv3___RNAseq.g4241.t1/Montipora_capitata_HIv3___RNAseq.g47955.t1/Montipora_capitata_HIv3___TS.g10359.t4b/Montipora_capitata_HIv3___RNAseq.g41226.t1/Montipora_capitata_HIv3___RNAseq.g44445.t1,0.9999700722747686,regulation of metabolic process,BP
GO:0032269,GO:0032269,4/85,605/8363,0.8725232916132135,0.6308000885763906,4,605,Montipora_capitata_HIv3___TS.g1118.t1/Montipora_capitata_HIv3___RNAseq.g5395.t1/Montipora_capitata_HIv3___RNAseq.g7741.t1/Montipora_capitata_HIv3___TS.g32048.t1,0.9999700722747686,NA,NA
GO:0044087,regulation of cellular component biogenesis,5/85,728/8363,0.8732984399169756,0.6531375243608024,5,728,Montipora_capitata_HIv3___RNAseq.g23734.t3/Montipora_capitata_HIv3___RNAseq.g35804.t1/Montipora_capitata_HIv3___RNAseq.g35008.t1/Montipora_capitata_HIv3___RNAseq.g24942.t1/Montipora_capitata_HIv3___RNAseq.g35720.t1,0.9999700722747686,regulation of cellular component biogenesis,BP
GO:0031323,regulation of cellular metabolic process,26/85,3003/8363,0.8739013875003421,0.7847008851461285,26,3003,Montipora_capitata_HIv3___TS.g1118.t1/Montipora_capitata_HIv3___TS.g10979.t1/Montipora_capitata_HIv3___RNAseq.g5395.t1/Montipora_capitata_HIv3___RNAseq.g11548.t1/Montipora_capitata_HIv3___RNAseq.g7741.t1/Montipora_capitata_HIv3___TS.g27540.t1/Montipora_capitata_HIv3___RNAseq.g46819.t1/Montipora_capitata_HIv3___RNAseq.g44960.t2/Montipora_capitata_HIv3___TS.g32048.t1/Montipora_capitata_HIv3___RNAseq.21467_t/Montipora_capitata_HIv3___RNAseq.g37193.t1/Montipora_capitata_HIv3___RNAseq.g36907.t1/Montipora_capitata_HIv3___RNAseq.g45527.t1/Montipora_capitata_HIv3___RNAseq.g35008.t1/Montipora_capitata_HIv3___RNAseq.g46378.t1/Montipora_capitata_HIv3___RNAseq.g24942.t1/Montipora_capitata_HIv3___RNAseq.g44814.t1/Montipora_capitata_HIv3___RNAseq.g30678.t1b/Montipora_capitata_HIv3___RNAseq.g28405.t2/Montipora_capitata_HIv3___RNAseq.g40991.t1/Montipora_capitata_HIv3___RNAseq.g14965.t1/Montipora_capitata_HIv3___RNAseq.g43161.t1a/Montipora_capitata_HIv3___RNAseq.g47955.t1/Montipora_capitata_HIv3___TS.g10359.t4b/Montipora_capitata_HIv3___RNAseq.g41226.t1/Montipora_capitata_HIv3___RNAseq.g44445.t1,0.9999700722747686,regulation of cellular metabolic process,BP
GO:0030424,axon,3/85,482/8363,0.8754456455376121,0.5956897990025549,3,482,Montipora_capitata_HIv3___RNAseq.g5395.t1/Montipora_capitata_HIv3___RNAseq.g24942.t1/Montipora_capitata_HIv3___RNAseq.g23366.t1,0.9999700722747686,axon,CC
GO:0007267,cell-cell signaling,4/85,609/8363,0.8758225445811743,0.6263022905267187,4,609,Montipora_capitata_HIv3___RNAseq.g7741.t1/Montipora_capitata_HIv3___TS.g27540.t1/Montipora_capitata_HIv3___RNAseq.g35008.t1/Montipora_capitata_HIv3___TS.g10359.t4b,0.9999700722747686,cell-cell signaling,BP
GO:0097458,GO:0097458,8/85,1085/8363,0.8772789938338605,0.6946935668398926,8,1085,Montipora_capitata_HIv3___RNAseq.g23734.t3/Montipora_capitata_HIv3___RNAseq.g35804.t1/Montipora_capitata_HIv3___RNAseq.g5395.t1/Montipora_capitata_HIv3___RNAseq.g22865.t1/Montipora_capitata_HIv3___RNAseq.g9026.t1/Montipora_capitata_HIv3___RNAseq.g24942.t1/Montipora_capitata_HIv3___RNAseq.g35720.t1/Montipora_capitata_HIv3___RNAseq.g23366.t1,0.9999700722747686,NA,NA
GO:0051276,chromosome organization,5/85,736/8363,0.879327672357823,0.6453038513063992,5,736,Montipora_capitata_HIv3___TS.g1118.t1/Montipora_capitata_HIv3___RNAseq.g45527.t1/Montipora_capitata_HIv3___RNAseq.g40991.t1/Montipora_capitata_HIv3___RNAseq.g43161.t1a/Montipora_capitata_HIv3___RNAseq.g47955.t1,0.9999700722747686,chromosome organization,BP
GO:1901575,organic substance catabolic process,9/85,1204/8363,0.8804960795560814,0.7019319763244569,9,1204,Montipora_capitata_HIv3___TS.g1118.t1/Montipora_capitata_HIv3___TS.g28995.t1/Montipora_capitata_HIv3___RNAseq.g46378.t1/Montipora_capitata_HIv3___RNAseq.g30678.t1b/Montipora_capitata_HIv3___RNAseq.g22553.t1c/Montipora_capitata_HIv3___RNAseq.g9918.t1/Montipora_capitata_HIv3___RNAseq.g4241.t1/Montipora_capitata_HIv3___RNAseq.g6934.t1/Montipora_capitata_HIv3___RNAseq.g14960.t1,0.9999700722747686,organic substance catabolic process,BP
GO:0043025,neuronal cell body,3/85,490/8363,0.8824792122811662,0.5853027341932857,3,490,Montipora_capitata_HIv3___RNAseq.g5395.t1/Montipora_capitata_HIv3___RNAseq.g24942.t1/Montipora_capitata_HIv3___RNAseq.g23366.t1,0.9999700722747686,neuronal cell body,CC
GO:0060284,regulation of cell development,5/85,744/8363,0.8851161172597095,0.6376396721257991,5,744,Montipora_capitata_HIv3___RNAseq.g5395.t1/Montipora_capitata_HIv3___RNAseq.g35008.t1/Montipora_capitata_HIv3___RNAseq.g24942.t1/Montipora_capitata_HIv3___RNAseq.g44814.t1/Montipora_capitata_HIv3___TS.g10359.t4b,0.9999700722747686,regulation of cell development,BP
GO:0008152,metabolic process,49/85,5296/8363,0.8852322890190063,0.7863017708745355,49,5296,Montipora_capitata_HIv3___TS.g1118.t1/Montipora_capitata_HIv3___RNAseq.g40427.t1a/Montipora_capitata_HIv3___RNAseq.g23762.t1/Montipora_capitata_HIv3___RNAseq.g5395.t1/Montipora_capitata_HIv3___RNAseq.g11548.t1/Montipora_capitata_HIv3___RNAseq.g7741.t1/Montipora_capitata_HIv3___RNAseq.g33991.t1/Montipora_capitata_HIv3___RNAseq.g36836.t1/Montipora_capitata_HIv3___RNAseq.g46819.t1/Montipora_capitata_HIv3___RNAseq.g44960.t2/Montipora_capitata_HIv3___TS.g32048.t1/Montipora_capitata_HIv3___RNAseq.g40983.t1/Montipora_capitata_HIv3___RNAseq.21467_t/Montipora_capitata_HIv3___RNAseq.g24836.t1/Montipora_capitata_HIv3___TS.g28995.t1/Montipora_capitata_HIv3___RNAseq.g37193.t1/Montipora_capitata_HIv3___RNAseq.g33992.t1/Montipora_capitata_HIv3___RNAseq.g27709.t1/Montipora_capitata_HIv3___RNAseq.g45527.t1/Montipora_capitata_HIv3___RNAseq.g40982.t1a/Montipora_capitata_HIv3___RNAseq.g46378.t1/Montipora_capitata_HIv3___RNAseq.g24942.t1/Montipora_capitata_HIv3___RNAseq.g44814.t1/Montipora_capitata_HIv3___RNAseq.g30678.t1b/Montipora_capitata_HIv3___RNAseq.g15186.t1/Montipora_capitata_HIv3___RNAseq.g40991.t1/Montipora_capitata_HIv3___RNAseq.g14965.t1/Montipora_capitata_HIv3___TS.g4674.t2b/Montipora_capitata_HIv3___RNAseq.g47379.t1/Montipora_capitata_HIv3___RNAseq.g37645.t1/Montipora_capitata_HIv3___RNAseq.g42092.t1/Montipora_capitata_HIv3___RNAseq.g43161.t1a/Montipora_capitata_HIv3___RNAseq.g22553.t1c/Montipora_capitata_HIv3___RNAseq.g9918.t1/Montipora_capitata_HIv3___RNAseq.g33449.t1/Montipora_capitata_HIv3___RNAseq.g9060.t1/Montipora_capitata_HIv3___TS.g33523.t1/Montipora_capitata_HIv3___RNAseq.g4241.t1/Montipora_capitata_HIv3___RNAseq.g47955.t1/Montipora_capitata_HIv3___RNAseq.g11214.t1/Montipora_capitata_HIv3___TS.g21293.t1/Montipora_capitata_HIv3___RNAseq.g33997.t1/Montipora_capitata_HIv3___RNAseq.g6934.t1/Montipora_capitata_HIv3___RNAseq.g9561.t1/Montipora_capitata_HIv3___RNAseq.g41226.t1/Montipora_capitata_HIv3___RNAseq.g8867.t2/Montipora_capitata_HIv3___RNAseq.g44445.t1/Montipora_capitata_HIv3___RNAseq.g14960.t1/Montipora_capitata_HIv3___RNAseq.g18391.t1,0.9999700722747686,metabolic process,BP
GO:0031327,negative regulation of cellular biosynthetic process,6/85,866/8363,0.8863877155400992,0.6551357888602427,6,866,Montipora_capitata_HIv3___RNAseq.g44960.t2/Montipora_capitata_HIv3___RNAseq.21467_t/Montipora_capitata_HIv3___RNAseq.g35008.t1/Montipora_capitata_HIv3___RNAseq.g46378.t1/Montipora_capitata_HIv3___RNAseq.g44814.t1/Montipora_capitata_HIv3___RNAseq.g43161.t1a,0.9999700722747686,negative regulation of cellular biosynthetic process,BP
GO:0051248,negative regulation of protein metabolic process,4/85,624/8363,0.887557295062306,0.6100132648001333,4,624,Montipora_capitata_HIv3___TS.g1118.t1/Montipora_capitata_HIv3___RNAseq.g5395.t1/Montipora_capitata_HIv3___RNAseq.g7741.t1/Montipora_capitata_HIv3___TS.g32048.t1,0.9999700722747686,negative regulation of protein metabolic process,BP
GO:0048585,negative regulation of response to stimulus,7/85,987/8363,0.8883872679218308,0.6683431010591783,7,987,Montipora_capitata_HIv3___RNAseq.g5395.t1/Montipora_capitata_HIv3___RNAseq.g44960.t2/Montipora_capitata_HIv3___RNAseq.21467_t/Montipora_capitata_HIv3___RNAseq.g44814.t1/Montipora_capitata_HIv3___RNAseq.g30678.t1b/Montipora_capitata_HIv3___RNAseq.g43161.t1a/Montipora_capitata_HIv3___RNAseq.g4457.t1,0.9999700722747686,negative regulation of response to stimulus,BP
GO:0051960,regulation of nervous system development,5/85,754/8363,0.8920229879753457,0.6282895256371992,5,754,Montipora_capitata_HIv3___RNAseq.g5395.t1/Montipora_capitata_HIv3___RNAseq.g35008.t1/Montipora_capitata_HIv3___RNAseq.g24942.t1/Montipora_capitata_HIv3___RNAseq.g44814.t1/Montipora_capitata_HIv3___TS.g10359.t4b,0.9999700722747686,regulation of nervous system development,BP
GO:0007010,cytoskeleton organization,5/85,757/8363,0.8940255815081558,0.6255329398162773,5,757,Montipora_capitata_HIv3___RNAseq.g36838.t1/Montipora_capitata_HIv3___RNAseq.g26580.t1/Montipora_capitata_HIv3___TS.g5595.t1/Montipora_capitata_HIv3___RNAseq.g24942.t1/Montipora_capitata_HIv3___TS.g10359.t4b,0.9999700722747686,cytoskeleton organization,BP
GO:0043933,protein-containing complex organization,9/85,1228/8363,0.8942908917069963,0.6857822587641704,9,1228,Montipora_capitata_HIv3___RNAseq.g36838.t1/Montipora_capitata_HIv3___TS.g5595.t1/Montipora_capitata_HIv3___RNAseq.g27546.t1/Montipora_capitata_HIv3___RNAseq.g38848.t1/Montipora_capitata_HIv3___RNAseq.g35008.t1/Montipora_capitata_HIv3___RNAseq.g40982.t1a/Montipora_capitata_HIv3___RNAseq.g43161.t1a/Montipora_capitata_HIv3___TS.g33523.t1/Montipora_capitata_HIv3___RNAseq.g47955.t1,0.9999700722747686,protein-containing complex organization,BP
GO:0044248,cellular catabolic process,9/85,1229/8363,0.8948366048740664,0.6851231424341316,9,1229,Montipora_capitata_HIv3___TS.g1118.t1/Montipora_capitata_HIv3___TS.g28995.t1/Montipora_capitata_HIv3___RNAseq.g46378.t1/Montipora_capitata_HIv3___RNAseq.g30678.t1b/Montipora_capitata_HIv3___RNAseq.g22553.t1c/Montipora_capitata_HIv3___RNAseq.g9918.t1/Montipora_capitata_HIv3___RNAseq.g4241.t1/Montipora_capitata_HIv3___RNAseq.g6934.t1/Montipora_capitata_HIv3___RNAseq.g14960.t1,0.9999700722747686,cellular catabolic process,BP
GO:0009057,macromolecule catabolic process,5/85,760/8363,0.8959967295926903,0.622798245348824,5,760,Montipora_capitata_HIv3___TS.g1118.t1/Montipora_capitata_HIv3___TS.g28995.t1/Montipora_capitata_HIv3___RNAseq.g30678.t1b/Montipora_capitata_HIv3___RNAseq.g22553.t1c/Montipora_capitata_HIv3___RNAseq.g4241.t1,0.9999700722747686,macromolecule catabolic process,BP
GO:0009890,negative regulation of biosynthetic process,6/85,883/8363,0.8971750635570277,0.6409654217372156,6,883,Montipora_capitata_HIv3___RNAseq.g44960.t2/Montipora_capitata_HIv3___RNAseq.21467_t/Montipora_capitata_HIv3___RNAseq.g35008.t1/Montipora_capitata_HIv3___RNAseq.g46378.t1/Montipora_capitata_HIv3___RNAseq.g44814.t1/Montipora_capitata_HIv3___RNAseq.g43161.t1a,0.9999700722747686,negative regulation of biosynthetic process,BP
GO:1901363,heterocyclic compound binding,15/85,1909/8363,0.9016379082333814,0.7223145382351864,15,1909,Montipora_capitata_HIv3___RNAseq.g22865.t1/Montipora_capitata_HIv3___RNAseq.g7741.t1/Montipora_capitata_HIv3___RNAseq.g27546.t1/Montipora_capitata_HIv3___RNAseq.g27709.t1/Montipora_capitata_HIv3___RNAseq.g45527.t1/Montipora_capitata_HIv3___RNAseq.g46378.t1/Montipora_capitata_HIv3___RNAseq.g24942.t1/Montipora_capitata_HIv3___RNAseq.g44814.t1/Montipora_capitata_HIv3___RNAseq.g40991.t1/Montipora_capitata_HIv3___RNAseq.g14965.t1/Montipora_capitata_HIv3___RNAseq.g42092.t1/Montipora_capitata_HIv3___RNAseq.g43161.t1a/Montipora_capitata_HIv3___TS.g33523.t1/Montipora_capitata_HIv3___RNAseq.g47955.t1/Montipora_capitata_HIv3___RNAseq.g33997.t1,0.9999700722747686,heterocyclic compound binding,MF
GO:0006468,protein phosphorylation,3/85,519/8363,0.90514091166332,0.5503489694069794,3,519,Montipora_capitata_HIv3___RNAseq.g44960.t2/Montipora_capitata_HIv3___RNAseq.21467_t/Montipora_capitata_HIv3___RNAseq.g14965.t1,0.9999700722747686,protein phosphorylation,BP
GO:0008150,biological_process,79/85,7979/8363,0.9051755213156161,0.6300498390823599,79,7979,Montipora_capitata_HIv3___RNAseq.g7992.t1/Montipora_capitata_HIv3___TS.g1118.t1/Montipora_capitata_HIv3___RNAseq.g36838.t1/Montipora_capitata_HIv3___RNAseq.g23734.t3/Montipora_capitata_HIv3___RNAseq.g35804.t1/Montipora_capitata_HIv3___TS.g10979.t1/Montipora_capitata_HIv3___RNAseq.g40427.t1a/Montipora_capitata_HIv3___RNAseq.g23762.t1/Montipora_capitata_HIv3___RNAseq.g5395.t1/Montipora_capitata_HIv3___RNAseq.g22865.t1/Montipora_capitata_HIv3___RNAseq.g23733.t1/Montipora_capitata_HIv3___RNAseq.g11548.t1/Montipora_capitata_HIv3___RNAseq.g7741.t1/Montipora_capitata_HIv3___TS.g29616.t1/Montipora_capitata_HIv3___RNAseq.g33991.t1/Montipora_capitata_HIv3___RNAseq.g26580.t1/Montipora_capitata_HIv3___RNAseq.g2640.t1a/Montipora_capitata_HIv3___TS.g5595.t1/Montipora_capitata_HIv3___RNAseq.g36836.t1/Montipora_capitata_HIv3___RNAseq.g27546.t1/Montipora_capitata_HIv3___TS.g27540.t1/Montipora_capitata_HIv3___RNAseq.g24139.t1/Montipora_capitata_HIv3___RNAseq.g46819.t1/Montipora_capitata_HIv3___RNAseq.g12596.t1/Montipora_capitata_HIv3___RNAseq.g11237.t1/Montipora_capitata_HIv3___RNAseq.g44960.t2/Montipora_capitata_HIv3___TS.g32048.t1/Montipora_capitata_HIv3___RNAseq.g40983.t1/Montipora_capitata_HIv3___RNAseq.21467_t/Montipora_capitata_HIv3___RNAseq.g24836.t1/Montipora_capitata_HIv3___TS.g28995.t1/Montipora_capitata_HIv3___RNAseq.g37193.t1/Montipora_capitata_HIv3___RNAseq.g29879.t1b/Montipora_capitata_HIv3___RNAseq.g35718.t1/Montipora_capitata_HIv3___RNAseq.g33992.t1/Montipora_capitata_HIv3___RNAseq.g38848.t1/Montipora_capitata_HIv3___RNAseq.g27709.t1/Montipora_capitata_HIv3___RNAseq.g39648.t1/Montipora_capitata_HIv3___RNAseq.g49895.t2/Montipora_capitata_HIv3___RNAseq.g36907.t1/Montipora_capitata_HIv3___RNAseq.g45527.t1/Montipora_capitata_HIv3___RNAseq.g35008.t1/Montipora_capitata_HIv3___RNAseq.g40982.t1a/Montipora_capitata_HIv3___RNAseq.g46378.t1/Montipora_capitata_HIv3___RNAseq.g24942.t1/Montipora_capitata_HIv3___RNAseq.g44814.t1/Montipora_capitata_HIv3___RNAseq.g20250.t1/Montipora_capitata_HIv3___RNAseq.g35720.t1/Montipora_capitata_HIv3___RNAseq.g30678.t1b/Montipora_capitata_HIv3___RNAseq.g15186.t1/Montipora_capitata_HIv3___RNAseq.g28405.t2/Montipora_capitata_HIv3___RNAseq.g40991.t1/Montipora_capitata_HIv3___RNAseq.g14965.t1/Montipora_capitata_HIv3___TS.g4674.t2b/Montipora_capitata_HIv3___RNAseq.g47379.t1/Montipora_capitata_HIv3___RNAseq.g37645.t1/Montipora_capitata_HIv3___RNAseq.g42092.t1/Montipora_capitata_HIv3___RNAseq.g43161.t1a/Montipora_capitata_HIv3___RNAseq.g22553.t1c/Montipora_capitata_HIv3___RNAseq.g9918.t1/Montipora_capitata_HIv3___RNAseq.g33449.t1/Montipora_capitata_HIv3___RNAseq.g9060.t1/Montipora_capitata_HIv3___TS.g33523.t1/Montipora_capitata_HIv3___RNAseq.g4241.t1/Montipora_capitata_HIv3___RNAseq.g47955.t1/Montipora_capitata_HIv3___RNAseq.g11214.t1/Montipora_capitata_HIv3___TS.g21293.t1/Montipora_capitata_HIv3___RNAseq.g33997.t1/Montipora_capitata_HIv3___RNAseq.g6934.t1/Montipora_capitata_HIv3___RNAseq.g9561.t1/Montipora_capitata_HIv3___RNAseq.g23464.t1/Montipora_capitata_HIv3___RNAseq.g4457.t1/Montipora_capitata_HIv3___TS.g10359.t4b/Montipora_capitata_HIv3___RNAseq.g41226.t1/Montipora_capitata_HIv3___RNAseq.g8867.t2/Montipora_capitata_HIv3___RNAseq.g44445.t1/Montipora_capitata_HIv3___RNAseq.g14960.t1/Montipora_capitata_HIv3___RNAseq.g23366.t1/Montipora_capitata_HIv3___RNAseq.g18391.t1,0.9999700722747686,biological_process,BP
GO:0022603,regulation of anatomical structure morphogenesis,4/85,654/8363,0.9082004451218842,0.579576097772928,4,654,Montipora_capitata_HIv3___RNAseq.g35008.t1/Montipora_capitata_HIv3___RNAseq.g24942.t1/Montipora_capitata_HIv3___RNAseq.g44814.t1/Montipora_capitata_HIv3___TS.g10359.t4b,0.9999700722747686,regulation of anatomical structure morphogenesis,BP
GO:0010648,negative regulation of cell communication,6/85,903/8363,0.9087578012410754,0.6249820112877862,6,903,Montipora_capitata_HIv3___RNAseq.g5395.t1/Montipora_capitata_HIv3___RNAseq.g44960.t2/Montipora_capitata_HIv3___RNAseq.21467_t/Montipora_capitata_HIv3___RNAseq.g44814.t1/Montipora_capitata_HIv3___RNAseq.g4457.t1/Montipora_capitata_HIv3___RNAseq.g23366.t1,0.9999700722747686,negative regulation of cell communication,BP
GO:0023057,negative regulation of signaling,6/85,904/8363,0.9093068270980567,0.6242015283583877,6,904,Montipora_capitata_HIv3___RNAseq.g5395.t1/Montipora_capitata_HIv3___RNAseq.g44960.t2/Montipora_capitata_HIv3___RNAseq.21467_t/Montipora_capitata_HIv3___RNAseq.g44814.t1/Montipora_capitata_HIv3___RNAseq.g4457.t1/Montipora_capitata_HIv3___RNAseq.g23366.t1,0.9999700722747686,negative regulation of signaling,BP
GO:0007346,regulation of mitotic cell cycle,3/85,525/8363,0.9093137336351012,0.5436019372575365,3,525,Montipora_capitata_HIv3___RNAseq.g7741.t1/Montipora_capitata_HIv3___RNAseq.g14965.t1/Montipora_capitata_HIv3___RNAseq.g43161.t1a,0.9999700722747686,regulation of mitotic cell cycle,BP
GO:0045595,regulation of cell differentiation,8/85,1142/8363,0.909640086712612,0.6545565062785146,8,1142,Montipora_capitata_HIv3___RNAseq.g5395.t1/Montipora_capitata_HIv3___RNAseq.g44960.t2/Montipora_capitata_HIv3___RNAseq.21467_t/Montipora_capitata_HIv3___RNAseq.g35008.t1/Montipora_capitata_HIv3___RNAseq.g46378.t1/Montipora_capitata_HIv3___RNAseq.g24942.t1/Montipora_capitata_HIv3___RNAseq.g44814.t1/Montipora_capitata_HIv3___TS.g10359.t4b,0.9999700722747686,regulation of cell differentiation,BP
GO:0071704,organic substance metabolic process,46/85,5070/8363,0.9099767767344955,0.7639805318278959,46,5070,Montipora_capitata_HIv3___TS.g1118.t1/Montipora_capitata_HIv3___RNAseq.g40427.t1a/Montipora_capitata_HIv3___RNAseq.g23762.t1/Montipora_capitata_HIv3___RNAseq.g5395.t1/Montipora_capitata_HIv3___RNAseq.g11548.t1/Montipora_capitata_HIv3___RNAseq.g7741.t1/Montipora_capitata_HIv3___RNAseq.g33991.t1/Montipora_capitata_HIv3___RNAseq.g36836.t1/Montipora_capitata_HIv3___RNAseq.g46819.t1/Montipora_capitata_HIv3___RNAseq.g44960.t2/Montipora_capitata_HIv3___TS.g32048.t1/Montipora_capitata_HIv3___RNAseq.g40983.t1/Montipora_capitata_HIv3___RNAseq.21467_t/Montipora_capitata_HIv3___RNAseq.g24836.t1/Montipora_capitata_HIv3___TS.g28995.t1/Montipora_capitata_HIv3___RNAseq.g37193.t1/Montipora_capitata_HIv3___RNAseq.g33992.t1/Montipora_capitata_HIv3___RNAseq.g27709.t1/Montipora_capitata_HIv3___RNAseq.g45527.t1/Montipora_capitata_HIv3___RNAseq.g46378.t1/Montipora_capitata_HIv3___RNAseq.g24942.t1/Montipora_capitata_HIv3___RNAseq.g44814.t1/Montipora_capitata_HIv3___RNAseq.g30678.t1b/Montipora_capitata_HIv3___RNAseq.g15186.t1/Montipora_capitata_HIv3___RNAseq.g40991.t1/Montipora_capitata_HIv3___RNAseq.g14965.t1/Montipora_capitata_HIv3___RNAseq.g47379.t1/Montipora_capitata_HIv3___RNAseq.g37645.t1/Montipora_capitata_HIv3___RNAseq.g42092.t1/Montipora_capitata_HIv3___RNAseq.g43161.t1a/Montipora_capitata_HIv3___RNAseq.g22553.t1c/Montipora_capitata_HIv3___RNAseq.g9918.t1/Montipora_capitata_HIv3___RNAseq.g33449.t1/Montipora_capitata_HIv3___RNAseq.g9060.t1/Montipora_capitata_HIv3___TS.g33523.t1/Montipora_capitata_HIv3___RNAseq.g4241.t1/Montipora_capitata_HIv3___RNAseq.g47955.t1/Montipora_capitata_HIv3___RNAseq.g11214.t1/Montipora_capitata_HIv3___TS.g21293.t1/Montipora_capitata_HIv3___RNAseq.g33997.t1/Montipora_capitata_HIv3___RNAseq.g6934.t1/Montipora_capitata_HIv3___RNAseq.g9561.t1/Montipora_capitata_HIv3___RNAseq.g41226.t1/Montipora_capitata_HIv3___RNAseq.g8867.t2/Montipora_capitata_HIv3___RNAseq.g44445.t1/Montipora_capitata_HIv3___RNAseq.g14960.t1,0.9999700722747686,organic substance metabolic process,BP
GO:0045664,regulation of neuron differentiation,3/85,526/8363,0.9099930747751925,0.5424924790446679,3,526,Montipora_capitata_HIv3___RNAseq.g5395.t1/Montipora_capitata_HIv3___RNAseq.g24942.t1/Montipora_capitata_HIv3___TS.g10359.t4b,0.9999700722747686,regulation of neuron differentiation,BP
GO:0044877,protein-containing complex binding,4/85,657/8363,0.9100712840911753,0.576686133502895,4,657,Montipora_capitata_HIv3___RNAseq.g35008.t1/Montipora_capitata_HIv3___RNAseq.g24942.t1/Montipora_capitata_HIv3___RNAseq.g44814.t1/Montipora_capitata_HIv3___RNAseq.g14965.t1,0.9999700722747686,protein-containing complex binding,MF
GO:0048518,positive regulation of biological process,27/85,3196/8363,0.9116317123950196,0.7505227039904275,27,3196,Montipora_capitata_HIv3___TS.g1118.t1/Montipora_capitata_HIv3___RNAseq.g23734.t3/Montipora_capitata_HIv3___RNAseq.g35804.t1/Montipora_capitata_HIv3___RNAseq.g5395.t1/Montipora_capitata_HIv3___RNAseq.g11548.t1/Montipora_capitata_HIv3___RNAseq.g7741.t1/Montipora_capitata_HIv3___TS.g27540.t1/Montipora_capitata_HIv3___RNAseq.g24139.t1/Montipora_capitata_HIv3___RNAseq.g46819.t1/Montipora_capitata_HIv3___RNAseq.g44960.t2/Montipora_capitata_HIv3___RNAseq.21467_t/Montipora_capitata_HIv3___RNAseq.g37193.t1/Montipora_capitata_HIv3___RNAseq.g36907.t1/Montipora_capitata_HIv3___RNAseq.g45527.t1/Montipora_capitata_HIv3___RNAseq.g35008.t1/Montipora_capitata_HIv3___RNAseq.g46378.t1/Montipora_capitata_HIv3___RNAseq.g24942.t1/Montipora_capitata_HIv3___RNAseq.g44814.t1/Montipora_capitata_HIv3___RNAseq.g35720.t1/Montipora_capitata_HIv3___RNAseq.g30678.t1b/Montipora_capitata_HIv3___RNAseq.g14965.t1/Montipora_capitata_HIv3___RNAseq.g42092.t1/Montipora_capitata_HIv3___RNAseq.g43161.t1a/Montipora_capitata_HIv3___TS.g33523.t1/Montipora_capitata_HIv3___RNAseq.g23464.t1/Montipora_capitata_HIv3___TS.g10359.t4b/Montipora_capitata_HIv3___RNAseq.g44445.t1,0.9999700722747686,positive regulation of biological process,BP
GO:0048477,oogenesis,3/85,529/8363,0.9120039427836595,0.5391894091453067,3,529,Montipora_capitata_HIv3___RNAseq.g24942.t1/Montipora_capitata_HIv3___RNAseq.g44814.t1/Montipora_capitata_HIv3___RNAseq.g47955.t1,0.9999700722747686,oogenesis,BP
GO:0097159,organic cyclic compound binding,15/85,1937/8363,0.913473991633557,0.7086729365882031,15,1937,Montipora_capitata_HIv3___RNAseq.g22865.t1/Montipora_capitata_HIv3___RNAseq.g7741.t1/Montipora_capitata_HIv3___RNAseq.g27546.t1/Montipora_capitata_HIv3___RNAseq.g27709.t1/Montipora_capitata_HIv3___RNAseq.g45527.t1/Montipora_capitata_HIv3___RNAseq.g46378.t1/Montipora_capitata_HIv3___RNAseq.g24942.t1/Montipora_capitata_HIv3___RNAseq.g44814.t1/Montipora_capitata_HIv3___RNAseq.g40991.t1/Montipora_capitata_HIv3___RNAseq.g14965.t1/Montipora_capitata_HIv3___RNAseq.g42092.t1/Montipora_capitata_HIv3___RNAseq.g43161.t1a/Montipora_capitata_HIv3___TS.g33523.t1/Montipora_capitata_HIv3___RNAseq.g47955.t1/Montipora_capitata_HIv3___RNAseq.g33997.t1,0.9999700722747686,organic cyclic compound binding,MF
GO:0043168,anion binding,6/85,912/8363,0.9135993097288182,0.6180196859893364,6,912,Montipora_capitata_HIv3___RNAseq.g22865.t1/Montipora_capitata_HIv3___TS.g32048.t1/Montipora_capitata_HIv3___RNAseq.g46378.t1/Montipora_capitata_HIv3___RNAseq.g43161.t1a/Montipora_capitata_HIv3___TS.g33523.t1/Montipora_capitata_HIv3___RNAseq.g33997.t1,0.9999700722747686,anion binding,MF
GO:0051640,organelle localization,3/85,534/8363,0.9152663397652846,0.533767212228979,3,534,Montipora_capitata_HIv3___RNAseq.g44814.t1/Montipora_capitata_HIv3___TS.g33523.t1/Montipora_capitata_HIv3___TS.g10359.t4b,0.9999700722747686,organelle localization,BP
GO:0007610,behavior,5/85,794/8363,0.9162464922898115,0.5932654322901416,5,794,Montipora_capitata_HIv3___RNAseq.g5395.t1/Montipora_capitata_HIv3___TS.g27540.t1/Montipora_capitata_HIv3___TS.g32048.t1/Montipora_capitata_HIv3___RNAseq.g44814.t1/Montipora_capitata_HIv3___RNAseq.g23366.t1,0.9999700722747686,behavior,BP
GO:0045892,negative regulation of DNA-templated transcription,4/85,669/8363,0.9172260109931648,0.5653869106874,4,669,Montipora_capitata_HIv3___RNAseq.g44960.t2/Montipora_capitata_HIv3___RNAseq.21467_t/Montipora_capitata_HIv3___RNAseq.g35008.t1/Montipora_capitata_HIv3___RNAseq.g44814.t1,0.9999700722747686,negative regulation of DNA-templated transcription,BP
GO:0055086,nucleobase-containing small molecule metabolic process,3/85,538/8363,0.9177978579206671,0.5295024085430412,3,538,Montipora_capitata_HIv3___RNAseq.g9561.t1/Montipora_capitata_HIv3___RNAseq.g8867.t2/Montipora_capitata_HIv3___RNAseq.g14960.t1,0.9999700722747686,nucleobase-containing small molecule metabolic process,BP
GO:2000113,GO:2000113,5/85,799/8363,0.9189179045234334,0.589136241768307,5,799,Montipora_capitata_HIv3___RNAseq.g44960.t2/Montipora_capitata_HIv3___RNAseq.21467_t/Montipora_capitata_HIv3___RNAseq.g35008.t1/Montipora_capitata_HIv3___RNAseq.g44814.t1/Montipora_capitata_HIv3___RNAseq.g43161.t1a,0.9999700722747686,NA,NA
GO:0044297,cell body,3/85,543/8363,0.9208667687845404,0.5242602321571416,3,543,Montipora_capitata_HIv3___RNAseq.g5395.t1/Montipora_capitata_HIv3___RNAseq.g24942.t1/Montipora_capitata_HIv3___RNAseq.g23366.t1,0.9999700722747686,cell body,CC
GO:0000003,reproduction,12/85,1625/8363,0.9212022688654986,0.679274008752588,12,1625,Montipora_capitata_HIv3___TS.g5595.t1/Montipora_capitata_HIv3___RNAseq.g36907.t1/Montipora_capitata_HIv3___RNAseq.g35008.t1/Montipora_capitata_HIv3___RNAseq.g46378.t1/Montipora_capitata_HIv3___RNAseq.g24942.t1/Montipora_capitata_HIv3___RNAseq.g44814.t1/Montipora_capitata_HIv3___RNAseq.g15186.t1/Montipora_capitata_HIv3___RNAseq.g42092.t1/Montipora_capitata_HIv3___RNAseq.g43161.t1a/Montipora_capitata_HIv3___RNAseq.g33449.t1/Montipora_capitata_HIv3___RNAseq.g4241.t1/Montipora_capitata_HIv3___RNAseq.g47955.t1,0.9999700722747686,reproduction,BP
GO:0016071,mRNA metabolic process,3/85,544/8363,0.9214680558371607,0.5232234217337884,3,544,Montipora_capitata_HIv3___RNAseq.g44814.t1/Montipora_capitata_HIv3___RNAseq.g4241.t1/Montipora_capitata_HIv3___RNAseq.g47955.t1,0.9999700722747686,mRNA metabolic process,BP
GO:0003723,RNA binding,4/85,679/8363,0.9228020068737302,0.556277647167988,4,679,Montipora_capitata_HIv3___RNAseq.g27546.t1/Montipora_capitata_HIv3___RNAseq.g27709.t1/Montipora_capitata_HIv3___RNAseq.g24942.t1/Montipora_capitata_HIv3___RNAseq.g47955.t1,0.9999700722747686,RNA binding,MF
GO:1903507,GO:1903507,4/85,681/8363,0.9238766564730001,0.5544880724499869,4,681,Montipora_capitata_HIv3___RNAseq.g44960.t2/Montipora_capitata_HIv3___RNAseq.21467_t/Montipora_capitata_HIv3___RNAseq.g35008.t1/Montipora_capitata_HIv3___RNAseq.g44814.t1,0.9999700722747686,NA,NA
GO:1902679,negative regulation of RNA biosynthetic process,4/85,682/8363,0.9244090187816391,0.5535972424815465,4,682,Montipora_capitata_HIv3___RNAseq.g44960.t2/Montipora_capitata_HIv3___RNAseq.21467_t/Montipora_capitata_HIv3___RNAseq.g35008.t1/Montipora_capitata_HIv3___RNAseq.g44814.t1,0.9999700722747686,negative regulation of RNA biosynthetic process,BP
GO:0010605,negative regulation of macromolecule metabolic process,11/85,1522/8363,0.9250375605307237,0.6657537065990782,11,1522,Montipora_capitata_HIv3___TS.g1118.t1/Montipora_capitata_HIv3___RNAseq.g5395.t1/Montipora_capitata_HIv3___RNAseq.g7741.t1/Montipora_capitata_HIv3___RNAseq.g44960.t2/Montipora_capitata_HIv3___TS.g32048.t1/Montipora_capitata_HIv3___RNAseq.21467_t/Montipora_capitata_HIv3___RNAseq.g35008.t1/Montipora_capitata_HIv3___RNAseq.g44814.t1/Montipora_capitata_HIv3___RNAseq.g42092.t1/Montipora_capitata_HIv3___RNAseq.g43161.t1a/Montipora_capitata_HIv3___RNAseq.g4241.t1,0.9999700722747686,negative regulation of macromolecule metabolic process,BP
GO:0009968,negative regulation of signal transduction,5/85,814/8363,0.9264947313609633,0.5770548940389402,5,814,Montipora_capitata_HIv3___RNAseq.g5395.t1/Montipora_capitata_HIv3___RNAseq.g44960.t2/Montipora_capitata_HIv3___RNAseq.21467_t/Montipora_capitata_HIv3___RNAseq.g44814.t1/Montipora_capitata_HIv3___RNAseq.g4457.t1,0.9999700722747686,negative regulation of signal transduction,BP
GO:0003002,regionalization,3/85,553/8363,0.9266974499118922,0.5140617454160893,3,553,Montipora_capitata_HIv3___RNAseq.g35008.t1/Montipora_capitata_HIv3___TS.g4674.t2b/Montipora_capitata_HIv3___TS.g10359.t4b,0.9999700722747686,regionalization,BP
GO:0043412,macromolecule modification,15/85,1975/8363,0.9276892231712263,0.6907830719812346,15,1975,Montipora_capitata_HIv3___TS.g1118.t1/Montipora_capitata_HIv3___RNAseq.g23762.t1/Montipora_capitata_HIv3___RNAseq.g5395.t1/Montipora_capitata_HIv3___RNAseq.g11548.t1/Montipora_capitata_HIv3___RNAseq.g36836.t1/Montipora_capitata_HIv3___RNAseq.g46819.t1/Montipora_capitata_HIv3___RNAseq.g44960.t2/Montipora_capitata_HIv3___RNAseq.21467_t/Montipora_capitata_HIv3___RNAseq.g44814.t1/Montipora_capitata_HIv3___RNAseq.g30678.t1b/Montipora_capitata_HIv3___RNAseq.g15186.t1/Montipora_capitata_HIv3___RNAseq.g14965.t1/Montipora_capitata_HIv3___RNAseq.g42092.t1/Montipora_capitata_HIv3___RNAseq.g22553.t1c/Montipora_capitata_HIv3___RNAseq.g9060.t1,0.9999700722747686,macromolecule modification,BP
GO:1902494,catalytic complex,7/85,1063/8363,0.9279476225393773,0.6137884455177569,7,1063,Montipora_capitata_HIv3___RNAseq.g36838.t1/Montipora_capitata_HIv3___RNAseq.g26580.t1/Montipora_capitata_HIv3___TS.g5595.t1/Montipora_capitata_HIv3___RNAseq.g45527.t1/Montipora_capitata_HIv3___RNAseq.g40982.t1a/Montipora_capitata_HIv3___RNAseq.g30678.t1b/Montipora_capitata_HIv3___RNAseq.g47379.t1,0.9999700722747686,catalytic complex,CC
GO:0000166,nucleotide binding,3/85,556/8363,0.9283694932869961,0.5110741054523127,3,556,Montipora_capitata_HIv3___RNAseq.g22865.t1/Montipora_capitata_HIv3___RNAseq.g43161.t1a/Montipora_capitata_HIv3___RNAseq.g33997.t1,0.9999700722747686,nucleotide binding,MF
GO:1901265,nucleoside phosphate binding,3/85,557/8363,0.9289191386059309,0.5100854140851959,3,557,Montipora_capitata_HIv3___RNAseq.g22865.t1/Montipora_capitata_HIv3___RNAseq.g43161.t1a/Montipora_capitata_HIv3___RNAseq.g33997.t1,0.9999700722747686,nucleoside phosphate binding,MF
GO:0010558,negative regulation of macromolecule biosynthetic process,5/85,820/8363,0.9293485193482394,0.5723468662488006,5,820,Montipora_capitata_HIv3___RNAseq.g44960.t2/Montipora_capitata_HIv3___RNAseq.21467_t/Montipora_capitata_HIv3___RNAseq.g35008.t1/Montipora_capitata_HIv3___RNAseq.g44814.t1/Montipora_capitata_HIv3___RNAseq.g43161.t1a,0.9999700722747686,negative regulation of macromolecule biosynthetic process,BP
GO:0031324,negative regulation of cellular metabolic process,10/85,1426/8363,0.9319932571186622,0.6461714423877271,10,1426,Montipora_capitata_HIv3___TS.g1118.t1/Montipora_capitata_HIv3___RNAseq.g5395.t1/Montipora_capitata_HIv3___RNAseq.g7741.t1/Montipora_capitata_HIv3___RNAseq.g44960.t2/Montipora_capitata_HIv3___TS.g32048.t1/Montipora_capitata_HIv3___RNAseq.21467_t/Montipora_capitata_HIv3___RNAseq.g35008.t1/Montipora_capitata_HIv3___RNAseq.g46378.t1/Montipora_capitata_HIv3___RNAseq.g44814.t1/Montipora_capitata_HIv3___RNAseq.g43161.t1a,0.9999700722747686,negative regulation of cellular metabolic process,BP
GO:0031981,nuclear lumen,20/85,2529/8363,0.9324319277938602,0.7074892487251787,20,2529,Montipora_capitata_HIv3___TS.g1118.t1/Montipora_capitata_HIv3___RNAseq.g23734.t3/Montipora_capitata_HIv3___RNAseq.g35804.t1/Montipora_capitata_HIv3___RNAseq.g5395.t1/Montipora_capitata_HIv3___RNAseq.g7741.t1/Montipora_capitata_HIv3___RNAseq.g27546.t1/Montipora_capitata_HIv3___RNAseq.g45527.t1/Montipora_capitata_HIv3___RNAseq.g46378.t1/Montipora_capitata_HIv3___RNAseq.g44814.t1/Montipora_capitata_HIv3___RNAseq.g35720.t1/Montipora_capitata_HIv3___RNAseq.g9027.t1/Montipora_capitata_HIv3___RNAseq.g30678.t1b/Montipora_capitata_HIv3___RNAseq.g15186.t1/Montipora_capitata_HIv3___RNAseq.g40991.t1/Montipora_capitata_HIv3___RNAseq.g14965.t1/Montipora_capitata_HIv3___RNAseq.g47379.t1/Montipora_capitata_HIv3___RNAseq.g43161.t1a/Montipora_capitata_HIv3___RNAseq.g47955.t1/Montipora_capitata_HIv3___RNAseq.g33997.t1/Montipora_capitata_HIv3___RNAseq.g44445.t1,0.9999700722747686,nuclear lumen,CC
GO:0051172,negative regulation of nitrogen compound metabolic process,9/85,1313/8363,0.9331384763216344,0.6333662610534946,9,1313,Montipora_capitata_HIv3___TS.g1118.t1/Montipora_capitata_HIv3___RNAseq.g5395.t1/Montipora_capitata_HIv3___RNAseq.g7741.t1/Montipora_capitata_HIv3___RNAseq.g44960.t2/Montipora_capitata_HIv3___TS.g32048.t1/Montipora_capitata_HIv3___RNAseq.21467_t/Montipora_capitata_HIv3___RNAseq.g35008.t1/Montipora_capitata_HIv3___RNAseq.g44814.t1/Montipora_capitata_HIv3___RNAseq.g43161.t1a,0.9999700722747686,negative regulation of nitrogen compound metabolic process,BP
GO:0010564,regulation of cell cycle process,3/85,565/8363,0.9331808543348596,0.5023025156071416,3,565,Montipora_capitata_HIv3___RNAseq.g7741.t1/Montipora_capitata_HIv3___RNAseq.g14965.t1/Montipora_capitata_HIv3___RNAseq.g43161.t1a,0.9999700722747686,regulation of cell cycle process,BP
GO:0009892,negative regulation of metabolic process,12/85,1666/8363,0.9361049160469076,0.6583643153428628,12,1666,Montipora_capitata_HIv3___TS.g1118.t1/Montipora_capitata_HIv3___RNAseq.g5395.t1/Montipora_capitata_HIv3___RNAseq.g7741.t1/Montipora_capitata_HIv3___RNAseq.g44960.t2/Montipora_capitata_HIv3___TS.g32048.t1/Montipora_capitata_HIv3___RNAseq.21467_t/Montipora_capitata_HIv3___RNAseq.g35008.t1/Montipora_capitata_HIv3___RNAseq.g46378.t1/Montipora_capitata_HIv3___RNAseq.g44814.t1/Montipora_capitata_HIv3___RNAseq.g42092.t1/Montipora_capitata_HIv3___RNAseq.g43161.t1a/Montipora_capitata_HIv3___RNAseq.g4241.t1,0.9999700722747686,negative regulation of metabolic process,BP
GO:0007281,germ cell development,4/85,707/8363,0.936691306709448,0.5321497788207225,4,707,Montipora_capitata_HIv3___TS.g5595.t1/Montipora_capitata_HIv3___RNAseq.g24942.t1/Montipora_capitata_HIv3___RNAseq.g44814.t1/Montipora_capitata_HIv3___RNAseq.g47955.t1,0.9999700722747686,germ cell development,BP
GO:0044427,GO:0044427,3/85,573/8363,0.9372096773251128,0.49473802766982666,3,573,Montipora_capitata_HIv3___RNAseq.g26580.t1/Montipora_capitata_HIv3___RNAseq.g45527.t1/Montipora_capitata_HIv3___RNAseq.g43161.t1a,0.9999700722747686,NA,NA
GO:0045934,negative regulation of nucleobase-containing compound metabolic process,5/85,840/8363,0.9381740875885953,0.5571420670809849,5,840,Montipora_capitata_HIv3___RNAseq.g44960.t2/Montipora_capitata_HIv3___RNAseq.21467_t/Montipora_capitata_HIv3___RNAseq.g35008.t1/Montipora_capitata_HIv3___RNAseq.g44814.t1/Montipora_capitata_HIv3___RNAseq.g43161.t1a,0.9999700722747686,negative regulation of nucleobase-containing compound metabolic process,BP
GO:0019219,regulation of nucleobase-containing compound metabolic process,14/85,1903/8363,0.9401657784186881,0.6669555103272964,14,1903,Montipora_capitata_HIv3___TS.g1118.t1/Montipora_capitata_HIv3___TS.g10979.t1/Montipora_capitata_HIv3___RNAseq.g11548.t1/Montipora_capitata_HIv3___RNAseq.g7741.t1/Montipora_capitata_HIv3___RNAseq.g44960.t2/Montipora_capitata_HIv3___RNAseq.21467_t/Montipora_capitata_HIv3___RNAseq.g45527.t1/Montipora_capitata_HIv3___RNAseq.g35008.t1/Montipora_capitata_HIv3___RNAseq.g44814.t1/Montipora_capitata_HIv3___RNAseq.g28405.t2/Montipora_capitata_HIv3___RNAseq.g40991.t1/Montipora_capitata_HIv3___RNAseq.g43161.t1a/Montipora_capitata_HIv3___RNAseq.g47955.t1/Montipora_capitata_HIv3___RNAseq.g44445.t1,0.9999700722747686,regulation of nucleobase-containing compound metabolic process,BP
GO:0022412,cellular process involved in reproduction in multicellular organism,5/85,846/8363,0.9406255139654683,0.5527216381223682,5,846,Montipora_capitata_HIv3___TS.g5595.t1/Montipora_capitata_HIv3___RNAseq.g36907.t1/Montipora_capitata_HIv3___RNAseq.g24942.t1/Montipora_capitata_HIv3___RNAseq.g44814.t1/Montipora_capitata_HIv3___RNAseq.g47955.t1,0.9999700722747686,cellular process involved in reproduction in multicellular organism,BP
GO:0051234,establishment of localization,20/85,2558/8363,0.9409000841792962,0.6958965749079328,20,2558,Montipora_capitata_HIv3___TS.g1118.t1/Montipora_capitata_HIv3___RNAseq.g36838.t1/Montipora_capitata_HIv3___RNAseq.g22865.t1/Montipora_capitata_HIv3___RNAseq.g2640.t1a/Montipora_capitata_HIv3___RNAseq.g24139.t1/Montipora_capitata_HIv3___TS.g32048.t1/Montipora_capitata_HIv3___RNAseq.g38848.t1/Montipora_capitata_HIv3___RNAseq.g49895.t2/Montipora_capitata_HIv3___RNAseq.g36907.t1/Montipora_capitata_HIv3___RNAseq.g46378.t1/Montipora_capitata_HIv3___RNAseq.g24942.t1/Montipora_capitata_HIv3___RNAseq.g44814.t1/Montipora_capitata_HIv3___RNAseq.g20250.t1/Montipora_capitata_HIv3___TS.g4674.t2b/Montipora_capitata_HIv3___TS.g33523.t1/Montipora_capitata_HIv3___RNAseq.g11214.t1/Montipora_capitata_HIv3___TS.g10359.t4b/Montipora_capitata_HIv3___RNAseq.g41226.t1/Montipora_capitata_HIv3___RNAseq.g44445.t1/Montipora_capitata_HIv3___RNAseq.g23366.t1,0.9999700722747686,establishment of localization,BP
GO:0009056,catabolic process,9/85,1337/8363,0.9416301173961843,0.6197811836188917,9,1337,Montipora_capitata_HIv3___TS.g1118.t1/Montipora_capitata_HIv3___TS.g28995.t1/Montipora_capitata_HIv3___RNAseq.g46378.t1/Montipora_capitata_HIv3___RNAseq.g30678.t1b/Montipora_capitata_HIv3___RNAseq.g22553.t1c/Montipora_capitata_HIv3___RNAseq.g9918.t1/Montipora_capitata_HIv3___RNAseq.g4241.t1/Montipora_capitata_HIv3___RNAseq.g6934.t1/Montipora_capitata_HIv3___RNAseq.g14960.t1,0.9999700722747686,catabolic process,BP
GO:0016772,"transferase activity, transferring phosphorus-containing groups",3/85,585/8363,0.9428399494968467,0.48384214985011764,3,585,Montipora_capitata_HIv3___RNAseq.g9060.t1/Montipora_capitata_HIv3___TS.g21293.t1/Montipora_capitata_HIv3___RNAseq.g8867.t2,0.9999700722747686,"transferase activity, transferring phosphorus-containing groups",MF
GO:0022414,reproductive process,11/85,1576/8363,0.9437416986363695,0.6376567503016303,11,1576,Montipora_capitata_HIv3___TS.g5595.t1/Montipora_capitata_HIv3___RNAseq.g36907.t1/Montipora_capitata_HIv3___RNAseq.g35008.t1/Montipora_capitata_HIv3___RNAseq.g46378.t1/Montipora_capitata_HIv3___RNAseq.g24942.t1/Montipora_capitata_HIv3___RNAseq.g44814.t1/Montipora_capitata_HIv3___RNAseq.g15186.t1/Montipora_capitata_HIv3___RNAseq.g42092.t1/Montipora_capitata_HIv3___RNAseq.g43161.t1a/Montipora_capitata_HIv3___RNAseq.g33449.t1/Montipora_capitata_HIv3___RNAseq.g47955.t1,0.9999700722747686,reproductive process,BP
GO:0006810,transport,19/85,2463/8363,0.9441517664887933,0.6871938283459204,19,2463,Montipora_capitata_HIv3___TS.g1118.t1/Montipora_capitata_HIv3___RNAseq.g36838.t1/Montipora_capitata_HIv3___RNAseq.g22865.t1/Montipora_capitata_HIv3___RNAseq.g2640.t1a/Montipora_capitata_HIv3___RNAseq.g24139.t1/Montipora_capitata_HIv3___TS.g32048.t1/Montipora_capitata_HIv3___RNAseq.g38848.t1/Montipora_capitata_HIv3___RNAseq.g49895.t2/Montipora_capitata_HIv3___RNAseq.g36907.t1/Montipora_capitata_HIv3___RNAseq.g46378.t1/Montipora_capitata_HIv3___RNAseq.g24942.t1/Montipora_capitata_HIv3___RNAseq.g44814.t1/Montipora_capitata_HIv3___RNAseq.g20250.t1/Montipora_capitata_HIv3___TS.g4674.t2b/Montipora_capitata_HIv3___TS.g33523.t1/Montipora_capitata_HIv3___RNAseq.g11214.t1/Montipora_capitata_HIv3___RNAseq.g41226.t1/Montipora_capitata_HIv3___RNAseq.g44445.t1/Montipora_capitata_HIv3___RNAseq.g23366.t1,0.9999700722747686,transport,BP
GO:0051241,negative regulation of multicellular organismal process,4/85,727/8363,0.945202095855964,0.5160592186555325,4,727,Montipora_capitata_HIv3___RNAseq.g5395.t1/Montipora_capitata_HIv3___RNAseq.g44814.t1/Montipora_capitata_HIv3___RNAseq.g37645.t1/Montipora_capitata_HIv3___TS.g10359.t4b,0.9999700722747686,negative regulation of multicellular organismal process,BP
GO:1901565,organonitrogen compound catabolic process,4/85,733/8363,0.9475471013747901,0.5114041254737276,4,733,Montipora_capitata_HIv3___TS.g1118.t1/Montipora_capitata_HIv3___RNAseq.g30678.t1b/Montipora_capitata_HIv3___RNAseq.g22553.t1c/Montipora_capitata_HIv3___RNAseq.g9918.t1,0.9999700722747686,organonitrogen compound catabolic process,BP
GO:0007292,female gamete generation,3/85,599/8363,0.9488240754155755,0.47158943211553433,3,599,Montipora_capitata_HIv3___RNAseq.g24942.t1/Montipora_capitata_HIv3___RNAseq.g44814.t1/Montipora_capitata_HIv3___RNAseq.g47955.t1,0.9999700722747686,female gamete generation,BP
GO:0044237,cellular metabolic process,44/85,5012/8363,0.9501112245563963,0.7150592128494877,44,5012,Montipora_capitata_HIv3___TS.g1118.t1/Montipora_capitata_HIv3___RNAseq.g40427.t1a/Montipora_capitata_HIv3___RNAseq.g23762.t1/Montipora_capitata_HIv3___RNAseq.g5395.t1/Montipora_capitata_HIv3___RNAseq.g11548.t1/Montipora_capitata_HIv3___RNAseq.g7741.t1/Montipora_capitata_HIv3___RNAseq.g33991.t1/Montipora_capitata_HIv3___RNAseq.g36836.t1/Montipora_capitata_HIv3___RNAseq.g46819.t1/Montipora_capitata_HIv3___RNAseq.g44960.t2/Montipora_capitata_HIv3___RNAseq.g40983.t1/Montipora_capitata_HIv3___RNAseq.21467_t/Montipora_capitata_HIv3___RNAseq.g24836.t1/Montipora_capitata_HIv3___TS.g28995.t1/Montipora_capitata_HIv3___RNAseq.g37193.t1/Montipora_capitata_HIv3___RNAseq.g33992.t1/Montipora_capitata_HIv3___RNAseq.g27709.t1/Montipora_capitata_HIv3___RNAseq.g45527.t1/Montipora_capitata_HIv3___RNAseq.g46378.t1/Montipora_capitata_HIv3___RNAseq.g44814.t1/Montipora_capitata_HIv3___RNAseq.g30678.t1b/Montipora_capitata_HIv3___RNAseq.g15186.t1/Montipora_capitata_HIv3___RNAseq.g40991.t1/Montipora_capitata_HIv3___RNAseq.g14965.t1/Montipora_capitata_HIv3___RNAseq.g47379.t1/Montipora_capitata_HIv3___RNAseq.g37645.t1/Montipora_capitata_HIv3___RNAseq.g42092.t1/Montipora_capitata_HIv3___RNAseq.g43161.t1a/Montipora_capitata_HIv3___RNAseq.g22553.t1c/Montipora_capitata_HIv3___RNAseq.g9918.t1/Montipora_capitata_HIv3___RNAseq.g33449.t1/Montipora_capitata_HIv3___RNAseq.g9060.t1/Montipora_capitata_HIv3___TS.g33523.t1/Montipora_capitata_HIv3___RNAseq.g4241.t1/Montipora_capitata_HIv3___RNAseq.g47955.t1/Montipora_capitata_HIv3___RNAseq.g11214.t1/Montipora_capitata_HIv3___TS.g21293.t1/Montipora_capitata_HIv3___RNAseq.g33997.t1/Montipora_capitata_HIv3___RNAseq.g6934.t1/Montipora_capitata_HIv3___RNAseq.g9561.t1/Montipora_capitata_HIv3___RNAseq.g41226.t1/Montipora_capitata_HIv3___RNAseq.g8867.t2/Montipora_capitata_HIv3___RNAseq.g44445.t1/Montipora_capitata_HIv3___RNAseq.g14960.t1,0.9999700722747686,cellular metabolic process,BP
GO:0051253,negative regulation of RNA metabolic process,4/85,741/8363,0.950533261373157,0.5053165986034661,4,741,Montipora_capitata_HIv3___RNAseq.g44960.t2/Montipora_capitata_HIv3___RNAseq.21467_t/Montipora_capitata_HIv3___RNAseq.g35008.t1/Montipora_capitata_HIv3___RNAseq.g44814.t1,0.9999700722747686,negative regulation of RNA metabolic process,BP
GO:1990234,transferase complex,3/85,604/8363,0.9508182395311263,0.4673619349682807,3,604,Montipora_capitata_HIv3___RNAseq.g26580.t1/Montipora_capitata_HIv3___RNAseq.g45527.t1/Montipora_capitata_HIv3___RNAseq.g30678.t1b,0.9999700722747686,transferase complex,CC
GO:0044267,GO:0044267,17/85,2283/8363,0.9533313251458635,0.6632825189495796,17,2283,Montipora_capitata_HIv3___TS.g1118.t1/Montipora_capitata_HIv3___RNAseq.g23762.t1/Montipora_capitata_HIv3___RNAseq.g5395.t1/Montipora_capitata_HIv3___RNAseq.g11548.t1/Montipora_capitata_HIv3___RNAseq.g36836.t1/Montipora_capitata_HIv3___RNAseq.g46819.t1/Montipora_capitata_HIv3___RNAseq.g44960.t2/Montipora_capitata_HIv3___RNAseq.21467_t/Montipora_capitata_HIv3___RNAseq.g44814.t1/Montipora_capitata_HIv3___RNAseq.g30678.t1b/Montipora_capitata_HIv3___RNAseq.g15186.t1/Montipora_capitata_HIv3___RNAseq.g40991.t1/Montipora_capitata_HIv3___RNAseq.g14965.t1/Montipora_capitata_HIv3___RNAseq.g42092.t1/Montipora_capitata_HIv3___RNAseq.g22553.t1c/Montipora_capitata_HIv3___RNAseq.g9060.t1/Montipora_capitata_HIv3___RNAseq.g41226.t1,0.9999700722747686,NA,NA
GO:0032940,secretion by cell,3/85,613/8363,0.9542289458396984,0.45992707413875783,3,613,Montipora_capitata_HIv3___RNAseq.g24942.t1/Montipora_capitata_HIv3___TS.g4674.t2b/Montipora_capitata_HIv3___TS.g33523.t1,0.9999700722747686,secretion by cell,BP
GO:0007276,gamete generation,6/85,1014/8363,0.9548323955213281,0.5478019362125613,6,1014,Montipora_capitata_HIv3___TS.g5595.t1/Montipora_capitata_HIv3___RNAseq.g36907.t1/Montipora_capitata_HIv3___RNAseq.g24942.t1/Montipora_capitata_HIv3___RNAseq.g44814.t1/Montipora_capitata_HIv3___RNAseq.g15186.t1/Montipora_capitata_HIv3___RNAseq.g47955.t1,0.9999700722747686,gamete generation,BP
GO:0015630,microtubule cytoskeleton,4/85,761/8363,0.9573388752419965,0.4906623373425752,4,761,Montipora_capitata_HIv3___RNAseq.g36838.t1/Montipora_capitata_HIv3___RNAseq.g22865.t1/Montipora_capitata_HIv3___RNAseq.g26580.t1/Montipora_capitata_HIv3___TS.g5595.t1,0.9999700722747686,microtubule cytoskeleton,CC
GO:0044238,primary metabolic process,42/85,4856/8363,0.9579493473000513,0.7028758170692853,42,4856,Montipora_capitata_HIv3___TS.g1118.t1/Montipora_capitata_HIv3___RNAseq.g40427.t1a/Montipora_capitata_HIv3___RNAseq.g23762.t1/Montipora_capitata_HIv3___RNAseq.g5395.t1/Montipora_capitata_HIv3___RNAseq.g11548.t1/Montipora_capitata_HIv3___RNAseq.g7741.t1/Montipora_capitata_HIv3___RNAseq.g33991.t1/Montipora_capitata_HIv3___RNAseq.g36836.t1/Montipora_capitata_HIv3___RNAseq.g46819.t1/Montipora_capitata_HIv3___RNAseq.g44960.t2/Montipora_capitata_HIv3___TS.g32048.t1/Montipora_capitata_HIv3___RNAseq.21467_t/Montipora_capitata_HIv3___TS.g28995.t1/Montipora_capitata_HIv3___RNAseq.g37193.t1/Montipora_capitata_HIv3___RNAseq.g33992.t1/Montipora_capitata_HIv3___RNAseq.g27709.t1/Montipora_capitata_HIv3___RNAseq.g45527.t1/Montipora_capitata_HIv3___RNAseq.g46378.t1/Montipora_capitata_HIv3___RNAseq.g24942.t1/Montipora_capitata_HIv3___RNAseq.g44814.t1/Montipora_capitata_HIv3___RNAseq.g30678.t1b/Montipora_capitata_HIv3___RNAseq.g15186.t1/Montipora_capitata_HIv3___RNAseq.g40991.t1/Montipora_capitata_HIv3___RNAseq.g14965.t1/Montipora_capitata_HIv3___RNAseq.g47379.t1/Montipora_capitata_HIv3___RNAseq.g37645.t1/Montipora_capitata_HIv3___RNAseq.g42092.t1/Montipora_capitata_HIv3___RNAseq.g43161.t1a/Montipora_capitata_HIv3___RNAseq.g22553.t1c/Montipora_capitata_HIv3___RNAseq.g33449.t1/Montipora_capitata_HIv3___RNAseq.g9060.t1/Montipora_capitata_HIv3___RNAseq.g4241.t1/Montipora_capitata_HIv3___RNAseq.g47955.t1/Montipora_capitata_HIv3___RNAseq.g11214.t1/Montipora_capitata_HIv3___TS.g21293.t1/Montipora_capitata_HIv3___RNAseq.g33997.t1/Montipora_capitata_HIv3___RNAseq.g6934.t1/Montipora_capitata_HIv3___RNAseq.g9561.t1/Montipora_capitata_HIv3___RNAseq.g41226.t1/Montipora_capitata_HIv3___RNAseq.g8867.t2/Montipora_capitata_HIv3___RNAseq.g44445.t1/Montipora_capitata_HIv3___RNAseq.g14960.t1,0.9999700722747686,primary metabolic process,BP
GO:0016192,vesicle-mediated transport,7/85,1153/8363,0.9587342211154102,0.55854184046816,7,1153,Montipora_capitata_HIv3___TS.g1118.t1/Montipora_capitata_HIv3___RNAseq.g22865.t1/Montipora_capitata_HIv3___RNAseq.g2640.t1a/Montipora_capitata_HIv3___RNAseq.g38848.t1/Montipora_capitata_HIv3___RNAseq.g24942.t1/Montipora_capitata_HIv3___TS.g4674.t2b/Montipora_capitata_HIv3___TS.g33523.t1,0.9999700722747686,vesicle-mediated transport,BP
GO:0048522,positive regulation of cellular process,22/85,2848/8363,0.959217168174169,0.6737286044964703,22,2848,Montipora_capitata_HIv3___TS.g1118.t1/Montipora_capitata_HIv3___RNAseq.g23734.t3/Montipora_capitata_HIv3___RNAseq.g35804.t1/Montipora_capitata_HIv3___RNAseq.g5395.t1/Montipora_capitata_HIv3___RNAseq.g7741.t1/Montipora_capitata_HIv3___TS.g27540.t1/Montipora_capitata_HIv3___RNAseq.g46819.t1/Montipora_capitata_HIv3___RNAseq.g44960.t2/Montipora_capitata_HIv3___RNAseq.21467_t/Montipora_capitata_HIv3___RNAseq.g36907.t1/Montipora_capitata_HIv3___RNAseq.g45527.t1/Montipora_capitata_HIv3___RNAseq.g35008.t1/Montipora_capitata_HIv3___RNAseq.g46378.t1/Montipora_capitata_HIv3___RNAseq.g24942.t1/Montipora_capitata_HIv3___RNAseq.g44814.t1/Montipora_capitata_HIv3___RNAseq.g35720.t1/Montipora_capitata_HIv3___RNAseq.g30678.t1b/Montipora_capitata_HIv3___RNAseq.g14965.t1/Montipora_capitata_HIv3___RNAseq.g43161.t1a/Montipora_capitata_HIv3___TS.g33523.t1/Montipora_capitata_HIv3___TS.g10359.t4b/Montipora_capitata_HIv3___RNAseq.g44445.t1,0.9999700722747686,positive regulation of cellular process,BP
GO:0051239,regulation of multicellular organismal process,13/85,1869/8363,0.9604393035834211,0.6247892658017152,13,1869,Montipora_capitata_HIv3___RNAseq.g5395.t1/Montipora_capitata_HIv3___RNAseq.g11548.t1/Montipora_capitata_HIv3___TS.g27540.t1/Montipora_capitata_HIv3___RNAseq.g44960.t2/Montipora_capitata_HIv3___RNAseq.21467_t/Montipora_capitata_HIv3___RNAseq.g35008.t1/Montipora_capitata_HIv3___RNAseq.g46378.t1/Montipora_capitata_HIv3___RNAseq.g24942.t1/Montipora_capitata_HIv3___RNAseq.g44814.t1/Montipora_capitata_HIv3___RNAseq.g37645.t1/Montipora_capitata_HIv3___RNAseq.g23464.t1/Montipora_capitata_HIv3___TS.g10359.t4b/Montipora_capitata_HIv3___RNAseq.g23366.t1,0.9999700722747686,regulation of multicellular organismal process,BP
GO:0016070,RNA metabolic process,8/85,1298/8363,0.9640923829196177,0.562844950470117,8,1298,Montipora_capitata_HIv3___RNAseq.g7741.t1/Montipora_capitata_HIv3___RNAseq.g45527.t1/Montipora_capitata_HIv3___RNAseq.g44814.t1/Montipora_capitata_HIv3___RNAseq.g40991.t1/Montipora_capitata_HIv3___RNAseq.g47379.t1/Montipora_capitata_HIv3___RNAseq.g4241.t1/Montipora_capitata_HIv3___RNAseq.g47955.t1/Montipora_capitata_HIv3___RNAseq.g44445.t1,0.9999700722747686,RNA metabolic process,BP
GO:0022607,cellular component assembly,12/85,1786/8363,0.9668750385182294,0.602720568187722,12,1786,Montipora_capitata_HIv3___RNAseq.g36838.t1/Montipora_capitata_HIv3___RNAseq.g22865.t1/Montipora_capitata_HIv3___TS.g5595.t1/Montipora_capitata_HIv3___RNAseq.g27546.t1/Montipora_capitata_HIv3___RNAseq.g38848.t1/Montipora_capitata_HIv3___RNAseq.g35008.t1/Montipora_capitata_HIv3___RNAseq.g40982.t1a/Montipora_capitata_HIv3___RNAseq.g24942.t1/Montipora_capitata_HIv3___TS.g4674.t2b/Montipora_capitata_HIv3___RNAseq.g43161.t1a/Montipora_capitata_HIv3___TS.g33523.t1/Montipora_capitata_HIv3___RNAseq.g47955.t1,0.9999700722747686,cellular component assembly,BP
GO:0050877,nervous system process,3/85,661/8363,0.9690153710448157,0.4237092494429004,3,661,Montipora_capitata_HIv3___TS.g32048.t1/Montipora_capitata_HIv3___RNAseq.g24942.t1/Montipora_capitata_HIv3___RNAseq.g44814.t1,0.9999700722747686,nervous system process,BP
GO:0010629,negative regulation of gene expression,6/85,1072/8363,0.9694972130609414,0.5138668130221651,6,1072,Montipora_capitata_HIv3___RNAseq.g44960.t2/Montipora_capitata_HIv3___RNAseq.21467_t/Montipora_capitata_HIv3___RNAseq.g35008.t1/Montipora_capitata_HIv3___RNAseq.g44814.t1/Montipora_capitata_HIv3___RNAseq.g42092.t1/Montipora_capitata_HIv3___RNAseq.g4241.t1,0.9999700722747686,negative regulation of gene expression,BP
GO:0032501,multicellular organismal process,34/85,4139/8363,0.9695155432766815,0.6777445146573375,34,4139,Montipora_capitata_HIv3___RNAseq.g7992.t1/Montipora_capitata_HIv3___RNAseq.g23734.t3/Montipora_capitata_HIv3___RNAseq.g35804.t1/Montipora_capitata_HIv3___RNAseq.g5395.t1/Montipora_capitata_HIv3___RNAseq.g22865.t1/Montipora_capitata_HIv3___RNAseq.g7741.t1/Montipora_capitata_HIv3___TS.g29616.t1/Montipora_capitata_HIv3___RNAseq.g26580.t1/Montipora_capitata_HIv3___TS.g5595.t1/Montipora_capitata_HIv3___RNAseq.g12596.t1/Montipora_capitata_HIv3___RNAseq.g44960.t2/Montipora_capitata_HIv3___TS.g32048.t1/Montipora_capitata_HIv3___RNAseq.21467_t/Montipora_capitata_HIv3___RNAseq.g29879.t1b/Montipora_capitata_HIv3___RNAseq.g36907.t1/Montipora_capitata_HIv3___RNAseq.g35008.t1/Montipora_capitata_HIv3___RNAseq.g46378.t1/Montipora_capitata_HIv3___RNAseq.g24942.t1/Montipora_capitata_HIv3___RNAseq.g44814.t1/Montipora_capitata_HIv3___RNAseq.g35720.t1/Montipora_capitata_HIv3___RNAseq.g15186.t1/Montipora_capitata_HIv3___TS.g4674.t2b/Montipora_capitata_HIv3___RNAseq.g42092.t1/Montipora_capitata_HIv3___RNAseq.g43161.t1a/Montipora_capitata_HIv3___RNAseq.g9918.t1/Montipora_capitata_HIv3___RNAseq.g33449.t1/Montipora_capitata_HIv3___TS.g33523.t1/Montipora_capitata_HIv3___RNAseq.g47955.t1/Montipora_capitata_HIv3___RNAseq.g6934.t1/Montipora_capitata_HIv3___RNAseq.g4457.t1/Montipora_capitata_HIv3___TS.g10359.t4b/Montipora_capitata_HIv3___RNAseq.g44445.t1/Montipora_capitata_HIv3___RNAseq.g23366.t1/Montipora_capitata_HIv3___RNAseq.g18391.t1,0.9999700722747686,multicellular organismal process,BP
GO:0005694,chromosome,3/85,672/8363,0.9717097199945488,0.4161412733922945,3,672,Montipora_capitata_HIv3___RNAseq.g26580.t1/Montipora_capitata_HIv3___RNAseq.g45527.t1/Montipora_capitata_HIv3___RNAseq.g43161.t1a,0.9999700722747686,chromosome,CC
GO:0040008,regulation of growth,3/85,674/8363,0.9721754887440375,0.41479193497337236,3,674,Montipora_capitata_HIv3___RNAseq.g46378.t1/Montipora_capitata_HIv3___RNAseq.g24942.t1/Montipora_capitata_HIv3___RNAseq.g44814.t1,0.9999700722747686,regulation of growth,BP
GO:1990904,ribonucleoprotein complex,3/85,675/8363,0.9724056804268871,0.4141202775212216,3,675,Montipora_capitata_HIv3___RNAseq.g27546.t1/Montipora_capitata_HIv3___RNAseq.g4241.t1/Montipora_capitata_HIv3___RNAseq.g47955.t1,0.9999700722747686,ribonucleoprotein complex,CC
GO:0005575,cellular_component,77/85,7943/8363,0.973787404976288,0.5041858492097498,77,7943,Montipora_capitata_HIv3___RNAseq.g7992.t1/Montipora_capitata_HIv3___TS.g1118.t1/Montipora_capitata_HIv3___RNAseq.g36838.t1/Montipora_capitata_HIv3___RNAseq.g23734.t3/Montipora_capitata_HIv3___RNAseq.g35804.t1/Montipora_capitata_HIv3___RNAseq.g40427.t1a/Montipora_capitata_HIv3___RNAseq.g23762.t1/Montipora_capitata_HIv3___RNAseq.g5395.t1/Montipora_capitata_HIv3___RNAseq.g22865.t1/Montipora_capitata_HIv3___RNAseq.g11548.t1/Montipora_capitata_HIv3___RNAseq.g7741.t1/Montipora_capitata_HIv3___TS.g29616.t1/Montipora_capitata_HIv3___RNAseq.g7739.t1/Montipora_capitata_HIv3___RNAseq.g33991.t1/Montipora_capitata_HIv3___RNAseq.g26580.t1/Montipora_capitata_HIv3___RNAseq.g2640.t1a/Montipora_capitata_HIv3___TS.g5595.t1/Montipora_capitata_HIv3___RNAseq.g36836.t1/Montipora_capitata_HIv3___RNAseq.g27546.t1/Montipora_capitata_HIv3___TS.g27540.t1/Montipora_capitata_HIv3___RNAseq.g24139.t1/Montipora_capitata_HIv3___RNAseq.g46819.t1/Montipora_capitata_HIv3___RNAseq.g12596.t1/Montipora_capitata_HIv3___RNAseq.g11237.t1/Montipora_capitata_HIv3___RNAseq.g44960.t2/Montipora_capitata_HIv3___TS.g32048.t1/Montipora_capitata_HIv3___RNAseq.g40983.t1/Montipora_capitata_HIv3___RNAseq.21467_t/Montipora_capitata_HIv3___RNAseq.g24836.t1/Montipora_capitata_HIv3___RNAseq.g9026.t1/Montipora_capitata_HIv3___RNAseq.g37193.t1/Montipora_capitata_HIv3___RNAseq.g29879.t1b/Montipora_capitata_HIv3___RNAseq.g33992.t1/Montipora_capitata_HIv3___TS.g40937.t3b/Montipora_capitata_HIv3___RNAseq.g38848.t1/Montipora_capitata_HIv3___RNAseq.g27709.t1/Montipora_capitata_HIv3___RNAseq.g39648.t1/Montipora_capitata_HIv3___RNAseq.g49895.t2/Montipora_capitata_HIv3___RNAseq.g36907.t1/Montipora_capitata_HIv3___RNAseq.g45527.t1/Montipora_capitata_HIv3___RNAseq.g35008.t1/Montipora_capitata_HIv3___RNAseq.g40982.t1a/Montipora_capitata_HIv3___RNAseq.g46378.t1/Montipora_capitata_HIv3___RNAseq.g24942.t1/Montipora_capitata_HIv3___RNAseq.g44814.t1/Montipora_capitata_HIv3___RNAseq.g20250.t1/Montipora_capitata_HIv3___RNAseq.g35720.t1/Montipora_capitata_HIv3___RNAseq.g14515.t1/Montipora_capitata_HIv3___RNAseq.g9027.t1/Montipora_capitata_HIv3___RNAseq.g30678.t1b/Montipora_capitata_HIv3___RNAseq.g15186.t1/Montipora_capitata_HIv3___RNAseq.g40991.t1/Montipora_capitata_HIv3___RNAseq.g14965.t1/Montipora_capitata_HIv3___TS.g4674.t2b/Montipora_capitata_HIv3___RNAseq.g47379.t1/Montipora_capitata_HIv3___RNAseq.g37645.t1/Montipora_capitata_HIv3___RNAseq.g42092.t1/Montipora_capitata_HIv3___RNAseq.g43161.t1a/Montipora_capitata_HIv3___RNAseq.g22553.t1c/Montipora_capitata_HIv3___RNAseq.g9918.t1/Montipora_capitata_HIv3___RNAseq.g33449.t1/Montipora_capitata_HIv3___RNAseq.g9060.t1/Montipora_capitata_HIv3___TS.g33523.t1/Montipora_capitata_HIv3___RNAseq.g4241.t1/Montipora_capitata_HIv3___RNAseq.g47955.t1/Montipora_capitata_HIv3___RNAseq.g11214.t1/Montipora_capitata_HIv3___RNAseq.g33997.t1/Montipora_capitata_HIv3___RNAseq.g6934.t1/Montipora_capitata_HIv3___RNAseq.g9561.t1/Montipora_capitata_HIv3___RNAseq.g4457.t1/Montipora_capitata_HIv3___TS.g10359.t4b/Montipora_capitata_HIv3___RNAseq.g41226.t1/Montipora_capitata_HIv3___RNAseq.g8867.t2/Montipora_capitata_HIv3___RNAseq.g44445.t1/Montipora_capitata_HIv3___RNAseq.g14960.t1/Montipora_capitata_HIv3___RNAseq.g23366.t1/Montipora_capitata_HIv3___RNAseq.g18391.t1,0.9999700722747686,cellular_component,CC
GO:0044429,GO:0044429,3/85,682/8363,0.9739679166971076,0.4094740668941444,3,682,Montipora_capitata_HIv3___RNAseq.g40427.t1a/Montipora_capitata_HIv3___RNAseq.g40982.t1a/Montipora_capitata_HIv3___RNAseq.g46378.t1,0.9999700722747686,NA,NA
GO:0044703,multi-organism reproductive process,7/85,1226/8363,0.9744949388953719,0.519722493414754,7,1226,Montipora_capitata_HIv3___TS.g5595.t1/Montipora_capitata_HIv3___RNAseq.g36907.t1/Montipora_capitata_HIv3___RNAseq.g46378.t1/Montipora_capitata_HIv3___RNAseq.g24942.t1/Montipora_capitata_HIv3___RNAseq.g44814.t1/Montipora_capitata_HIv3___RNAseq.g15186.t1/Montipora_capitata_HIv3___RNAseq.g47955.t1,0.9999700722747686,multi-organism reproductive process,BP
GO:0048519,negative regulation of biological process,22/85,2943/8363,0.9748827529792302,0.6404626136170581,22,2943,Montipora_capitata_HIv3___TS.g1118.t1/Montipora_capitata_HIv3___RNAseq.g5395.t1/Montipora_capitata_HIv3___RNAseq.g11548.t1/Montipora_capitata_HIv3___RNAseq.g7741.t1/Montipora_capitata_HIv3___RNAseq.g44960.t2/Montipora_capitata_HIv3___TS.g32048.t1/Montipora_capitata_HIv3___RNAseq.21467_t/Montipora_capitata_HIv3___RNAseq.g36907.t1/Montipora_capitata_HIv3___RNAseq.g35008.t1/Montipora_capitata_HIv3___RNAseq.g46378.t1/Montipora_capitata_HIv3___RNAseq.g24942.t1/Montipora_capitata_HIv3___RNAseq.g44814.t1/Montipora_capitata_HIv3___RNAseq.g30678.t1b/Montipora_capitata_HIv3___RNAseq.g14965.t1/Montipora_capitata_HIv3___RNAseq.g37645.t1/Montipora_capitata_HIv3___RNAseq.g42092.t1/Montipora_capitata_HIv3___RNAseq.g43161.t1a/Montipora_capitata_HIv3___RNAseq.g4241.t1/Montipora_capitata_HIv3___RNAseq.g4457.t1/Montipora_capitata_HIv3___TS.g10359.t4b/Montipora_capitata_HIv3___RNAseq.g44445.t1/Montipora_capitata_HIv3___RNAseq.g23366.t1,0.9999700722747686,negative regulation of biological process,BP
GO:2000026,regulation of multicellular organismal development,8/85,1360/8363,0.9759094291374207,0.5322726473132445,8,1360,Montipora_capitata_HIv3___RNAseq.g5395.t1/Montipora_capitata_HIv3___RNAseq.g44960.t2/Montipora_capitata_HIv3___RNAseq.21467_t/Montipora_capitata_HIv3___RNAseq.g35008.t1/Montipora_capitata_HIv3___RNAseq.g46378.t1/Montipora_capitata_HIv3___RNAseq.g24942.t1/Montipora_capitata_HIv3___RNAseq.g44814.t1/Montipora_capitata_HIv3___TS.g10359.t4b,0.9999700722747686,regulation of multicellular organismal development,BP
GO:0048609,multicellular organismal reproductive process,7/85,1240/8363,0.9768090431821812,0.5128029801922757,7,1240,Montipora_capitata_HIv3___TS.g5595.t1/Montipora_capitata_HIv3___RNAseq.g36907.t1/Montipora_capitata_HIv3___RNAseq.g46378.t1/Montipora_capitata_HIv3___RNAseq.g24942.t1/Montipora_capitata_HIv3___RNAseq.g44814.t1/Montipora_capitata_HIv3___RNAseq.g15186.t1/Montipora_capitata_HIv3___RNAseq.g47955.t1,0.9999700722747686,multicellular organismal reproductive process,BP
GO:0044428,GO:0044428,20/85,2747/8363,0.9772909428711729,0.626361393691745,20,2747,Montipora_capitata_HIv3___TS.g1118.t1/Montipora_capitata_HIv3___RNAseq.g23734.t3/Montipora_capitata_HIv3___RNAseq.g35804.t1/Montipora_capitata_HIv3___RNAseq.g5395.t1/Montipora_capitata_HIv3___RNAseq.g7741.t1/Montipora_capitata_HIv3___RNAseq.g27546.t1/Montipora_capitata_HIv3___RNAseq.g45527.t1/Montipora_capitata_HIv3___RNAseq.g46378.t1/Montipora_capitata_HIv3___RNAseq.g44814.t1/Montipora_capitata_HIv3___RNAseq.g35720.t1/Montipora_capitata_HIv3___RNAseq.g9027.t1/Montipora_capitata_HIv3___RNAseq.g30678.t1b/Montipora_capitata_HIv3___RNAseq.g15186.t1/Montipora_capitata_HIv3___RNAseq.g40991.t1/Montipora_capitata_HIv3___RNAseq.g14965.t1/Montipora_capitata_HIv3___RNAseq.g47379.t1/Montipora_capitata_HIv3___RNAseq.g43161.t1a/Montipora_capitata_HIv3___RNAseq.g47955.t1/Montipora_capitata_HIv3___RNAseq.g33997.t1/Montipora_capitata_HIv3___RNAseq.g44445.t1,0.9999700722747686,NA,NA
GO:0010467,gene expression,9/85,1495/8363,0.9776874742954262,0.5413000778844431,9,1495,Montipora_capitata_HIv3___RNAseq.g7741.t1/Montipora_capitata_HIv3___RNAseq.g45527.t1/Montipora_capitata_HIv3___RNAseq.g24942.t1/Montipora_capitata_HIv3___RNAseq.g44814.t1/Montipora_capitata_HIv3___RNAseq.g40991.t1/Montipora_capitata_HIv3___RNAseq.g47379.t1/Montipora_capitata_HIv3___RNAseq.g47955.t1/Montipora_capitata_HIv3___RNAseq.g41226.t1/Montipora_capitata_HIv3___RNAseq.g44445.t1,0.9999700722747686,gene expression,BP
GO:0044260,GO:0044260,25/85,3288/8363,0.978371983288133,0.6404199441469834,25,3288,Montipora_capitata_HIv3___TS.g1118.t1/Montipora_capitata_HIv3___RNAseq.g23762.t1/Montipora_capitata_HIv3___RNAseq.g5395.t1/Montipora_capitata_HIv3___RNAseq.g11548.t1/Montipora_capitata_HIv3___RNAseq.g7741.t1/Montipora_capitata_HIv3___RNAseq.g36836.t1/Montipora_capitata_HIv3___RNAseq.g46819.t1/Montipora_capitata_HIv3___RNAseq.g44960.t2/Montipora_capitata_HIv3___RNAseq.21467_t/Montipora_capitata_HIv3___TS.g28995.t1/Montipora_capitata_HIv3___RNAseq.g37193.t1/Montipora_capitata_HIv3___RNAseq.g45527.t1/Montipora_capitata_HIv3___RNAseq.g44814.t1/Montipora_capitata_HIv3___RNAseq.g30678.t1b/Montipora_capitata_HIv3___RNAseq.g15186.t1/Montipora_capitata_HIv3___RNAseq.g40991.t1/Montipora_capitata_HIv3___RNAseq.g14965.t1/Montipora_capitata_HIv3___RNAseq.g42092.t1/Montipora_capitata_HIv3___RNAseq.g43161.t1a/Montipora_capitata_HIv3___RNAseq.g22553.t1c/Montipora_capitata_HIv3___RNAseq.g9060.t1/Montipora_capitata_HIv3___RNAseq.g4241.t1/Montipora_capitata_HIv3___RNAseq.g47955.t1/Montipora_capitata_HIv3___RNAseq.g41226.t1/Montipora_capitata_HIv3___RNAseq.g44445.t1,0.9999700722747686,NA,NA
GO:0009791,post-embryonic development,3/85,705/8363,0.9785380661241259,0.3948603116286418,3,705,Montipora_capitata_HIv3___RNAseq.g35008.t1/Montipora_capitata_HIv3___RNAseq.g42092.t1/Montipora_capitata_HIv3___RNAseq.g18391.t1,0.9999700722747686,post-embryonic development,BP
GO:0070013,intracellular organelle lumen,24/85,3185/8363,0.9786015275226922,0.6369342164191601,24,3185,Montipora_capitata_HIv3___TS.g1118.t1/Montipora_capitata_HIv3___RNAseq.g23734.t3/Montipora_capitata_HIv3___RNAseq.g35804.t1/Montipora_capitata_HIv3___RNAseq.g40427.t1a/Montipora_capitata_HIv3___RNAseq.g5395.t1/Montipora_capitata_HIv3___RNAseq.g7741.t1/Montipora_capitata_HIv3___RNAseq.g27546.t1/Montipora_capitata_HIv3___RNAseq.g37193.t1/Montipora_capitata_HIv3___RNAseq.g45527.t1/Montipora_capitata_HIv3___RNAseq.g46378.t1/Montipora_capitata_HIv3___RNAseq.g24942.t1/Montipora_capitata_HIv3___RNAseq.g44814.t1/Montipora_capitata_HIv3___RNAseq.g35720.t1/Montipora_capitata_HIv3___RNAseq.g9027.t1/Montipora_capitata_HIv3___RNAseq.g30678.t1b/Montipora_capitata_HIv3___RNAseq.g15186.t1/Montipora_capitata_HIv3___RNAseq.g40991.t1/Montipora_capitata_HIv3___RNAseq.g14965.t1/Montipora_capitata_HIv3___RNAseq.g47379.t1/Montipora_capitata_HIv3___RNAseq.g43161.t1a/Montipora_capitata_HIv3___TS.g33523.t1/Montipora_capitata_HIv3___RNAseq.g47955.t1/Montipora_capitata_HIv3___RNAseq.g33997.t1/Montipora_capitata_HIv3___RNAseq.g44445.t1,0.9999700722747686,intracellular organelle lumen,CC
GO:0007275,multicellular organism development,26/85,3395/8363,0.9786764157179335,0.6421488877768503,26,3395,Montipora_capitata_HIv3___RNAseq.g23734.t3/Montipora_capitata_HIv3___RNAseq.g35804.t1/Montipora_capitata_HIv3___RNAseq.g5395.t1/Montipora_capitata_HIv3___RNAseq.g22865.t1/Montipora_capitata_HIv3___RNAseq.g7741.t1/Montipora_capitata_HIv3___RNAseq.g26580.t1/Montipora_capitata_HIv3___RNAseq.g44960.t2/Montipora_capitata_HIv3___RNAseq.21467_t/Montipora_capitata_HIv3___RNAseq.g36907.t1/Montipora_capitata_HIv3___RNAseq.g35008.t1/Montipora_capitata_HIv3___RNAseq.g46378.t1/Montipora_capitata_HIv3___RNAseq.g24942.t1/Montipora_capitata_HIv3___RNAseq.g44814.t1/Montipora_capitata_HIv3___RNAseq.g35720.t1/Montipora_capitata_HIv3___TS.g4674.t2b/Montipora_capitata_HIv3___RNAseq.g42092.t1/Montipora_capitata_HIv3___RNAseq.g43161.t1a/Montipora_capitata_HIv3___RNAseq.g9918.t1/Montipora_capitata_HIv3___RNAseq.g33449.t1/Montipora_capitata_HIv3___TS.g33523.t1/Montipora_capitata_HIv3___RNAseq.g47955.t1/Montipora_capitata_HIv3___RNAseq.g6934.t1/Montipora_capitata_HIv3___RNAseq.g4457.t1/Montipora_capitata_HIv3___TS.g10359.t4b/Montipora_capitata_HIv3___RNAseq.g44445.t1/Montipora_capitata_HIv3___RNAseq.g18391.t1,0.9999700722747686,multicellular organism development,BP
GO:0031974,membrane-enclosed lumen,24/85,3189/8363,0.979056194859828,0.6356321310231804,24,3189,Montipora_capitata_HIv3___TS.g1118.t1/Montipora_capitata_HIv3___RNAseq.g23734.t3/Montipora_capitata_HIv3___RNAseq.g35804.t1/Montipora_capitata_HIv3___RNAseq.g40427.t1a/Montipora_capitata_HIv3___RNAseq.g5395.t1/Montipora_capitata_HIv3___RNAseq.g7741.t1/Montipora_capitata_HIv3___RNAseq.g27546.t1/Montipora_capitata_HIv3___RNAseq.g37193.t1/Montipora_capitata_HIv3___RNAseq.g45527.t1/Montipora_capitata_HIv3___RNAseq.g46378.t1/Montipora_capitata_HIv3___RNAseq.g24942.t1/Montipora_capitata_HIv3___RNAseq.g44814.t1/Montipora_capitata_HIv3___RNAseq.g35720.t1/Montipora_capitata_HIv3___RNAseq.g9027.t1/Montipora_capitata_HIv3___RNAseq.g30678.t1b/Montipora_capitata_HIv3___RNAseq.g15186.t1/Montipora_capitata_HIv3___RNAseq.g40991.t1/Montipora_capitata_HIv3___RNAseq.g14965.t1/Montipora_capitata_HIv3___RNAseq.g47379.t1/Montipora_capitata_HIv3___RNAseq.g43161.t1a/Montipora_capitata_HIv3___TS.g33523.t1/Montipora_capitata_HIv3___RNAseq.g47955.t1/Montipora_capitata_HIv3___RNAseq.g33997.t1/Montipora_capitata_HIv3___RNAseq.g44445.t1,0.9999700722747686,membrane-enclosed lumen,CC
GO:0043233,organelle lumen,24/85,3189/8363,0.979056194859828,0.6356321310231804,24,3189,Montipora_capitata_HIv3___TS.g1118.t1/Montipora_capitata_HIv3___RNAseq.g23734.t3/Montipora_capitata_HIv3___RNAseq.g35804.t1/Montipora_capitata_HIv3___RNAseq.g40427.t1a/Montipora_capitata_HIv3___RNAseq.g5395.t1/Montipora_capitata_HIv3___RNAseq.g7741.t1/Montipora_capitata_HIv3___RNAseq.g27546.t1/Montipora_capitata_HIv3___RNAseq.g37193.t1/Montipora_capitata_HIv3___RNAseq.g45527.t1/Montipora_capitata_HIv3___RNAseq.g46378.t1/Montipora_capitata_HIv3___RNAseq.g24942.t1/Montipora_capitata_HIv3___RNAseq.g44814.t1/Montipora_capitata_HIv3___RNAseq.g35720.t1/Montipora_capitata_HIv3___RNAseq.g9027.t1/Montipora_capitata_HIv3___RNAseq.g30678.t1b/Montipora_capitata_HIv3___RNAseq.g15186.t1/Montipora_capitata_HIv3___RNAseq.g40991.t1/Montipora_capitata_HIv3___RNAseq.g14965.t1/Montipora_capitata_HIv3___RNAseq.g47379.t1/Montipora_capitata_HIv3___RNAseq.g43161.t1a/Montipora_capitata_HIv3___TS.g33523.t1/Montipora_capitata_HIv3___RNAseq.g47955.t1/Montipora_capitata_HIv3___RNAseq.g33997.t1/Montipora_capitata_HIv3___RNAseq.g44445.t1,0.9999700722747686,organelle lumen,CC
GO:0032504,multicellular organism reproduction,7/85,1255/8363,0.9790766373050552,0.5055614893234347,7,1255,Montipora_capitata_HIv3___TS.g5595.t1/Montipora_capitata_HIv3___RNAseq.g36907.t1/Montipora_capitata_HIv3___RNAseq.g46378.t1/Montipora_capitata_HIv3___RNAseq.g24942.t1/Montipora_capitata_HIv3___RNAseq.g44814.t1/Montipora_capitata_HIv3___RNAseq.g15186.t1/Montipora_capitata_HIv3___RNAseq.g47955.t1,0.9999700722747686,multicellular organism reproduction,BP
GO:0044085,cellular component biogenesis,13/85,1985/8363,0.9796757983946998,0.577429040667109,13,1985,Montipora_capitata_HIv3___RNAseq.g36838.t1/Montipora_capitata_HIv3___RNAseq.g22865.t1/Montipora_capitata_HIv3___TS.g5595.t1/Montipora_capitata_HIv3___RNAseq.g27546.t1/Montipora_capitata_HIv3___RNAseq.g38848.t1/Montipora_capitata_HIv3___RNAseq.g35008.t1/Montipora_capitata_HIv3___RNAseq.g40982.t1a/Montipora_capitata_HIv3___RNAseq.g24942.t1/Montipora_capitata_HIv3___TS.g4674.t2b/Montipora_capitata_HIv3___RNAseq.g47379.t1/Montipora_capitata_HIv3___RNAseq.g43161.t1a/Montipora_capitata_HIv3___TS.g33523.t1/Montipora_capitata_HIv3___RNAseq.g47955.t1,0.9999700722747686,cellular component biogenesis,BP
GO:0048856,anatomical structure development,28/85,3631/8363,0.9817674155019919,0.6374170965816234,28,3631,Montipora_capitata_HIv3___RNAseq.g23734.t3/Montipora_capitata_HIv3___RNAseq.g35804.t1/Montipora_capitata_HIv3___RNAseq.g5395.t1/Montipora_capitata_HIv3___RNAseq.g22865.t1/Montipora_capitata_HIv3___RNAseq.g7741.t1/Montipora_capitata_HIv3___RNAseq.g26580.t1/Montipora_capitata_HIv3___TS.g5595.t1/Montipora_capitata_HIv3___RNAseq.g44960.t2/Montipora_capitata_HIv3___RNAseq.21467_t/Montipora_capitata_HIv3___RNAseq.g36907.t1/Montipora_capitata_HIv3___RNAseq.g35008.t1/Montipora_capitata_HIv3___RNAseq.g46378.t1/Montipora_capitata_HIv3___RNAseq.g24942.t1/Montipora_capitata_HIv3___RNAseq.g44814.t1/Montipora_capitata_HIv3___RNAseq.g35720.t1/Montipora_capitata_HIv3___TS.g4674.t2b/Montipora_capitata_HIv3___RNAseq.g42092.t1/Montipora_capitata_HIv3___RNAseq.g43161.t1a/Montipora_capitata_HIv3___RNAseq.g9918.t1/Montipora_capitata_HIv3___RNAseq.g33449.t1/Montipora_capitata_HIv3___RNAseq.g9060.t1/Montipora_capitata_HIv3___TS.g33523.t1/Montipora_capitata_HIv3___RNAseq.g47955.t1/Montipora_capitata_HIv3___RNAseq.g6934.t1/Montipora_capitata_HIv3___RNAseq.g4457.t1/Montipora_capitata_HIv3___TS.g10359.t4b/Montipora_capitata_HIv3___RNAseq.g44445.t1/Montipora_capitata_HIv3___RNAseq.g18391.t1,0.9999700722747686,anatomical structure development,BP
GO:0007417,central nervous system development,3/85,728/8363,0.9823469467027894,0.38117372854963016,3,728,Montipora_capitata_HIv3___RNAseq.g7741.t1/Montipora_capitata_HIv3___RNAseq.g36907.t1/Montipora_capitata_HIv3___RNAseq.g44814.t1,0.9999700722747686,central nervous system development,BP
GO:0044464,GO:0044464,74/85,7767/8363,0.9832035765628927,0.5116092510660323,74,7767,Montipora_capitata_HIv3___RNAseq.g7992.t1/Montipora_capitata_HIv3___TS.g1118.t1/Montipora_capitata_HIv3___RNAseq.g36838.t1/Montipora_capitata_HIv3___RNAseq.g23734.t3/Montipora_capitata_HIv3___RNAseq.g35804.t1/Montipora_capitata_HIv3___RNAseq.g40427.t1a/Montipora_capitata_HIv3___RNAseq.g23762.t1/Montipora_capitata_HIv3___RNAseq.g5395.t1/Montipora_capitata_HIv3___RNAseq.g22865.t1/Montipora_capitata_HIv3___RNAseq.g11548.t1/Montipora_capitata_HIv3___RNAseq.g7741.t1/Montipora_capitata_HIv3___TS.g29616.t1/Montipora_capitata_HIv3___RNAseq.g7739.t1/Montipora_capitata_HIv3___RNAseq.g26580.t1/Montipora_capitata_HIv3___RNAseq.g2640.t1a/Montipora_capitata_HIv3___TS.g5595.t1/Montipora_capitata_HIv3___RNAseq.g36836.t1/Montipora_capitata_HIv3___RNAseq.g27546.t1/Montipora_capitata_HIv3___TS.g27540.t1/Montipora_capitata_HIv3___RNAseq.g24139.t1/Montipora_capitata_HIv3___RNAseq.g46819.t1/Montipora_capitata_HIv3___RNAseq.g12596.t1/Montipora_capitata_HIv3___RNAseq.g11237.t1/Montipora_capitata_HIv3___RNAseq.g44960.t2/Montipora_capitata_HIv3___RNAseq.g40983.t1/Montipora_capitata_HIv3___RNAseq.21467_t/Montipora_capitata_HIv3___RNAseq.g24836.t1/Montipora_capitata_HIv3___RNAseq.g9026.t1/Montipora_capitata_HIv3___RNAseq.g37193.t1/Montipora_capitata_HIv3___RNAseq.g29879.t1b/Montipora_capitata_HIv3___TS.g40937.t3b/Montipora_capitata_HIv3___RNAseq.g38848.t1/Montipora_capitata_HIv3___RNAseq.g27709.t1/Montipora_capitata_HIv3___RNAseq.g39648.t1/Montipora_capitata_HIv3___RNAseq.g49895.t2/Montipora_capitata_HIv3___RNAseq.g36907.t1/Montipora_capitata_HIv3___RNAseq.g45527.t1/Montipora_capitata_HIv3___RNAseq.g35008.t1/Montipora_capitata_HIv3___RNAseq.g40982.t1a/Montipora_capitata_HIv3___RNAseq.g46378.t1/Montipora_capitata_HIv3___RNAseq.g24942.t1/Montipora_capitata_HIv3___RNAseq.g44814.t1/Montipora_capitata_HIv3___RNAseq.g20250.t1/Montipora_capitata_HIv3___RNAseq.g35720.t1/Montipora_capitata_HIv3___RNAseq.g14515.t1/Montipora_capitata_HIv3___RNAseq.g9027.t1/Montipora_capitata_HIv3___RNAseq.g30678.t1b/Montipora_capitata_HIv3___RNAseq.g15186.t1/Montipora_capitata_HIv3___RNAseq.g40991.t1/Montipora_capitata_HIv3___RNAseq.g14965.t1/Montipora_capitata_HIv3___TS.g4674.t2b/Montipora_capitata_HIv3___RNAseq.g47379.t1/Montipora_capitata_HIv3___RNAseq.g37645.t1/Montipora_capitata_HIv3___RNAseq.g42092.t1/Montipora_capitata_HIv3___RNAseq.g43161.t1a/Montipora_capitata_HIv3___RNAseq.g22553.t1c/Montipora_capitata_HIv3___RNAseq.g9918.t1/Montipora_capitata_HIv3___RNAseq.g33449.t1/Montipora_capitata_HIv3___RNAseq.g9060.t1/Montipora_capitata_HIv3___TS.g33523.t1/Montipora_capitata_HIv3___RNAseq.g4241.t1/Montipora_capitata_HIv3___RNAseq.g47955.t1/Montipora_capitata_HIv3___RNAseq.g11214.t1/Montipora_capitata_HIv3___RNAseq.g33997.t1/Montipora_capitata_HIv3___RNAseq.g6934.t1/Montipora_capitata_HIv3___RNAseq.g9561.t1/Montipora_capitata_HIv3___RNAseq.g4457.t1/Montipora_capitata_HIv3___TS.g10359.t4b/Montipora_capitata_HIv3___RNAseq.g41226.t1/Montipora_capitata_HIv3___RNAseq.g8867.t2/Montipora_capitata_HIv3___RNAseq.g44445.t1/Montipora_capitata_HIv3___RNAseq.g14960.t1/Montipora_capitata_HIv3___RNAseq.g23366.t1/Montipora_capitata_HIv3___RNAseq.g18391.t1,0.9999700722747686,NA,NA
GO:0019953,sexual reproduction,6/85,1158/8363,0.9834487676888273,0.4698386911359959,6,1158,Montipora_capitata_HIv3___TS.g5595.t1/Montipora_capitata_HIv3___RNAseq.g36907.t1/Montipora_capitata_HIv3___RNAseq.g24942.t1/Montipora_capitata_HIv3___RNAseq.g44814.t1/Montipora_capitata_HIv3___RNAseq.g15186.t1/Montipora_capitata_HIv3___RNAseq.g47955.t1,0.9999700722747686,sexual reproduction,BP
GO:0005623,GO:0005623,74/85,7770/8363,0.9838021049512495,0.5087893203905199,74,7770,Montipora_capitata_HIv3___RNAseq.g7992.t1/Montipora_capitata_HIv3___TS.g1118.t1/Montipora_capitata_HIv3___RNAseq.g36838.t1/Montipora_capitata_HIv3___RNAseq.g23734.t3/Montipora_capitata_HIv3___RNAseq.g35804.t1/Montipora_capitata_HIv3___RNAseq.g40427.t1a/Montipora_capitata_HIv3___RNAseq.g23762.t1/Montipora_capitata_HIv3___RNAseq.g5395.t1/Montipora_capitata_HIv3___RNAseq.g22865.t1/Montipora_capitata_HIv3___RNAseq.g11548.t1/Montipora_capitata_HIv3___RNAseq.g7741.t1/Montipora_capitata_HIv3___TS.g29616.t1/Montipora_capitata_HIv3___RNAseq.g7739.t1/Montipora_capitata_HIv3___RNAseq.g26580.t1/Montipora_capitata_HIv3___RNAseq.g2640.t1a/Montipora_capitata_HIv3___TS.g5595.t1/Montipora_capitata_HIv3___RNAseq.g36836.t1/Montipora_capitata_HIv3___RNAseq.g27546.t1/Montipora_capitata_HIv3___TS.g27540.t1/Montipora_capitata_HIv3___RNAseq.g24139.t1/Montipora_capitata_HIv3___RNAseq.g46819.t1/Montipora_capitata_HIv3___RNAseq.g12596.t1/Montipora_capitata_HIv3___RNAseq.g11237.t1/Montipora_capitata_HIv3___RNAseq.g44960.t2/Montipora_capitata_HIv3___RNAseq.g40983.t1/Montipora_capitata_HIv3___RNAseq.21467_t/Montipora_capitata_HIv3___RNAseq.g24836.t1/Montipora_capitata_HIv3___RNAseq.g9026.t1/Montipora_capitata_HIv3___RNAseq.g37193.t1/Montipora_capitata_HIv3___RNAseq.g29879.t1b/Montipora_capitata_HIv3___TS.g40937.t3b/Montipora_capitata_HIv3___RNAseq.g38848.t1/Montipora_capitata_HIv3___RNAseq.g27709.t1/Montipora_capitata_HIv3___RNAseq.g39648.t1/Montipora_capitata_HIv3___RNAseq.g49895.t2/Montipora_capitata_HIv3___RNAseq.g36907.t1/Montipora_capitata_HIv3___RNAseq.g45527.t1/Montipora_capitata_HIv3___RNAseq.g35008.t1/Montipora_capitata_HIv3___RNAseq.g40982.t1a/Montipora_capitata_HIv3___RNAseq.g46378.t1/Montipora_capitata_HIv3___RNAseq.g24942.t1/Montipora_capitata_HIv3___RNAseq.g44814.t1/Montipora_capitata_HIv3___RNAseq.g20250.t1/Montipora_capitata_HIv3___RNAseq.g35720.t1/Montipora_capitata_HIv3___RNAseq.g14515.t1/Montipora_capitata_HIv3___RNAseq.g9027.t1/Montipora_capitata_HIv3___RNAseq.g30678.t1b/Montipora_capitata_HIv3___RNAseq.g15186.t1/Montipora_capitata_HIv3___RNAseq.g40991.t1/Montipora_capitata_HIv3___RNAseq.g14965.t1/Montipora_capitata_HIv3___TS.g4674.t2b/Montipora_capitata_HIv3___RNAseq.g47379.t1/Montipora_capitata_HIv3___RNAseq.g37645.t1/Montipora_capitata_HIv3___RNAseq.g42092.t1/Montipora_capitata_HIv3___RNAseq.g43161.t1a/Montipora_capitata_HIv3___RNAseq.g22553.t1c/Montipora_capitata_HIv3___RNAseq.g9918.t1/Montipora_capitata_HIv3___RNAseq.g33449.t1/Montipora_capitata_HIv3___RNAseq.g9060.t1/Montipora_capitata_HIv3___TS.g33523.t1/Montipora_capitata_HIv3___RNAseq.g4241.t1/Montipora_capitata_HIv3___RNAseq.g47955.t1/Montipora_capitata_HIv3___RNAseq.g11214.t1/Montipora_capitata_HIv3___RNAseq.g33997.t1/Montipora_capitata_HIv3___RNAseq.g6934.t1/Montipora_capitata_HIv3___RNAseq.g9561.t1/Montipora_capitata_HIv3___RNAseq.g4457.t1/Montipora_capitata_HIv3___TS.g10359.t4b/Montipora_capitata_HIv3___RNAseq.g41226.t1/Montipora_capitata_HIv3___RNAseq.g8867.t2/Montipora_capitata_HIv3___RNAseq.g44445.t1/Montipora_capitata_HIv3___RNAseq.g14960.t1/Montipora_capitata_HIv3___RNAseq.g23366.t1/Montipora_capitata_HIv3___RNAseq.g18391.t1,0.9999700722747686,NA,NA
GO:0046907,intracellular transport,6/85,1163/8363,0.9840431703734351,0.4674802414431464,6,1163,Montipora_capitata_HIv3___TS.g1118.t1/Montipora_capitata_HIv3___RNAseq.g36838.t1/Montipora_capitata_HIv3___RNAseq.g22865.t1/Montipora_capitata_HIv3___RNAseq.g44814.t1/Montipora_capitata_HIv3___TS.g33523.t1/Montipora_capitata_HIv3___RNAseq.g41226.t1,0.9999700722747686,intracellular transport,BP
GO:0051179,localization,24/85,3247/8363,0.984772338405274,0.6171150926746224,24,3247,Montipora_capitata_HIv3___TS.g1118.t1/Montipora_capitata_HIv3___RNAseq.g36838.t1/Montipora_capitata_HIv3___RNAseq.g22865.t1/Montipora_capitata_HIv3___RNAseq.g2640.t1a/Montipora_capitata_HIv3___TS.g5595.t1/Montipora_capitata_HIv3___RNAseq.g24139.t1/Montipora_capitata_HIv3___TS.g32048.t1/Montipora_capitata_HIv3___RNAseq.g38848.t1/Montipora_capitata_HIv3___RNAseq.g49895.t2/Montipora_capitata_HIv3___RNAseq.g36907.t1/Montipora_capitata_HIv3___RNAseq.g35008.t1/Montipora_capitata_HIv3___RNAseq.g46378.t1/Montipora_capitata_HIv3___RNAseq.g24942.t1/Montipora_capitata_HIv3___RNAseq.g44814.t1/Montipora_capitata_HIv3___RNAseq.g20250.t1/Montipora_capitata_HIv3___TS.g4674.t2b/Montipora_capitata_HIv3___TS.g33523.t1/Montipora_capitata_HIv3___RNAseq.g47955.t1/Montipora_capitata_HIv3___RNAseq.g11214.t1/Montipora_capitata_HIv3___RNAseq.g4457.t1/Montipora_capitata_HIv3___TS.g10359.t4b/Montipora_capitata_HIv3___RNAseq.g41226.t1/Montipora_capitata_HIv3___RNAseq.g44445.t1/Montipora_capitata_HIv3___RNAseq.g23366.t1,0.9999700722747686,localization,BP
GO:0031967,organelle envelope,3/85,746/8363,0.9848736415605879,0.3710535256806363,3,746,Montipora_capitata_HIv3___RNAseq.g40982.t1a/Montipora_capitata_HIv3___RNAseq.g46378.t1/Montipora_capitata_HIv3___RNAseq.g15186.t1,0.9999700722747686,organelle envelope,CC
GO:0031975,envelope,3/85,746/8363,0.9848736415605879,0.3710535256806363,3,746,Montipora_capitata_HIv3___RNAseq.g40982.t1a/Montipora_capitata_HIv3___RNAseq.g46378.t1/Montipora_capitata_HIv3___RNAseq.g15186.t1,0.9999700722747686,envelope,CC
GO:0032502,developmental process,29/85,3778/8363,0.985731427526459,0.6256355673283398,29,3778,Montipora_capitata_HIv3___RNAseq.g23734.t3/Montipora_capitata_HIv3___RNAseq.g35804.t1/Montipora_capitata_HIv3___RNAseq.g5395.t1/Montipora_capitata_HIv3___RNAseq.g22865.t1/Montipora_capitata_HIv3___RNAseq.g7741.t1/Montipora_capitata_HIv3___RNAseq.g26580.t1/Montipora_capitata_HIv3___TS.g5595.t1/Montipora_capitata_HIv3___RNAseq.g44960.t2/Montipora_capitata_HIv3___RNAseq.21467_t/Montipora_capitata_HIv3___RNAseq.g36907.t1/Montipora_capitata_HIv3___RNAseq.g35008.t1/Montipora_capitata_HIv3___RNAseq.g46378.t1/Montipora_capitata_HIv3___RNAseq.g24942.t1/Montipora_capitata_HIv3___RNAseq.g44814.t1/Montipora_capitata_HIv3___RNAseq.g35720.t1/Montipora_capitata_HIv3___RNAseq.g40991.t1/Montipora_capitata_HIv3___TS.g4674.t2b/Montipora_capitata_HIv3___RNAseq.g42092.t1/Montipora_capitata_HIv3___RNAseq.g43161.t1a/Montipora_capitata_HIv3___RNAseq.g9918.t1/Montipora_capitata_HIv3___RNAseq.g33449.t1/Montipora_capitata_HIv3___RNAseq.g9060.t1/Montipora_capitata_HIv3___TS.g33523.t1/Montipora_capitata_HIv3___RNAseq.g47955.t1/Montipora_capitata_HIv3___RNAseq.g6934.t1/Montipora_capitata_HIv3___RNAseq.g4457.t1/Montipora_capitata_HIv3___TS.g10359.t4b/Montipora_capitata_HIv3___RNAseq.g44445.t1/Montipora_capitata_HIv3___RNAseq.g18391.t1,0.9999700722747686,developmental process,BP
GO:0033043,regulation of organelle organization,4/85,907/8363,0.9863486982774143,0.4033501838760684,4,907,Montipora_capitata_HIv3___RNAseq.g5395.t1/Montipora_capitata_HIv3___RNAseq.g24942.t1/Montipora_capitata_HIv3___RNAseq.g44814.t1/Montipora_capitata_HIv3___RNAseq.g41226.t1,0.9999700722747686,regulation of organelle organization,BP
GO:0044430,GO:0044430,4/85,908/8363,0.9864593333392285,0.4028493981696555,4,908,Montipora_capitata_HIv3___RNAseq.g36838.t1/Montipora_capitata_HIv3___RNAseq.g22865.t1/Montipora_capitata_HIv3___RNAseq.g26580.t1/Montipora_capitata_HIv3___TS.g5595.t1,0.9999700722747686,NA,NA
GO:0016043,cellular component organization,27/85,3583/8363,0.98657246213818,0.6181935774432264,27,3583,Montipora_capitata_HIv3___TS.g1118.t1/Montipora_capitata_HIv3___RNAseq.g36838.t1/Montipora_capitata_HIv3___RNAseq.g23734.t3/Montipora_capitata_HIv3___RNAseq.g35804.t1/Montipora_capitata_HIv3___RNAseq.g22865.t1/Montipora_capitata_HIv3___RNAseq.g26580.t1/Montipora_capitata_HIv3___TS.g5595.t1/Montipora_capitata_HIv3___RNAseq.g27546.t1/Montipora_capitata_HIv3___TS.g28995.t1/Montipora_capitata_HIv3___RNAseq.g38848.t1/Montipora_capitata_HIv3___RNAseq.g45527.t1/Montipora_capitata_HIv3___RNAseq.g35008.t1/Montipora_capitata_HIv3___RNAseq.g40982.t1a/Montipora_capitata_HIv3___RNAseq.g24942.t1/Montipora_capitata_HIv3___RNAseq.g44814.t1/Montipora_capitata_HIv3___RNAseq.g20250.t1/Montipora_capitata_HIv3___RNAseq.g35720.t1/Montipora_capitata_HIv3___RNAseq.g40991.t1/Montipora_capitata_HIv3___TS.g4674.t2b/Montipora_capitata_HIv3___RNAseq.g43161.t1a/Montipora_capitata_HIv3___TS.g33523.t1/Montipora_capitata_HIv3___RNAseq.g47955.t1/Montipora_capitata_HIv3___RNAseq.g11214.t1/Montipora_capitata_HIv3___RNAseq.g6934.t1/Montipora_capitata_HIv3___TS.g10359.t4b/Montipora_capitata_HIv3___RNAseq.g8867.t2/Montipora_capitata_HIv3___RNAseq.g44445.t1,0.9999700722747686,cellular component organization,BP
GO:0051128,regulation of cellular component organization,10/85,1711/8363,0.987936286868863,0.5155845066075034,10,1711,Montipora_capitata_HIv3___RNAseq.g23734.t3/Montipora_capitata_HIv3___RNAseq.g35804.t1/Montipora_capitata_HIv3___RNAseq.g5395.t1/Montipora_capitata_HIv3___RNAseq.g35008.t1/Montipora_capitata_HIv3___RNAseq.g46378.t1/Montipora_capitata_HIv3___RNAseq.g24942.t1/Montipora_capitata_HIv3___RNAseq.g44814.t1/Montipora_capitata_HIv3___RNAseq.g35720.t1/Montipora_capitata_HIv3___TS.g10359.t4b/Montipora_capitata_HIv3___RNAseq.g41226.t1,0.9999700722747686,regulation of cellular component organization,BP
GO:0051649,establishment of localization in cell,7/85,1335/8363,0.9881150487782522,0.4697030231694049,7,1335,Montipora_capitata_HIv3___TS.g1118.t1/Montipora_capitata_HIv3___RNAseq.g36838.t1/Montipora_capitata_HIv3___RNAseq.g22865.t1/Montipora_capitata_HIv3___RNAseq.g44814.t1/Montipora_capitata_HIv3___TS.g33523.t1/Montipora_capitata_HIv3___TS.g10359.t4b/Montipora_capitata_HIv3___RNAseq.g41226.t1,0.9999700722747686,establishment of localization in cell,BP
GO:0006996,organelle organization,16/85,2427/8363,0.9888146319376983,0.5643074661629263,16,2427,Montipora_capitata_HIv3___TS.g1118.t1/Montipora_capitata_HIv3___RNAseq.g36838.t1/Montipora_capitata_HIv3___RNAseq.g22865.t1/Montipora_capitata_HIv3___RNAseq.g26580.t1/Montipora_capitata_HIv3___TS.g5595.t1/Montipora_capitata_HIv3___RNAseq.g27546.t1/Montipora_capitata_HIv3___RNAseq.g45527.t1/Montipora_capitata_HIv3___RNAseq.g40982.t1a/Montipora_capitata_HIv3___RNAseq.g24942.t1/Montipora_capitata_HIv3___RNAseq.g44814.t1/Montipora_capitata_HIv3___RNAseq.g40991.t1/Montipora_capitata_HIv3___TS.g4674.t2b/Montipora_capitata_HIv3___RNAseq.g43161.t1a/Montipora_capitata_HIv3___TS.g33523.t1/Montipora_capitata_HIv3___RNAseq.g47955.t1/Montipora_capitata_HIv3___TS.g10359.t4b,0.9999700722747686,organelle organization,BP
GO:0043170,macromolecule metabolic process,30/85,3925/8363,0.9889650023031524,0.6138308661086807,30,3925,Montipora_capitata_HIv3___TS.g1118.t1/Montipora_capitata_HIv3___RNAseq.g23762.t1/Montipora_capitata_HIv3___RNAseq.g5395.t1/Montipora_capitata_HIv3___RNAseq.g11548.t1/Montipora_capitata_HIv3___RNAseq.g7741.t1/Montipora_capitata_HIv3___RNAseq.g33991.t1/Montipora_capitata_HIv3___RNAseq.g36836.t1/Montipora_capitata_HIv3___RNAseq.g46819.t1/Montipora_capitata_HIv3___RNAseq.g44960.t2/Montipora_capitata_HIv3___TS.g32048.t1/Montipora_capitata_HIv3___RNAseq.21467_t/Montipora_capitata_HIv3___TS.g28995.t1/Montipora_capitata_HIv3___RNAseq.g37193.t1/Montipora_capitata_HIv3___RNAseq.g33992.t1/Montipora_capitata_HIv3___RNAseq.g45527.t1/Montipora_capitata_HIv3___RNAseq.g24942.t1/Montipora_capitata_HIv3___RNAseq.g44814.t1/Montipora_capitata_HIv3___RNAseq.g30678.t1b/Montipora_capitata_HIv3___RNAseq.g15186.t1/Montipora_capitata_HIv3___RNAseq.g40991.t1/Montipora_capitata_HIv3___RNAseq.g14965.t1/Montipora_capitata_HIv3___RNAseq.g47379.t1/Montipora_capitata_HIv3___RNAseq.g42092.t1/Montipora_capitata_HIv3___RNAseq.g43161.t1a/Montipora_capitata_HIv3___RNAseq.g22553.t1c/Montipora_capitata_HIv3___RNAseq.g9060.t1/Montipora_capitata_HIv3___RNAseq.g4241.t1/Montipora_capitata_HIv3___RNAseq.g47955.t1/Montipora_capitata_HIv3___RNAseq.g41226.t1/Montipora_capitata_HIv3___RNAseq.g44445.t1,0.9999700722747686,macromolecule metabolic process,BP
GO:0005856,cytoskeleton,5/85,1077/8363,0.9890812328237701,0.4201568360536707,5,1077,Montipora_capitata_HIv3___RNAseq.g36838.t1/Montipora_capitata_HIv3___RNAseq.g22865.t1/Montipora_capitata_HIv3___RNAseq.g26580.t1/Montipora_capitata_HIv3___TS.g5595.t1/Montipora_capitata_HIv3___RNAseq.g45527.t1,0.9999700722747686,cytoskeleton,CC
GO:0071840,cellular component organization or biogenesis,28/85,3744/8363,0.99038338338438,0.6030994884989361,28,3744,Montipora_capitata_HIv3___TS.g1118.t1/Montipora_capitata_HIv3___RNAseq.g36838.t1/Montipora_capitata_HIv3___RNAseq.g23734.t3/Montipora_capitata_HIv3___RNAseq.g35804.t1/Montipora_capitata_HIv3___RNAseq.g22865.t1/Montipora_capitata_HIv3___RNAseq.g26580.t1/Montipora_capitata_HIv3___TS.g5595.t1/Montipora_capitata_HIv3___RNAseq.g27546.t1/Montipora_capitata_HIv3___TS.g28995.t1/Montipora_capitata_HIv3___RNAseq.g38848.t1/Montipora_capitata_HIv3___RNAseq.g45527.t1/Montipora_capitata_HIv3___RNAseq.g35008.t1/Montipora_capitata_HIv3___RNAseq.g40982.t1a/Montipora_capitata_HIv3___RNAseq.g24942.t1/Montipora_capitata_HIv3___RNAseq.g44814.t1/Montipora_capitata_HIv3___RNAseq.g20250.t1/Montipora_capitata_HIv3___RNAseq.g35720.t1/Montipora_capitata_HIv3___RNAseq.g40991.t1/Montipora_capitata_HIv3___TS.g4674.t2b/Montipora_capitata_HIv3___RNAseq.g47379.t1/Montipora_capitata_HIv3___RNAseq.g43161.t1a/Montipora_capitata_HIv3___TS.g33523.t1/Montipora_capitata_HIv3___RNAseq.g47955.t1/Montipora_capitata_HIv3___RNAseq.g11214.t1/Montipora_capitata_HIv3___RNAseq.g6934.t1/Montipora_capitata_HIv3___TS.g10359.t4b/Montipora_capitata_HIv3___RNAseq.g8867.t2/Montipora_capitata_HIv3___RNAseq.g44445.t1,0.9999700722747686,cellular component organization or biogenesis,BP
GO:0033036,macromolecule localization,8/85,1505/8363,0.9911356415654358,0.4706599780657201,8,1505,Montipora_capitata_HIv3___TS.g32048.t1/Montipora_capitata_HIv3___RNAseq.g20250.t1/Montipora_capitata_HIv3___TS.g4674.t2b/Montipora_capitata_HIv3___TS.g33523.t1/Montipora_capitata_HIv3___RNAseq.g47955.t1/Montipora_capitata_HIv3___RNAseq.g11214.t1/Montipora_capitata_HIv3___RNAseq.g41226.t1/Montipora_capitata_HIv3___RNAseq.g44445.t1,0.9999700722747686,macromolecule localization,BP
GO:0009987,cellular process,66/85,7244/8363,0.9925817558754819,0.5323978083392685,66,7244,Montipora_capitata_HIv3___TS.g1118.t1/Montipora_capitata_HIv3___RNAseq.g36838.t1/Montipora_capitata_HIv3___RNAseq.g23734.t3/Montipora_capitata_HIv3___RNAseq.g35804.t1/Montipora_capitata_HIv3___RNAseq.g40427.t1a/Montipora_capitata_HIv3___RNAseq.g23762.t1/Montipora_capitata_HIv3___RNAseq.g5395.t1/Montipora_capitata_HIv3___RNAseq.g22865.t1/Montipora_capitata_HIv3___RNAseq.g11548.t1/Montipora_capitata_HIv3___RNAseq.g7741.t1/Montipora_capitata_HIv3___RNAseq.g33991.t1/Montipora_capitata_HIv3___RNAseq.g26580.t1/Montipora_capitata_HIv3___RNAseq.g2640.t1a/Montipora_capitata_HIv3___TS.g5595.t1/Montipora_capitata_HIv3___RNAseq.g36836.t1/Montipora_capitata_HIv3___RNAseq.g27546.t1/Montipora_capitata_HIv3___TS.g27540.t1/Montipora_capitata_HIv3___RNAseq.g46819.t1/Montipora_capitata_HIv3___RNAseq.g11237.t1/Montipora_capitata_HIv3___RNAseq.g44960.t2/Montipora_capitata_HIv3___RNAseq.g40983.t1/Montipora_capitata_HIv3___RNAseq.21467_t/Montipora_capitata_HIv3___RNAseq.g24836.t1/Montipora_capitata_HIv3___TS.g28995.t1/Montipora_capitata_HIv3___RNAseq.g37193.t1/Montipora_capitata_HIv3___RNAseq.g33992.t1/Montipora_capitata_HIv3___RNAseq.g38848.t1/Montipora_capitata_HIv3___RNAseq.g27709.t1/Montipora_capitata_HIv3___RNAseq.g39648.t1/Montipora_capitata_HIv3___RNAseq.g36907.t1/Montipora_capitata_HIv3___RNAseq.g45527.t1/Montipora_capitata_HIv3___RNAseq.g35008.t1/Montipora_capitata_HIv3___RNAseq.g40982.t1a/Montipora_capitata_HIv3___RNAseq.g46378.t1/Montipora_capitata_HIv3___RNAseq.g24942.t1/Montipora_capitata_HIv3___RNAseq.g44814.t1/Montipora_capitata_HIv3___RNAseq.g20250.t1/Montipora_capitata_HIv3___RNAseq.g35720.t1/Montipora_capitata_HIv3___RNAseq.g30678.t1b/Montipora_capitata_HIv3___RNAseq.g15186.t1/Montipora_capitata_HIv3___RNAseq.g40991.t1/Montipora_capitata_HIv3___RNAseq.g14965.t1/Montipora_capitata_HIv3___TS.g4674.t2b/Montipora_capitata_HIv3___RNAseq.g47379.t1/Montipora_capitata_HIv3___RNAseq.g37645.t1/Montipora_capitata_HIv3___RNAseq.g42092.t1/Montipora_capitata_HIv3___RNAseq.g43161.t1a/Montipora_capitata_HIv3___RNAseq.g22553.t1c/Montipora_capitata_HIv3___RNAseq.g9918.t1/Montipora_capitata_HIv3___RNAseq.g33449.t1/Montipora_capitata_HIv3___RNAseq.g9060.t1/Montipora_capitata_HIv3___TS.g33523.t1/Montipora_capitata_HIv3___RNAseq.g4241.t1/Montipora_capitata_HIv3___RNAseq.g47955.t1/Montipora_capitata_HIv3___RNAseq.g11214.t1/Montipora_capitata_HIv3___TS.g21293.t1/Montipora_capitata_HIv3___RNAseq.g33997.t1/Montipora_capitata_HIv3___RNAseq.g6934.t1/Montipora_capitata_HIv3___RNAseq.g9561.t1/Montipora_capitata_HIv3___RNAseq.g4457.t1/Montipora_capitata_HIv3___TS.g10359.t4b/Montipora_capitata_HIv3___RNAseq.g41226.t1/Montipora_capitata_HIv3___RNAseq.g8867.t2/Montipora_capitata_HIv3___RNAseq.g44445.t1/Montipora_capitata_HIv3___RNAseq.g14960.t1/Montipora_capitata_HIv3___RNAseq.g23366.t1,0.9999700722747686,cellular process,BP
GO:0043228,non-membrane-bounded organelle,15/85,2444/8363,0.9952082247388132,0.5160321637419539,15,2444,Montipora_capitata_HIv3___RNAseq.g36838.t1/Montipora_capitata_HIv3___RNAseq.g22865.t1/Montipora_capitata_HIv3___RNAseq.g26580.t1/Montipora_capitata_HIv3___TS.g5595.t1/Montipora_capitata_HIv3___RNAseq.g27546.t1/Montipora_capitata_HIv3___RNAseq.g44960.t2/Montipora_capitata_HIv3___RNAseq.21467_t/Montipora_capitata_HIv3___RNAseq.g45527.t1/Montipora_capitata_HIv3___RNAseq.g40991.t1/Montipora_capitata_HIv3___RNAseq.g47379.t1/Montipora_capitata_HIv3___RNAseq.g43161.t1a/Montipora_capitata_HIv3___RNAseq.g33449.t1/Montipora_capitata_HIv3___RNAseq.g4241.t1/Montipora_capitata_HIv3___RNAseq.g47955.t1/Montipora_capitata_HIv3___RNAseq.g44445.t1,0.9999700722747686,non-membrane-bounded organelle,CC
GO:0043232,intracellular non-membrane-bounded organelle,15/85,2444/8363,0.9952082247388132,0.5160321637419539,15,2444,Montipora_capitata_HIv3___RNAseq.g36838.t1/Montipora_capitata_HIv3___RNAseq.g22865.t1/Montipora_capitata_HIv3___RNAseq.g26580.t1/Montipora_capitata_HIv3___TS.g5595.t1/Montipora_capitata_HIv3___RNAseq.g27546.t1/Montipora_capitata_HIv3___RNAseq.g44960.t2/Montipora_capitata_HIv3___RNAseq.21467_t/Montipora_capitata_HIv3___RNAseq.g45527.t1/Montipora_capitata_HIv3___RNAseq.g40991.t1/Montipora_capitata_HIv3___RNAseq.g47379.t1/Montipora_capitata_HIv3___RNAseq.g43161.t1a/Montipora_capitata_HIv3___RNAseq.g33449.t1/Montipora_capitata_HIv3___RNAseq.g4241.t1/Montipora_capitata_HIv3___RNAseq.g47955.t1/Montipora_capitata_HIv3___RNAseq.g44445.t1,0.9999700722747686,intracellular non-membrane-bounded organelle,CC
GO:0051726,regulation of cell cycle,3/85,898/8363,0.9960980751421733,0.3018259170184907,3,898,Montipora_capitata_HIv3___RNAseq.g7741.t1/Montipora_capitata_HIv3___RNAseq.g14965.t1/Montipora_capitata_HIv3___RNAseq.g43161.t1a,0.9999700722747686,regulation of cell cycle,BP
GO:0048523,negative regulation of cellular process,16/85,2592/8363,0.9961586306331616,0.5133129679661456,16,2592,Montipora_capitata_HIv3___TS.g1118.t1/Montipora_capitata_HIv3___RNAseq.g5395.t1/Montipora_capitata_HIv3___RNAseq.g7741.t1/Montipora_capitata_HIv3___RNAseq.g44960.t2/Montipora_capitata_HIv3___TS.g32048.t1/Montipora_capitata_HIv3___RNAseq.21467_t/Montipora_capitata_HIv3___RNAseq.g36907.t1/Montipora_capitata_HIv3___RNAseq.g35008.t1/Montipora_capitata_HIv3___RNAseq.g46378.t1/Montipora_capitata_HIv3___RNAseq.g44814.t1/Montipora_capitata_HIv3___RNAseq.g14965.t1/Montipora_capitata_HIv3___RNAseq.g37645.t1/Montipora_capitata_HIv3___RNAseq.g43161.t1a/Montipora_capitata_HIv3___RNAseq.g4457.t1/Montipora_capitata_HIv3___TS.g10359.t4b/Montipora_capitata_HIv3___RNAseq.g23366.t1,0.9999700722747686,negative regulation of cellular process,BP
GO:0005634,nucleus,26/85,3696/8363,0.9964437781813431,0.5533507276359001,26,3696,Montipora_capitata_HIv3___TS.g1118.t1/Montipora_capitata_HIv3___RNAseq.g23734.t3/Montipora_capitata_HIv3___RNAseq.g35804.t1/Montipora_capitata_HIv3___RNAseq.g5395.t1/Montipora_capitata_HIv3___RNAseq.g22865.t1/Montipora_capitata_HIv3___RNAseq.g7741.t1/Montipora_capitata_HIv3___RNAseq.g27546.t1/Montipora_capitata_HIv3___RNAseq.g44960.t2/Montipora_capitata_HIv3___RNAseq.21467_t/Montipora_capitata_HIv3___RNAseq.g45527.t1/Montipora_capitata_HIv3___RNAseq.g35008.t1/Montipora_capitata_HIv3___RNAseq.g46378.t1/Montipora_capitata_HIv3___RNAseq.g44814.t1/Montipora_capitata_HIv3___RNAseq.g35720.t1/Montipora_capitata_HIv3___RNAseq.g9027.t1/Montipora_capitata_HIv3___RNAseq.g30678.t1b/Montipora_capitata_HIv3___RNAseq.g15186.t1/Montipora_capitata_HIv3___RNAseq.g40991.t1/Montipora_capitata_HIv3___RNAseq.g14965.t1/Montipora_capitata_HIv3___RNAseq.g47379.t1/Montipora_capitata_HIv3___RNAseq.g42092.t1/Montipora_capitata_HIv3___RNAseq.g43161.t1a/Montipora_capitata_HIv3___TS.g33523.t1/Montipora_capitata_HIv3___RNAseq.g47955.t1/Montipora_capitata_HIv3___RNAseq.g33997.t1/Montipora_capitata_HIv3___RNAseq.g44445.t1,0.9999700722747686,nucleus,CC
GO:0044446,GO:0044446,41/85,5206/8363,0.997023813649949,0.5616809137978098,41,5206,Montipora_capitata_HIv3___TS.g1118.t1/Montipora_capitata_HIv3___RNAseq.g36838.t1/Montipora_capitata_HIv3___RNAseq.g23734.t3/Montipora_capitata_HIv3___RNAseq.g35804.t1/Montipora_capitata_HIv3___RNAseq.g40427.t1a/Montipora_capitata_HIv3___RNAseq.g5395.t1/Montipora_capitata_HIv3___RNAseq.g22865.t1/Montipora_capitata_HIv3___RNAseq.g7741.t1/Montipora_capitata_HIv3___RNAseq.g7739.t1/Montipora_capitata_HIv3___RNAseq.g26580.t1/Montipora_capitata_HIv3___RNAseq.g2640.t1a/Montipora_capitata_HIv3___TS.g5595.t1/Montipora_capitata_HIv3___RNAseq.g36836.t1/Montipora_capitata_HIv3___RNAseq.g27546.t1/Montipora_capitata_HIv3___RNAseq.g24139.t1/Montipora_capitata_HIv3___RNAseq.g44960.t2/Montipora_capitata_HIv3___RNAseq.21467_t/Montipora_capitata_HIv3___RNAseq.g37193.t1/Montipora_capitata_HIv3___RNAseq.g38848.t1/Montipora_capitata_HIv3___RNAseq.g45527.t1/Montipora_capitata_HIv3___RNAseq.g35008.t1/Montipora_capitata_HIv3___RNAseq.g40982.t1a/Montipora_capitata_HIv3___RNAseq.g46378.t1/Montipora_capitata_HIv3___RNAseq.g24942.t1/Montipora_capitata_HIv3___RNAseq.g44814.t1/Montipora_capitata_HIv3___RNAseq.g35720.t1/Montipora_capitata_HIv3___RNAseq.g9027.t1/Montipora_capitata_HIv3___RNAseq.g30678.t1b/Montipora_capitata_HIv3___RNAseq.g15186.t1/Montipora_capitata_HIv3___RNAseq.g40991.t1/Montipora_capitata_HIv3___RNAseq.g14965.t1/Montipora_capitata_HIv3___TS.g4674.t2b/Montipora_capitata_HIv3___RNAseq.g47379.t1/Montipora_capitata_HIv3___RNAseq.g43161.t1a/Montipora_capitata_HIv3___TS.g33523.t1/Montipora_capitata_HIv3___RNAseq.g47955.t1/Montipora_capitata_HIv3___RNAseq.g33997.t1/Montipora_capitata_HIv3___RNAseq.g9561.t1/Montipora_capitata_HIv3___RNAseq.g8867.t2/Montipora_capitata_HIv3___RNAseq.g44445.t1/Montipora_capitata_HIv3___RNAseq.g23366.t1,0.9999700722747686,NA,NA
GO:0005622,intracellular anatomical structure,66/85,7332/8363,0.9970818319617424,0.4838603843574135,66,7332,Montipora_capitata_HIv3___RNAseq.g7992.t1/Montipora_capitata_HIv3___TS.g1118.t1/Montipora_capitata_HIv3___RNAseq.g36838.t1/Montipora_capitata_HIv3___RNAseq.g23734.t3/Montipora_capitata_HIv3___RNAseq.g35804.t1/Montipora_capitata_HIv3___RNAseq.g40427.t1a/Montipora_capitata_HIv3___RNAseq.g23762.t1/Montipora_capitata_HIv3___RNAseq.g5395.t1/Montipora_capitata_HIv3___RNAseq.g22865.t1/Montipora_capitata_HIv3___RNAseq.g11548.t1/Montipora_capitata_HIv3___RNAseq.g7741.t1/Montipora_capitata_HIv3___TS.g29616.t1/Montipora_capitata_HIv3___RNAseq.g7739.t1/Montipora_capitata_HIv3___RNAseq.g26580.t1/Montipora_capitata_HIv3___RNAseq.g2640.t1a/Montipora_capitata_HIv3___TS.g5595.t1/Montipora_capitata_HIv3___RNAseq.g36836.t1/Montipora_capitata_HIv3___RNAseq.g27546.t1/Montipora_capitata_HIv3___RNAseq.g24139.t1/Montipora_capitata_HIv3___RNAseq.g46819.t1/Montipora_capitata_HIv3___RNAseq.g12596.t1/Montipora_capitata_HIv3___RNAseq.g44960.t2/Montipora_capitata_HIv3___RNAseq.21467_t/Montipora_capitata_HIv3___RNAseq.g9026.t1/Montipora_capitata_HIv3___RNAseq.g37193.t1/Montipora_capitata_HIv3___RNAseq.g29879.t1b/Montipora_capitata_HIv3___TS.g40937.t3b/Montipora_capitata_HIv3___RNAseq.g38848.t1/Montipora_capitata_HIv3___RNAseq.g27709.t1/Montipora_capitata_HIv3___RNAseq.g36907.t1/Montipora_capitata_HIv3___RNAseq.g45527.t1/Montipora_capitata_HIv3___RNAseq.g35008.t1/Montipora_capitata_HIv3___RNAseq.g40982.t1a/Montipora_capitata_HIv3___RNAseq.g46378.t1/Montipora_capitata_HIv3___RNAseq.g24942.t1/Montipora_capitata_HIv3___RNAseq.g44814.t1/Montipora_capitata_HIv3___RNAseq.g20250.t1/Montipora_capitata_HIv3___RNAseq.g35720.t1/Montipora_capitata_HIv3___RNAseq.g14515.t1/Montipora_capitata_HIv3___RNAseq.g9027.t1/Montipora_capitata_HIv3___RNAseq.g30678.t1b/Montipora_capitata_HIv3___RNAseq.g15186.t1/Montipora_capitata_HIv3___RNAseq.g40991.t1/Montipora_capitata_HIv3___RNAseq.g14965.t1/Montipora_capitata_HIv3___TS.g4674.t2b/Montipora_capitata_HIv3___RNAseq.g47379.t1/Montipora_capitata_HIv3___RNAseq.g37645.t1/Montipora_capitata_HIv3___RNAseq.g42092.t1/Montipora_capitata_HIv3___RNAseq.g43161.t1a/Montipora_capitata_HIv3___RNAseq.g22553.t1c/Montipora_capitata_HIv3___RNAseq.g9918.t1/Montipora_capitata_HIv3___RNAseq.g33449.t1/Montipora_capitata_HIv3___RNAseq.g9060.t1/Montipora_capitata_HIv3___TS.g33523.t1/Montipora_capitata_HIv3___RNAseq.g4241.t1/Montipora_capitata_HIv3___RNAseq.g47955.t1/Montipora_capitata_HIv3___RNAseq.g11214.t1/Montipora_capitata_HIv3___RNAseq.g33997.t1/Montipora_capitata_HIv3___RNAseq.g9561.t1/Montipora_capitata_HIv3___TS.g10359.t4b/Montipora_capitata_HIv3___RNAseq.g41226.t1/Montipora_capitata_HIv3___RNAseq.g8867.t2/Montipora_capitata_HIv3___RNAseq.g44445.t1/Montipora_capitata_HIv3___RNAseq.g14960.t1/Montipora_capitata_HIv3___RNAseq.g23366.t1/Montipora_capitata_HIv3___RNAseq.g18391.t1,0.9999700722747686,intracellular anatomical structure,CC
GO:0050793,regulation of developmental process,8/85,1670/8363,0.9974428512842154,0.4136096466726107,8,1670,Montipora_capitata_HIv3___RNAseq.g5395.t1/Montipora_capitata_HIv3___RNAseq.g44960.t2/Montipora_capitata_HIv3___RNAseq.21467_t/Montipora_capitata_HIv3___RNAseq.g35008.t1/Montipora_capitata_HIv3___RNAseq.g46378.t1/Montipora_capitata_HIv3___RNAseq.g24942.t1/Montipora_capitata_HIv3___RNAseq.g44814.t1/Montipora_capitata_HIv3___TS.g10359.t4b,0.9999700722747686,regulation of developmental process,BP
GO:0003008,system process,3/85,956/8363,0.9977235889316842,0.2812307999507313,3,956,Montipora_capitata_HIv3___TS.g32048.t1/Montipora_capitata_HIv3___RNAseq.g24942.t1/Montipora_capitata_HIv3___RNAseq.g44814.t1,0.9999700722747686,system process,BP
GO:0071705,nitrogen compound transport,3/85,993/8363,0.9983951466687305,0.269353232198249,3,993,Montipora_capitata_HIv3___RNAseq.g24139.t1/Montipora_capitata_HIv3___TS.g33523.t1/Montipora_capitata_HIv3___RNAseq.g41226.t1,0.9999700722747686,nitrogen compound transport,BP
GO:0051641,cellular localization,8/85,1730/8363,0.9984149369243203,0.3955780414372133,8,1730,Montipora_capitata_HIv3___TS.g1118.t1/Montipora_capitata_HIv3___RNAseq.g36838.t1/Montipora_capitata_HIv3___RNAseq.g22865.t1/Montipora_capitata_HIv3___RNAseq.g44814.t1/Montipora_capitata_HIv3___TS.g33523.t1/Montipora_capitata_HIv3___RNAseq.g47955.t1/Montipora_capitata_HIv3___TS.g10359.t4b/Montipora_capitata_HIv3___RNAseq.g41226.t1,0.9999700722747686,cellular localization,BP
GO:0044424,GO:0044424,65/85,7314/8363,0.9984929107619633,0.4613946907266192,65,7314,Montipora_capitata_HIv3___RNAseq.g7992.t1/Montipora_capitata_HIv3___TS.g1118.t1/Montipora_capitata_HIv3___RNAseq.g36838.t1/Montipora_capitata_HIv3___RNAseq.g23734.t3/Montipora_capitata_HIv3___RNAseq.g35804.t1/Montipora_capitata_HIv3___RNAseq.g40427.t1a/Montipora_capitata_HIv3___RNAseq.g23762.t1/Montipora_capitata_HIv3___RNAseq.g5395.t1/Montipora_capitata_HIv3___RNAseq.g22865.t1/Montipora_capitata_HIv3___RNAseq.g11548.t1/Montipora_capitata_HIv3___RNAseq.g7741.t1/Montipora_capitata_HIv3___TS.g29616.t1/Montipora_capitata_HIv3___RNAseq.g7739.t1/Montipora_capitata_HIv3___RNAseq.g26580.t1/Montipora_capitata_HIv3___RNAseq.g2640.t1a/Montipora_capitata_HIv3___TS.g5595.t1/Montipora_capitata_HIv3___RNAseq.g36836.t1/Montipora_capitata_HIv3___RNAseq.g27546.t1/Montipora_capitata_HIv3___RNAseq.g24139.t1/Montipora_capitata_HIv3___RNAseq.g46819.t1/Montipora_capitata_HIv3___RNAseq.g12596.t1/Montipora_capitata_HIv3___RNAseq.g44960.t2/Montipora_capitata_HIv3___RNAseq.21467_t/Montipora_capitata_HIv3___RNAseq.g9026.t1/Montipora_capitata_HIv3___RNAseq.g37193.t1/Montipora_capitata_HIv3___RNAseq.g29879.t1b/Montipora_capitata_HIv3___TS.g40937.t3b/Montipora_capitata_HIv3___RNAseq.g38848.t1/Montipora_capitata_HIv3___RNAseq.g27709.t1/Montipora_capitata_HIv3___RNAseq.g36907.t1/Montipora_capitata_HIv3___RNAseq.g45527.t1/Montipora_capitata_HIv3___RNAseq.g35008.t1/Montipora_capitata_HIv3___RNAseq.g40982.t1a/Montipora_capitata_HIv3___RNAseq.g46378.t1/Montipora_capitata_HIv3___RNAseq.g24942.t1/Montipora_capitata_HIv3___RNAseq.g44814.t1/Montipora_capitata_HIv3___RNAseq.g35720.t1/Montipora_capitata_HIv3___RNAseq.g14515.t1/Montipora_capitata_HIv3___RNAseq.g9027.t1/Montipora_capitata_HIv3___RNAseq.g30678.t1b/Montipora_capitata_HIv3___RNAseq.g15186.t1/Montipora_capitata_HIv3___RNAseq.g40991.t1/Montipora_capitata_HIv3___RNAseq.g14965.t1/Montipora_capitata_HIv3___TS.g4674.t2b/Montipora_capitata_HIv3___RNAseq.g47379.t1/Montipora_capitata_HIv3___RNAseq.g37645.t1/Montipora_capitata_HIv3___RNAseq.g42092.t1/Montipora_capitata_HIv3___RNAseq.g43161.t1a/Montipora_capitata_HIv3___RNAseq.g22553.t1c/Montipora_capitata_HIv3___RNAseq.g9918.t1/Montipora_capitata_HIv3___RNAseq.g33449.t1/Montipora_capitata_HIv3___RNAseq.g9060.t1/Montipora_capitata_HIv3___TS.g33523.t1/Montipora_capitata_HIv3___RNAseq.g4241.t1/Montipora_capitata_HIv3___RNAseq.g47955.t1/Montipora_capitata_HIv3___RNAseq.g11214.t1/Montipora_capitata_HIv3___RNAseq.g33997.t1/Montipora_capitata_HIv3___RNAseq.g9561.t1/Montipora_capitata_HIv3___TS.g10359.t4b/Montipora_capitata_HIv3___RNAseq.g41226.t1/Montipora_capitata_HIv3___RNAseq.g8867.t2/Montipora_capitata_HIv3___RNAseq.g44445.t1/Montipora_capitata_HIv3___RNAseq.g14960.t1/Montipora_capitata_HIv3___RNAseq.g23366.t1/Montipora_capitata_HIv3___RNAseq.g18391.t1,0.9999700722747686,NA,NA
GO:0044422,GO:0044422,41/85,5344/8363,0.9989466116424028,0.5227799284535918,41,5344,Montipora_capitata_HIv3___TS.g1118.t1/Montipora_capitata_HIv3___RNAseq.g36838.t1/Montipora_capitata_HIv3___RNAseq.g23734.t3/Montipora_capitata_HIv3___RNAseq.g35804.t1/Montipora_capitata_HIv3___RNAseq.g40427.t1a/Montipora_capitata_HIv3___RNAseq.g5395.t1/Montipora_capitata_HIv3___RNAseq.g22865.t1/Montipora_capitata_HIv3___RNAseq.g7741.t1/Montipora_capitata_HIv3___RNAseq.g7739.t1/Montipora_capitata_HIv3___RNAseq.g26580.t1/Montipora_capitata_HIv3___RNAseq.g2640.t1a/Montipora_capitata_HIv3___TS.g5595.t1/Montipora_capitata_HIv3___RNAseq.g36836.t1/Montipora_capitata_HIv3___RNAseq.g27546.t1/Montipora_capitata_HIv3___RNAseq.g24139.t1/Montipora_capitata_HIv3___RNAseq.g44960.t2/Montipora_capitata_HIv3___RNAseq.21467_t/Montipora_capitata_HIv3___RNAseq.g37193.t1/Montipora_capitata_HIv3___RNAseq.g38848.t1/Montipora_capitata_HIv3___RNAseq.g45527.t1/Montipora_capitata_HIv3___RNAseq.g35008.t1/Montipora_capitata_HIv3___RNAseq.g40982.t1a/Montipora_capitata_HIv3___RNAseq.g46378.t1/Montipora_capitata_HIv3___RNAseq.g24942.t1/Montipora_capitata_HIv3___RNAseq.g44814.t1/Montipora_capitata_HIv3___RNAseq.g35720.t1/Montipora_capitata_HIv3___RNAseq.g9027.t1/Montipora_capitata_HIv3___RNAseq.g30678.t1b/Montipora_capitata_HIv3___RNAseq.g15186.t1/Montipora_capitata_HIv3___RNAseq.g40991.t1/Montipora_capitata_HIv3___RNAseq.g14965.t1/Montipora_capitata_HIv3___TS.g4674.t2b/Montipora_capitata_HIv3___RNAseq.g47379.t1/Montipora_capitata_HIv3___RNAseq.g43161.t1a/Montipora_capitata_HIv3___TS.g33523.t1/Montipora_capitata_HIv3___RNAseq.g47955.t1/Montipora_capitata_HIv3___RNAseq.g33997.t1/Montipora_capitata_HIv3___RNAseq.g9561.t1/Montipora_capitata_HIv3___RNAseq.g8867.t2/Montipora_capitata_HIv3___RNAseq.g44445.t1/Montipora_capitata_HIv3___RNAseq.g23366.t1,0.9999700722747686,NA,NA
GO:0034613,GO:0034613,3/85,1063/8363,0.9991813833892713,0.24915038700510533,3,1063,Montipora_capitata_HIv3___TS.g33523.t1/Montipora_capitata_HIv3___RNAseq.g47955.t1/Montipora_capitata_HIv3___RNAseq.g41226.t1,0.9999700722747686,NA,NA
GO:0032991,protein-containing complex,19/85,3170/8363,0.9993047911277224,0.46844711065155176,19,3170,Montipora_capitata_HIv3___TS.g1118.t1/Montipora_capitata_HIv3___RNAseq.g36838.t1/Montipora_capitata_HIv3___RNAseq.g11548.t1/Montipora_capitata_HIv3___RNAseq.g7741.t1/Montipora_capitata_HIv3___RNAseq.g26580.t1/Montipora_capitata_HIv3___TS.g5595.t1/Montipora_capitata_HIv3___RNAseq.g27546.t1/Montipora_capitata_HIv3___RNAseq.g44960.t2/Montipora_capitata_HIv3___RNAseq.21467_t/Montipora_capitata_HIv3___RNAseq.g45527.t1/Montipora_capitata_HIv3___RNAseq.g35008.t1/Montipora_capitata_HIv3___RNAseq.g40982.t1a/Montipora_capitata_HIv3___RNAseq.g24942.t1/Montipora_capitata_HIv3___RNAseq.g44814.t1/Montipora_capitata_HIv3___RNAseq.g30678.t1b/Montipora_capitata_HIv3___RNAseq.g15186.t1/Montipora_capitata_HIv3___RNAseq.g47379.t1/Montipora_capitata_HIv3___RNAseq.g4241.t1/Montipora_capitata_HIv3___RNAseq.g47955.t1,0.9999700722747686,protein-containing complex,CC
GO:0070727,cellular macromolecule localization,3/85,1101/8363,0.9994355102802672,0.23926183914980043,3,1101,Montipora_capitata_HIv3___TS.g33523.t1/Montipora_capitata_HIv3___RNAseq.g47955.t1/Montipora_capitata_HIv3___RNAseq.g41226.t1,0.9999700722747686,cellular macromolecule localization,BP
GO:0043227,membrane-bounded organelle,48/85,6088/8363,0.9996261905290693,0.48072113254349574,48,6088,Montipora_capitata_HIv3___TS.g1118.t1/Montipora_capitata_HIv3___RNAseq.g23734.t3/Montipora_capitata_HIv3___RNAseq.g35804.t1/Montipora_capitata_HIv3___RNAseq.g40427.t1a/Montipora_capitata_HIv3___RNAseq.g5395.t1/Montipora_capitata_HIv3___RNAseq.g22865.t1/Montipora_capitata_HIv3___RNAseq.g11548.t1/Montipora_capitata_HIv3___RNAseq.g7741.t1/Montipora_capitata_HIv3___RNAseq.g7739.t1/Montipora_capitata_HIv3___RNAseq.g2640.t1a/Montipora_capitata_HIv3___RNAseq.g36836.t1/Montipora_capitata_HIv3___RNAseq.g27546.t1/Montipora_capitata_HIv3___RNAseq.g24139.t1/Montipora_capitata_HIv3___RNAseq.g44960.t2/Montipora_capitata_HIv3___RNAseq.21467_t/Montipora_capitata_HIv3___RNAseq.g9026.t1/Montipora_capitata_HIv3___RNAseq.g37193.t1/Montipora_capitata_HIv3___TS.g40937.t3b/Montipora_capitata_HIv3___RNAseq.g38848.t1/Montipora_capitata_HIv3___RNAseq.g36907.t1/Montipora_capitata_HIv3___RNAseq.g45527.t1/Montipora_capitata_HIv3___RNAseq.g35008.t1/Montipora_capitata_HIv3___RNAseq.g40982.t1a/Montipora_capitata_HIv3___RNAseq.g46378.t1/Montipora_capitata_HIv3___RNAseq.g24942.t1/Montipora_capitata_HIv3___RNAseq.g44814.t1/Montipora_capitata_HIv3___RNAseq.g35720.t1/Montipora_capitata_HIv3___RNAseq.g14515.t1/Montipora_capitata_HIv3___RNAseq.g9027.t1/Montipora_capitata_HIv3___RNAseq.g30678.t1b/Montipora_capitata_HIv3___RNAseq.g15186.t1/Montipora_capitata_HIv3___RNAseq.g40991.t1/Montipora_capitata_HIv3___RNAseq.g14965.t1/Montipora_capitata_HIv3___TS.g4674.t2b/Montipora_capitata_HIv3___RNAseq.g47379.t1/Montipora_capitata_HIv3___RNAseq.g42092.t1/Montipora_capitata_HIv3___RNAseq.g43161.t1a/Montipora_capitata_HIv3___RNAseq.g22553.t1c/Montipora_capitata_HIv3___RNAseq.g33449.t1/Montipora_capitata_HIv3___TS.g33523.t1/Montipora_capitata_HIv3___RNAseq.g47955.t1/Montipora_capitata_HIv3___RNAseq.g33997.t1/Montipora_capitata_HIv3___RNAseq.g9561.t1/Montipora_capitata_HIv3___RNAseq.g8867.t2/Montipora_capitata_HIv3___RNAseq.g44445.t1/Montipora_capitata_HIv3___RNAseq.g14960.t1/Montipora_capitata_HIv3___RNAseq.g23366.t1/Montipora_capitata_HIv3___RNAseq.g18391.t1,0.9999700722747686,membrane-bounded organelle,CC
GO:0043229,intracellular organelle,52/85,6521/8363,0.999866828568108,0.4406959351247065,52,6521,Montipora_capitata_HIv3___TS.g1118.t1/Montipora_capitata_HIv3___RNAseq.g36838.t1/Montipora_capitata_HIv3___RNAseq.g23734.t3/Montipora_capitata_HIv3___RNAseq.g35804.t1/Montipora_capitata_HIv3___RNAseq.g40427.t1a/Montipora_capitata_HIv3___RNAseq.g5395.t1/Montipora_capitata_HIv3___RNAseq.g22865.t1/Montipora_capitata_HIv3___RNAseq.g11548.t1/Montipora_capitata_HIv3___RNAseq.g7741.t1/Montipora_capitata_HIv3___RNAseq.g7739.t1/Montipora_capitata_HIv3___RNAseq.g26580.t1/Montipora_capitata_HIv3___RNAseq.g2640.t1a/Montipora_capitata_HIv3___TS.g5595.t1/Montipora_capitata_HIv3___RNAseq.g36836.t1/Montipora_capitata_HIv3___RNAseq.g27546.t1/Montipora_capitata_HIv3___RNAseq.g24139.t1/Montipora_capitata_HIv3___RNAseq.g44960.t2/Montipora_capitata_HIv3___RNAseq.21467_t/Montipora_capitata_HIv3___RNAseq.g9026.t1/Montipora_capitata_HIv3___RNAseq.g37193.t1/Montipora_capitata_HIv3___TS.g40937.t3b/Montipora_capitata_HIv3___RNAseq.g38848.t1/Montipora_capitata_HIv3___RNAseq.g36907.t1/Montipora_capitata_HIv3___RNAseq.g45527.t1/Montipora_capitata_HIv3___RNAseq.g35008.t1/Montipora_capitata_HIv3___RNAseq.g40982.t1a/Montipora_capitata_HIv3___RNAseq.g46378.t1/Montipora_capitata_HIv3___RNAseq.g24942.t1/Montipora_capitata_HIv3___RNAseq.g44814.t1/Montipora_capitata_HIv3___RNAseq.g35720.t1/Montipora_capitata_HIv3___RNAseq.g14515.t1/Montipora_capitata_HIv3___RNAseq.g9027.t1/Montipora_capitata_HIv3___RNAseq.g30678.t1b/Montipora_capitata_HIv3___RNAseq.g15186.t1/Montipora_capitata_HIv3___RNAseq.g40991.t1/Montipora_capitata_HIv3___RNAseq.g14965.t1/Montipora_capitata_HIv3___TS.g4674.t2b/Montipora_capitata_HIv3___RNAseq.g47379.t1/Montipora_capitata_HIv3___RNAseq.g42092.t1/Montipora_capitata_HIv3___RNAseq.g43161.t1a/Montipora_capitata_HIv3___RNAseq.g22553.t1c/Montipora_capitata_HIv3___RNAseq.g33449.t1/Montipora_capitata_HIv3___TS.g33523.t1/Montipora_capitata_HIv3___RNAseq.g4241.t1/Montipora_capitata_HIv3___RNAseq.g47955.t1/Montipora_capitata_HIv3___RNAseq.g33997.t1/Montipora_capitata_HIv3___RNAseq.g9561.t1/Montipora_capitata_HIv3___RNAseq.g8867.t2/Montipora_capitata_HIv3___RNAseq.g44445.t1/Montipora_capitata_HIv3___RNAseq.g14960.t1/Montipora_capitata_HIv3___RNAseq.g23366.t1/Montipora_capitata_HIv3___RNAseq.g18391.t1,0.9999700722747686,intracellular organelle,CC
GO:0008104,protein localization,3/85,1303/8363,0.9999269980694216,0.1964005139209655,3,1303,Montipora_capitata_HIv3___TS.g33523.t1/Montipora_capitata_HIv3___RNAseq.g47955.t1/Montipora_capitata_HIv3___RNAseq.g41226.t1,0.9999700722747686,protein localization,BP
GO:0043231,intracellular membrane-bounded organelle,41/85,5729/8363,0.999969514988325,0.42434259863648344,41,5729,Montipora_capitata_HIv3___TS.g1118.t1/Montipora_capitata_HIv3___RNAseq.g23734.t3/Montipora_capitata_HIv3___RNAseq.g35804.t1/Montipora_capitata_HIv3___RNAseq.g40427.t1a/Montipora_capitata_HIv3___RNAseq.g5395.t1/Montipora_capitata_HIv3___RNAseq.g22865.t1/Montipora_capitata_HIv3___RNAseq.g11548.t1/Montipora_capitata_HIv3___RNAseq.g7741.t1/Montipora_capitata_HIv3___RNAseq.g7739.t1/Montipora_capitata_HIv3___RNAseq.g36836.t1/Montipora_capitata_HIv3___RNAseq.g27546.t1/Montipora_capitata_HIv3___RNAseq.g24139.t1/Montipora_capitata_HIv3___RNAseq.g44960.t2/Montipora_capitata_HIv3___RNAseq.21467_t/Montipora_capitata_HIv3___RNAseq.g37193.t1/Montipora_capitata_HIv3___TS.g40937.t3b/Montipora_capitata_HIv3___RNAseq.g36907.t1/Montipora_capitata_HIv3___RNAseq.g45527.t1/Montipora_capitata_HIv3___RNAseq.g35008.t1/Montipora_capitata_HIv3___RNAseq.g40982.t1a/Montipora_capitata_HIv3___RNAseq.g46378.t1/Montipora_capitata_HIv3___RNAseq.g44814.t1/Montipora_capitata_HIv3___RNAseq.g35720.t1/Montipora_capitata_HIv3___RNAseq.g14515.t1/Montipora_capitata_HIv3___RNAseq.g9027.t1/Montipora_capitata_HIv3___RNAseq.g30678.t1b/Montipora_capitata_HIv3___RNAseq.g15186.t1/Montipora_capitata_HIv3___RNAseq.g40991.t1/Montipora_capitata_HIv3___RNAseq.g14965.t1/Montipora_capitata_HIv3___RNAseq.g47379.t1/Montipora_capitata_HIv3___RNAseq.g42092.t1/Montipora_capitata_HIv3___RNAseq.g43161.t1a/Montipora_capitata_HIv3___RNAseq.g22553.t1c/Montipora_capitata_HIv3___TS.g33523.t1/Montipora_capitata_HIv3___RNAseq.g47955.t1/Montipora_capitata_HIv3___RNAseq.g33997.t1/Montipora_capitata_HIv3___RNAseq.g9561.t1/Montipora_capitata_HIv3___RNAseq.g8867.t2/Montipora_capitata_HIv3___RNAseq.g44445.t1/Montipora_capitata_HIv3___RNAseq.g14960.t1/Montipora_capitata_HIv3___RNAseq.g18391.t1,0.9999700722747686,intracellular membrane-bounded organelle,CC
GO:0043226,organelle,52/85,6646/8363,0.9999700722747686,0.40247729516481995,52,6646,Montipora_capitata_HIv3___TS.g1118.t1/Montipora_capitata_HIv3___RNAseq.g36838.t1/Montipora_capitata_HIv3___RNAseq.g23734.t3/Montipora_capitata_HIv3___RNAseq.g35804.t1/Montipora_capitata_HIv3___RNAseq.g40427.t1a/Montipora_capitata_HIv3___RNAseq.g5395.t1/Montipora_capitata_HIv3___RNAseq.g22865.t1/Montipora_capitata_HIv3___RNAseq.g11548.t1/Montipora_capitata_HIv3___RNAseq.g7741.t1/Montipora_capitata_HIv3___RNAseq.g7739.t1/Montipora_capitata_HIv3___RNAseq.g26580.t1/Montipora_capitata_HIv3___RNAseq.g2640.t1a/Montipora_capitata_HIv3___TS.g5595.t1/Montipora_capitata_HIv3___RNAseq.g36836.t1/Montipora_capitata_HIv3___RNAseq.g27546.t1/Montipora_capitata_HIv3___RNAseq.g24139.t1/Montipora_capitata_HIv3___RNAseq.g44960.t2/Montipora_capitata_HIv3___RNAseq.21467_t/Montipora_capitata_HIv3___RNAseq.g9026.t1/Montipora_capitata_HIv3___RNAseq.g37193.t1/Montipora_capitata_HIv3___TS.g40937.t3b/Montipora_capitata_HIv3___RNAseq.g38848.t1/Montipora_capitata_HIv3___RNAseq.g36907.t1/Montipora_capitata_HIv3___RNAseq.g45527.t1/Montipora_capitata_HIv3___RNAseq.g35008.t1/Montipora_capitata_HIv3___RNAseq.g40982.t1a/Montipora_capitata_HIv3___RNAseq.g46378.t1/Montipora_capitata_HIv3___RNAseq.g24942.t1/Montipora_capitata_HIv3___RNAseq.g44814.t1/Montipora_capitata_HIv3___RNAseq.g35720.t1/Montipora_capitata_HIv3___RNAseq.g14515.t1/Montipora_capitata_HIv3___RNAseq.g9027.t1/Montipora_capitata_HIv3___RNAseq.g30678.t1b/Montipora_capitata_HIv3___RNAseq.g15186.t1/Montipora_capitata_HIv3___RNAseq.g40991.t1/Montipora_capitata_HIv3___RNAseq.g14965.t1/Montipora_capitata_HIv3___TS.g4674.t2b/Montipora_capitata_HIv3___RNAseq.g47379.t1/Montipora_capitata_HIv3___RNAseq.g42092.t1/Montipora_capitata_HIv3___RNAseq.g43161.t1a/Montipora_capitata_HIv3___RNAseq.g22553.t1c/Montipora_capitata_HIv3___RNAseq.g33449.t1/Montipora_capitata_HIv3___TS.g33523.t1/Montipora_capitata_HIv3___RNAseq.g4241.t1/Montipora_capitata_HIv3___RNAseq.g47955.t1/Montipora_capitata_HIv3___RNAseq.g33997.t1/Montipora_capitata_HIv3___RNAseq.g9561.t1/Montipora_capitata_HIv3___RNAseq.g8867.t2/Montipora_capitata_HIv3___RNAseq.g44445.t1/Montipora_capitata_HIv3___RNAseq.g14960.t1/Montipora_capitata_HIv3___RNAseq.g23366.t1/Montipora_capitata_HIv3___RNAseq.g18391.t1,0.9999700722747686,organelle,CC
