ID,Description,GeneRatio,BgRatio,pvalue,OddsRatio,Count,TermSize,GeneIDs,p.adjust,TERM,ONTOLOGY
GO:0005089,GO:0005089,9/164,54/8363,8.596858570655424e-7,10.511539182144778,9,54,Montipora_capitata_HIv3___RNAseq.g7992.t1/Montipora_capitata_HIv3___RNAseq.g23734.t3/Montipora_capitata_HIv3___RNAseq.g35804.t1/Montipora_capitata_HIv3___RNAseq.g23733.t1/Montipora_capitata_HIv3___TS.g29616.t1/Montipora_capitata_HIv3___RNAseq.g12596.t1/Montipora_capitata_HIv3___RNAseq.g29879.t1b/Montipora_capitata_HIv3___RNAseq.g35718.t1/Montipora_capitata_HIv3___RNAseq.g35720.t1,0.0013643214551630157,NA,NA
GO:0035023,regulation of Rho protein signal transduction,9/164,64/8363,3.7645587912691723e-6,8.591242364428092,9,64,Montipora_capitata_HIv3___RNAseq.g7992.t1/Montipora_capitata_HIv3___RNAseq.g23734.t3/Montipora_capitata_HIv3___RNAseq.g35804.t1/Montipora_capitata_HIv3___RNAseq.g23733.t1/Montipora_capitata_HIv3___TS.g29616.t1/Montipora_capitata_HIv3___RNAseq.g12596.t1/Montipora_capitata_HIv3___RNAseq.g29879.t1b/Montipora_capitata_HIv3___RNAseq.g35718.t1/Montipora_capitata_HIv3___RNAseq.g35720.t1,0.0029871774008720883,regulation of Rho protein signal transduction,BP
GO:0017048,GO:0017048,10/164,92/8363,1.1554169141451865e-5,6.424119801424181,10,92,Montipora_capitata_HIv3___RNAseq.g7992.t1/Montipora_capitata_HIv3___RNAseq.g23734.t3/Montipora_capitata_HIv3___RNAseq.g35804.t1/Montipora_capitata_HIv3___RNAseq.g23733.t1/Montipora_capitata_HIv3___TS.g29616.t1/Montipora_capitata_HIv3___RNAseq.g12596.t1/Montipora_capitata_HIv3___RNAseq.g29879.t1b/Montipora_capitata_HIv3___RNAseq.g35718.t1/Montipora_capitata_HIv3___RNAseq.g24942.t1/Montipora_capitata_HIv3___RNAseq.g35720.t1,0.006112155475828037,NA,NA
GO:0006766,vitamin metabolic process,10/164,124/8363,1.5267741894950827e-4,4.603585785849614,10,124,Montipora_capitata_HIv3___RNAseq.g36845.t1/Montipora_capitata_HIv3___RNAseq.g40427.t1a/Montipora_capitata_HIv3___RNAseq.g33991.t1/Montipora_capitata_HIv3___RNAseq.g34092.t1/Montipora_capitata_HIv3___RNAseq.g33992.t1/Montipora_capitata_HIv3___RNAseq.g46378.t1/Montipora_capitata_HIv3___RNAseq.g8971.t1/Montipora_capitata_HIv3___TS.g6904.t1/Montipora_capitata_HIv3___TS.g33523.t1/Montipora_capitata_HIv3___TS.g21293.t1,0.04470924697792972,vitamin metabolic process,BP
GO:0070229,negative regulation of lymphocyte apoptotic process,4/164,16/8363,2.1584128094871748e-4,17.03341874595759,4,16,Montipora_capitata_HIv3___RNAseq.g36907.t1/Montipora_capitata_HIv3___RNAseq.g44814.t1/Montipora_capitata_HIv3___RNAseq.g43161.t1a/Montipora_capitata_HIv3___RNAseq.g14488.t1,0.04470924697792972,negative regulation of lymphocyte apoptotic process,BP
GO:0002724,regulation of T cell cytokine production,4/164,16/8363,2.1584128094871748e-4,17.03341874595759,4,16,Montipora_capitata_HIv3___RNAseq.g44960.t2/Montipora_capitata_HIv3___RNAseq.21467_t/Montipora_capitata_HIv3___RNAseq.g35008.t1/Montipora_capitata_HIv3___RNAseq.g14488.t1,0.04470924697792972,regulation of T cell cytokine production,BP
GO:0007596,blood coagulation,10/164,130/8363,2.2537742647979695e-4,4.370108960677298,10,130,Montipora_capitata_HIv3___RNAseq.g7992.t1/Montipora_capitata_HIv3___RNAseq.g23734.t3/Montipora_capitata_HIv3___RNAseq.g35804.t1/Montipora_capitata_HIv3___TS.g29616.t1/Montipora_capitata_HIv3___RNAseq.g12596.t1/Montipora_capitata_HIv3___RNAseq.g29879.t1b/Montipora_capitata_HIv3___RNAseq.g35720.t1/Montipora_capitata_HIv3___RNAseq.g42740.t1/Montipora_capitata_HIv3___RNAseq.g39974.t1/Montipora_capitata_HIv3___RNAseq.g44445.t1,0.04470924697792972,blood coagulation,BP
GO:0050817,coagulation,10/164,130/8363,2.2537742647979695e-4,4.370108960677298,10,130,Montipora_capitata_HIv3___RNAseq.g7992.t1/Montipora_capitata_HIv3___RNAseq.g23734.t3/Montipora_capitata_HIv3___RNAseq.g35804.t1/Montipora_capitata_HIv3___TS.g29616.t1/Montipora_capitata_HIv3___RNAseq.g12596.t1/Montipora_capitata_HIv3___RNAseq.g29879.t1b/Montipora_capitata_HIv3___RNAseq.g35720.t1/Montipora_capitata_HIv3___RNAseq.g42740.t1/Montipora_capitata_HIv3___RNAseq.g39974.t1/Montipora_capitata_HIv3___RNAseq.g44445.t1,0.04470924697792972,coagulation,BP
GO:0007599,hemostasis,10/164,132/8363,2.552911948570108e-4,4.296977569848671,10,132,Montipora_capitata_HIv3___RNAseq.g7992.t1/Montipora_capitata_HIv3___RNAseq.g23734.t3/Montipora_capitata_HIv3___RNAseq.g35804.t1/Montipora_capitata_HIv3___TS.g29616.t1/Montipora_capitata_HIv3___RNAseq.g12596.t1/Montipora_capitata_HIv3___RNAseq.g29879.t1b/Montipora_capitata_HIv3___RNAseq.g35720.t1/Montipora_capitata_HIv3___RNAseq.g42740.t1/Montipora_capitata_HIv3___RNAseq.g39974.t1/Montipora_capitata_HIv3___RNAseq.g44445.t1,0.045016347359786234,hemostasis,BP
GO:0070233,negative regulation of T cell apoptotic process,3/164,8/8363,3.857157558663183e-4,30.48995298481993,3,8,Montipora_capitata_HIv3___RNAseq.g44814.t1/Montipora_capitata_HIv3___RNAseq.g43161.t1a/Montipora_capitata_HIv3___RNAseq.g14488.t1,0.05359493351615713,negative regulation of T cell apoptotic process,BP
GO:0005088,GO:0005088,10/164,139/8363,3.875066900686998e-4,4.060873273781441,10,139,Montipora_capitata_HIv3___RNAseq.g7992.t1/Montipora_capitata_HIv3___RNAseq.g23734.t3/Montipora_capitata_HIv3___RNAseq.g35804.t1/Montipora_capitata_HIv3___RNAseq.g23733.t1/Montipora_capitata_HIv3___TS.g29616.t1/Montipora_capitata_HIv3___RNAseq.g12596.t1/Montipora_capitata_HIv3___RNAseq.g29879.t1b/Montipora_capitata_HIv3___RNAseq.g35718.t1/Montipora_capitata_HIv3___RNAseq.g35720.t1/Montipora_capitata_HIv3___RNAseq.g8971.t1,0.05359493351615713,NA,NA
GO:0009110,vitamin biosynthetic process,5/164,33/8363,4.1517356353014916e-4,9.168786845727007,5,33,Montipora_capitata_HIv3___RNAseq.g36845.t1/Montipora_capitata_HIv3___RNAseq.g34092.t1/Montipora_capitata_HIv3___RNAseq.g46378.t1/Montipora_capitata_HIv3___TS.g6904.t1/Montipora_capitata_HIv3___TS.g21293.t1,0.05359493351615713,vitamin biosynthetic process,BP
GO:2000107,negative regulation of leukocyte apoptotic process,4/164,19/8363,4.390259204222071e-4,13.62885887409821,4,19,Montipora_capitata_HIv3___RNAseq.g36907.t1/Montipora_capitata_HIv3___RNAseq.g44814.t1/Montipora_capitata_HIv3___RNAseq.g43161.t1a/Montipora_capitata_HIv3___RNAseq.g14488.t1,0.05359493351615713,negative regulation of leukocyte apoptotic process,BP
GO:0051345,positive regulation of hydrolase activity,19/164,428/8363,6.888368703392197e-4,2.4953158653723224,19,428,Montipora_capitata_HIv3___TS.g33283.t2/Montipora_capitata_HIv3___RNAseq.g6978.t1/Montipora_capitata_HIv3___RNAseq.g7992.t1/Montipora_capitata_HIv3___RNAseq.g23734.t3/Montipora_capitata_HIv3___RNAseq.g35804.t1/Montipora_capitata_HIv3___RNAseq.g15043.t1/Montipora_capitata_HIv3___TS.g29616.t1/Montipora_capitata_HIv3___RNAseq.g12596.t1/Montipora_capitata_HIv3___RNAseq.g13129.t1/Montipora_capitata_HIv3___RNAseq.g29879.t1b/Montipora_capitata_HIv3___RNAseq.g36907.t1/Montipora_capitata_HIv3___RNAseq.g24942.t1/Montipora_capitata_HIv3___RNAseq.g35720.t1/Montipora_capitata_HIv3___RNAseq.g8971.t1/Montipora_capitata_HIv3___RNAseq.g49962.t1/Montipora_capitata_HIv3___RNAseq.g18929.t1/Montipora_capitata_HIv3___RNAseq.g41226.t1/Montipora_capitata_HIv3___RNAseq.g44445.t1/Montipora_capitata_HIv3___TS.g47745.t1,0.07808457951631012,positive regulation of hydrolase activity,BP
GO:1904467,GO:1904467,3/164,10/8363,8.02944844143794e-4,21.760236985163452,3,10,Montipora_capitata_HIv3___RNAseq.g35008.t1/Montipora_capitata_HIv3___RNAseq.g14488.t1/Montipora_capitata_HIv3___TS.g47745.t1,0.0849515645104134,NA,NA
GO:0005085,guanyl-nucleotide exchange factor activity,10/164,162/8363,0.001278932507623697,3.4367825654875146,10,162,Montipora_capitata_HIv3___RNAseq.g7992.t1/Montipora_capitata_HIv3___RNAseq.g23734.t3/Montipora_capitata_HIv3___RNAseq.g35804.t1/Montipora_capitata_HIv3___RNAseq.g23733.t1/Montipora_capitata_HIv3___TS.g29616.t1/Montipora_capitata_HIv3___RNAseq.g12596.t1/Montipora_capitata_HIv3___RNAseq.g29879.t1b/Montipora_capitata_HIv3___RNAseq.g35718.t1/Montipora_capitata_HIv3___RNAseq.g35720.t1/Montipora_capitata_HIv3___RNAseq.g8971.t1,0.12117611956851666,guanyl-nucleotide exchange factor activity,MF
GO:0017016,GO:0017016,15/164,318/8363,0.0014131682056408622,2.6229948711790914,15,318,Montipora_capitata_HIv3___RNAseq.g7992.t1/Montipora_capitata_HIv3___RNAseq.g23734.t3/Montipora_capitata_HIv3___RNAseq.g35804.t1/Montipora_capitata_HIv3___RNAseq.g23733.t1/Montipora_capitata_HIv3___TS.g29616.t1/Montipora_capitata_HIv3___RNAseq.g12596.t1/Montipora_capitata_HIv3___RNAseq.g29879.t1b/Montipora_capitata_HIv3___RNAseq.g35718.t1/Montipora_capitata_HIv3___RNAseq.g24524.t1/Montipora_capitata_HIv3___RNAseq.g24942.t1/Montipora_capitata_HIv3___RNAseq.g35720.t1/Montipora_capitata_HIv3___RNAseq.g8971.t1/Montipora_capitata_HIv3___RNAseq.g49962.t1/Montipora_capitata_HIv3___RNAseq.g41226.t1/Montipora_capitata_HIv3___TS.g20607.t1,0.12117611956851666,NA,NA
GO:0070232,regulation of T cell apoptotic process,3/164,12/8363,0.0014301291656811023,16.934032046049754,3,12,Montipora_capitata_HIv3___RNAseq.g44814.t1/Montipora_capitata_HIv3___RNAseq.g43161.t1a/Montipora_capitata_HIv3___RNAseq.g14488.t1,0.12117611956851666,regulation of T cell apoptotic process,BP
GO:0032946,positive regulation of mononuclear cell proliferation,5/164,44/8363,0.0015971281760888377,6.575638521279839,5,44,Montipora_capitata_HIv3___RNAseq.g44960.t2/Montipora_capitata_HIv3___RNAseq.21467_t/Montipora_capitata_HIv3___RNAseq.g36907.t1/Montipora_capitata_HIv3___RNAseq.g43161.t1a/Montipora_capitata_HIv3___RNAseq.g20763.t1,0.12117611956851666,positive regulation of mononuclear cell proliferation,BP
GO:0050671,positive regulation of lymphocyte proliferation,5/164,44/8363,0.0015971281760888377,6.575638521279839,5,44,Montipora_capitata_HIv3___RNAseq.g44960.t2/Montipora_capitata_HIv3___RNAseq.21467_t/Montipora_capitata_HIv3___RNAseq.g36907.t1/Montipora_capitata_HIv3___RNAseq.g43161.t1a/Montipora_capitata_HIv3___RNAseq.g20763.t1,0.12117611956851666,positive regulation of lymphocyte proliferation,BP
GO:0071219,cellular response to molecule of bacterial origin,7/164,88/8363,0.0016442053027662937,4.466500978854104,7,88,Montipora_capitata_HIv3___RNAseq.g2640.t1a/Montipora_capitata_HIv3___RNAseq.g44960.t2/Montipora_capitata_HIv3___RNAseq.21467_t/Montipora_capitata_HIv3___RNAseq.g35008.t1/Montipora_capitata_HIv3___RNAseq.g44814.t1/Montipora_capitata_HIv3___RNAseq.g44445.t1/Montipora_capitata_HIv3___RNAseq.g14488.t1,0.12117611956851666,cellular response to molecule of bacterial origin,BP
GO:0042102,positive regulation of T cell proliferation,4/164,27/8363,0.001759301431068419,8.879814906259906,4,27,Montipora_capitata_HIv3___RNAseq.g44960.t2/Montipora_capitata_HIv3___RNAseq.21467_t/Montipora_capitata_HIv3___RNAseq.g43161.t1a/Montipora_capitata_HIv3___RNAseq.g20763.t1,0.12117611956851666,positive regulation of T cell proliferation,BP
GO:0070665,positive regulation of leukocyte proliferation,5/164,45/8363,0.0017687199917038351,6.410577872537363,5,45,Montipora_capitata_HIv3___RNAseq.g44960.t2/Montipora_capitata_HIv3___RNAseq.21467_t/Montipora_capitata_HIv3___RNAseq.g36907.t1/Montipora_capitata_HIv3___RNAseq.g43161.t1a/Montipora_capitata_HIv3___RNAseq.g20763.t1,0.12117611956851666,positive regulation of leukocyte proliferation,BP
GO:0002726,positive regulation of T cell cytokine production,3/164,13/8363,0.0018325311087866415,15.242764177335653,3,13,Montipora_capitata_HIv3___RNAseq.g44960.t2/Montipora_capitata_HIv3___RNAseq.21467_t/Montipora_capitata_HIv3___RNAseq.g35008.t1,0.12117611956851666,positive regulation of T cell cytokine production,BP
GO:0031267,small GTPase binding,15/164,328/8363,0.0019175357597887915,2.53586075282518,15,328,Montipora_capitata_HIv3___RNAseq.g7992.t1/Montipora_capitata_HIv3___RNAseq.g23734.t3/Montipora_capitata_HIv3___RNAseq.g35804.t1/Montipora_capitata_HIv3___RNAseq.g23733.t1/Montipora_capitata_HIv3___TS.g29616.t1/Montipora_capitata_HIv3___RNAseq.g12596.t1/Montipora_capitata_HIv3___RNAseq.g29879.t1b/Montipora_capitata_HIv3___RNAseq.g35718.t1/Montipora_capitata_HIv3___RNAseq.g24524.t1/Montipora_capitata_HIv3___RNAseq.g24942.t1/Montipora_capitata_HIv3___RNAseq.g35720.t1/Montipora_capitata_HIv3___RNAseq.g8971.t1/Montipora_capitata_HIv3___RNAseq.g49962.t1/Montipora_capitata_HIv3___RNAseq.g41226.t1/Montipora_capitata_HIv3___TS.g20607.t1,0.12172517003139248,small GTPase binding,MF
GO:0046578,regulation of Ras protein signal transduction,9/164,146/8363,0.002246688770221601,3.41598246004007,9,146,Montipora_capitata_HIv3___RNAseq.g7992.t1/Montipora_capitata_HIv3___RNAseq.g23734.t3/Montipora_capitata_HIv3___RNAseq.g35804.t1/Montipora_capitata_HIv3___RNAseq.g23733.t1/Montipora_capitata_HIv3___TS.g29616.t1/Montipora_capitata_HIv3___RNAseq.g12596.t1/Montipora_capitata_HIv3___RNAseq.g29879.t1b/Montipora_capitata_HIv3___RNAseq.g35718.t1/Montipora_capitata_HIv3___RNAseq.g35720.t1,0.12217443573482611,regulation of Ras protein signal transduction,BP
GO:0002315,marginal zone B cell differentiation,3/164,14/8363,0.0022989274469160533,13.858394892774868,3,14,Montipora_capitata_HIv3___RNAseq.g23734.t3/Montipora_capitata_HIv3___RNAseq.g35804.t1/Montipora_capitata_HIv3___RNAseq.g35720.t1,0.12217443573482611,marginal zone B cell differentiation,BP
GO:0070228,regulation of lymphocyte apoptotic process,4/164,29/8363,0.002309535647161174,8.168193967358008,4,29,Montipora_capitata_HIv3___RNAseq.g36907.t1/Montipora_capitata_HIv3___RNAseq.g44814.t1/Montipora_capitata_HIv3___RNAseq.g43161.t1a/Montipora_capitata_HIv3___RNAseq.g14488.t1,0.12217443573482611,regulation of lymphocyte apoptotic process,BP
GO:0001782,B cell homeostasis,4/164,29/8363,0.002309535647161174,8.168193967358008,4,29,Montipora_capitata_HIv3___RNAseq.g23734.t3/Montipora_capitata_HIv3___RNAseq.g35804.t1/Montipora_capitata_HIv3___RNAseq.g44814.t1/Montipora_capitata_HIv3___RNAseq.g35720.t1,0.12217443573482611,B cell homeostasis,BP
GO:0002709,regulation of T cell mediated immunity,4/164,29/8363,0.002309535647161174,8.168193967358008,4,29,Montipora_capitata_HIv3___RNAseq.g44960.t2/Montipora_capitata_HIv3___RNAseq.21467_t/Montipora_capitata_HIv3___RNAseq.g35008.t1/Montipora_capitata_HIv3___RNAseq.g14488.t1,0.12217443573482611,regulation of T cell mediated immunity,BP
GO:0051020,GTPase binding,16/164,375/8363,0.0027523542160341214,2.3604698857134383,16,375,Montipora_capitata_HIv3___RNAseq.g7992.t1/Montipora_capitata_HIv3___RNAseq.g23734.t3/Montipora_capitata_HIv3___RNAseq.g35804.t1/Montipora_capitata_HIv3___RNAseq.g23733.t1/Montipora_capitata_HIv3___TS.g29616.t1/Montipora_capitata_HIv3___RNAseq.g12596.t1/Montipora_capitata_HIv3___RNAseq.g29879.t1b/Montipora_capitata_HIv3___RNAseq.g35718.t1/Montipora_capitata_HIv3___RNAseq.g24524.t1/Montipora_capitata_HIv3___RNAseq.g24942.t1/Montipora_capitata_HIv3___RNAseq.g35720.t1/Montipora_capitata_HIv3___RNAseq.g8971.t1/Montipora_capitata_HIv3___RNAseq.g49962.t1/Montipora_capitata_HIv3___RNAseq.g15029.t1b/Montipora_capitata_HIv3___RNAseq.g41226.t1/Montipora_capitata_HIv3___TS.g20607.t1,0.12508835231621587,GTPase binding,MF
GO:0006575,cellular modified amino acid metabolic process,9/164,151/8363,0.002823680517818383,3.2936896327009006,9,151,Montipora_capitata_HIv3___TS.g33283.t2/Montipora_capitata_HIv3___RNAseq.g40427.t1a/Montipora_capitata_HIv3___RNAseq.g34092.t1/Montipora_capitata_HIv3___RNAseq.g40983.t1/Montipora_capitata_HIv3___RNAseq.g24836.t1/Montipora_capitata_HIv3___RNAseq.g37645.t1/Montipora_capitata_HIv3___TS.g33523.t1/Montipora_capitata_HIv3___RNAseq.g33997.t1/Montipora_capitata_HIv3___RNAseq.g44445.t1,0.12508835231621587,cellular modified amino acid metabolic process,BP
GO:0042403,thyroid hormone metabolic process,3/164,15/8363,0.0028325636611577806,12.6957621999694,3,15,Montipora_capitata_HIv3___RNAseq.g40983.t1/Montipora_capitata_HIv3___RNAseq.g24836.t1/Montipora_capitata_HIv3___RNAseq.g33997.t1,0.12508835231621587,thyroid hormone metabolic process,BP
GO:0042559,pteridine-containing compound biosynthetic process,3/164,15/8363,0.0028325636611577806,12.6957621999694,3,15,Montipora_capitata_HIv3___RNAseq.g40427.t1a/Montipora_capitata_HIv3___RNAseq.g34092.t1/Montipora_capitata_HIv3___RNAseq.g37450.t2,0.12508835231621587,pteridine-containing compound biosynthetic process,BP
GO:0042129,regulation of T cell proliferation,5/164,50/8363,0.002835531541212373,5.695217491869103,5,50,Montipora_capitata_HIv3___RNAseq.g44960.t2/Montipora_capitata_HIv3___RNAseq.21467_t/Montipora_capitata_HIv3___RNAseq.g43161.t1a/Montipora_capitata_HIv3___RNAseq.g14488.t1/Montipora_capitata_HIv3___RNAseq.g20763.t1,0.12508835231621587,regulation of T cell proliferation,BP
GO:0051336,regulation of hydrolase activity,23/164,633/8363,0.0028375429636948776,2.0291581190791033,23,633,Montipora_capitata_HIv3___TS.g33283.t2/Montipora_capitata_HIv3___RNAseq.g6978.t1/Montipora_capitata_HIv3___RNAseq.g7992.t1/Montipora_capitata_HIv3___RNAseq.g23734.t3/Montipora_capitata_HIv3___RNAseq.g35804.t1/Montipora_capitata_HIv3___RNAseq.g15043.t1/Montipora_capitata_HIv3___RNAseq.g41637.t1/Montipora_capitata_HIv3___TS.g29616.t1/Montipora_capitata_HIv3___RNAseq.g12596.t1/Montipora_capitata_HIv3___TS.g32048.t1/Montipora_capitata_HIv3___RNAseq.g13129.t1/Montipora_capitata_HIv3___RNAseq.g37193.t1/Montipora_capitata_HIv3___RNAseq.g29879.t1b/Montipora_capitata_HIv3___RNAseq.g36907.t1/Montipora_capitata_HIv3___RNAseq.g24942.t1/Montipora_capitata_HIv3___RNAseq.g35720.t1/Montipora_capitata_HIv3___RNAseq.g8971.t1/Montipora_capitata_HIv3___RNAseq.g49962.t1/Montipora_capitata_HIv3___RNAseq.g18929.t1/Montipora_capitata_HIv3___RNAseq.g41226.t1/Montipora_capitata_HIv3___RNAseq.g39706.t2/Montipora_capitata_HIv3___RNAseq.g44445.t1/Montipora_capitata_HIv3___TS.g47745.t1,0.12508835231621587,regulation of hydrolase activity,BP
GO:0043085,positive regulation of catalytic activity,27/164,798/8363,0.0033300538227945837,1.8986218007991427,27,798,Montipora_capitata_HIv3___TS.g33283.t2/Montipora_capitata_HIv3___RNAseq.g6978.t1/Montipora_capitata_HIv3___RNAseq.g7992.t1/Montipora_capitata_HIv3___TS.g1118.t1/Montipora_capitata_HIv3___RNAseq.g23734.t3/Montipora_capitata_HIv3___RNAseq.g35804.t1/Montipora_capitata_HIv3___RNAseq.g15043.t1/Montipora_capitata_HIv3___TS.g29616.t1/Montipora_capitata_HIv3___RNAseq.g12596.t1/Montipora_capitata_HIv3___RNAseq.g44960.t2/Montipora_capitata_HIv3___RNAseq.21467_t/Montipora_capitata_HIv3___RNAseq.g13129.t1/Montipora_capitata_HIv3___RNAseq.g37193.t1/Montipora_capitata_HIv3___RNAseq.g29879.t1b/Montipora_capitata_HIv3___RNAseq.g36907.t1/Montipora_capitata_HIv3___RNAseq.g35008.t1/Montipora_capitata_HIv3___RNAseq.g46378.t1/Montipora_capitata_HIv3___RNAseq.g24942.t1/Montipora_capitata_HIv3___RNAseq.g44814.t1/Montipora_capitata_HIv3___RNAseq.g35720.t1/Montipora_capitata_HIv3___RNAseq.g8971.t1/Montipora_capitata_HIv3___RNAseq.g14965.t1/Montipora_capitata_HIv3___RNAseq.g49962.t1/Montipora_capitata_HIv3___RNAseq.g18929.t1/Montipora_capitata_HIv3___RNAseq.g41226.t1/Montipora_capitata_HIv3___RNAseq.g44445.t1/Montipora_capitata_HIv3___TS.g47745.t1,0.13952631999891174,positive regulation of catalytic activity,BP
GO:0002718,regulation of cytokine production involved in immune response,4/164,32/8363,0.0033408948707993992,7.29234556225033,4,32,Montipora_capitata_HIv3___RNAseq.g44960.t2/Montipora_capitata_HIv3___RNAseq.21467_t/Montipora_capitata_HIv3___RNAseq.g35008.t1/Montipora_capitata_HIv3___RNAseq.g14488.t1,0.13952631999891174,regulation of cytokine production involved in immune response,BP
GO:0050878,regulation of body fluid levels,12/164,248/8363,0.00343755054183573,2.663306143864236,12,248,Montipora_capitata_HIv3___RNAseq.g7992.t1/Montipora_capitata_HIv3___RNAseq.g23734.t3/Montipora_capitata_HIv3___RNAseq.g35804.t1/Montipora_capitata_HIv3___TS.g29616.t1/Montipora_capitata_HIv3___RNAseq.g12596.t1/Montipora_capitata_HIv3___RNAseq.g29879.t1b/Montipora_capitata_HIv3___RNAseq.g46378.t1/Montipora_capitata_HIv3___RNAseq.g44814.t1/Montipora_capitata_HIv3___RNAseq.g35720.t1/Montipora_capitata_HIv3___RNAseq.g42740.t1/Montipora_capitata_HIv3___RNAseq.g39974.t1/Montipora_capitata_HIv3___RNAseq.g44445.t1,0.13988186435623856,regulation of body fluid levels,BP
GO:0032944,regulation of mononuclear cell proliferation,6/164,77/8363,0.0039030225161237843,4.345678633395679,6,77,Montipora_capitata_HIv3___RNAseq.g44960.t2/Montipora_capitata_HIv3___RNAseq.21467_t/Montipora_capitata_HIv3___RNAseq.g36907.t1/Montipora_capitata_HIv3___RNAseq.g43161.t1a/Montipora_capitata_HIv3___RNAseq.g14488.t1/Montipora_capitata_HIv3___RNAseq.g20763.t1,0.1478569189623063,regulation of mononuclear cell proliferation,BP
GO:0050670,regulation of lymphocyte proliferation,6/164,77/8363,0.0039030225161237843,4.345678633395679,6,77,Montipora_capitata_HIv3___RNAseq.g44960.t2/Montipora_capitata_HIv3___RNAseq.21467_t/Montipora_capitata_HIv3___RNAseq.g36907.t1/Montipora_capitata_HIv3___RNAseq.g43161.t1a/Montipora_capitata_HIv3___RNAseq.g14488.t1/Montipora_capitata_HIv3___RNAseq.g20763.t1,0.1478569189623063,regulation of lymphocyte proliferation,BP
GO:0031638,zymogen activation,3/164,17/8363,0.00411323587946494,10.885089405050463,3,17,Montipora_capitata_HIv3___RNAseq.g24942.t1/Montipora_capitata_HIv3___RNAseq.g20807.t2/Montipora_capitata_HIv3___RNAseq.g39706.t2,0.1478569189623063,zymogen activation,BP
GO:0031996,thioesterase binding,3/164,17/8363,0.00411323587946494,10.885089405050463,3,17,Montipora_capitata_HIv3___RNAseq.g11548.t1/Montipora_capitata_HIv3___RNAseq.g44960.t2/Montipora_capitata_HIv3___RNAseq.21467_t,0.1478569189623063,thioesterase binding,MF
GO:0046503,glycerolipid catabolic process,4/164,34/8363,0.0041798188411265366,6.803270500883694,4,34,Montipora_capitata_HIv3___RNAseq.g6934.t1/Montipora_capitata_HIv3___RNAseq.g44719.t1/Montipora_capitata_HIv3___RNAseq.g14956.t1/Montipora_capitata_HIv3___RNAseq.g14960.t1,0.1478569189623063,glycerolipid catabolic process,BP
GO:0070663,regulation of leukocyte proliferation,6/164,80/8363,0.004714981163232467,4.1682082878498505,6,80,Montipora_capitata_HIv3___RNAseq.g44960.t2/Montipora_capitata_HIv3___RNAseq.21467_t/Montipora_capitata_HIv3___RNAseq.g36907.t1/Montipora_capitata_HIv3___RNAseq.g43161.t1a/Montipora_capitata_HIv3___RNAseq.g14488.t1/Montipora_capitata_HIv3___RNAseq.g20763.t1,0.1478569189623063,regulation of leukocyte proliferation,BP
GO:0009617,response to bacterium,15/164,361/8363,0.004757737049047603,2.284627274763041,15,361,Montipora_capitata_HIv3___TS.g33283.t2/Montipora_capitata_HIv3___RNAseq.g6978.t1/Montipora_capitata_HIv3___RNAseq.g2640.t1a/Montipora_capitata_HIv3___RNAseq.g44519.t1/Montipora_capitata_HIv3___RNAseq.g44960.t2/Montipora_capitata_HIv3___RNAseq.21467_t/Montipora_capitata_HIv3___RNAseq.g49895.t2/Montipora_capitata_HIv3___RNAseq.g35008.t1/Montipora_capitata_HIv3___RNAseq.g46378.t1/Montipora_capitata_HIv3___RNAseq.g24095.t1/Montipora_capitata_HIv3___RNAseq.g44814.t1/Montipora_capitata_HIv3___RNAseq.g18698.t1/Montipora_capitata_HIv3___RNAseq.g33449.t1/Montipora_capitata_HIv3___RNAseq.g44445.t1/Montipora_capitata_HIv3___RNAseq.g14488.t1,0.1478569189623063,response to bacterium,BP
GO:0002313,mature B cell differentiation involved in immune response,3/164,18/8363,0.0048654938374180804,10.154965233624903,3,18,Montipora_capitata_HIv3___RNAseq.g23734.t3/Montipora_capitata_HIv3___RNAseq.g35804.t1/Montipora_capitata_HIv3___RNAseq.g35720.t1,0.1478569189623063,mature B cell differentiation involved in immune response,BP
GO:0060997,dendritic spine morphogenesis,3/164,18/8363,0.0048654938374180804,10.154965233624903,3,18,Montipora_capitata_HIv3___RNAseq.g23734.t3/Montipora_capitata_HIv3___RNAseq.g35804.t1/Montipora_capitata_HIv3___RNAseq.g35720.t1,0.1478569189623063,dendritic spine morphogenesis,BP
GO:0035631,CD40 receptor complex,3/164,18/8363,0.0048654938374180804,10.154965233624903,3,18,Montipora_capitata_HIv3___RNAseq.g11548.t1/Montipora_capitata_HIv3___RNAseq.g44960.t2/Montipora_capitata_HIv3___RNAseq.21467_t,0.1478569189623063,CD40 receptor complex,CC
GO:0032309,icosanoid secretion,3/164,18/8363,0.0048654938374180804,10.154965233624903,3,18,Montipora_capitata_HIv3___TS.g33283.t2/Montipora_capitata_HIv3___RNAseq.g13129.t1/Montipora_capitata_HIv3___TS.g4674.t2b,0.1478569189623063,icosanoid secretion,BP
GO:1903409,reactive oxygen species biosynthetic process,3/164,18/8363,0.0048654938374180804,10.154965233624903,3,18,Montipora_capitata_HIv3___RNAseq.g44519.t1/Montipora_capitata_HIv3___RNAseq.g14488.t1/Montipora_capitata_HIv3___RNAseq.g37450.t2,0.1478569189623063,reactive oxygen species biosynthetic process,BP
GO:0033273,response to vitamin,6/164,81/8363,0.005011410546271265,4.112010149107205,6,81,Montipora_capitata_HIv3___RNAseq.g15043.t1/Montipora_capitata_HIv3___RNAseq.g46378.t1/Montipora_capitata_HIv3___RNAseq.g33449.t1/Montipora_capitata_HIv3___TS.g33523.t1/Montipora_capitata_HIv3___RNAseq.g39974.t1/Montipora_capitata_HIv3___RNAseq.g14488.t1,0.1478569189623063,response to vitamin,BP
GO:2000106,regulation of leukocyte apoptotic process,4/164,36/8363,0.00515055688767457,6.376762189075715,4,36,Montipora_capitata_HIv3___RNAseq.g36907.t1/Montipora_capitata_HIv3___RNAseq.g44814.t1/Montipora_capitata_HIv3___RNAseq.g43161.t1a/Montipora_capitata_HIv3___RNAseq.g14488.t1,0.1478569189623063,regulation of leukocyte apoptotic process,BP
GO:0042362,fat-soluble vitamin biosynthetic process,3/164,19/8363,0.0056954565718548055,9.52430750810249,3,19,Montipora_capitata_HIv3___RNAseq.g36845.t1/Montipora_capitata_HIv3___RNAseq.g46378.t1/Montipora_capitata_HIv3___TS.g6904.t1,0.1478569189623063,fat-soluble vitamin biosynthetic process,BP
GO:0002335,mature B cell differentiation,3/164,19/8363,0.0056954565718548055,9.52430750810249,3,19,Montipora_capitata_HIv3___RNAseq.g23734.t3/Montipora_capitata_HIv3___RNAseq.g35804.t1/Montipora_capitata_HIv3___RNAseq.g35720.t1,0.1478569189623063,mature B cell differentiation,BP
GO:0071715,icosanoid transport,3/164,19/8363,0.0056954565718548055,9.52430750810249,3,19,Montipora_capitata_HIv3___TS.g33283.t2/Montipora_capitata_HIv3___RNAseq.g13129.t1/Montipora_capitata_HIv3___TS.g4674.t2b,0.1478569189623063,icosanoid transport,BP
GO:1901571,fatty acid derivative transport,3/164,19/8363,0.0056954565718548055,9.52430750810249,3,19,Montipora_capitata_HIv3___TS.g33283.t2/Montipora_capitata_HIv3___RNAseq.g13129.t1/Montipora_capitata_HIv3___TS.g4674.t2b,0.1478569189623063,fatty acid derivative transport,BP
GO:0002711,positive regulation of T cell mediated immunity,3/164,19/8363,0.0056954565718548055,9.52430750810249,3,19,Montipora_capitata_HIv3___RNAseq.g44960.t2/Montipora_capitata_HIv3___RNAseq.21467_t/Montipora_capitata_HIv3___RNAseq.g35008.t1,0.1478569189623063,positive regulation of T cell mediated immunity,BP
GO:0036156,inner dynein arm,3/164,19/8363,0.0056954565718548055,9.52430750810249,3,19,Montipora_capitata_HIv3___RNAseq.g36838.t1/Montipora_capitata_HIv3___TS.g5595.t1/Montipora_capitata_HIv3___TS.g5653.t1,0.1478569189623063,inner dynein arm,CC
GO:0032963,collagen metabolic process,3/164,19/8363,0.0056954565718548055,9.52430750810249,3,19,Montipora_capitata_HIv3___RNAseq.g44814.t1/Montipora_capitata_HIv3___RNAseq.g39706.t2/Montipora_capitata_HIv3___RNAseq.g14488.t1,0.1478569189623063,collagen metabolic process,BP
GO:0071216,cellular response to biotic stimulus,7/164,110/8363,0.005762620310579303,3.5034924068940274,7,110,Montipora_capitata_HIv3___RNAseq.g2640.t1a/Montipora_capitata_HIv3___RNAseq.g44960.t2/Montipora_capitata_HIv3___RNAseq.21467_t/Montipora_capitata_HIv3___RNAseq.g35008.t1/Montipora_capitata_HIv3___RNAseq.g44814.t1/Montipora_capitata_HIv3___RNAseq.g44445.t1/Montipora_capitata_HIv3___RNAseq.g14488.t1,0.1478569189623063,cellular response to biotic stimulus,BP
GO:0006869,lipid transport,8/164,140/8363,0.00616932929000055,3.133247712787718,8,140,Montipora_capitata_HIv3___TS.g33283.t2/Montipora_capitata_HIv3___TS.g44069.t1/Montipora_capitata_HIv3___TS.g32048.t1/Montipora_capitata_HIv3___RNAseq.g13129.t1/Montipora_capitata_HIv3___RNAseq.g20250.t1/Montipora_capitata_HIv3___TS.g4674.t2b/Montipora_capitata_HIv3___RNAseq.g11214.t1/Montipora_capitata_HIv3___RNAseq.g44445.t1,0.1478569189623063,lipid transport,BP
GO:0050790,regulation of catalytic activity,36/164,1213/8363,0.006181119610020696,1.677813932398043,36,1213,Montipora_capitata_HIv3___TS.g33283.t2/Montipora_capitata_HIv3___RNAseq.g6978.t1/Montipora_capitata_HIv3___RNAseq.g7992.t1/Montipora_capitata_HIv3___TS.g1118.t1/Montipora_capitata_HIv3___RNAseq.g23734.t3/Montipora_capitata_HIv3___RNAseq.g35804.t1/Montipora_capitata_HIv3___RNAseq.g15043.t1/Montipora_capitata_HIv3___RNAseq.g5395.t1/Montipora_capitata_HIv3___RNAseq.g41637.t1/Montipora_capitata_HIv3___TS.g29616.t1/Montipora_capitata_HIv3___RNAseq.g26580.t1/Montipora_capitata_HIv3___RNAseq.g12596.t1/Montipora_capitata_HIv3___RNAseq.g44960.t2/Montipora_capitata_HIv3___TS.g32048.t1/Montipora_capitata_HIv3___RNAseq.21467_t/Montipora_capitata_HIv3___RNAseq.g13129.t1/Montipora_capitata_HIv3___RNAseq.g37193.t1/Montipora_capitata_HIv3___RNAseq.g29879.t1b/Montipora_capitata_HIv3___RNAseq.g36907.t1/Montipora_capitata_HIv3___RNAseq.g35008.t1/Montipora_capitata_HIv3___RNAseq.g46378.t1/Montipora_capitata_HIv3___RNAseq.g24942.t1/Montipora_capitata_HIv3___RNAseq.g44814.t1/Montipora_capitata_HIv3___RNAseq.g35720.t1/Montipora_capitata_HIv3___RNAseq.g8971.t1/Montipora_capitata_HIv3___RNAseq.g14965.t1/Montipora_capitata_HIv3___RNAseq.g43161.t1a/Montipora_capitata_HIv3___RNAseq.g49962.t1/Montipora_capitata_HIv3___RNAseq.g18929.t1/Montipora_capitata_HIv3___RNAseq.g15029.t1b/Montipora_capitata_HIv3___RNAseq.g41226.t1/Montipora_capitata_HIv3___RNAseq.g39706.t2/Montipora_capitata_HIv3___RNAseq.g44445.t1/Montipora_capitata_HIv3___RNAseq.g14488.t1/Montipora_capitata_HIv3___TS.g47745.t1/Montipora_capitata_HIv3___RNAseq.g37450.t2,0.1478569189623063,regulation of catalytic activity,BP
GO:0002684,positive regulation of immune system process,15/164,372/8363,0.006249763629561155,2.2112057137949477,15,372,Montipora_capitata_HIv3___TS.g33283.t2/Montipora_capitata_HIv3___RNAseq.g11548.t1/Montipora_capitata_HIv3___RNAseq.g44960.t2/Montipora_capitata_HIv3___RNAseq.21467_t/Montipora_capitata_HIv3___RNAseq.g36907.t1/Montipora_capitata_HIv3___RNAseq.g35008.t1/Montipora_capitata_HIv3___RNAseq.g24942.t1/Montipora_capitata_HIv3___RNAseq.g24095.t1/Montipora_capitata_HIv3___RNAseq.g44814.t1/Montipora_capitata_HIv3___RNAseq.g42740.t1/Montipora_capitata_HIv3___RNAseq.g43161.t1a/Montipora_capitata_HIv3___RNAseq.g44445.t1/Montipora_capitata_HIv3___RNAseq.g14488.t1/Montipora_capitata_HIv3___TS.g47745.t1/Montipora_capitata_HIv3___RNAseq.g20763.t1,0.1478569189623063,positive regulation of immune system process,BP
GO:0006775,fat-soluble vitamin metabolic process,4/164,38/8363,0.006261832707598938,6.000418735128792,4,38,Montipora_capitata_HIv3___RNAseq.g36845.t1/Montipora_capitata_HIv3___RNAseq.g46378.t1/Montipora_capitata_HIv3___RNAseq.g8971.t1/Montipora_capitata_HIv3___TS.g6904.t1,0.1478569189623063,fat-soluble vitamin metabolic process,BP
GO:0002260,lymphocyte homeostasis,4/164,38/8363,0.006261832707598938,6.000418735128792,4,38,Montipora_capitata_HIv3___RNAseq.g23734.t3/Montipora_capitata_HIv3___RNAseq.g35804.t1/Montipora_capitata_HIv3___RNAseq.g44814.t1/Montipora_capitata_HIv3___RNAseq.g35720.t1,0.1478569189623063,lymphocyte homeostasis,BP
GO:0042558,pteridine-containing compound metabolic process,4/164,38/8363,0.006261832707598938,6.000418735128792,4,38,Montipora_capitata_HIv3___RNAseq.g40427.t1a/Montipora_capitata_HIv3___RNAseq.g34092.t1/Montipora_capitata_HIv3___TS.g33523.t1/Montipora_capitata_HIv3___RNAseq.g37450.t2,0.1478569189623063,pteridine-containing compound metabolic process,BP
GO:0071222,cellular response to lipopolysaccharide,6/164,85/8363,0.0063353941332305146,3.9020216672368027,6,85,Montipora_capitata_HIv3___RNAseq.g2640.t1a/Montipora_capitata_HIv3___RNAseq.g44960.t2/Montipora_capitata_HIv3___RNAseq.21467_t/Montipora_capitata_HIv3___RNAseq.g44814.t1/Montipora_capitata_HIv3___RNAseq.g44445.t1/Montipora_capitata_HIv3___RNAseq.g14488.t1,0.1478569189623063,cellular response to lipopolysaccharide,BP
GO:0006767,water-soluble vitamin metabolic process,6/164,86/8363,0.006702713365307968,3.852824891415253,6,86,Montipora_capitata_HIv3___RNAseq.g40427.t1a/Montipora_capitata_HIv3___RNAseq.g33991.t1/Montipora_capitata_HIv3___RNAseq.g34092.t1/Montipora_capitata_HIv3___RNAseq.g33992.t1/Montipora_capitata_HIv3___TS.g33523.t1/Montipora_capitata_HIv3___TS.g21293.t1,0.15416240740208326,water-soluble vitamin metabolic process,BP
GO:0042060,wound healing,13/164,309/8363,0.007619133925916086,2.298427657447057,13,309,Montipora_capitata_HIv3___RNAseq.g7992.t1/Montipora_capitata_HIv3___RNAseq.g23734.t3/Montipora_capitata_HIv3___RNAseq.g35804.t1/Montipora_capitata_HIv3___TS.g29616.t1/Montipora_capitata_HIv3___RNAseq.g12596.t1/Montipora_capitata_HIv3___RNAseq.g29879.t1b/Montipora_capitata_HIv3___RNAseq.g44814.t1/Montipora_capitata_HIv3___RNAseq.g35720.t1/Montipora_capitata_HIv3___RNAseq.g8971.t1/Montipora_capitata_HIv3___TS.g4674.t2b/Montipora_capitata_HIv3___RNAseq.g42740.t1/Montipora_capitata_HIv3___RNAseq.g39974.t1/Montipora_capitata_HIv3___RNAseq.g44445.t1,0.1727366505775547,wound healing,BP
GO:0032768,regulation of monooxygenase activity,4/164,41/8363,0.008210166363397378,5.512164156923827,4,41,Montipora_capitata_HIv3___RNAseq.g46378.t1/Montipora_capitata_HIv3___RNAseq.g44814.t1/Montipora_capitata_HIv3___RNAseq.g14488.t1/Montipora_capitata_HIv3___RNAseq.g37450.t2,0.1835145636438259,regulation of monooxygenase activity,BP
GO:0009395,phospholipid catabolic process,3/164,22/8363,0.008670922883433569,8.016776919826137,3,22,Montipora_capitata_HIv3___TS.g33283.t2/Montipora_capitata_HIv3___RNAseq.g6934.t1/Montipora_capitata_HIv3___RNAseq.g44719.t1,0.18818144584718424,phospholipid catabolic process,BP
GO:0002720,positive regulation of cytokine production involved in immune response,3/164,22/8363,0.008670922883433569,8.016776919826137,3,22,Montipora_capitata_HIv3___RNAseq.g44960.t2/Montipora_capitata_HIv3___RNAseq.21467_t/Montipora_capitata_HIv3___RNAseq.g35008.t1,0.18818144584718424,positive regulation of cytokine production involved in immune response,BP
GO:0006892,post-Golgi vesicle-mediated transport,6/164,91/8363,0.008774686195772926,3.6235630615131216,6,91,Montipora_capitata_HIv3___RNAseq.g22865.t1/Montipora_capitata_HIv3___RNAseq.g12548.t1/Montipora_capitata_HIv3___RNAseq.g14155.t1/Montipora_capitata_HIv3___RNAseq.g40284.t1/Montipora_capitata_HIv3___RNAseq.g42740.t1/Montipora_capitata_HIv3___TS.g20607.t1,0.18818144584718424,post-Golgi vesicle-mediated transport,BP
GO:0009611,response to wounding,15/164,390/8363,0.009488151968862955,2.1001434317788275,15,390,Montipora_capitata_HIv3___RNAseq.g7992.t1/Montipora_capitata_HIv3___RNAseq.g23734.t3/Montipora_capitata_HIv3___RNAseq.g35804.t1/Montipora_capitata_HIv3___TS.g29616.t1/Montipora_capitata_HIv3___RNAseq.g12596.t1/Montipora_capitata_HIv3___RNAseq.g29879.t1b/Montipora_capitata_HIv3___RNAseq.g44814.t1/Montipora_capitata_HIv3___RNAseq.g35720.t1/Montipora_capitata_HIv3___RNAseq.g8971.t1/Montipora_capitata_HIv3___TS.g4674.t2b/Montipora_capitata_HIv3___RNAseq.g42740.t1/Montipora_capitata_HIv3___TS.g33523.t1/Montipora_capitata_HIv3___RNAseq.g39974.t1/Montipora_capitata_HIv3___RNAseq.g44445.t1/Montipora_capitata_HIv3___RNAseq.g14488.t1,0.19655474951879173,response to wounding,BP
GO:0001776,leukocyte homeostasis,4/164,43/8363,0.0097077663243909,5.228003531441193,4,43,Montipora_capitata_HIv3___RNAseq.g23734.t3/Montipora_capitata_HIv3___RNAseq.g35804.t1/Montipora_capitata_HIv3___RNAseq.g44814.t1/Montipora_capitata_HIv3___RNAseq.g35720.t1,0.19655474951879173,leukocyte homeostasis,BP
GO:0060135,maternal process involved in female pregnancy,4/164,43/8363,0.0097077663243909,5.228003531441193,4,43,Montipora_capitata_HIv3___RNAseq.g46378.t1/Montipora_capitata_HIv3___RNAseq.g24095.t1/Montipora_capitata_HIv3___RNAseq.g44814.t1/Montipora_capitata_HIv3___RNAseq.g14488.t1,0.19655474951879173,maternal process involved in female pregnancy,BP
GO:0051056,regulation of small GTPase mediated signal transduction,9/164,183/8363,0.009793602044985524,2.677324555752175,9,183,Montipora_capitata_HIv3___RNAseq.g7992.t1/Montipora_capitata_HIv3___RNAseq.g23734.t3/Montipora_capitata_HIv3___RNAseq.g35804.t1/Montipora_capitata_HIv3___RNAseq.g23733.t1/Montipora_capitata_HIv3___TS.g29616.t1/Montipora_capitata_HIv3___RNAseq.g12596.t1/Montipora_capitata_HIv3___RNAseq.g29879.t1b/Montipora_capitata_HIv3___RNAseq.g35718.t1/Montipora_capitata_HIv3___RNAseq.g35720.t1,0.19655474951879173,regulation of small GTPase mediated signal transduction,BP
GO:0048771,tissue remodeling,5/164,67/8363,0.00990824194171603,4.125680589876055,5,67,Montipora_capitata_HIv3___RNAseq.g44960.t2/Montipora_capitata_HIv3___RNAseq.21467_t/Montipora_capitata_HIv3___RNAseq.g44814.t1/Montipora_capitata_HIv3___TS.g10359.t4b/Montipora_capitata_HIv3___RNAseq.g14488.t1,0.19655474951879173,tissue remodeling,BP
GO:0050688,regulation of defense response to virus,5/164,67/8363,0.00990824194171603,4.125680589876055,5,67,Montipora_capitata_HIv3___TS.g1118.t1/Montipora_capitata_HIv3___RNAseq.g11548.t1/Montipora_capitata_HIv3___RNAseq.g44960.t2/Montipora_capitata_HIv3___RNAseq.21467_t/Montipora_capitata_HIv3___TS.g47745.t1,0.19655474951879173,regulation of defense response to virus,BP
GO:0001817,regulation of cytokine production,11/164,251/8363,0.010312644035309113,2.383844469522203,11,251,Montipora_capitata_HIv3___RNAseq.g11548.t1/Montipora_capitata_HIv3___RNAseq.g44519.t1/Montipora_capitata_HIv3___RNAseq.g44960.t2/Montipora_capitata_HIv3___RNAseq.21467_t/Montipora_capitata_HIv3___RNAseq.g35008.t1/Montipora_capitata_HIv3___RNAseq.g44814.t1/Montipora_capitata_HIv3___RNAseq.g8971.t1/Montipora_capitata_HIv3___RNAseq.g32149.t1/Montipora_capitata_HIv3___RNAseq.g39706.t2/Montipora_capitata_HIv3___RNAseq.g14488.t1/Montipora_capitata_HIv3___TS.g47745.t1,0.1994737922062059,regulation of cytokine production,BP
GO:0051491,positive regulation of filopodium assembly,4/164,44/8363,0.010518830139221093,5.096961423369523,4,44,Montipora_capitata_HIv3___RNAseq.g23734.t3/Montipora_capitata_HIv3___RNAseq.g35804.t1/Montipora_capitata_HIv3___RNAseq.g24942.t1/Montipora_capitata_HIv3___RNAseq.g35720.t1,0.1994737922062059,positive regulation of filopodium assembly,BP
GO:0032103,positive regulation of response to external stimulus,9/164,186/8363,0.010825206396976924,2.6309680905789854,9,186,Montipora_capitata_HIv3___RNAseq.g6978.t1/Montipora_capitata_HIv3___RNAseq.g44960.t2/Montipora_capitata_HIv3___RNAseq.21467_t/Montipora_capitata_HIv3___RNAseq.g46378.t1/Montipora_capitata_HIv3___RNAseq.g8971.t1/Montipora_capitata_HIv3___RNAseq.g24020.t1/Montipora_capitata_HIv3___TS.g10359.t4b/Montipora_capitata_HIv3___RNAseq.g14488.t1/Montipora_capitata_HIv3___TS.g47745.t1,0.1994737922062059,positive regulation of response to external stimulus,BP
GO:0065009,regulation of molecular function,44/164,1615/8363,0.01107404627192039,1.5468621372394502,44,1615,Montipora_capitata_HIv3___TS.g33283.t2/Montipora_capitata_HIv3___RNAseq.g6978.t1/Montipora_capitata_HIv3___RNAseq.g7992.t1/Montipora_capitata_HIv3___TS.g1118.t1/Montipora_capitata_HIv3___RNAseq.g23734.t3/Montipora_capitata_HIv3___RNAseq.g35804.t1/Montipora_capitata_HIv3___RNAseq.g15043.t1/Montipora_capitata_HIv3___RNAseq.g5395.t1/Montipora_capitata_HIv3___RNAseq.g41637.t1/Montipora_capitata_HIv3___RNAseq.g23733.t1/Montipora_capitata_HIv3___RNAseq.g11548.t1/Montipora_capitata_HIv3___TS.g29616.t1/Montipora_capitata_HIv3___RNAseq.g26580.t1/Montipora_capitata_HIv3___RNAseq.g34092.t1/Montipora_capitata_HIv3___RNAseq.g12596.t1/Montipora_capitata_HIv3___RNAseq.g44960.t2/Montipora_capitata_HIv3___TS.g32048.t1/Montipora_capitata_HIv3___RNAseq.21467_t/Montipora_capitata_HIv3___RNAseq.g13129.t1/Montipora_capitata_HIv3___RNAseq.g37193.t1/Montipora_capitata_HIv3___RNAseq.g29879.t1b/Montipora_capitata_HIv3___RNAseq.g35718.t1/Montipora_capitata_HIv3___RNAseq.g36907.t1/Montipora_capitata_HIv3___RNAseq.g35008.t1/Montipora_capitata_HIv3___RNAseq.g46378.t1/Montipora_capitata_HIv3___RNAseq.g24942.t1/Montipora_capitata_HIv3___RNAseq.g24095.t1/Montipora_capitata_HIv3___RNAseq.g44814.t1/Montipora_capitata_HIv3___RNAseq.g35720.t1/Montipora_capitata_HIv3___RNAseq.g8971.t1/Montipora_capitata_HIv3___RNAseq.g14965.t1/Montipora_capitata_HIv3___RNAseq.g32149.t1/Montipora_capitata_HIv3___RNAseq.g43161.t1a/Montipora_capitata_HIv3___RNAseq.g41333.t1/Montipora_capitata_HIv3___RNAseq.g49962.t1/Montipora_capitata_HIv3___RNAseq.g18929.t1/Montipora_capitata_HIv3___RNAseq.g15029.t1b/Montipora_capitata_HIv3___TS.g10359.t4b/Montipora_capitata_HIv3___RNAseq.g41226.t1/Montipora_capitata_HIv3___RNAseq.g39706.t2/Montipora_capitata_HIv3___RNAseq.g44445.t1/Montipora_capitata_HIv3___RNAseq.g14488.t1/Montipora_capitata_HIv3___TS.g47745.t1/Montipora_capitata_HIv3___RNAseq.g37450.t2,0.1994737922062059,regulation of molecular function,BP
GO:1901046,positive regulation of egg-laying behavior,3/164,24/8363,0.011075034713334056,7.2502078721014644,3,24,Montipora_capitata_HIv3___RNAseq.g24942.t1/Montipora_capitata_HIv3___RNAseq.g49962.t1/Montipora_capitata_HIv3___RNAseq.g23464.t1,0.1994737922062059,positive regulation of egg-laying behavior,BP
GO:0005164,tumor necrosis factor receptor binding,3/164,24/8363,0.011075034713334056,7.2502078721014644,3,24,Montipora_capitata_HIv3___RNAseq.g11548.t1/Montipora_capitata_HIv3___RNAseq.g44960.t2/Montipora_capitata_HIv3___RNAseq.21467_t,0.1994737922062059,tumor necrosis factor receptor binding,MF
GO:0004623,phospholipase A2 activity,3/164,24/8363,0.011075034713334056,7.2502078721014644,3,24,Montipora_capitata_HIv3___TS.g33283.t2/Montipora_capitata_HIv3___RNAseq.g24095.t1/Montipora_capitata_HIv3___RNAseq.g44719.t1,0.1994737922062059,phospholipase A2 activity,MF
GO:0021915,neural tube development,8/164,155/8363,0.0111161452818496,2.8084071291461346,8,155,Montipora_capitata_HIv3___RNAseq.g7741.t1/Montipora_capitata_HIv3___RNAseq.g44960.t2/Montipora_capitata_HIv3___RNAseq.21467_t/Montipora_capitata_HIv3___RNAseq.g13857.t1/Montipora_capitata_HIv3___RNAseq.g44814.t1/Montipora_capitata_HIv3___RNAseq.g33449.t1/Montipora_capitata_HIv3___TS.g33523.t1/Montipora_capitata_HIv3___TS.g46192.t3,0.1994737922062059,neural tube development,BP
GO:0002237,response to molecule of bacterial origin,9/164,187/8363,0.011186620986989493,2.616009710293566,9,187,Montipora_capitata_HIv3___RNAseq.g2640.t1a/Montipora_capitata_HIv3___RNAseq.g44960.t2/Montipora_capitata_HIv3___RNAseq.21467_t/Montipora_capitata_HIv3___RNAseq.g35008.t1/Montipora_capitata_HIv3___RNAseq.g46378.t1/Montipora_capitata_HIv3___RNAseq.g44814.t1/Montipora_capitata_HIv3___RNAseq.g33449.t1/Montipora_capitata_HIv3___RNAseq.g44445.t1/Montipora_capitata_HIv3___RNAseq.g14488.t1,0.1994737922062059,response to molecule of bacterial origin,BP
GO:0099173,postsynapse organization,4/164,46/8363,0.012269551513085892,4.852917533167685,4,46,Montipora_capitata_HIv3___RNAseq.g23734.t3/Montipora_capitata_HIv3___RNAseq.g35804.t1/Montipora_capitata_HIv3___RNAseq.g35720.t1/Montipora_capitata_HIv3___RNAseq.g39706.t2,0.21635309168074787,postsynapse organization,BP
GO:0051092,positive regulation of NF-kappaB transcription factor activity,5/164,71/8363,0.012551909932441308,3.873908150262859,5,71,Montipora_capitata_HIv3___TS.g33283.t2/Montipora_capitata_HIv3___RNAseq.g6978.t1/Montipora_capitata_HIv3___RNAseq.g44960.t2/Montipora_capitata_HIv3___RNAseq.21467_t/Montipora_capitata_HIv3___TS.g47745.t1,0.21652044633461257,positive regulation of NF-kappaB transcription factor activity,BP
GO:0050870,positive regulation of T cell activation,5/164,71/8363,0.012551909932441308,3.873908150262859,5,71,Montipora_capitata_HIv3___RNAseq.g44960.t2/Montipora_capitata_HIv3___RNAseq.21467_t/Montipora_capitata_HIv3___RNAseq.g42740.t1/Montipora_capitata_HIv3___RNAseq.g43161.t1a/Montipora_capitata_HIv3___RNAseq.g20763.t1,0.21652044633461257,positive regulation of T cell activation,BP
GO:0002831,regulation of response to biotic stimulus,7/164,128/8363,0.012793640904397505,2.975880044553885,7,128,Montipora_capitata_HIv3___TS.g1118.t1/Montipora_capitata_HIv3___RNAseq.g11548.t1/Montipora_capitata_HIv3___RNAseq.g44960.t2/Montipora_capitata_HIv3___RNAseq.21467_t/Montipora_capitata_HIv3___RNAseq.g30678.t1b/Montipora_capitata_HIv3___RNAseq.g14488.t1/Montipora_capitata_HIv3___TS.g47745.t1,0.21831729156213808,regulation of response to biotic stimulus,BP
GO:0050776,regulation of immune response,14/164,368/8363,0.013182677324485784,2.068193943749444,14,368,Montipora_capitata_HIv3___TS.g33283.t2/Montipora_capitata_HIv3___RNAseq.g11548.t1/Montipora_capitata_HIv3___RNAseq.g44960.t2/Montipora_capitata_HIv3___RNAseq.21467_t/Montipora_capitata_HIv3___RNAseq.g36907.t1/Montipora_capitata_HIv3___RNAseq.g35008.t1/Montipora_capitata_HIv3___RNAseq.g24942.t1/Montipora_capitata_HIv3___RNAseq.g24095.t1/Montipora_capitata_HIv3___RNAseq.g44814.t1/Montipora_capitata_HIv3___RNAseq.g18698.t1/Montipora_capitata_HIv3___RNAseq.g15029.t1b/Montipora_capitata_HIv3___RNAseq.g44445.t1/Montipora_capitata_HIv3___RNAseq.g14488.t1/Montipora_capitata_HIv3___TS.g47745.t1,0.22185710615145257,regulation of immune response,BP
GO:1903039,positive regulation of leukocyte cell-cell adhesion,5/164,72/8363,0.013280671130679265,3.8156927787166106,5,72,Montipora_capitata_HIv3___RNAseq.g44960.t2/Montipora_capitata_HIv3___RNAseq.21467_t/Montipora_capitata_HIv3___RNAseq.g42740.t1/Montipora_capitata_HIv3___RNAseq.g43161.t1a/Montipora_capitata_HIv3___RNAseq.g20763.t1,0.22185710615145257,positive regulation of leukocyte cell-cell adhesion,BP
GO:1903037,regulation of leukocyte cell-cell adhesion,6/164,100/8363,0.013599751792909757,3.2734450694934614,6,100,Montipora_capitata_HIv3___RNAseq.g44960.t2/Montipora_capitata_HIv3___RNAseq.21467_t/Montipora_capitata_HIv3___RNAseq.g42740.t1/Montipora_capitata_HIv3___RNAseq.g43161.t1a/Montipora_capitata_HIv3___RNAseq.g14488.t1/Montipora_capitata_HIv3___RNAseq.g20763.t1,0.2248208968265394,regulation of leukocyte cell-cell adhesion,BP
GO:0032755,positive regulation of interleukin-6 production,3/164,26/8363,0.013826816927149332,6.6197845993700195,3,26,Montipora_capitata_HIv3___RNAseq.g44960.t2/Montipora_capitata_HIv3___RNAseq.21467_t/Montipora_capitata_HIv3___TS.g47745.t1,0.22621812848851533,positive regulation of interleukin-6 production,BP
GO:0017171,serine hydrolase activity,5/164,74/8363,0.014822851381109628,3.7043735334568892,5,74,Montipora_capitata_HIv3___RNAseq.g24095.t1/Montipora_capitata_HIv3___RNAseq.g20771.t1/Montipora_capitata_HIv3___RNAseq.g20807.t2/Montipora_capitata_HIv3___RNAseq.g14625.t1/Montipora_capitata_HIv3___RNAseq.g39706.t2,0.24003944022266305,serine hydrolase activity,MF
GO:0006829,zinc ion transport,3/164,27/8363,0.015335256364159439,6.343366657395644,3,27,Montipora_capitata_HIv3___RNAseq.g36907.t1/Montipora_capitata_HIv3___RNAseq.g14155.t1/Montipora_capitata_HIv3___RNAseq.g42740.t1,0.2458288065648589,zinc ion transport,BP
GO:0004842,ubiquitin-protein transferase activity,11/164,267/8363,0.015796476602556894,2.2304609888889213,11,267,Montipora_capitata_HIv3___TS.g1118.t1/Montipora_capitata_HIv3___RNAseq.g35299.t1/Montipora_capitata_HIv3___RNAseq.g11548.t1/Montipora_capitata_HIv3___RNAseq.g44960.t2/Montipora_capitata_HIv3___RNAseq.21467_t/Montipora_capitata_HIv3___RNAseq.g30678.t1b/Montipora_capitata_HIv3___RNAseq.g15186.t1/Montipora_capitata_HIv3___RNAseq.g32149.t1/Montipora_capitata_HIv3___RNAseq.g22553.t1c/Montipora_capitata_HIv3___RNAseq.g23247.t1/Montipora_capitata_HIv3___RNAseq.g15188.t1,0.24901050438318306,ubiquitin-protein transferase activity,MF
GO:0044093,positive regulation of molecular function,29/164,985/8363,0.015847549428293313,1.6273936625850676,29,985,Montipora_capitata_HIv3___TS.g33283.t2/Montipora_capitata_HIv3___RNAseq.g6978.t1/Montipora_capitata_HIv3___RNAseq.g7992.t1/Montipora_capitata_HIv3___TS.g1118.t1/Montipora_capitata_HIv3___RNAseq.g23734.t3/Montipora_capitata_HIv3___RNAseq.g35804.t1/Montipora_capitata_HIv3___RNAseq.g15043.t1/Montipora_capitata_HIv3___TS.g29616.t1/Montipora_capitata_HIv3___RNAseq.g34092.t1/Montipora_capitata_HIv3___RNAseq.g12596.t1/Montipora_capitata_HIv3___RNAseq.g44960.t2/Montipora_capitata_HIv3___RNAseq.21467_t/Montipora_capitata_HIv3___RNAseq.g13129.t1/Montipora_capitata_HIv3___RNAseq.g37193.t1/Montipora_capitata_HIv3___RNAseq.g29879.t1b/Montipora_capitata_HIv3___RNAseq.g36907.t1/Montipora_capitata_HIv3___RNAseq.g35008.t1/Montipora_capitata_HIv3___RNAseq.g46378.t1/Montipora_capitata_HIv3___RNAseq.g24942.t1/Montipora_capitata_HIv3___RNAseq.g44814.t1/Montipora_capitata_HIv3___RNAseq.g35720.t1/Montipora_capitata_HIv3___RNAseq.g8971.t1/Montipora_capitata_HIv3___RNAseq.g14965.t1/Montipora_capitata_HIv3___RNAseq.g41333.t1/Montipora_capitata_HIv3___RNAseq.g49962.t1/Montipora_capitata_HIv3___RNAseq.g18929.t1/Montipora_capitata_HIv3___RNAseq.g41226.t1/Montipora_capitata_HIv3___RNAseq.g44445.t1/Montipora_capitata_HIv3___TS.g47745.t1,0.24901050438318306,positive regulation of molecular function,BP
GO:0038024,cargo receptor activity,3/164,28/8363,0.01693290653082961,6.08904513879652,3,28,Montipora_capitata_HIv3___RNAseq.g2640.t1a/Montipora_capitata_HIv3___RNAseq.g38848.t1/Montipora_capitata_HIv3___TS.g33523.t1,0.2588154447446358,cargo receptor activity,MF
GO:0060996,dendritic spine development,3/164,28/8363,0.01693290653082961,6.08904513879652,3,28,Montipora_capitata_HIv3___RNAseq.g23734.t3/Montipora_capitata_HIv3___RNAseq.g35804.t1/Montipora_capitata_HIv3___RNAseq.g35720.t1,0.2588154447446358,dendritic spine development,BP
GO:0051251,positive regulation of lymphocyte activation,6/164,105/8363,0.016960810493662333,3.106237387808454,6,105,Montipora_capitata_HIv3___RNAseq.g44960.t2/Montipora_capitata_HIv3___RNAseq.21467_t/Montipora_capitata_HIv3___RNAseq.g36907.t1/Montipora_capitata_HIv3___RNAseq.g42740.t1/Montipora_capitata_HIv3___RNAseq.g43161.t1a/Montipora_capitata_HIv3___RNAseq.g20763.t1,0.2588154447446358,positive regulation of lymphocyte activation,BP
GO:0043207,response to external biotic stimulus,17/164,500/8363,0.018478737489813473,1.8471911276106376,17,500,Montipora_capitata_HIv3___TS.g33283.t2/Montipora_capitata_HIv3___RNAseq.g6978.t1/Montipora_capitata_HIv3___RNAseq.g2640.t1a/Montipora_capitata_HIv3___RNAseq.g44519.t1/Montipora_capitata_HIv3___RNAseq.g44960.t2/Montipora_capitata_HIv3___RNAseq.21467_t/Montipora_capitata_HIv3___RNAseq.g49895.t2/Montipora_capitata_HIv3___RNAseq.g35008.t1/Montipora_capitata_HIv3___RNAseq.g46378.t1/Montipora_capitata_HIv3___RNAseq.g24095.t1/Montipora_capitata_HIv3___RNAseq.g44814.t1/Montipora_capitata_HIv3___RNAseq.g18698.t1/Montipora_capitata_HIv3___RNAseq.g33449.t1/Montipora_capitata_HIv3___RNAseq.g47955.t1/Montipora_capitata_HIv3___RNAseq.g18929.t1/Montipora_capitata_HIv3___RNAseq.g44445.t1/Montipora_capitata_HIv3___RNAseq.g14488.t1,0.2686389713469356,response to external biotic stimulus,BP
GO:0051707,response to other organism,17/164,500/8363,0.018478737489813473,1.8471911276106376,17,500,Montipora_capitata_HIv3___TS.g33283.t2/Montipora_capitata_HIv3___RNAseq.g6978.t1/Montipora_capitata_HIv3___RNAseq.g2640.t1a/Montipora_capitata_HIv3___RNAseq.g44519.t1/Montipora_capitata_HIv3___RNAseq.g44960.t2/Montipora_capitata_HIv3___RNAseq.21467_t/Montipora_capitata_HIv3___RNAseq.g49895.t2/Montipora_capitata_HIv3___RNAseq.g35008.t1/Montipora_capitata_HIv3___RNAseq.g46378.t1/Montipora_capitata_HIv3___RNAseq.g24095.t1/Montipora_capitata_HIv3___RNAseq.g44814.t1/Montipora_capitata_HIv3___RNAseq.g18698.t1/Montipora_capitata_HIv3___RNAseq.g33449.t1/Montipora_capitata_HIv3___RNAseq.g47955.t1/Montipora_capitata_HIv3___RNAseq.g18929.t1/Montipora_capitata_HIv3___RNAseq.g44445.t1/Montipora_capitata_HIv3___RNAseq.g14488.t1,0.2686389713469356,response to other organism,BP
GO:0098930,axonal transport,4/164,52/8363,0.01860182505232639,4.243784177568385,4,52,Montipora_capitata_HIv3___RNAseq.g36838.t1/Montipora_capitata_HIv3___RNAseq.g44814.t1/Montipora_capitata_HIv3___RNAseq.g42740.t1/Montipora_capitata_HIv3___RNAseq.g1174.t1,0.2686389713469356,axonal transport,BP
GO:0010043,response to zinc ion,4/164,52/8363,0.01860182505232639,4.243784177568385,4,52,Montipora_capitata_HIv3___RNAseq.g36907.t1/Montipora_capitata_HIv3___RNAseq.g14155.t1/Montipora_capitata_HIv3___TS.g4674.t2b/Montipora_capitata_HIv3___RNAseq.g14488.t1,0.2686389713469356,response to zinc ion,BP
GO:0097061,dendritic spine organization,3/164,29/8363,0.01862021855586825,5.854279429118519,3,29,Montipora_capitata_HIv3___RNAseq.g23734.t3/Montipora_capitata_HIv3___RNAseq.g35804.t1/Montipora_capitata_HIv3___RNAseq.g35720.t1,0.2686389713469356,dendritic spine organization,BP
GO:0008569,minus-end-directed microtubule motor activity,3/164,29/8363,0.01862021855586825,5.854279429118519,3,29,Montipora_capitata_HIv3___RNAseq.g36838.t1/Montipora_capitata_HIv3___TS.g5595.t1/Montipora_capitata_HIv3___TS.g5653.t1,0.2686389713469356,minus-end-directed microtubule motor activity,MF
GO:0043547,positive regulation of GTPase activity,9/164,205/8363,0.019357639151441255,2.3704802804938323,9,205,Montipora_capitata_HIv3___RNAseq.g7992.t1/Montipora_capitata_HIv3___RNAseq.g23734.t3/Montipora_capitata_HIv3___RNAseq.g35804.t1/Montipora_capitata_HIv3___TS.g29616.t1/Montipora_capitata_HIv3___RNAseq.g12596.t1/Montipora_capitata_HIv3___RNAseq.g29879.t1b/Montipora_capitata_HIv3___RNAseq.g35720.t1/Montipora_capitata_HIv3___RNAseq.g49962.t1/Montipora_capitata_HIv3___RNAseq.g41226.t1,0.27676192192195737,positive regulation of GTPase activity,BP
GO:0015908,fatty acid transport,4/164,53/8363,0.019821242336047817,4.156708286532639,4,53,Montipora_capitata_HIv3___TS.g33283.t2/Montipora_capitata_HIv3___TS.g32048.t1/Montipora_capitata_HIv3___RNAseq.g13129.t1/Montipora_capitata_HIv3___TS.g4674.t2b,0.28085992488667755,fatty acid transport,BP
GO:0004601,peroxidase activity,3/164,30/8363,0.020397505858388905,5.636895389522979,3,30,Montipora_capitata_HIv3___RNAseq.g44519.t1/Montipora_capitata_HIv3___RNAseq.g37645.t1/Montipora_capitata_HIv3___RNAseq.g33997.t1,0.2814855808457669,peroxidase activity,MF
GO:0033280,response to vitamin D,3/164,30/8363,0.020397505858388905,5.636895389522979,3,30,Montipora_capitata_HIv3___RNAseq.g46378.t1/Montipora_capitata_HIv3___RNAseq.g33449.t1/Montipora_capitata_HIv3___RNAseq.g39974.t1,0.2814855808457669,response to vitamin D,BP
GO:0050999,regulation of nitric-oxide synthase activity,3/164,30/8363,0.020397505858388905,5.636895389522979,3,30,Montipora_capitata_HIv3___RNAseq.g44814.t1/Montipora_capitata_HIv3___RNAseq.g14488.t1/Montipora_capitata_HIv3___RNAseq.g37450.t2,0.2814855808457669,regulation of nitric-oxide synthase activity,BP
GO:0019787,ubiquitin-like protein transferase activity,11/164,278/8363,0.020679451383428037,2.1355466120813915,11,278,Montipora_capitata_HIv3___TS.g1118.t1/Montipora_capitata_HIv3___RNAseq.g35299.t1/Montipora_capitata_HIv3___RNAseq.g11548.t1/Montipora_capitata_HIv3___RNAseq.g44960.t2/Montipora_capitata_HIv3___RNAseq.21467_t/Montipora_capitata_HIv3___RNAseq.g30678.t1b/Montipora_capitata_HIv3___RNAseq.g15186.t1/Montipora_capitata_HIv3___RNAseq.g32149.t1/Montipora_capitata_HIv3___RNAseq.g22553.t1c/Montipora_capitata_HIv3___RNAseq.g23247.t1/Montipora_capitata_HIv3___RNAseq.g15188.t1,0.28291628746120945,ubiquitin-like protein transferase activity,MF
GO:0002705,positive regulation of leukocyte mediated immunity,4/164,54/8363,0.021088937391892507,4.07311404284582,4,54,Montipora_capitata_HIv3___RNAseq.g44960.t2/Montipora_capitata_HIv3___RNAseq.21467_t/Montipora_capitata_HIv3___RNAseq.g35008.t1/Montipora_capitata_HIv3___RNAseq.g14488.t1,0.2860525097515676,positive regulation of leukocyte mediated immunity,BP
GO:0050778,positive regulation of immune response,10/164,244/8363,0.021631325134576374,2.210020835398968,10,244,Montipora_capitata_HIv3___TS.g33283.t2/Montipora_capitata_HIv3___RNAseq.g11548.t1/Montipora_capitata_HIv3___RNAseq.g44960.t2/Montipora_capitata_HIv3___RNAseq.21467_t/Montipora_capitata_HIv3___RNAseq.g36907.t1/Montipora_capitata_HIv3___RNAseq.g35008.t1/Montipora_capitata_HIv3___RNAseq.g24942.t1/Montipora_capitata_HIv3___RNAseq.g24095.t1/Montipora_capitata_HIv3___RNAseq.g44445.t1/Montipora_capitata_HIv3___TS.g47745.t1,0.29092299142858224,positive regulation of immune response,BP
GO:0005858,axonemal dynein complex,3/164,31/8363,0.02226495093513179,5.435486977372267,3,31,Montipora_capitata_HIv3___RNAseq.g36838.t1/Montipora_capitata_HIv3___TS.g5595.t1/Montipora_capitata_HIv3___TS.g5653.t1,0.2914532755609352,axonemal dynein complex,CC
GO:0045503,dynein light chain binding,3/164,31/8363,0.02226495093513179,5.435486977372267,3,31,Montipora_capitata_HIv3___RNAseq.g36838.t1/Montipora_capitata_HIv3___TS.g5595.t1/Montipora_capitata_HIv3___TS.g5653.t1,0.2914532755609352,dynein light chain binding,MF
GO:0010876,lipid localization,8/164,176/8363,0.022306739848537014,2.450935282870846,8,176,Montipora_capitata_HIv3___TS.g33283.t2/Montipora_capitata_HIv3___TS.g44069.t1/Montipora_capitata_HIv3___TS.g32048.t1/Montipora_capitata_HIv3___RNAseq.g13129.t1/Montipora_capitata_HIv3___RNAseq.g20250.t1/Montipora_capitata_HIv3___TS.g4674.t2b/Montipora_capitata_HIv3___RNAseq.g11214.t1/Montipora_capitata_HIv3___RNAseq.g44445.t1,0.2914532755609352,lipid localization,BP
GO:0002039,p53 binding,4/164,55/8363,0.022405355777211148,3.992807040404577,4,55,Montipora_capitata_HIv3___RNAseq.g44814.t1/Montipora_capitata_HIv3___RNAseq.g30678.t1b/Montipora_capitata_HIv3___RNAseq.g43161.t1a/Montipora_capitata_HIv3___RNAseq.g15188.t1,0.2914532755609352,p53 binding,MF
GO:0046486,glycerolipid metabolic process,11/164,283/8363,0.023235331587452664,2.095070545205536,11,283,Montipora_capitata_HIv3___TS.g33283.t2/Montipora_capitata_HIv3___RNAseq.g24095.t1/Montipora_capitata_HIv3___RNAseq.g8971.t1/Montipora_capitata_HIv3___RNAseq.g33449.t1/Montipora_capitata_HIv3___TS.g50674.t1/Montipora_capitata_HIv3___RNAseq.g6934.t1/Montipora_capitata_HIv3___RNAseq.g44719.t1/Montipora_capitata_HIv3___RNAseq.g14956.t1/Montipora_capitata_HIv3___RNAseq.g8867.t2/Montipora_capitata_HIv3___RNAseq.g44445.t1/Montipora_capitata_HIv3___RNAseq.g14960.t1,0.2997924490185966,glycerolipid metabolic process,BP
GO:0050808,synapse organization,9/164,212/8363,0.02348497889447598,2.2867207386308763,9,212,Montipora_capitata_HIv3___RNAseq.g23734.t3/Montipora_capitata_HIv3___RNAseq.g35804.t1/Montipora_capitata_HIv3___RNAseq.g35008.t1/Montipora_capitata_HIv3___RNAseq.g24942.t1/Montipora_capitata_HIv3___RNAseq.g35720.t1/Montipora_capitata_HIv3___RNAseq.g8971.t1/Montipora_capitata_HIv3___RNAseq.g1174.t1/Montipora_capitata_HIv3___RNAseq.g8270.t1/Montipora_capitata_HIv3___RNAseq.g39706.t2,0.3005698508510756,synapse organization,BP
GO:0051959,dynein light intermediate chain binding,3/164,32/8363,0.024222611907304088,5.246666349354076,3,32,Montipora_capitata_HIv3___RNAseq.g36838.t1/Montipora_capitata_HIv3___TS.g5595.t1/Montipora_capitata_HIv3___TS.g5653.t1,0.3023785262453331,dynein light intermediate chain binding,MF
GO:0016684,"oxidoreductase activity, acting on peroxide as acceptor",3/164,32/8363,0.024222611907304088,5.246666349354076,3,32,Montipora_capitata_HIv3___RNAseq.g44519.t1/Montipora_capitata_HIv3___RNAseq.g37645.t1/Montipora_capitata_HIv3___RNAseq.g33997.t1,0.3023785262453331,"oxidoreductase activity, acting on peroxide as acceptor",MF
GO:0032813,tumor necrosis factor receptor superfamily binding,3/164,32/8363,0.024222611907304088,5.246666349354076,3,32,Montipora_capitata_HIv3___RNAseq.g11548.t1/Montipora_capitata_HIv3___RNAseq.g44960.t2/Montipora_capitata_HIv3___RNAseq.21467_t,0.3023785262453331,tumor necrosis factor receptor superfamily binding,MF
GO:0032496,response to lipopolysaccharide,8/164,179/8363,0.024388438159674,2.407116187213616,8,179,Montipora_capitata_HIv3___RNAseq.g2640.t1a/Montipora_capitata_HIv3___RNAseq.g44960.t2/Montipora_capitata_HIv3___RNAseq.21467_t/Montipora_capitata_HIv3___RNAseq.g46378.t1/Montipora_capitata_HIv3___RNAseq.g44814.t1/Montipora_capitata_HIv3___RNAseq.g33449.t1/Montipora_capitata_HIv3___RNAseq.g44445.t1/Montipora_capitata_HIv3___RNAseq.g14488.t1,0.3023785262453331,response to lipopolysaccharide,BP
GO:0042445,hormone metabolic process,7/164,147/8363,0.025381827373279986,2.566101574507363,7,147,Montipora_capitata_HIv3___RNAseq.g40983.t1/Montipora_capitata_HIv3___RNAseq.g24836.t1/Montipora_capitata_HIv3___RNAseq.g46378.t1/Montipora_capitata_HIv3___RNAseq.g8971.t1/Montipora_capitata_HIv3___RNAseq.g42092.t1/Montipora_capitata_HIv3___RNAseq.g33997.t1/Montipora_capitata_HIv3___RNAseq.g39706.t2,0.3084243161457089,hormone metabolic process,BP
GO:0018958,phenol-containing compound metabolic process,5/164,85/8363,0.02545909603975291,3.1906048067861486,5,85,Montipora_capitata_HIv3___RNAseq.g40983.t1/Montipora_capitata_HIv3___RNAseq.g24836.t1/Montipora_capitata_HIv3___RNAseq.g44814.t1/Montipora_capitata_HIv3___RNAseq.g33997.t1/Montipora_capitata_HIv3___RNAseq.g37450.t2,0.3084243161457089,phenol-containing compound metabolic process,BP
GO:0120034,positive regulation of plasma membrane bounded cell projection assembly,5/164,85/8363,0.02545909603975291,3.1906048067861486,5,85,Montipora_capitata_HIv3___RNAseq.g23734.t3/Montipora_capitata_HIv3___RNAseq.g35804.t1/Montipora_capitata_HIv3___RNAseq.g24942.t1/Montipora_capitata_HIv3___RNAseq.g35720.t1/Montipora_capitata_HIv3___RNAseq.g15029.t1b,0.3084243161457089,positive regulation of plasma membrane bounded cell projection assembly,BP
GO:0045088,regulation of innate immune response,8/164,182/8363,0.026603138142197606,2.3647731150473965,8,182,Montipora_capitata_HIv3___RNAseq.g11548.t1/Montipora_capitata_HIv3___RNAseq.g44960.t2/Montipora_capitata_HIv3___RNAseq.21467_t/Montipora_capitata_HIv3___RNAseq.g44814.t1/Montipora_capitata_HIv3___RNAseq.g18698.t1/Montipora_capitata_HIv3___RNAseq.g44445.t1/Montipora_capitata_HIv3___RNAseq.g14488.t1/Montipora_capitata_HIv3___TS.g47745.t1,0.3109920072905127,regulation of innate immune response,BP
GO:0051865,protein autoubiquitination,4/164,58/8363,0.026650858847832214,3.769846204002754,4,58,Montipora_capitata_HIv3___TS.g1118.t1/Montipora_capitata_HIv3___RNAseq.g44960.t2/Montipora_capitata_HIv3___RNAseq.21467_t/Montipora_capitata_HIv3___RNAseq.g30678.t1b,0.3109920072905127,protein autoubiquitination,BP
GO:0060191,regulation of lipase activity,4/164,58/8363,0.026650858847832214,3.769846204002754,4,58,Montipora_capitata_HIv3___TS.g33283.t2/Montipora_capitata_HIv3___RNAseq.g13129.t1/Montipora_capitata_HIv3___RNAseq.g8971.t1/Montipora_capitata_HIv3___RNAseq.g39706.t2,0.3109920072905127,regulation of lipase activity,BP
GO:0005319,lipid transporter activity,4/164,58/8363,0.026650858847832214,3.769846204002754,4,58,Montipora_capitata_HIv3___TS.g44069.t1/Montipora_capitata_HIv3___RNAseq.g20250.t1/Montipora_capitata_HIv3___RNAseq.g11214.t1/Montipora_capitata_HIv3___RNAseq.g44445.t1,0.3109920072905127,lipid transporter activity,MF
GO:0016209,antioxidant activity,4/164,58/8363,0.026650858847832214,3.769846204002754,4,58,Montipora_capitata_HIv3___RNAseq.g34092.t1/Montipora_capitata_HIv3___RNAseq.g44519.t1/Montipora_capitata_HIv3___RNAseq.g37645.t1/Montipora_capitata_HIv3___RNAseq.g33997.t1,0.3109920072905127,antioxidant activity,MF
GO:0009607,response to biotic stimulus,17/164,523/8363,0.027211737918349896,1.7580809837336508,17,523,Montipora_capitata_HIv3___TS.g33283.t2/Montipora_capitata_HIv3___RNAseq.g6978.t1/Montipora_capitata_HIv3___RNAseq.g2640.t1a/Montipora_capitata_HIv3___RNAseq.g44519.t1/Montipora_capitata_HIv3___RNAseq.g44960.t2/Montipora_capitata_HIv3___RNAseq.21467_t/Montipora_capitata_HIv3___RNAseq.g49895.t2/Montipora_capitata_HIv3___RNAseq.g35008.t1/Montipora_capitata_HIv3___RNAseq.g46378.t1/Montipora_capitata_HIv3___RNAseq.g24095.t1/Montipora_capitata_HIv3___RNAseq.g44814.t1/Montipora_capitata_HIv3___RNAseq.g18698.t1/Montipora_capitata_HIv3___RNAseq.g33449.t1/Montipora_capitata_HIv3___RNAseq.g47955.t1/Montipora_capitata_HIv3___RNAseq.g18929.t1/Montipora_capitata_HIv3___RNAseq.g44445.t1/Montipora_capitata_HIv3___RNAseq.g14488.t1,0.3130823659360874,response to biotic stimulus,BP
GO:0019899,enzyme binding,38/164,1431/8363,0.0273082751067181,1.47343342826509,38,1431,Montipora_capitata_HIv3___RNAseq.g7992.t1/Montipora_capitata_HIv3___TS.g1118.t1/Montipora_capitata_HIv3___RNAseq.g23734.t3/Montipora_capitata_HIv3___RNAseq.g35804.t1/Montipora_capitata_HIv3___RNAseq.g15043.t1/Montipora_capitata_HIv3___RNAseq.g5395.t1/Montipora_capitata_HIv3___RNAseq.g46820.t1/Montipora_capitata_HIv3___RNAseq.g23733.t1/Montipora_capitata_HIv3___RNAseq.g11548.t1/Montipora_capitata_HIv3___TS.g29616.t1/Montipora_capitata_HIv3___RNAseq.g12596.t1/Montipora_capitata_HIv3___RNAseq.g44960.t2/Montipora_capitata_HIv3___RNAseq.21467_t/Montipora_capitata_HIv3___RNAseq.g29879.t1b/Montipora_capitata_HIv3___RNAseq.g35718.t1/Montipora_capitata_HIv3___RNAseq.g24524.t1/Montipora_capitata_HIv3___RNAseq.g35008.t1/Montipora_capitata_HIv3___RNAseq.g668.t1/Montipora_capitata_HIv3___RNAseq.g24942.t1/Montipora_capitata_HIv3___RNAseq.g24095.t1/Montipora_capitata_HIv3___RNAseq.g44814.t1/Montipora_capitata_HIv3___RNAseq.g35720.t1/Montipora_capitata_HIv3___RNAseq.g8971.t1/Montipora_capitata_HIv3___RNAseq.g15186.t1/Montipora_capitata_HIv3___RNAseq.g32149.t1/Montipora_capitata_HIv3___RNAseq.g42740.t1/Montipora_capitata_HIv3___RNAseq.g33449.t1/Montipora_capitata_HIv3___RNAseq.g15188.t1/Montipora_capitata_HIv3___RNAseq.g49962.t1/Montipora_capitata_HIv3___RNAseq.g18929.t1/Montipora_capitata_HIv3___RNAseq.g15029.t1b/Montipora_capitata_HIv3___TS.g10359.t4b/Montipora_capitata_HIv3___RNAseq.g41226.t1/Montipora_capitata_HIv3___RNAseq.g39706.t2/Montipora_capitata_HIv3___RNAseq.g44445.t1/Montipora_capitata_HIv3___RNAseq.g14488.t1/Montipora_capitata_HIv3___TS.g47745.t1/Montipora_capitata_HIv3___TS.g20607.t1,0.3130823659360874,enzyme binding,MF
GO:0000041,transition metal ion transport,5/164,87/8363,0.02780785081825263,3.1120342613716256,5,87,Montipora_capitata_HIv3___RNAseq.g38848.t1/Montipora_capitata_HIv3___RNAseq.g36907.t1/Montipora_capitata_HIv3___RNAseq.g41416.t2a/Montipora_capitata_HIv3___RNAseq.g14155.t1/Montipora_capitata_HIv3___RNAseq.g42740.t1,0.3130823659360874,transition metal ion transport,BP
GO:0015108,chloride transmembrane transporter activity,4/164,59/8363,0.028165897843884003,3.700981936946586,4,59,Montipora_capitata_HIv3___RNAseq.g13129.t1/Montipora_capitata_HIv3___RNAseq.g668.t1/Montipora_capitata_HIv3___RNAseq.g20250.t1/Montipora_capitata_HIv3___RNAseq.g23366.t1,0.3130823659360874,chloride transmembrane transporter activity,MF
GO:1902476,chloride transmembrane transport,4/164,59/8363,0.028165897843884003,3.700981936946586,4,59,Montipora_capitata_HIv3___RNAseq.g13129.t1/Montipora_capitata_HIv3___RNAseq.g668.t1/Montipora_capitata_HIv3___RNAseq.g20250.t1/Montipora_capitata_HIv3___RNAseq.g23366.t1,0.3130823659360874,chloride transmembrane transport,BP
GO:0098869,cellular oxidant detoxification,4/164,59/8363,0.028165897843884003,3.700981936946586,4,59,Montipora_capitata_HIv3___RNAseq.g34092.t1/Montipora_capitata_HIv3___RNAseq.g44519.t1/Montipora_capitata_HIv3___RNAseq.g37645.t1/Montipora_capitata_HIv3___RNAseq.g33997.t1,0.3130823659360874,cellular oxidant detoxification,BP
GO:0050863,regulation of T cell activation,6/164,118/8363,0.028278335694343678,2.741414524922701,6,118,Montipora_capitata_HIv3___RNAseq.g44960.t2/Montipora_capitata_HIv3___RNAseq.21467_t/Montipora_capitata_HIv3___RNAseq.g42740.t1/Montipora_capitata_HIv3___RNAseq.g43161.t1a/Montipora_capitata_HIv3___RNAseq.g14488.t1/Montipora_capitata_HIv3___RNAseq.g20763.t1,0.3130823659360874,regulation of T cell activation,BP
GO:0032648,regulation of interferon-beta production,3/164,34/8363,0.02840822980138411,4.907505311224179,3,34,Montipora_capitata_HIv3___RNAseq.g11548.t1/Montipora_capitata_HIv3___RNAseq.g32149.t1/Montipora_capitata_HIv3___TS.g47745.t1,0.3130823659360874,regulation of interferon-beta production,BP
GO:0015103,inorganic anion transmembrane transporter activity,5/164,88/8363,0.029032216040549817,3.074178947625263,5,88,Montipora_capitata_HIv3___RNAseq.g13129.t1/Montipora_capitata_HIv3___RNAseq.g668.t1/Montipora_capitata_HIv3___RNAseq.g20250.t1/Montipora_capitata_HIv3___TS.g4674.t2b/Montipora_capitata_HIv3___RNAseq.g23366.t1,0.3166687477847537,inorganic anion transmembrane transporter activity,MF
GO:0002696,positive regulation of leukocyte activation,6/164,119/8363,0.029314271442367677,2.716827213285636,6,119,Montipora_capitata_HIv3___RNAseq.g44960.t2/Montipora_capitata_HIv3___RNAseq.21467_t/Montipora_capitata_HIv3___RNAseq.g36907.t1/Montipora_capitata_HIv3___RNAseq.g42740.t1/Montipora_capitata_HIv3___RNAseq.g43161.t1a/Montipora_capitata_HIv3___RNAseq.g20763.t1,0.3166687477847537,positive regulation of leukocyte activation,BP
GO:0006821,chloride transport,4/164,60/8363,0.02973134430997372,3.633798114631985,4,60,Montipora_capitata_HIv3___RNAseq.g13129.t1/Montipora_capitata_HIv3___RNAseq.g668.t1/Montipora_capitata_HIv3___RNAseq.g20250.t1/Montipora_capitata_HIv3___RNAseq.g23366.t1,0.3166687477847537,chloride transport,BP
GO:0060759,regulation of response to cytokine stimulus,4/164,60/8363,0.02973134430997372,3.633798114631985,4,60,Montipora_capitata_HIv3___RNAseq.g44814.t1/Montipora_capitata_HIv3___RNAseq.g32149.t1/Montipora_capitata_HIv3___RNAseq.g14488.t1/Montipora_capitata_HIv3___TS.g47745.t1,0.3166687477847537,regulation of response to cytokine stimulus,BP
GO:0002706,regulation of lymphocyte mediated immunity,4/164,60/8363,0.02973134430997372,3.633798114631985,4,60,Montipora_capitata_HIv3___RNAseq.g44960.t2/Montipora_capitata_HIv3___RNAseq.21467_t/Montipora_capitata_HIv3___RNAseq.g35008.t1/Montipora_capitata_HIv3___RNAseq.g14488.t1,0.3166687477847537,regulation of lymphocyte mediated immunity,BP
GO:0050867,positive regulation of cell activation,6/164,120/8363,0.03037491799293084,2.6925540693940304,6,120,Montipora_capitata_HIv3___RNAseq.g44960.t2/Montipora_capitata_HIv3___RNAseq.21467_t/Montipora_capitata_HIv3___RNAseq.g36907.t1/Montipora_capitata_HIv3___RNAseq.g42740.t1/Montipora_capitata_HIv3___RNAseq.g43161.t1a/Montipora_capitata_HIv3___RNAseq.g20763.t1,0.3213666323652083,positive regulation of cell activation,BP
GO:0046634,regulation of alpha-beta T cell activation,3/164,35/8363,0.030635736788155312,4.7541409023062196,3,35,Montipora_capitata_HIv3___RNAseq.g42740.t1/Montipora_capitata_HIv3___RNAseq.g43161.t1a/Montipora_capitata_HIv3___RNAseq.g14488.t1,0.32197956478677137,regulation of alpha-beta T cell activation,BP
GO:0001938,positive regulation of endothelial cell proliferation,4/164,61/8363,0.031347428613474504,3.569802993915087,4,61,Montipora_capitata_HIv3___RNAseq.g6978.t1/Montipora_capitata_HIv3___RNAseq.g44814.t1/Montipora_capitata_HIv3___RNAseq.g8971.t1/Montipora_capitata_HIv3___RNAseq.g14488.t1,0.3251087203665415,positive regulation of endothelial cell proliferation,BP
GO:0009108,GO:0009108,7/164,154/8363,0.03163395147718137,2.4416954308098373,7,154,Montipora_capitata_HIv3___RNAseq.g36845.t1/Montipora_capitata_HIv3___RNAseq.g40427.t1a/Montipora_capitata_HIv3___RNAseq.g34092.t1/Montipora_capitata_HIv3___TS.g6904.t1/Montipora_capitata_HIv3___RNAseq.g14956.t1/Montipora_capitata_HIv3___RNAseq.g14960.t1/Montipora_capitata_HIv3___RNAseq.g37450.t2,0.3251087203665415,NA,NA
GO:0051222,positive regulation of protein transport,9/164,225/8363,0.0327595043265443,2.1456922826034313,9,225,Montipora_capitata_HIv3___TS.g33283.t2/Montipora_capitata_HIv3___RNAseq.g6978.t1/Montipora_capitata_HIv3___RNAseq.g5395.t1/Montipora_capitata_HIv3___RNAseq.g7741.t1/Montipora_capitata_HIv3___RNAseq.g37193.t1/Montipora_capitata_HIv3___RNAseq.g35008.t1/Montipora_capitata_HIv3___RNAseq.g24095.t1/Montipora_capitata_HIv3___RNAseq.g44814.t1/Montipora_capitata_HIv3___TS.g47745.t1,0.3251087203665415,positive regulation of protein transport,BP
GO:0015698,inorganic anion transport,5/164,91/8363,0.03290816453054332,2.9658811263734863,5,91,Montipora_capitata_HIv3___RNAseq.g13129.t1/Montipora_capitata_HIv3___RNAseq.g668.t1/Montipora_capitata_HIv3___RNAseq.g20250.t1/Montipora_capitata_HIv3___TS.g4674.t2b/Montipora_capitata_HIv3___RNAseq.g23366.t1,0.3251087203665415,inorganic anion transport,BP
GO:0031624,ubiquitin conjugating enzyme binding,3/164,36/8363,0.03295257132456266,4.609227993403778,3,36,Montipora_capitata_HIv3___RNAseq.g44960.t2/Montipora_capitata_HIv3___RNAseq.21467_t/Montipora_capitata_HIv3___RNAseq.g32149.t1,0.3251087203665415,ubiquitin conjugating enzyme binding,MF
GO:0035580,specific granule lumen,3/164,36/8363,0.03295257132456266,4.609227993403778,3,36,Montipora_capitata_HIv3___RNAseq.g24942.t1/Montipora_capitata_HIv3___TS.g33523.t1/Montipora_capitata_HIv3___RNAseq.g14488.t1,0.3251087203665415,specific granule lumen,CC
GO:0046849,bone remodeling,3/164,36/8363,0.03295257132456266,4.609227993403778,3,36,Montipora_capitata_HIv3___RNAseq.g44960.t2/Montipora_capitata_HIv3___RNAseq.21467_t/Montipora_capitata_HIv3___TS.g10359.t4b,0.3251087203665415,bone remodeling,BP
GO:0010518,positive regulation of phospholipase activity,3/164,36/8363,0.03295257132456266,4.609227993403778,3,36,Montipora_capitata_HIv3___TS.g33283.t2/Montipora_capitata_HIv3___RNAseq.g13129.t1/Montipora_capitata_HIv3___RNAseq.g8971.t1,0.3251087203665415,positive regulation of phospholipase activity,BP
GO:0048678,response to axon injury,4/164,62/8363,0.03301434656084343,3.50803654475119,4,62,Montipora_capitata_HIv3___RNAseq.g44814.t1/Montipora_capitata_HIv3___RNAseq.g8971.t1/Montipora_capitata_HIv3___TS.g33523.t1/Montipora_capitata_HIv3___RNAseq.g14488.t1,0.3251087203665415,response to axon injury,BP
GO:0051341,regulation of oxidoreductase activity,4/164,62/8363,0.03301434656084343,3.50803654475119,4,62,Montipora_capitata_HIv3___RNAseq.g46378.t1/Montipora_capitata_HIv3___RNAseq.g44814.t1/Montipora_capitata_HIv3___RNAseq.g14488.t1/Montipora_capitata_HIv3___RNAseq.g37450.t2,0.3251087203665415,regulation of oxidoreductase activity,BP
GO:0002694,regulation of leukocyte activation,8/164,190/8363,0.03318690151189649,2.2584920332671756,8,190,Montipora_capitata_HIv3___RNAseq.g44960.t2/Montipora_capitata_HIv3___RNAseq.21467_t/Montipora_capitata_HIv3___RNAseq.g36907.t1/Montipora_capitata_HIv3___RNAseq.g42740.t1/Montipora_capitata_HIv3___RNAseq.g43161.t1a/Montipora_capitata_HIv3___RNAseq.g44445.t1/Montipora_capitata_HIv3___RNAseq.g14488.t1/Montipora_capitata_HIv3___RNAseq.g20763.t1,0.3251087203665415,regulation of leukocyte activation,BP
GO:0050714,positive regulation of protein secretion,6/164,123/8363,0.033706987347053866,2.622585375536222,6,123,Montipora_capitata_HIv3___TS.g33283.t2/Montipora_capitata_HIv3___RNAseq.g7741.t1/Montipora_capitata_HIv3___RNAseq.g35008.t1/Montipora_capitata_HIv3___RNAseq.g24095.t1/Montipora_capitata_HIv3___RNAseq.g44814.t1/Montipora_capitata_HIv3___TS.g47745.t1,0.32817784613358575,positive regulation of protein secretion,BP
GO:0004888,transmembrane signaling receptor activity,10/164,263/8363,0.033924561407637284,2.0392194265588133,10,263,Montipora_capitata_HIv3___RNAseq.g5395.t1/Montipora_capitata_HIv3___RNAseq.g2640.t1a/Montipora_capitata_HIv3___TS.g27540.t1/Montipora_capitata_HIv3___RNAseq.g11237.t1/Montipora_capitata_HIv3___RNAseq.g13129.t1/Montipora_capitata_HIv3___RNAseq.g39648.t1/Montipora_capitata_HIv3___RNAseq.g35008.t1/Montipora_capitata_HIv3___RNAseq.g8971.t1/Montipora_capitata_HIv3___RNAseq.g28116.t1/Montipora_capitata_HIv3___RNAseq.g23366.t1,0.3282821887434169,transmembrane signaling receptor activity,MF
GO:0045087,innate immune response,9/164,228/8363,0.035216885705044915,2.115475812646608,9,228,Montipora_capitata_HIv3___TS.g33283.t2/Montipora_capitata_HIv3___RNAseq.g6978.t1/Montipora_capitata_HIv3___RNAseq.g2640.t1a/Montipora_capitata_HIv3___RNAseq.g44960.t2/Montipora_capitata_HIv3___RNAseq.21467_t/Montipora_capitata_HIv3___RNAseq.g49895.t2/Montipora_capitata_HIv3___RNAseq.g46378.t1/Montipora_capitata_HIv3___RNAseq.g15140.t1/Montipora_capitata_HIv3___RNAseq.g14488.t1,0.33803348509746095,innate immune response,BP
GO:0106027,neuron projection organization,3/164,37/8363,0.03535825994088123,4.472730798052247,3,37,Montipora_capitata_HIv3___RNAseq.g23734.t3/Montipora_capitata_HIv3___RNAseq.g35804.t1/Montipora_capitata_HIv3___RNAseq.g35720.t1,0.33803348509746095,neuron projection organization,BP
GO:0006650,glycerophospholipid metabolic process,9/164,229/8363,0.0360635674064834,2.1056117653526973,9,229,Montipora_capitata_HIv3___TS.g33283.t2/Montipora_capitata_HIv3___RNAseq.g24095.t1/Montipora_capitata_HIv3___RNAseq.g8971.t1/Montipora_capitata_HIv3___RNAseq.g33449.t1/Montipora_capitata_HIv3___TS.g50674.t1/Montipora_capitata_HIv3___RNAseq.g6934.t1/Montipora_capitata_HIv3___RNAseq.g44719.t1/Montipora_capitata_HIv3___RNAseq.g8867.t2/Montipora_capitata_HIv3___RNAseq.g44445.t1,0.3413153633886209,glycerophospholipid metabolic process,BP
GO:1990748,cellular detoxification,4/164,64/8363,0.03650129659942783,3.3903189176227975,4,64,Montipora_capitata_HIv3___RNAseq.g34092.t1/Montipora_capitata_HIv3___RNAseq.g44519.t1/Montipora_capitata_HIv3___RNAseq.g37645.t1/Montipora_capitata_HIv3___RNAseq.g33997.t1,0.3413153633886209,cellular detoxification,BP
GO:0061630,ubiquitin protein ligase activity,7/164,159/8363,0.03668519288808335,2.360025106627966,7,159,Montipora_capitata_HIv3___RNAseq.g44960.t2/Montipora_capitata_HIv3___RNAseq.21467_t/Montipora_capitata_HIv3___RNAseq.g15186.t1/Montipora_capitata_HIv3___RNAseq.g32149.t1/Montipora_capitata_HIv3___RNAseq.g22553.t1c/Montipora_capitata_HIv3___RNAseq.g23247.t1/Montipora_capitata_HIv3___RNAseq.g15188.t1,0.3413153633886209,ubiquitin protein ligase activity,MF
GO:0031396,regulation of protein ubiquitination,8/164,194/8363,0.03686347024769392,2.2090145957732252,8,194,Montipora_capitata_HIv3___TS.g1118.t1/Montipora_capitata_HIv3___RNAseq.g7741.t1/Montipora_capitata_HIv3___RNAseq.g44960.t2/Montipora_capitata_HIv3___RNAseq.21467_t/Montipora_capitata_HIv3___RNAseq.g8971.t1/Montipora_capitata_HIv3___RNAseq.g30678.t1b/Montipora_capitata_HIv3___RNAseq.g42740.t1/Montipora_capitata_HIv3___RNAseq.g15029.t1b,0.3413153633886209,regulation of protein ubiquitination,BP
GO:0030879,mammary gland development,5/164,94/8363,0.037092782988808005,2.8648848342850917,5,94,Montipora_capitata_HIv3___RNAseq.g668.t1/Montipora_capitata_HIv3___RNAseq.g46378.t1/Montipora_capitata_HIv3___RNAseq.g44814.t1/Montipora_capitata_HIv3___RNAseq.g8971.t1/Montipora_capitata_HIv3___RNAseq.g14488.t1,0.3413153633886209,mammary gland development,BP
GO:0022409,positive regulation of cell-cell adhesion,5/164,94/8363,0.037092782988808005,2.8648848342850917,5,94,Montipora_capitata_HIv3___RNAseq.g44960.t2/Montipora_capitata_HIv3___RNAseq.21467_t/Montipora_capitata_HIv3___RNAseq.g42740.t1/Montipora_capitata_HIv3___RNAseq.g43161.t1a/Montipora_capitata_HIv3___RNAseq.g20763.t1,0.3413153633886209,positive regulation of cell-cell adhesion,BP
GO:0002833,positive regulation of response to biotic stimulus,3/164,38/8363,0.037852239418019705,4.3447706388349125,3,38,Montipora_capitata_HIv3___RNAseq.g44960.t2/Montipora_capitata_HIv3___RNAseq.21467_t/Montipora_capitata_HIv3___RNAseq.g14488.t1,0.3413153633886209,positive regulation of response to biotic stimulus,BP
GO:2000677,regulation of transcription regulatory region DNA binding,3/164,38/8363,0.037852239418019705,4.3447706388349125,3,38,Montipora_capitata_HIv3___RNAseq.g44960.t2/Montipora_capitata_HIv3___RNAseq.21467_t/Montipora_capitata_HIv3___RNAseq.g15029.t1b,0.3413153633886209,regulation of transcription regulatory region DNA binding,BP
GO:0002312,B cell activation involved in immune response,3/164,38/8363,0.037852239418019705,4.3447706388349125,3,38,Montipora_capitata_HIv3___RNAseq.g23734.t3/Montipora_capitata_HIv3___RNAseq.g35804.t1/Montipora_capitata_HIv3___RNAseq.g35720.t1,0.3413153633886209,B cell activation involved in immune response,BP
GO:0007280,pole cell migration,3/164,38/8363,0.037852239418019705,4.3447706388349125,3,38,Montipora_capitata_HIv3___RNAseq.g36907.t1/Montipora_capitata_HIv3___RNAseq.g8971.t1/Montipora_capitata_HIv3___RNAseq.g28116.t1,0.3413153633886209,pole cell migration,BP
GO:0002521,leukocyte differentiation,8/164,196/8363,0.03880111210388949,2.1849474160667635,8,196,Montipora_capitata_HIv3___RNAseq.g23734.t3/Montipora_capitata_HIv3___RNAseq.g35804.t1/Montipora_capitata_HIv3___RNAseq.g7741.t1/Montipora_capitata_HIv3___RNAseq.g44960.t2/Montipora_capitata_HIv3___RNAseq.21467_t/Montipora_capitata_HIv3___RNAseq.g35008.t1/Montipora_capitata_HIv3___RNAseq.g35720.t1/Montipora_capitata_HIv3___RNAseq.g43161.t1a,0.3463482986517928,leukocyte differentiation,BP
GO:0061659,ubiquitin-like protein ligase activity,7/164,161/8363,0.038846879117844436,2.3288173709072884,7,161,Montipora_capitata_HIv3___RNAseq.g44960.t2/Montipora_capitata_HIv3___RNAseq.21467_t/Montipora_capitata_HIv3___RNAseq.g15186.t1/Montipora_capitata_HIv3___RNAseq.g32149.t1/Montipora_capitata_HIv3___RNAseq.g22553.t1c/Montipora_capitata_HIv3___RNAseq.g23247.t1/Montipora_capitata_HIv3___RNAseq.g15188.t1,0.3463482986517928,ubiquitin-like protein ligase activity,MF
GO:0031226,GO:0031226,19/164,630/8363,0.03921750844956905,1.627189607802581,19,630,Montipora_capitata_HIv3___RNAseq.g11548.t1/Montipora_capitata_HIv3___RNAseq.g2640.t1a/Montipora_capitata_HIv3___TS.g27540.t1/Montipora_capitata_HIv3___RNAseq.g44960.t2/Montipora_capitata_HIv3___RNAseq.21467_t/Montipora_capitata_HIv3___RNAseq.g13129.t1/Montipora_capitata_HIv3___RNAseq.g38848.t1/Montipora_capitata_HIv3___RNAseq.g36907.t1/Montipora_capitata_HIv3___RNAseq.g35008.t1/Montipora_capitata_HIv3___RNAseq.g668.t1/Montipora_capitata_HIv3___RNAseq.g8971.t1/Montipora_capitata_HIv3___TS.g4674.t2b/Montipora_capitata_HIv3___RNAseq.g33449.t1/Montipora_capitata_HIv3___TS.g33523.t1/Montipora_capitata_HIv3___RNAseq.g33997.t1/Montipora_capitata_HIv3___RNAseq.g6934.t1/Montipora_capitata_HIv3___RNAseq.g28116.t1/Montipora_capitata_HIv3___RNAseq.g4457.t1/Montipora_capitata_HIv3___RNAseq.g44445.t1,0.34769936262271556,NA,NA
GO:0051489,regulation of filopodium assembly,4/164,66/8363,0.04019308783394485,3.280174463230104,4,66,Montipora_capitata_HIv3___RNAseq.g23734.t3/Montipora_capitata_HIv3___RNAseq.g35804.t1/Montipora_capitata_HIv3___RNAseq.g24942.t1/Montipora_capitata_HIv3___RNAseq.g35720.t1,0.35064775271519083,regulation of filopodium assembly,BP
GO:2001022,GO:2001022,4/164,66/8363,0.04019308783394485,3.280174463230104,4,66,Montipora_capitata_HIv3___TS.g1118.t1/Montipora_capitata_HIv3___RNAseq.g43161.t1a/Montipora_capitata_HIv3___RNAseq.g44445.t1/Montipora_capitata_HIv3___TS.g47745.t1,0.35064775271519083,NA,NA
GO:0043551,regulation of phosphatidylinositol 3-kinase activity,3/164,39/8363,0.04043386184428476,4.223524350412202,3,39,Montipora_capitata_HIv3___RNAseq.g6978.t1/Montipora_capitata_HIv3___RNAseq.g8971.t1/Montipora_capitata_HIv3___RNAseq.g15029.t1b,0.35064775271519083,regulation of phosphatidylinositol 3-kinase activity,BP
GO:0016896,"RNA exonuclease activity, producing 5'-phosphomonoesters",3/164,39/8363,0.04043386184428476,4.223524350412202,3,39,Montipora_capitata_HIv3___RNAseq.g42608.t1/Montipora_capitata_HIv3___RNAseq.g4241.t1/Montipora_capitata_HIv3___RNAseq.g18929.t1,0.35064775271519083,"RNA exonuclease activity, producing 5'-phosphomonoesters",MF
GO:0006952,defense response,16/164,509/8363,0.04118190956360796,1.6896808396554628,16,509,Montipora_capitata_HIv3___TS.g33283.t2/Montipora_capitata_HIv3___RNAseq.g6978.t1/Montipora_capitata_HIv3___RNAseq.g2640.t1a/Montipora_capitata_HIv3___RNAseq.g44519.t1/Montipora_capitata_HIv3___RNAseq.g44960.t2/Montipora_capitata_HIv3___RNAseq.21467_t/Montipora_capitata_HIv3___RNAseq.g49895.t2/Montipora_capitata_HIv3___RNAseq.g46378.t1/Montipora_capitata_HIv3___RNAseq.g24095.t1/Montipora_capitata_HIv3___RNAseq.g44814.t1/Montipora_capitata_HIv3___RNAseq.g18698.t1/Montipora_capitata_HIv3___TS.g33523.t1/Montipora_capitata_HIv3___RNAseq.g18929.t1/Montipora_capitata_HIv3___RNAseq.g15140.t1/Montipora_capitata_HIv3___RNAseq.g44445.t1/Montipora_capitata_HIv3___RNAseq.g14488.t1,0.3548985227047723,defense response,BP
GO:0043087,regulation of GTPase activity,9/164,235/8363,0.0414392723865484,2.0481704828819947,9,235,Montipora_capitata_HIv3___RNAseq.g7992.t1/Montipora_capitata_HIv3___RNAseq.g23734.t3/Montipora_capitata_HIv3___RNAseq.g35804.t1/Montipora_capitata_HIv3___TS.g29616.t1/Montipora_capitata_HIv3___RNAseq.g12596.t1/Montipora_capitata_HIv3___RNAseq.g29879.t1b/Montipora_capitata_HIv3___RNAseq.g35720.t1/Montipora_capitata_HIv3___RNAseq.g49962.t1/Montipora_capitata_HIv3___RNAseq.g41226.t1,0.3548985227047723,regulation of GTPase activity,BP
GO:0050865,regulation of cell activation,8/164,199/8363,0.041834076600653206,2.1498126005742164,8,199,Montipora_capitata_HIv3___RNAseq.g44960.t2/Montipora_capitata_HIv3___RNAseq.21467_t/Montipora_capitata_HIv3___RNAseq.g36907.t1/Montipora_capitata_HIv3___RNAseq.g42740.t1/Montipora_capitata_HIv3___RNAseq.g43161.t1a/Montipora_capitata_HIv3___RNAseq.g44445.t1/Montipora_capitata_HIv3___RNAseq.g14488.t1/Montipora_capitata_HIv3___RNAseq.g20763.t1,0.3548985227047723,regulation of cell activation,BP
GO:0002822,regulation of adaptive immune response based on somatic recombination of immune receptors built from immunoglobulin superfamily domains,4/164,67/8363,0.04211593519218163,3.227723052047473,4,67,Montipora_capitata_HIv3___RNAseq.g44960.t2/Montipora_capitata_HIv3___RNAseq.21467_t/Montipora_capitata_HIv3___RNAseq.g35008.t1/Montipora_capitata_HIv3___RNAseq.g14488.t1,0.3548985227047723,regulation of adaptive immune response based on somatic recombination of immune receptors built from immunoglobulin superfamily domains,BP
GO:0051249,regulation of lymphocyte activation,7/164,164/8363,0.04224374094448043,2.2834860861700528,7,164,Montipora_capitata_HIv3___RNAseq.g44960.t2/Montipora_capitata_HIv3___RNAseq.21467_t/Montipora_capitata_HIv3___RNAseq.g36907.t1/Montipora_capitata_HIv3___RNAseq.g42740.t1/Montipora_capitata_HIv3___RNAseq.g43161.t1a/Montipora_capitata_HIv3___RNAseq.g14488.t1/Montipora_capitata_HIv3___RNAseq.g20763.t1,0.3548985227047723,regulation of lymphocyte activation,BP
GO:0045740,positive regulation of DNA replication,3/164,40/8363,0.04310239948457739,4.109036412856396,3,40,Montipora_capitata_HIv3___TS.g33283.t2/Montipora_capitata_HIv3___RNAseq.g8971.t1/Montipora_capitata_HIv3___TS.g47745.t1,0.3548985227047723,positive regulation of DNA replication,BP
GO:0043388,positive regulation of DNA binding,3/164,40/8363,0.04310239948457739,4.109036412856396,3,40,Montipora_capitata_HIv3___RNAseq.g44960.t2/Montipora_capitata_HIv3___RNAseq.21467_t/Montipora_capitata_HIv3___RNAseq.g41333.t1,0.3548985227047723,positive regulation of DNA binding,BP
GO:0002224,toll-like receptor signaling pathway,3/164,40/8363,0.04310239948457739,4.109036412856396,3,40,Montipora_capitata_HIv3___RNAseq.g11548.t1/Montipora_capitata_HIv3___RNAseq.g44960.t2/Montipora_capitata_HIv3___RNAseq.21467_t,0.3548985227047723,toll-like receptor signaling pathway,BP
GO:0004532,RNA exonuclease activity,3/164,40/8363,0.04310239948457739,4.109036412856396,3,40,Montipora_capitata_HIv3___RNAseq.g42608.t1/Montipora_capitata_HIv3___RNAseq.g4241.t1/Montipora_capitata_HIv3___RNAseq.g18929.t1,0.3548985227047723,RNA exonuclease activity,MF
GO:0052689,carboxylic ester hydrolase activity,5/164,98/8363,0.043160311834921895,2.7403576820631583,5,98,Montipora_capitata_HIv3___TS.g33283.t2/Montipora_capitata_HIv3___RNAseq.g24095.t1/Montipora_capitata_HIv3___RNAseq.g14515.t1/Montipora_capitata_HIv3___RNAseq.g6934.t1/Montipora_capitata_HIv3___RNAseq.g44719.t1,0.3548985227047723,carboxylic ester hydrolase activity,MF
GO:0008236,serine-type peptidase activity,4/164,68/8363,0.044090092860679955,3.1769099075759613,4,68,Montipora_capitata_HIv3___RNAseq.g20771.t1/Montipora_capitata_HIv3___RNAseq.g20807.t2/Montipora_capitata_HIv3___RNAseq.g14625.t1/Montipora_capitata_HIv3___RNAseq.g39706.t2,0.36067514108195403,serine-type peptidase activity,MF
GO:0050708,regulation of protein secretion,9/164,238/8363,0.04432093643966032,2.0206124780686534,9,238,Montipora_capitata_HIv3___TS.g33283.t2/Montipora_capitata_HIv3___RNAseq.g7741.t1/Montipora_capitata_HIv3___RNAseq.g44960.t2/Montipora_capitata_HIv3___RNAseq.21467_t/Montipora_capitata_HIv3___RNAseq.g35008.t1/Montipora_capitata_HIv3___RNAseq.g24095.t1/Montipora_capitata_HIv3___RNAseq.g44814.t1/Montipora_capitata_HIv3___RNAseq.g14488.t1/Montipora_capitata_HIv3___TS.g47745.t1,0.36070423656277395,regulation of protein secretion,BP
GO:0045505,dynein intermediate chain binding,3/164,41/8363,0.04585704946782845,4.00047507737202,3,41,Montipora_capitata_HIv3___RNAseq.g36838.t1/Montipora_capitata_HIv3___TS.g5595.t1/Montipora_capitata_HIv3___TS.g5653.t1,0.3638756875272187,dynein intermediate chain binding,MF
GO:0060443,mammary gland morphogenesis,3/164,41/8363,0.04585704946782845,4.00047507737202,3,41,Montipora_capitata_HIv3___RNAseq.g668.t1/Montipora_capitata_HIv3___RNAseq.g8971.t1/Montipora_capitata_HIv3___RNAseq.g14488.t1,0.3638756875272187,mammary gland morphogenesis,BP
GO:0010517,regulation of phospholipase activity,3/164,41/8363,0.04585704946782845,4.00047507737202,3,41,Montipora_capitata_HIv3___TS.g33283.t2/Montipora_capitata_HIv3___RNAseq.g13129.t1/Montipora_capitata_HIv3___RNAseq.g8971.t1,0.3638756875272187,regulation of phospholipase activity,BP
GO:0000291,"nuclear-transcribed mRNA catabolic process, exonucleolytic",3/164,41/8363,0.04585704946782845,4.00047507737202,3,41,Montipora_capitata_HIv3___RNAseq.g42608.t1/Montipora_capitata_HIv3___RNAseq.g4241.t1/Montipora_capitata_HIv3___RNAseq.g18929.t1,0.3638756875272187,"nuclear-transcribed mRNA catabolic process, exonucleolytic",BP
GO:0030145,manganese ion binding,3/164,41/8363,0.04585704946782845,4.00047507737202,3,41,Montipora_capitata_HIv3___RNAseq.g12736.t1/Montipora_capitata_HIv3___RNAseq.g8867.t2/Montipora_capitata_HIv3___RNAseq.g14488.t1,0.3638756875272187,manganese ion binding,MF
GO:0098661,inorganic anion transmembrane transport,4/164,69/8363,0.046115529016028126,3.1276596298229657,4,69,Montipora_capitata_HIv3___RNAseq.g13129.t1/Montipora_capitata_HIv3___RNAseq.g668.t1/Montipora_capitata_HIv3___RNAseq.g20250.t1/Montipora_capitata_HIv3___RNAseq.g23366.t1,0.36410619178326686,inorganic anion transmembrane transport,BP
GO:0007565,female pregnancy,5/164,100/8363,0.046405489625525743,2.681921026246275,5,100,Montipora_capitata_HIv3___RNAseq.g46378.t1/Montipora_capitata_HIv3___RNAseq.g24095.t1/Montipora_capitata_HIv3___RNAseq.g44814.t1/Montipora_capitata_HIv3___RNAseq.g8971.t1/Montipora_capitata_HIv3___RNAseq.g14488.t1,0.36458174275103644,female pregnancy,BP
GO:0038023,signaling receptor activity,11/164,317/8363,0.047061036970394265,1.854371821469619,11,317,Montipora_capitata_HIv3___RNAseq.g5395.t1/Montipora_capitata_HIv3___RNAseq.g2640.t1a/Montipora_capitata_HIv3___TS.g27540.t1/Montipora_capitata_HIv3___RNAseq.g11237.t1/Montipora_capitata_HIv3___RNAseq.g13129.t1/Montipora_capitata_HIv3___RNAseq.g39648.t1/Montipora_capitata_HIv3___RNAseq.g35008.t1/Montipora_capitata_HIv3___RNAseq.g8971.t1/Montipora_capitata_HIv3___TS.g33523.t1/Montipora_capitata_HIv3___RNAseq.g28116.t1/Montipora_capitata_HIv3___RNAseq.g23366.t1,0.3679106683350527,signaling receptor activity,MF
GO:0001841,neural tube formation,5/164,101/8363,0.048081243610379965,2.6536759833082444,5,101,Montipora_capitata_HIv3___RNAseq.g7741.t1/Montipora_capitata_HIv3___RNAseq.g44960.t2/Montipora_capitata_HIv3___RNAseq.21467_t/Montipora_capitata_HIv3___RNAseq.g44814.t1/Montipora_capitata_HIv3___TS.g33523.t1,0.37154827442033383,neural tube formation,BP
GO:0004620,phospholipase activity,4/164,70/8363,0.04819218161711355,3.0799112390972434,4,70,Montipora_capitata_HIv3___TS.g33283.t2/Montipora_capitata_HIv3___RNAseq.g24095.t1/Montipora_capitata_HIv3___RNAseq.g6934.t1/Montipora_capitata_HIv3___RNAseq.g44719.t1,0.37154827442033383,phospholipase activity,MF
GO:0098542,defense response to other organism,9/164,242/8363,0.04836881861265068,1.9849363575487315,9,242,Montipora_capitata_HIv3___TS.g33283.t2/Montipora_capitata_HIv3___RNAseq.g6978.t1/Montipora_capitata_HIv3___RNAseq.g44519.t1/Montipora_capitata_HIv3___RNAseq.g49895.t2/Montipora_capitata_HIv3___RNAseq.g24095.t1/Montipora_capitata_HIv3___RNAseq.g18698.t1/Montipora_capitata_HIv3___RNAseq.g18929.t1/Montipora_capitata_HIv3___RNAseq.g44445.t1/Montipora_capitata_HIv3___RNAseq.g14488.t1,0.37154827442033383,defense response to other organism,BP
GO:0044390,ubiquitin-like protein conjugating enzyme binding,3/164,42/8363,0.04869693829831723,3.897509121178824,3,42,Montipora_capitata_HIv3___RNAseq.g44960.t2/Montipora_capitata_HIv3___RNAseq.21467_t/Montipora_capitata_HIv3___RNAseq.g32149.t1,0.37154827442033383,ubiquitin-like protein conjugating enzyme binding,MF
GO:0045739,positive regulation of DNA repair,3/164,42/8363,0.04869693829831723,3.897509121178824,3,42,Montipora_capitata_HIv3___TS.g1118.t1/Montipora_capitata_HIv3___RNAseq.g43161.t1a/Montipora_capitata_HIv3___TS.g47745.t1,0.37154827442033383,positive regulation of DNA repair,BP
GO:0038093,Fc receptor signaling pathway,4/164,71/8363,0.05031995903112385,3.033585390527476,4,71,Montipora_capitata_HIv3___RNAseq.g44960.t2/Montipora_capitata_HIv3___RNAseq.21467_t/Montipora_capitata_HIv3___RNAseq.g24942.t1/Montipora_capitata_HIv3___RNAseq.g24095.t1,0.37870682475900974,Fc receptor signaling pathway,BP
GO:1904951,positive regulation of establishment of protein localization,9/164,244/8363,0.050482150941677996,1.9675548450217382,9,244,Montipora_capitata_HIv3___TS.g33283.t2/Montipora_capitata_HIv3___RNAseq.g6978.t1/Montipora_capitata_HIv3___RNAseq.g5395.t1/Montipora_capitata_HIv3___RNAseq.g7741.t1/Montipora_capitata_HIv3___RNAseq.g37193.t1/Montipora_capitata_HIv3___RNAseq.g35008.t1/Montipora_capitata_HIv3___RNAseq.g24095.t1/Montipora_capitata_HIv3___RNAseq.g44814.t1/Montipora_capitata_HIv3___TS.g47745.t1,0.37870682475900974,positive regulation of establishment of protein localization,BP
GO:0044706,multi-multicellular organism process,6/164,136/8363,0.0508384263466679,2.3566681819261137,6,136,Montipora_capitata_HIv3___RNAseq.g14946.t1/Montipora_capitata_HIv3___RNAseq.g46378.t1/Montipora_capitata_HIv3___RNAseq.g24095.t1/Montipora_capitata_HIv3___RNAseq.g44814.t1/Montipora_capitata_HIv3___RNAseq.g8971.t1/Montipora_capitata_HIv3___RNAseq.g14488.t1,0.37870682475900974,multi-multicellular organism process,BP
GO:0060089,molecular transducer activity,11/164,322/8363,0.051611464730698865,1.8232491550945813,11,322,Montipora_capitata_HIv3___RNAseq.g5395.t1/Montipora_capitata_HIv3___RNAseq.g2640.t1a/Montipora_capitata_HIv3___TS.g27540.t1/Montipora_capitata_HIv3___RNAseq.g11237.t1/Montipora_capitata_HIv3___RNAseq.g13129.t1/Montipora_capitata_HIv3___RNAseq.g39648.t1/Montipora_capitata_HIv3___RNAseq.g35008.t1/Montipora_capitata_HIv3___RNAseq.g8971.t1/Montipora_capitata_HIv3___TS.g33523.t1/Montipora_capitata_HIv3___RNAseq.g28116.t1/Montipora_capitata_HIv3___RNAseq.g23366.t1,0.37870682475900974,molecular transducer activity,MF
GO:0030216,keratinocyte differentiation,3/164,43/8363,0.05162112619636179,3.799733004350325,3,43,Montipora_capitata_HIv3___RNAseq.g14625.t1/Montipora_capitata_HIv3___TS.g10359.t4b/Montipora_capitata_HIv3___RNAseq.g39706.t2,0.37870682475900974,keratinocyte differentiation,BP
GO:0015909,long-chain fatty acid transport,3/164,43/8363,0.05162112619636179,3.799733004350325,3,43,Montipora_capitata_HIv3___TS.g33283.t2/Montipora_capitata_HIv3___TS.g32048.t1/Montipora_capitata_HIv3___RNAseq.g13129.t1,0.37870682475900974,long-chain fatty acid transport,BP
GO:0043550,regulation of lipid kinase activity,3/164,43/8363,0.05162112619636179,3.799733004350325,3,43,Montipora_capitata_HIv3___RNAseq.g6978.t1/Montipora_capitata_HIv3___RNAseq.g8971.t1/Montipora_capitata_HIv3___RNAseq.g15029.t1b,0.37870682475900974,regulation of lipid kinase activity,BP
GO:0090503,GO:0090503,3/164,43/8363,0.05162112619636179,3.799733004350325,3,43,Montipora_capitata_HIv3___RNAseq.g42608.t1/Montipora_capitata_HIv3___RNAseq.g4241.t1/Montipora_capitata_HIv3___RNAseq.g18929.t1,0.37870682475900974,NA,NA
GO:0030098,lymphocyte differentiation,6/164,137/8363,0.05234216778975309,2.3384015083093406,6,137,Montipora_capitata_HIv3___RNAseq.g23734.t3/Montipora_capitata_HIv3___RNAseq.g35804.t1/Montipora_capitata_HIv3___RNAseq.g7741.t1/Montipora_capitata_HIv3___RNAseq.g35008.t1/Montipora_capitata_HIv3___RNAseq.g35720.t1/Montipora_capitata_HIv3___RNAseq.g43161.t1a,0.37870682475900974,lymphocyte differentiation,BP
GO:0001819,positive regulation of cytokine production,6/164,137/8363,0.05234216778975309,2.3384015083093406,6,137,Montipora_capitata_HIv3___RNAseq.g44519.t1/Montipora_capitata_HIv3___RNAseq.g44960.t2/Montipora_capitata_HIv3___RNAseq.21467_t/Montipora_capitata_HIv3___RNAseq.g35008.t1/Montipora_capitata_HIv3___RNAseq.g44814.t1/Montipora_capitata_HIv3___TS.g47745.t1,0.37870682475900974,positive regulation of cytokine production,BP
GO:0008088,axo-dendritic transport,4/164,72/8363,0.05249874067232649,2.9886223359787905,4,72,Montipora_capitata_HIv3___RNAseq.g36838.t1/Montipora_capitata_HIv3___RNAseq.g44814.t1/Montipora_capitata_HIv3___RNAseq.g42740.t1/Montipora_capitata_HIv3___RNAseq.g1174.t1,0.37870682475900974,axo-dendritic transport,BP
GO:0048661,positive regulation of smooth muscle cell proliferation,4/164,72/8363,0.05249874067232649,2.9886223359787905,4,72,Montipora_capitata_HIv3___RNAseq.g44960.t2/Montipora_capitata_HIv3___RNAseq.21467_t/Montipora_capitata_HIv3___RNAseq.g44814.t1/Montipora_capitata_HIv3___RNAseq.g8971.t1,0.37870682475900974,positive regulation of smooth muscle cell proliferation,BP
GO:0002682,regulation of immune system process,19/164,653/8363,0.05298282900697417,1.5634118191680988,19,653,Montipora_capitata_HIv3___TS.g33283.t2/Montipora_capitata_HIv3___TS.g1118.t1/Montipora_capitata_HIv3___RNAseq.g11548.t1/Montipora_capitata_HIv3___RNAseq.g44960.t2/Montipora_capitata_HIv3___RNAseq.21467_t/Montipora_capitata_HIv3___RNAseq.g36907.t1/Montipora_capitata_HIv3___RNAseq.g35008.t1/Montipora_capitata_HIv3___RNAseq.g24942.t1/Montipora_capitata_HIv3___RNAseq.g24095.t1/Montipora_capitata_HIv3___RNAseq.g44814.t1/Montipora_capitata_HIv3___RNAseq.g18698.t1/Montipora_capitata_HIv3___RNAseq.g8971.t1/Montipora_capitata_HIv3___RNAseq.g42740.t1/Montipora_capitata_HIv3___RNAseq.g43161.t1a/Montipora_capitata_HIv3___RNAseq.g15029.t1b/Montipora_capitata_HIv3___RNAseq.g44445.t1/Montipora_capitata_HIv3___RNAseq.g14488.t1/Montipora_capitata_HIv3___TS.g47745.t1/Montipora_capitata_HIv3___RNAseq.g20763.t1,0.3804694553577738,regulation of immune system process,BP
GO:0002793,positive regulation of peptide secretion,6/164,138/8363,0.053872892134684096,2.320409073162432,6,138,Montipora_capitata_HIv3___TS.g33283.t2/Montipora_capitata_HIv3___RNAseq.g7741.t1/Montipora_capitata_HIv3___RNAseq.g35008.t1/Montipora_capitata_HIv3___RNAseq.g24095.t1/Montipora_capitata_HIv3___RNAseq.g44814.t1/Montipora_capitata_HIv3___TS.g47745.t1,0.380938312868158,positive regulation of peptide secretion,BP
GO:0044255,cellular lipid metabolic process,19/164,655/8363,0.054324604432519456,1.558083888614546,19,655,Montipora_capitata_HIv3___TS.g33283.t2/Montipora_capitata_HIv3___RNAseq.g6978.t1/Montipora_capitata_HIv3___TS.g44069.t1/Montipora_capitata_HIv3___RNAseq.g36836.t1/Montipora_capitata_HIv3___RNAseq.g668.t1/Montipora_capitata_HIv3___RNAseq.g46378.t1/Montipora_capitata_HIv3___RNAseq.g24095.t1/Montipora_capitata_HIv3___RNAseq.g8971.t1/Montipora_capitata_HIv3___RNAseq.g37645.t1/Montipora_capitata_HIv3___RNAseq.g33449.t1/Montipora_capitata_HIv3___RNAseq.g11214.t1/Montipora_capitata_HIv3___TS.g50674.t1/Montipora_capitata_HIv3___RNAseq.g6934.t1/Montipora_capitata_HIv3___RNAseq.g44719.t1/Montipora_capitata_HIv3___RNAseq.g9087.t1/Montipora_capitata_HIv3___RNAseq.g14956.t1/Montipora_capitata_HIv3___RNAseq.g8867.t2/Montipora_capitata_HIv3___RNAseq.g44445.t1/Montipora_capitata_HIv3___RNAseq.g14960.t1,0.380938312868158,cellular lipid metabolic process,BP
GO:0009986,cell surface,11/164,325/8363,0.05448031757057708,1.805179362482571,11,325,Montipora_capitata_HIv3___TS.g33283.t2/Montipora_capitata_HIv3___RNAseq.g2640.t1a/Montipora_capitata_HIv3___RNAseq.g38848.t1/Montipora_capitata_HIv3___RNAseq.g36907.t1/Montipora_capitata_HIv3___RNAseq.g35008.t1/Montipora_capitata_HIv3___RNAseq.g668.t1/Montipora_capitata_HIv3___RNAseq.g14515.t1/Montipora_capitata_HIv3___RNAseq.g8971.t1/Montipora_capitata_HIv3___RNAseq.g33449.t1/Montipora_capitata_HIv3___TS.g33523.t1/Montipora_capitata_HIv3___RNAseq.g39706.t2,0.380938312868158,cell surface,CC
GO:0060193,positive regulation of lipase activity,3/164,44/8363,0.054628611273713545,3.706775152506121,3,44,Montipora_capitata_HIv3___TS.g33283.t2/Montipora_capitata_HIv3___RNAseq.g13129.t1/Montipora_capitata_HIv3___RNAseq.g8971.t1,0.380938312868158,positive regulation of lipase activity,BP
GO:0002708,positive regulation of lymphocyte mediated immunity,3/164,44/8363,0.054628611273713545,3.706775152506121,3,44,Montipora_capitata_HIv3___RNAseq.g44960.t2/Montipora_capitata_HIv3___RNAseq.21467_t/Montipora_capitata_HIv3___RNAseq.g35008.t1,0.380938312868158,positive regulation of lymphocyte mediated immunity,BP
GO:2001222,regulation of neuron migration,3/164,44/8363,0.054628611273713545,3.706775152506121,3,44,Montipora_capitata_HIv3___RNAseq.g35008.t1/Montipora_capitata_HIv3___TS.g10359.t4b/Montipora_capitata_HIv3___RNAseq.g39706.t2,0.380938312868158,regulation of neuron migration,BP
GO:0002819,regulation of adaptive immune response,4/164,73/8363,0.05472837765213612,2.9449627326975,4,73,Montipora_capitata_HIv3___RNAseq.g44960.t2/Montipora_capitata_HIv3___RNAseq.21467_t/Montipora_capitata_HIv3___RNAseq.g35008.t1/Montipora_capitata_HIv3___RNAseq.g14488.t1,0.380938312868158,regulation of adaptive immune response,BP
GO:0044242,cellular lipid catabolic process,6/164,139/8363,0.05543065226823718,2.3026853664289577,6,139,Montipora_capitata_HIv3___TS.g33283.t2/Montipora_capitata_HIv3___RNAseq.g6934.t1/Montipora_capitata_HIv3___RNAseq.g44719.t1/Montipora_capitata_HIv3___RNAseq.g9087.t1/Montipora_capitata_HIv3___RNAseq.g14956.t1/Montipora_capitata_HIv3___RNAseq.g14960.t1,0.38414168187638603,cellular lipid catabolic process,BP
GO:0001818,negative regulation of cytokine production,5/164,106/8363,0.05699351626771255,2.52088823148005,5,106,Montipora_capitata_HIv3___RNAseq.g44519.t1/Montipora_capitata_HIv3___RNAseq.g8971.t1/Montipora_capitata_HIv3___RNAseq.g32149.t1/Montipora_capitata_HIv3___RNAseq.g39706.t2/Montipora_capitata_HIv3___RNAseq.g14488.t1,0.3898810376670993,negative regulation of cytokine production,BP
GO:0030097,hemopoiesis,13/164,408/8363,0.05721778344026686,1.7007884258148804,13,408,Montipora_capitata_HIv3___RNAseq.g23734.t3/Montipora_capitata_HIv3___RNAseq.g35804.t1/Montipora_capitata_HIv3___RNAseq.g7741.t1/Montipora_capitata_HIv3___RNAseq.g44960.t2/Montipora_capitata_HIv3___RNAseq.21467_t/Montipora_capitata_HIv3___RNAseq.g35008.t1/Montipora_capitata_HIv3___RNAseq.g44814.t1/Montipora_capitata_HIv3___RNAseq.g35720.t1/Montipora_capitata_HIv3___RNAseq.g18698.t1/Montipora_capitata_HIv3___RNAseq.g8971.t1/Montipora_capitata_HIv3___RNAseq.g42092.t1/Montipora_capitata_HIv3___RNAseq.g43161.t1a/Montipora_capitata_HIv3___RNAseq.g44445.t1,0.3898810376670993,hemopoiesis,BP
GO:0005254,chloride channel activity,3/164,45/8363,0.05771833354884264,3.617494444905349,3,45,Montipora_capitata_HIv3___RNAseq.g13129.t1/Montipora_capitata_HIv3___RNAseq.g20250.t1/Montipora_capitata_HIv3___RNAseq.g23366.t1,0.3898810376670993,chloride channel activity,MF
GO:0007200,phospholipase C-activating G protein-coupled receptor signaling pathway,3/164,45/8363,0.05771833354884264,3.617494444905349,3,45,Montipora_capitata_HIv3___RNAseq.g6978.t1/Montipora_capitata_HIv3___TS.g27540.t1/Montipora_capitata_HIv3___RNAseq.g13129.t1,0.3898810376670993,phospholipase C-activating G protein-coupled receptor signaling pathway,BP
GO:0032890,regulation of organic acid transport,3/164,45/8363,0.05771833354884264,3.617494444905349,3,45,Montipora_capitata_HIv3___RNAseq.g24139.t1/Montipora_capitata_HIv3___RNAseq.g24095.t1/Montipora_capitata_HIv3___RNAseq.g14488.t1,0.3898810376670993,regulation of organic acid transport,BP
GO:0046474,glycerophospholipid biosynthetic process,7/164,176/8363,0.05773285686941924,2.1182248589448136,7,176,Montipora_capitata_HIv3___TS.g33283.t2/Montipora_capitata_HIv3___RNAseq.g24095.t1/Montipora_capitata_HIv3___RNAseq.g8971.t1/Montipora_capitata_HIv3___RNAseq.g33449.t1/Montipora_capitata_HIv3___TS.g50674.t1/Montipora_capitata_HIv3___RNAseq.g8867.t2/Montipora_capitata_HIv3___RNAseq.g44445.t1,0.3898810376670993,glycerophospholipid biosynthetic process,BP
GO:0030705,cytoskeleton-dependent intracellular transport,6/164,141/8363,0.05862745251064711,2.2679872909925383,6,141,Montipora_capitata_HIv3___RNAseq.g36838.t1/Montipora_capitata_HIv3___RNAseq.g22865.t1/Montipora_capitata_HIv3___RNAseq.g44814.t1/Montipora_capitata_HIv3___RNAseq.g42740.t1/Montipora_capitata_HIv3___RNAseq.g1174.t1/Montipora_capitata_HIv3___TS.g21895.t1,0.39424477599320745,cytoskeleton-dependent intracellular transport,BP
GO:0050707,GO:0050707,3/164,46/8363,0.060889178807151195,3.533209869363499,3,46,Montipora_capitata_HIv3___RNAseq.g35008.t1/Montipora_capitata_HIv3___RNAseq.g14488.t1/Montipora_capitata_HIv3___TS.g47745.t1,0.4043143379370249,NA,NA
GO:0002824,positive regulation of adaptive immune response based on somatic recombination of immune receptors built from immunoglobulin superfamily domains,3/164,46/8363,0.060889178807151195,3.533209869363499,3,46,Montipora_capitata_HIv3___RNAseq.g44960.t2/Montipora_capitata_HIv3___RNAseq.21467_t/Montipora_capitata_HIv3___RNAseq.g35008.t1,0.4043143379370249,positive regulation of adaptive immune response based on somatic recombination of immune receptors built from immunoglobulin superfamily domains,BP
GO:0032675,regulation of interleukin-6 production,3/164,46/8363,0.060889178807151195,3.533209869363499,3,46,Montipora_capitata_HIv3___RNAseq.g44960.t2/Montipora_capitata_HIv3___RNAseq.21467_t/Montipora_capitata_HIv3___TS.g47745.t1,0.4043143379370249,regulation of interleukin-6 production,BP
GO:0001936,regulation of endothelial cell proliferation,4/164,76/8363,0.06172052111160768,2.8212605494465013,4,76,Montipora_capitata_HIv3___RNAseq.g6978.t1/Montipora_capitata_HIv3___RNAseq.g44814.t1/Montipora_capitata_HIv3___RNAseq.g8971.t1/Montipora_capitata_HIv3___RNAseq.g14488.t1,0.4081269458505058,regulation of endothelial cell proliferation,BP
GO:0016491,oxidoreductase activity,16/164,539/8363,0.06293775301204989,1.5865675543576583,16,539,Montipora_capitata_HIv3___RNAseq.g34092.t1/Montipora_capitata_HIv3___RNAseq.g44519.t1/Montipora_capitata_HIv3___RNAseq.g50691.t1/Montipora_capitata_HIv3___RNAseq.g40983.t1/Montipora_capitata_HIv3___RNAseq.g24836.t1/Montipora_capitata_HIv3___RNAseq.g27709.t1/Montipora_capitata_HIv3___RNAseq.g40982.t1a/Montipora_capitata_HIv3___RNAseq.g46378.t1/Montipora_capitata_HIv3___RNAseq.g41416.t2a/Montipora_capitata_HIv3___TS.g4674.t2b/Montipora_capitata_HIv3___RNAseq.g37645.t1/Montipora_capitata_HIv3___RNAseq.g33997.t1/Montipora_capitata_HIv3___RNAseq.g9561.t1/Montipora_capitata_HIv3___RNAseq.g9087.t1/Montipora_capitata_HIv3___RNAseq.g18391.t1/Montipora_capitata_HIv3___RNAseq.g37450.t2,0.41051817061373497,oxidoreductase activity,MF
GO:0005253,monoatomic anion channel activity,3/164,47/8363,0.06413998231101296,3.452587217554988,3,47,Montipora_capitata_HIv3___RNAseq.g13129.t1/Montipora_capitata_HIv3___RNAseq.g20250.t1/Montipora_capitata_HIv3___RNAseq.g23366.t1,0.41051817061373497,monoatomic anion channel activity,MF
GO:1990939,GO:1990939,3/164,47/8363,0.06413998231101296,3.452587217554988,3,47,Montipora_capitata_HIv3___RNAseq.g36838.t1/Montipora_capitata_HIv3___TS.g5595.t1/Montipora_capitata_HIv3___TS.g5653.t1,0.41051817061373497,NA,NA
GO:0032680,regulation of tumor necrosis factor production,3/164,47/8363,0.06413998231101296,3.452587217554988,3,47,Montipora_capitata_HIv3___RNAseq.g35008.t1/Montipora_capitata_HIv3___RNAseq.g14488.t1/Montipora_capitata_HIv3___TS.g47745.t1,0.41051817061373497,regulation of tumor necrosis factor production,BP
GO:1903555,regulation of tumor necrosis factor superfamily cytokine production,3/164,47/8363,0.06413998231101296,3.452587217554988,3,47,Montipora_capitata_HIv3___RNAseq.g35008.t1/Montipora_capitata_HIv3___RNAseq.g14488.t1/Montipora_capitata_HIv3___TS.g47745.t1,0.41051817061373497,regulation of tumor necrosis factor superfamily cytokine production,BP
GO:0046470,phosphatidylcholine metabolic process,3/164,47/8363,0.06413998231101296,3.452587217554988,3,47,Montipora_capitata_HIv3___TS.g33283.t2/Montipora_capitata_HIv3___RNAseq.g24095.t1/Montipora_capitata_HIv3___RNAseq.g44719.t1,0.41051817061373497,phosphatidylcholine metabolic process,BP
GO:0002703,regulation of leukocyte mediated immunity,4/164,77/8363,0.0641515477707664,2.7822855836905345,4,77,Montipora_capitata_HIv3___RNAseq.g44960.t2/Montipora_capitata_HIv3___RNAseq.21467_t/Montipora_capitata_HIv3___RNAseq.g35008.t1/Montipora_capitata_HIv3___RNAseq.g14488.t1,0.41051817061373497,regulation of leukocyte mediated immunity,BP
GO:0002700,regulation of production of molecular mediator of immune response,4/164,77/8363,0.0641515477707664,2.7822855836905345,4,77,Montipora_capitata_HIv3___RNAseq.g44960.t2/Montipora_capitata_HIv3___RNAseq.21467_t/Montipora_capitata_HIv3___RNAseq.g35008.t1/Montipora_capitata_HIv3___RNAseq.g14488.t1,0.41051817061373497,regulation of production of molecular mediator of immune response,BP
GO:0001822,kidney development,8/164,218/8363,0.06470511368259044,1.9507080561739727,8,218,Montipora_capitata_HIv3___RNAseq.g2559.t1a/Montipora_capitata_HIv3___RNAseq.g22865.t1/Montipora_capitata_HIv3___RNAseq.g7741.t1/Montipora_capitata_HIv3___RNAseq.g668.t1/Montipora_capitata_HIv3___RNAseq.g18698.t1/Montipora_capitata_HIv3___RNAseq.g8971.t1/Montipora_capitata_HIv3___RNAseq.g42092.t1/Montipora_capitata_HIv3___RNAseq.g14488.t1,0.4123976522661487,kidney development,BP
GO:1903320,regulation of protein modification by small protein conjugation or removal,8/164,219/8363,0.06608889002763216,1.9412241902916403,8,219,Montipora_capitata_HIv3___TS.g1118.t1/Montipora_capitata_HIv3___RNAseq.g7741.t1/Montipora_capitata_HIv3___RNAseq.g44960.t2/Montipora_capitata_HIv3___RNAseq.21467_t/Montipora_capitata_HIv3___RNAseq.g8971.t1/Montipora_capitata_HIv3___RNAseq.g30678.t1b/Montipora_capitata_HIv3___RNAseq.g42740.t1/Montipora_capitata_HIv3___RNAseq.g15029.t1b,0.418258390087106,regulation of protein modification by small protein conjugation or removal,BP
GO:0042476,odontogenesis,4/164,78/8363,0.06663228415236903,2.744363708516031,4,78,Montipora_capitata_HIv3___RNAseq.g44960.t2/Montipora_capitata_HIv3___RNAseq.21467_t/Montipora_capitata_HIv3___RNAseq.g8971.t1/Montipora_capitata_HIv3___RNAseq.g33449.t1,0.418258390087106,odontogenesis,BP
GO:0046914,transition metal ion binding,14/164,460/8363,0.06725502511924915,1.6223241283754553,14,460,Montipora_capitata_HIv3___RNAseq.g44960.t2/Montipora_capitata_HIv3___TS.g32048.t1/Montipora_capitata_HIv3___RNAseq.21467_t/Montipora_capitata_HIv3___RNAseq.g12736.t1/Montipora_capitata_HIv3___RNAseq.g44814.t1/Montipora_capitata_HIv3___RNAseq.g9027.t1/Montipora_capitata_HIv3___RNAseq.g41416.t2a/Montipora_capitata_HIv3___RNAseq.g30678.t1b/Montipora_capitata_HIv3___RNAseq.g32149.t1/Montipora_capitata_HIv3___RNAseq.g43161.t1a/Montipora_capitata_HIv3___RNAseq.g33449.t1/Montipora_capitata_HIv3___RNAseq.g15188.t1/Montipora_capitata_HIv3___RNAseq.g8867.t2/Montipora_capitata_HIv3___RNAseq.g14488.t1,0.418258390087106,transition metal ion binding,MF
GO:0046717,acid secretion,3/164,48/8363,0.06746953236439769,3.3754699964838415,3,48,Montipora_capitata_HIv3___TS.g33283.t2/Montipora_capitata_HIv3___RNAseq.g13129.t1/Montipora_capitata_HIv3___TS.g4674.t2b,0.418258390087106,acid secretion,BP
GO:0097194,execution phase of apoptosis,3/164,48/8363,0.06746953236439769,3.3754699964838415,3,48,Montipora_capitata_HIv3___TS.g28995.t1/Montipora_capitata_HIv3___RNAseq.g18929.t1/Montipora_capitata_HIv3___RNAseq.g44445.t1,0.418258390087106,execution phase of apoptosis,BP
GO:0043536,positive regulation of blood vessel endothelial cell migration,3/164,48/8363,0.06746953236439769,3.3754699964838415,3,48,Montipora_capitata_HIv3___RNAseq.g6978.t1/Montipora_capitata_HIv3___RNAseq.g44814.t1/Montipora_capitata_HIv3___RNAseq.g8971.t1,0.418258390087106,positive regulation of blood vessel endothelial cell migration,BP
GO:0003208,cardiac ventricle morphogenesis,3/164,48/8363,0.06746953236439769,3.3754699964838415,3,48,Montipora_capitata_HIv3___RNAseq.g7741.t1/Montipora_capitata_HIv3___RNAseq.g44814.t1/Montipora_capitata_HIv3___RNAseq.g8971.t1,0.418258390087106,cardiac ventricle morphogenesis,BP
GO:0043901,GO:0043901,5/164,112/8363,0.06886164638789452,2.3777645445988873,5,112,Montipora_capitata_HIv3___RNAseq.g44519.t1/Montipora_capitata_HIv3___RNAseq.g30678.t1b/Montipora_capitata_HIv3___RNAseq.g37645.t1/Montipora_capitata_HIv3___RNAseq.g44445.t1/Montipora_capitata_HIv3___RNAseq.g14488.t1,0.4245062709054389,NA,NA
GO:0031347,regulation of defense response,10/164,299/8363,0.06922326610390937,1.7771278535179658,10,299,Montipora_capitata_HIv3___TS.g1118.t1/Montipora_capitata_HIv3___RNAseq.g11548.t1/Montipora_capitata_HIv3___RNAseq.g44960.t2/Montipora_capitata_HIv3___RNAseq.21467_t/Montipora_capitata_HIv3___RNAseq.g44814.t1/Montipora_capitata_HIv3___RNAseq.g18698.t1/Montipora_capitata_HIv3___RNAseq.g30678.t1b/Montipora_capitata_HIv3___RNAseq.g44445.t1/Montipora_capitata_HIv3___RNAseq.g14488.t1/Montipora_capitata_HIv3___TS.g47745.t1,0.4245062709054389,regulation of defense response,BP
GO:0031346,positive regulation of cell projection organization,11/164,339/8363,0.06927985139540559,1.7251231105535767,11,339,Montipora_capitata_HIv3___RNAseq.g6978.t1/Montipora_capitata_HIv3___RNAseq.g23734.t3/Montipora_capitata_HIv3___RNAseq.g35804.t1/Montipora_capitata_HIv3___RNAseq.g5395.t1/Montipora_capitata_HIv3___RNAseq.g24942.t1/Montipora_capitata_HIv3___RNAseq.g35720.t1/Montipora_capitata_HIv3___RNAseq.g8971.t1/Montipora_capitata_HIv3___RNAseq.g24020.t1/Montipora_capitata_HIv3___RNAseq.g15029.t1b/Montipora_capitata_HIv3___TS.g10359.t4b/Montipora_capitata_HIv3___RNAseq.g39706.t2,0.4245062709054389,positive regulation of cell projection organization,BP
GO:0031224,GO:0031224,31/164,1214/8363,0.07057014041181356,1.3822779398033767,31,1214,Montipora_capitata_HIv3___RNAseq.g5395.t1/Montipora_capitata_HIv3___RNAseq.g11548.t1/Montipora_capitata_HIv3___RNAseq.g2640.t1a/Montipora_capitata_HIv3___TS.g27540.t1/Montipora_capitata_HIv3___RNAseq.g12807.t1/Montipora_capitata_HIv3___RNAseq.g11237.t1/Montipora_capitata_HIv3___RNAseq.g44960.t2/Montipora_capitata_HIv3___RNAseq.21467_t/Montipora_capitata_HIv3___RNAseq.g13129.t1/Montipora_capitata_HIv3___RNAseq.g9026.t1/Montipora_capitata_HIv3___RNAseq.g37193.t1/Montipora_capitata_HIv3___RNAseq.g38848.t1/Montipora_capitata_HIv3___RNAseq.g39648.t1/Montipora_capitata_HIv3___RNAseq.g36907.t1/Montipora_capitata_HIv3___RNAseq.g35008.t1/Montipora_capitata_HIv3___RNAseq.g668.t1/Montipora_capitata_HIv3___RNAseq.g8971.t1/Montipora_capitata_HIv3___RNAseq.g20771.t1/Montipora_capitata_HIv3___TS.g4674.t2b/Montipora_capitata_HIv3___RNAseq.g33449.t1/Montipora_capitata_HIv3___TS.g33523.t1/Montipora_capitata_HIv3___RNAseq.g39974.t1/Montipora_capitata_HIv3___RNAseq.g15188.t1/Montipora_capitata_HIv3___RNAseq.g33997.t1/Montipora_capitata_HIv3___RNAseq.g6934.t1/Montipora_capitata_HIv3___RNAseq.g28116.t1/Montipora_capitata_HIv3___RNAseq.g4457.t1/Montipora_capitata_HIv3___RNAseq.g39706.t2/Montipora_capitata_HIv3___RNAseq.g8867.t2/Montipora_capitata_HIv3___RNAseq.g44445.t1/Montipora_capitata_HIv3___RNAseq.g23366.t1,0.42457410492641173,NA,NA
GO:0002821,positive regulation of adaptive immune response,3/164,49/8363,0.07087657373670647,3.3017031981970235,3,49,Montipora_capitata_HIv3___RNAseq.g44960.t2/Montipora_capitata_HIv3___RNAseq.21467_t/Montipora_capitata_HIv3___RNAseq.g35008.t1,0.42457410492641173,positive regulation of adaptive immune response,BP
GO:0044447,GO:0044447,3/164,49/8363,0.07087657373670647,3.3017031981970235,3,49,Montipora_capitata_HIv3___RNAseq.g36838.t1/Montipora_capitata_HIv3___TS.g5595.t1/Montipora_capitata_HIv3___TS.g5653.t1,0.42457410492641173,NA,NA
GO:0002221,pattern recognition receptor signaling pathway,3/164,49/8363,0.07087657373670647,3.3017031981970235,3,49,Montipora_capitata_HIv3___RNAseq.g11548.t1/Montipora_capitata_HIv3___RNAseq.g44960.t2/Montipora_capitata_HIv3___RNAseq.21467_t,0.42457410492641173,pattern recognition receptor signaling pathway,BP
GO:0002702,positive regulation of production of molecular mediator of immune response,3/164,49/8363,0.07087657373670647,3.3017031981970235,3,49,Montipora_capitata_HIv3___RNAseq.g44960.t2/Montipora_capitata_HIv3___RNAseq.21467_t/Montipora_capitata_HIv3___RNAseq.g35008.t1,0.42457410492641173,positive regulation of production of molecular mediator of immune response,BP
GO:0005887,GO:0005887,17/164,591/8363,0.07101655444363773,1.5361297605687432,17,591,Montipora_capitata_HIv3___RNAseq.g11548.t1/Montipora_capitata_HIv3___RNAseq.g2640.t1a/Montipora_capitata_HIv3___TS.g27540.t1/Montipora_capitata_HIv3___RNAseq.g44960.t2/Montipora_capitata_HIv3___RNAseq.21467_t/Montipora_capitata_HIv3___RNAseq.g13129.t1/Montipora_capitata_HIv3___RNAseq.g38848.t1/Montipora_capitata_HIv3___RNAseq.g36907.t1/Montipora_capitata_HIv3___RNAseq.g35008.t1/Montipora_capitata_HIv3___RNAseq.g668.t1/Montipora_capitata_HIv3___RNAseq.g8971.t1/Montipora_capitata_HIv3___TS.g4674.t2b/Montipora_capitata_HIv3___RNAseq.g33997.t1/Montipora_capitata_HIv3___RNAseq.g6934.t1/Montipora_capitata_HIv3___RNAseq.g28116.t1/Montipora_capitata_HIv3___RNAseq.g4457.t1/Montipora_capitata_HIv3___RNAseq.g44445.t1,0.42457410492641173,NA,NA
GO:0045017,glycerolipid biosynthetic process,7/164,185/8363,0.07139691749410282,2.0088918270384086,7,185,Montipora_capitata_HIv3___TS.g33283.t2/Montipora_capitata_HIv3___RNAseq.g24095.t1/Montipora_capitata_HIv3___RNAseq.g8971.t1/Montipora_capitata_HIv3___RNAseq.g33449.t1/Montipora_capitata_HIv3___TS.g50674.t1/Montipora_capitata_HIv3___RNAseq.g8867.t2/Montipora_capitata_HIv3___RNAseq.g44445.t1,0.42457410492641173,glycerolipid biosynthetic process,BP
GO:0044070,regulation of monoatomic anion transport,4/164,80/8363,0.07174164416653965,2.6714209598522847,4,80,Montipora_capitata_HIv3___RNAseq.g24139.t1/Montipora_capitata_HIv3___RNAseq.g24095.t1/Montipora_capitata_HIv3___RNAseq.g8971.t1/Montipora_capitata_HIv3___RNAseq.g14488.t1,0.42457410492641173,regulation of monoatomic anion transport,BP
GO:0051186,GO:0051186,13/164,423/8363,0.07176630482998879,1.6354216920569795,13,423,Montipora_capitata_HIv3___RNAseq.g36845.t1/Montipora_capitata_HIv3___RNAseq.g40427.t1a/Montipora_capitata_HIv3___RNAseq.g33991.t1/Montipora_capitata_HIv3___RNAseq.g34092.t1/Montipora_capitata_HIv3___RNAseq.g44519.t1/Montipora_capitata_HIv3___RNAseq.g33992.t1/Montipora_capitata_HIv3___TS.g6904.t1/Montipora_capitata_HIv3___RNAseq.g37645.t1/Montipora_capitata_HIv3___TS.g33523.t1/Montipora_capitata_HIv3___RNAseq.g9561.t1/Montipora_capitata_HIv3___RNAseq.g14956.t1/Montipora_capitata_HIv3___RNAseq.g14960.t1/Montipora_capitata_HIv3___RNAseq.g37450.t2,0.42457410492641173,NA,NA
GO:0002791,regulation of peptide secretion,9/164,262/8363,0.07226279378487382,1.823368822414423,9,262,Montipora_capitata_HIv3___TS.g33283.t2/Montipora_capitata_HIv3___RNAseq.g7741.t1/Montipora_capitata_HIv3___RNAseq.g44960.t2/Montipora_capitata_HIv3___RNAseq.21467_t/Montipora_capitata_HIv3___RNAseq.g35008.t1/Montipora_capitata_HIv3___RNAseq.g24095.t1/Montipora_capitata_HIv3___RNAseq.g44814.t1/Montipora_capitata_HIv3___RNAseq.g14488.t1/Montipora_capitata_HIv3___TS.g47745.t1,0.42457410492641173,regulation of peptide secretion,BP
GO:0097237,cellular response to toxic substance,6/164,149/8363,0.07250131218340113,2.1390569003627187,6,149,Montipora_capitata_HIv3___RNAseq.g34092.t1/Montipora_capitata_HIv3___RNAseq.g44519.t1/Montipora_capitata_HIv3___RNAseq.g44814.t1/Montipora_capitata_HIv3___RNAseq.g37645.t1/Montipora_capitata_HIv3___RNAseq.g33997.t1/Montipora_capitata_HIv3___RNAseq.g14488.t1,0.42457410492641173,cellular response to toxic substance,BP
GO:0031349,positive regulation of defense response,6/164,149/8363,0.07250131218340113,2.1390569003627187,6,149,Montipora_capitata_HIv3___RNAseq.g11548.t1/Montipora_capitata_HIv3___RNAseq.g44960.t2/Montipora_capitata_HIv3___RNAseq.21467_t/Montipora_capitata_HIv3___RNAseq.g44445.t1/Montipora_capitata_HIv3___RNAseq.g14488.t1/Montipora_capitata_HIv3___TS.g47745.t1,0.42457410492641173,positive regulation of defense response,BP
GO:0061180,mammary gland epithelium development,3/164,50/8363,0.07435981095030977,3.2310733513888703,3,50,Montipora_capitata_HIv3___RNAseq.g668.t1/Montipora_capitata_HIv3___RNAseq.g44814.t1/Montipora_capitata_HIv3___RNAseq.g8971.t1,0.4338566910961089,mammary gland epithelium development,BP
GO:0016042,lipid catabolic process,7/164,187/8363,0.07467466992551146,1.9860811212200749,7,187,Montipora_capitata_HIv3___TS.g33283.t2/Montipora_capitata_HIv3___RNAseq.g46378.t1/Montipora_capitata_HIv3___RNAseq.g6934.t1/Montipora_capitata_HIv3___RNAseq.g44719.t1/Montipora_capitata_HIv3___RNAseq.g9087.t1/Montipora_capitata_HIv3___RNAseq.g14956.t1/Montipora_capitata_HIv3___RNAseq.g14960.t1,0.4340978064900611,lipid catabolic process,BP
GO:0072175,epithelial tube formation,6/164,151/8363,0.0762412452362512,2.109030041760893,6,151,Montipora_capitata_HIv3___RNAseq.g7741.t1/Montipora_capitata_HIv3___RNAseq.g44960.t2/Montipora_capitata_HIv3___RNAseq.21467_t/Montipora_capitata_HIv3___RNAseq.g44814.t1/Montipora_capitata_HIv3___RNAseq.g8971.t1/Montipora_capitata_HIv3___TS.g33523.t1,0.4415870663866082,epithelial tube formation,BP
GO:0009615,response to virus,5/164,116/8363,0.077479297355301735,2.2910025879027756,5,116,Montipora_capitata_HIv3___RNAseq.g44960.t2/Montipora_capitata_HIv3___RNAseq.21467_t/Montipora_capitata_HIv3___RNAseq.g47955.t1/Montipora_capitata_HIv3___RNAseq.g18929.t1/Montipora_capitata_HIv3___RNAseq.g44445.t1,0.44712598146495947,response to virus,BP
GO:0048514,blood vessel morphogenesis,8/164,227/8363,0.07781996265805259,1.8684940273208712,8,227,Montipora_capitata_HIv3___RNAseq.g7741.t1/Montipora_capitata_HIv3___RNAseq.g35008.t1/Montipora_capitata_HIv3___RNAseq.g44814.t1/Montipora_capitata_HIv3___RNAseq.g18698.t1/Montipora_capitata_HIv3___RNAseq.g8971.t1/Montipora_capitata_HIv3___RNAseq.g42092.t1/Montipora_capitata_HIv3___RNAseq.g9918.t1/Montipora_capitata_HIv3___TS.g33523.t1,0.4474647852838024,blood vessel morphogenesis,BP
GO:1902531,regulation of intracellular signal transduction,26/164,999/8363,0.07916566066675995,1.3991309665560645,26,999,Montipora_capitata_HIv3___TS.g33283.t2/Montipora_capitata_HIv3___RNAseq.g6978.t1/Montipora_capitata_HIv3___RNAseq.g7992.t1/Montipora_capitata_HIv3___RNAseq.g2559.t1a/Montipora_capitata_HIv3___RNAseq.g23734.t3/Montipora_capitata_HIv3___RNAseq.g35804.t1/Montipora_capitata_HIv3___RNAseq.g5395.t1/Montipora_capitata_HIv3___RNAseq.g23733.t1/Montipora_capitata_HIv3___TS.g29616.t1/Montipora_capitata_HIv3___TS.g27540.t1/Montipora_capitata_HIv3___RNAseq.g34092.t1/Montipora_capitata_HIv3___RNAseq.g12596.t1/Montipora_capitata_HIv3___RNAseq.g44960.t2/Montipora_capitata_HIv3___RNAseq.21467_t/Montipora_capitata_HIv3___RNAseq.g29879.t1b/Montipora_capitata_HIv3___RNAseq.g35718.t1/Montipora_capitata_HIv3___RNAseq.g45527.t1/Montipora_capitata_HIv3___RNAseq.g35008.t1/Montipora_capitata_HIv3___RNAseq.g668.t1/Montipora_capitata_HIv3___RNAseq.g24095.t1/Montipora_capitata_HIv3___RNAseq.g44814.t1/Montipora_capitata_HIv3___RNAseq.g35720.t1/Montipora_capitata_HIv3___RNAseq.g8971.t1/Montipora_capitata_HIv3___RNAseq.g15188.t1/Montipora_capitata_HIv3___TS.g10359.t4b/Montipora_capitata_HIv3___RNAseq.g44445.t1,0.4535592183326644,regulation of intracellular signal transduction,BP
GO:0046649,lymphocyte activation,7/164,190/8363,0.0797559586745499,1.9528021114553837,7,190,Montipora_capitata_HIv3___RNAseq.g23734.t3/Montipora_capitata_HIv3___RNAseq.g35804.t1/Montipora_capitata_HIv3___RNAseq.g7741.t1/Montipora_capitata_HIv3___RNAseq.g35008.t1/Montipora_capitata_HIv3___RNAseq.g35720.t1/Montipora_capitata_HIv3___RNAseq.g43161.t1a/Montipora_capitata_HIv3___RNAseq.g15029.t1b,0.4552975050953622,lymphocyte activation,BP
GO:0043666,regulation of phosphoprotein phosphatase activity,3/164,52/8363,0.08154950856169767,3.0984582043315205,3,52,Montipora_capitata_HIv3___RNAseq.g15043.t1/Montipora_capitata_HIv3___RNAseq.g37193.t1/Montipora_capitata_HIv3___RNAseq.g36907.t1,0.46221096459790784,regulation of phosphoprotein phosphatase activity,BP
GO:0010822,positive regulation of mitochondrion organization,3/164,52/8363,0.08154950856169767,3.0984582043315205,3,52,Montipora_capitata_HIv3___RNAseq.g5395.t1/Montipora_capitata_HIv3___RNAseq.g24095.t1/Montipora_capitata_HIv3___RNAseq.g44814.t1,0.46221096459790784,positive regulation of mitochondrion organization,BP
GO:0043588,skin development,5/164,118/8363,0.08199714225068076,2.2498008388248314,5,118,Montipora_capitata_HIv3___RNAseq.g8971.t1/Montipora_capitata_HIv3___RNAseq.g4457.t1/Montipora_capitata_HIv3___RNAseq.g14625.t1/Montipora_capitata_HIv3___TS.g10359.t4b/Montipora_capitata_HIv3___RNAseq.g39706.t2,0.463094180611496,skin development,BP
GO:0043009,chordate embryonic development,14/164,476/8363,0.0836685645423939,1.5629120973356703,14,476,Montipora_capitata_HIv3___RNAseq.g5395.t1/Montipora_capitata_HIv3___RNAseq.g7741.t1/Montipora_capitata_HIv3___RNAseq.g44960.t2/Montipora_capitata_HIv3___RNAseq.21467_t/Montipora_capitata_HIv3___RNAseq.g13857.t1/Montipora_capitata_HIv3___RNAseq.g35008.t1/Montipora_capitata_HIv3___RNAseq.g44814.t1/Montipora_capitata_HIv3___RNAseq.g18698.t1/Montipora_capitata_HIv3___RNAseq.g8971.t1/Montipora_capitata_HIv3___RNAseq.g33449.t1/Montipora_capitata_HIv3___TS.g33523.t1/Montipora_capitata_HIv3___RNAseq.g15188.t1/Montipora_capitata_HIv3___TS.g46192.t3/Montipora_capitata_HIv3___RNAseq.g50276.t1,0.47037382822850843,chordate embryonic development,BP
GO:0001959,regulation of cytokine-mediated signaling pathway,3/164,53/8363,0.08525320453523673,3.0361451276189007,3,53,Montipora_capitata_HIv3___RNAseq.g44814.t1/Montipora_capitata_HIv3___RNAseq.g32149.t1/Montipora_capitata_HIv3___RNAseq.g14488.t1,0.47037382822850843,regulation of cytokine-mediated signaling pathway,BP
GO:0001892,embryonic placenta development,3/164,53/8363,0.08525320453523673,3.0361451276189007,3,53,Montipora_capitata_HIv3___RNAseq.g35008.t1/Montipora_capitata_HIv3___RNAseq.g44814.t1/Montipora_capitata_HIv3___RNAseq.g8971.t1,0.47037382822850843,embryonic placenta development,BP
GO:0030500,regulation of bone mineralization,3/164,53/8363,0.08525320453523673,3.0361451276189007,3,53,Montipora_capitata_HIv3___RNAseq.g46378.t1/Montipora_capitata_HIv3___RNAseq.g44814.t1/Montipora_capitata_HIv3___RNAseq.g8971.t1,0.47037382822850843,regulation of bone mineralization,BP
GO:0046662,regulation of egg-laying behavior,3/164,53/8363,0.08525320453523673,3.0361451276189007,3,53,Montipora_capitata_HIv3___RNAseq.g24942.t1/Montipora_capitata_HIv3___RNAseq.g49962.t1/Montipora_capitata_HIv3___RNAseq.g23464.t1,0.47037382822850843,regulation of egg-laying behavior,BP
GO:0051101,regulation of DNA binding,4/164,85/8363,0.08536084595451192,2.5051226087109764,4,85,Montipora_capitata_HIv3___RNAseq.g44960.t2/Montipora_capitata_HIv3___RNAseq.21467_t/Montipora_capitata_HIv3___RNAseq.g41333.t1/Montipora_capitata_HIv3___RNAseq.g15029.t1b,0.47037382822850843,regulation of DNA binding,BP
GO:0014020,primary neural tube formation,4/164,85/8363,0.08536084595451192,2.5051226087109764,4,85,Montipora_capitata_HIv3___RNAseq.g44960.t2/Montipora_capitata_HIv3___RNAseq.21467_t/Montipora_capitata_HIv3___RNAseq.g44814.t1/Montipora_capitata_HIv3___TS.g33523.t1,0.47037382822850843,primary neural tube formation,BP
GO:0072507,GO:0072507,9/164,272/8363,0.08655988202331963,1.7519365742566209,9,272,Montipora_capitata_HIv3___TS.g33283.t2/Montipora_capitata_HIv3___RNAseq.g33991.t1/Montipora_capitata_HIv3___TS.g27540.t1/Montipora_capitata_HIv3___RNAseq.g34092.t1/Montipora_capitata_HIv3___RNAseq.g13129.t1/Montipora_capitata_HIv3___RNAseq.g33992.t1/Montipora_capitata_HIv3___RNAseq.g36907.t1/Montipora_capitata_HIv3___RNAseq.g46378.t1/Montipora_capitata_HIv3___RNAseq.g24095.t1,0.473023248675824,NA,NA
GO:0006644,phospholipid metabolic process,9/164,273/8363,0.08807680146100758,1.7450815542127454,9,273,Montipora_capitata_HIv3___TS.g33283.t2/Montipora_capitata_HIv3___RNAseq.g24095.t1/Montipora_capitata_HIv3___RNAseq.g8971.t1/Montipora_capitata_HIv3___RNAseq.g33449.t1/Montipora_capitata_HIv3___TS.g50674.t1/Montipora_capitata_HIv3___RNAseq.g6934.t1/Montipora_capitata_HIv3___RNAseq.g44719.t1/Montipora_capitata_HIv3___RNAseq.g8867.t2/Montipora_capitata_HIv3___RNAseq.g44445.t1,0.473023248675824,phospholipid metabolic process,BP
GO:0072001,renal system development,9/164,273/8363,0.08807680146100758,1.7450815542127454,9,273,Montipora_capitata_HIv3___RNAseq.g2559.t1a/Montipora_capitata_HIv3___RNAseq.g22865.t1/Montipora_capitata_HIv3___RNAseq.g7741.t1/Montipora_capitata_HIv3___RNAseq.g668.t1/Montipora_capitata_HIv3___RNAseq.g18698.t1/Montipora_capitata_HIv3___RNAseq.g8971.t1/Montipora_capitata_HIv3___RNAseq.g42092.t1/Montipora_capitata_HIv3___RNAseq.g28116.t1/Montipora_capitata_HIv3___RNAseq.g14488.t1,0.473023248675824,renal system development,BP
GO:0032101,regulation of response to external stimulus,13/164,438/8363,0.08856099399874776,1.5746671185136842,13,438,Montipora_capitata_HIv3___RNAseq.g6978.t1/Montipora_capitata_HIv3___TS.g1118.t1/Montipora_capitata_HIv3___RNAseq.g15043.t1/Montipora_capitata_HIv3___RNAseq.g11548.t1/Montipora_capitata_HIv3___RNAseq.g44960.t2/Montipora_capitata_HIv3___RNAseq.21467_t/Montipora_capitata_HIv3___RNAseq.g46378.t1/Montipora_capitata_HIv3___RNAseq.g8971.t1/Montipora_capitata_HIv3___RNAseq.g30678.t1b/Montipora_capitata_HIv3___RNAseq.g24020.t1/Montipora_capitata_HIv3___TS.g10359.t4b/Montipora_capitata_HIv3___RNAseq.g14488.t1/Montipora_capitata_HIv3___TS.g47745.t1,0.473023248675824,regulation of response to external stimulus,BP
GO:0031214,biomineral tissue development,3/164,54/8363,0.08902757319072759,2.9762691858869323,3,54,Montipora_capitata_HIv3___RNAseq.g46378.t1/Montipora_capitata_HIv3___RNAseq.g8971.t1/Montipora_capitata_HIv3___RNAseq.g33449.t1,0.473023248675824,biomineral tissue development,BP
GO:0072384,organelle transport along microtubule,3/164,54/8363,0.08902757319072759,2.9762691858869323,3,54,Montipora_capitata_HIv3___RNAseq.g44814.t1/Montipora_capitata_HIv3___RNAseq.g42740.t1/Montipora_capitata_HIv3___RNAseq.g1174.t1,0.473023248675824,organelle transport along microtubule,BP
GO:0004252,serine-type endopeptidase activity,3/164,54/8363,0.08902757319072759,2.9762691858869323,3,54,Montipora_capitata_HIv3___RNAseq.g20807.t2/Montipora_capitata_HIv3___RNAseq.g14625.t1/Montipora_capitata_HIv3___RNAseq.g39706.t2,0.473023248675824,serine-type endopeptidase activity,MF
GO:0022625,cytosolic large ribosomal subunit,3/164,54/8363,0.08902757319072759,2.9762691858869323,3,54,Montipora_capitata_HIv3___RNAseq.g27546.t1/Montipora_capitata_HIv3___RNAseq.g43111.t1/Montipora_capitata_HIv3___RNAseq.g11658.t1,0.473023248675824,cytosolic large ribosomal subunit,CC
GO:0045089,positive regulation of innate immune response,5/164,121/8363,0.08903167787239814,2.1909743938225503,5,121,Montipora_capitata_HIv3___RNAseq.g11548.t1/Montipora_capitata_HIv3___RNAseq.g44960.t2/Montipora_capitata_HIv3___RNAseq.21467_t/Montipora_capitata_HIv3___RNAseq.g44445.t1/Montipora_capitata_HIv3___TS.g47745.t1,0.473023248675824,positive regulation of innate immune response,BP
GO:0006875,GO:0006875,10/164,314/8363,0.08907009009740749,1.6862491439795797,10,314,Montipora_capitata_HIv3___TS.g33283.t2/Montipora_capitata_HIv3___RNAseq.g33991.t1/Montipora_capitata_HIv3___TS.g27540.t1/Montipora_capitata_HIv3___RNAseq.g34092.t1/Montipora_capitata_HIv3___RNAseq.g13129.t1/Montipora_capitata_HIv3___RNAseq.g33992.t1/Montipora_capitata_HIv3___RNAseq.g38848.t1/Montipora_capitata_HIv3___RNAseq.g36907.t1/Montipora_capitata_HIv3___RNAseq.g24095.t1/Montipora_capitata_HIv3___RNAseq.g44814.t1,0.473023248675824,NA,NA
GO:0055065,GO:0055065,11/164,355/8363,0.08912032221428569,1.641550101442718,11,355,Montipora_capitata_HIv3___TS.g33283.t2/Montipora_capitata_HIv3___RNAseq.g33991.t1/Montipora_capitata_HIv3___TS.g27540.t1/Montipora_capitata_HIv3___RNAseq.g34092.t1/Montipora_capitata_HIv3___RNAseq.g13129.t1/Montipora_capitata_HIv3___RNAseq.g33992.t1/Montipora_capitata_HIv3___RNAseq.g38848.t1/Montipora_capitata_HIv3___RNAseq.g36907.t1/Montipora_capitata_HIv3___RNAseq.g46378.t1/Montipora_capitata_HIv3___RNAseq.g24095.t1/Montipora_capitata_HIv3___RNAseq.g44814.t1,0.473023248675824,NA,NA
GO:0010921,regulation of phosphatase activity,4/164,87/8363,0.09113814194157463,2.444027448558827,4,87,Montipora_capitata_HIv3___RNAseq.g15043.t1/Montipora_capitata_HIv3___RNAseq.g41637.t1/Montipora_capitata_HIv3___RNAseq.g37193.t1/Montipora_capitata_HIv3___RNAseq.g36907.t1,0.480519040735146,regulation of phosphatase activity,BP
GO:0098754,detoxification,4/164,87/8363,0.09113814194157463,2.444027448558827,4,87,Montipora_capitata_HIv3___RNAseq.g34092.t1/Montipora_capitata_HIv3___RNAseq.g44519.t1/Montipora_capitata_HIv3___RNAseq.g37645.t1/Montipora_capitata_HIv3___RNAseq.g33997.t1,0.480519040735146,detoxification,BP
GO:0002757,immune response-activating signaling pathway,5/164,122/8363,0.09144452322161715,2.1719638026244543,5,122,Montipora_capitata_HIv3___RNAseq.g11548.t1/Montipora_capitata_HIv3___RNAseq.g44960.t2/Montipora_capitata_HIv3___RNAseq.21467_t/Montipora_capitata_HIv3___RNAseq.g24942.t1/Montipora_capitata_HIv3___RNAseq.g24095.t1,0.48053794156525304,immune response-activating signaling pathway,BP
GO:0016021,GO:0016021,29/164,1154/8363,0.09267824329745983,1.3506994780368378,29,1154,Montipora_capitata_HIv3___RNAseq.g5395.t1/Montipora_capitata_HIv3___RNAseq.g11548.t1/Montipora_capitata_HIv3___RNAseq.g2640.t1a/Montipora_capitata_HIv3___TS.g27540.t1/Montipora_capitata_HIv3___RNAseq.g12807.t1/Montipora_capitata_HIv3___RNAseq.g11237.t1/Montipora_capitata_HIv3___RNAseq.g44960.t2/Montipora_capitata_HIv3___RNAseq.21467_t/Montipora_capitata_HIv3___RNAseq.g13129.t1/Montipora_capitata_HIv3___RNAseq.g9026.t1/Montipora_capitata_HIv3___RNAseq.g37193.t1/Montipora_capitata_HIv3___RNAseq.g38848.t1/Montipora_capitata_HIv3___RNAseq.g39648.t1/Montipora_capitata_HIv3___RNAseq.g36907.t1/Montipora_capitata_HIv3___RNAseq.g35008.t1/Montipora_capitata_HIv3___RNAseq.g668.t1/Montipora_capitata_HIv3___RNAseq.g8971.t1/Montipora_capitata_HIv3___RNAseq.g20771.t1/Montipora_capitata_HIv3___TS.g4674.t2b/Montipora_capitata_HIv3___RNAseq.g39974.t1/Montipora_capitata_HIv3___RNAseq.g15188.t1/Montipora_capitata_HIv3___RNAseq.g33997.t1/Montipora_capitata_HIv3___RNAseq.g6934.t1/Montipora_capitata_HIv3___RNAseq.g28116.t1/Montipora_capitata_HIv3___RNAseq.g4457.t1/Montipora_capitata_HIv3___RNAseq.g39706.t2/Montipora_capitata_HIv3___RNAseq.g8867.t2/Montipora_capitata_HIv3___RNAseq.g44445.t1/Montipora_capitata_HIv3___RNAseq.g23366.t1,0.48482412873844605,NA,NA
GO:0002285,lymphocyte activation involved in immune response,3/164,55/8363,0.09287116265689199,2.918696465693254,3,55,Montipora_capitata_HIv3___RNAseq.g23734.t3/Montipora_capitata_HIv3___RNAseq.g35804.t1/Montipora_capitata_HIv3___RNAseq.g35720.t1,0.48482412873844605,lymphocyte activation involved in immune response,BP
GO:0006820,monoatomic anion transport,10/164,317/8363,0.09341511976670687,1.669138437640197,10,317,Montipora_capitata_HIv3___TS.g33283.t2/Montipora_capitata_HIv3___RNAseq.g24139.t1/Montipora_capitata_HIv3___TS.g32048.t1/Montipora_capitata_HIv3___RNAseq.g13129.t1/Montipora_capitata_HIv3___RNAseq.g668.t1/Montipora_capitata_HIv3___RNAseq.g20250.t1/Montipora_capitata_HIv3___TS.g4674.t2b/Montipora_capitata_HIv3___TS.g33523.t1/Montipora_capitata_HIv3___RNAseq.g44445.t1/Montipora_capitata_HIv3___RNAseq.g23366.t1,0.48483570959753997,monoatomic anion transport,BP
GO:0046330,positive regulation of JNK cascade,4/164,88/8363,0.09409556698448067,2.414699141413025,4,88,Montipora_capitata_HIv3___RNAseq.g44960.t2/Montipora_capitata_HIv3___RNAseq.21467_t/Montipora_capitata_HIv3___RNAseq.g35008.t1/Montipora_capitata_HIv3___TS.g10359.t4b,0.48483570959753997,positive regulation of JNK cascade,BP
GO:0016298,lipase activity,4/164,88/8363,0.09409556698448067,2.414699141413025,4,88,Montipora_capitata_HIv3___TS.g33283.t2/Montipora_capitata_HIv3___RNAseq.g24095.t1/Montipora_capitata_HIv3___RNAseq.g6934.t1/Montipora_capitata_HIv3___RNAseq.g44719.t1,0.48483570959753997,lipase activity,MF
GO:0002697,regulation of immune effector process,7/164,198/8363,0.09426781812484893,1.869198824225441,7,198,Montipora_capitata_HIv3___TS.g1118.t1/Montipora_capitata_HIv3___RNAseq.g11548.t1/Montipora_capitata_HIv3___RNAseq.g44960.t2/Montipora_capitata_HIv3___RNAseq.21467_t/Montipora_capitata_HIv3___RNAseq.g35008.t1/Montipora_capitata_HIv3___RNAseq.g14488.t1/Montipora_capitata_HIv3___TS.g47745.t1,0.48483570959753997,regulation of immune effector process,BP
GO:0060485,mesenchyme development,6/164,160/8363,0.09440090375906733,1.9835828144010041,6,160,Montipora_capitata_HIv3___RNAseq.g13857.t1/Montipora_capitata_HIv3___RNAseq.g36907.t1/Montipora_capitata_HIv3___RNAseq.g44814.t1/Montipora_capitata_HIv3___RNAseq.g8971.t1/Montipora_capitata_HIv3___TS.g33523.t1/Montipora_capitata_HIv3___TS.g10359.t4b,0.48483570959753997,mesenchyme development,BP
GO:0006955,immune response,18/164,660/8363,0.09525764487601594,1.4511371943866906,18,660,Montipora_capitata_HIv3___TS.g33283.t2/Montipora_capitata_HIv3___RNAseq.g6978.t1/Montipora_capitata_HIv3___RNAseq.g23734.t3/Montipora_capitata_HIv3___RNAseq.g35804.t1/Montipora_capitata_HIv3___RNAseq.g2640.t1a/Montipora_capitata_HIv3___RNAseq.g44519.t1/Montipora_capitata_HIv3___RNAseq.g44960.t2/Montipora_capitata_HIv3___RNAseq.21467_t/Montipora_capitata_HIv3___RNAseq.g49895.t2/Montipora_capitata_HIv3___RNAseq.g46378.t1/Montipora_capitata_HIv3___RNAseq.g24942.t1/Montipora_capitata_HIv3___RNAseq.g24095.t1/Montipora_capitata_HIv3___RNAseq.g35720.t1/Montipora_capitata_HIv3___RNAseq.g18698.t1/Montipora_capitata_HIv3___TS.g33523.t1/Montipora_capitata_HIv3___RNAseq.g15140.t1/Montipora_capitata_HIv3___RNAseq.g44445.t1/Montipora_capitata_HIv3___RNAseq.g14488.t1,0.48759944187372195,immune response,BP
GO:0045670,regulation of osteoclast differentiation,3/164,56/8363,0.09678249791444386,2.863296344834632,3,56,Montipora_capitata_HIv3___RNAseq.g44960.t2/Montipora_capitata_HIv3___RNAseq.21467_t/Montipora_capitata_HIv3___RNAseq.g8971.t1,0.48759944187372195,regulation of osteoclast differentiation,BP
GO:0043507,positive regulation of JUN kinase activity,3/164,56/8363,0.09678249791444386,2.863296344834632,3,56,Montipora_capitata_HIv3___RNAseq.g44960.t2/Montipora_capitata_HIv3___RNAseq.21467_t/Montipora_capitata_HIv3___RNAseq.g35008.t1,0.48759944187372195,positive regulation of JUN kinase activity,BP
GO:0030183,B cell differentiation,3/164,56/8363,0.09678249791444386,2.863296344834632,3,56,Montipora_capitata_HIv3___RNAseq.g23734.t3/Montipora_capitata_HIv3___RNAseq.g35804.t1/Montipora_capitata_HIv3___RNAseq.g35720.t1,0.48759944187372195,B cell differentiation,BP
GO:0001570,vasculogenesis,3/164,56/8363,0.09678249791444386,2.863296344834632,3,56,Montipora_capitata_HIv3___RNAseq.g18698.t1/Montipora_capitata_HIv3___RNAseq.g8971.t1/Montipora_capitata_HIv3___RNAseq.g42092.t1,0.48759944187372195,vasculogenesis,BP
GO:0032024,positive regulation of insulin secretion,3/164,56/8363,0.09678249791444386,2.863296344834632,3,56,Montipora_capitata_HIv3___RNAseq.g7741.t1/Montipora_capitata_HIv3___RNAseq.g24095.t1/Montipora_capitata_HIv3___RNAseq.g44814.t1,0.48759944187372195,positive regulation of insulin secretion,BP
GO:1901570,fatty acid derivative biosynthetic process,4/164,89/8363,0.09709817067616708,2.3860397523891144,4,89,Montipora_capitata_HIv3___TS.g33283.t2/Montipora_capitata_HIv3___RNAseq.g37645.t1/Montipora_capitata_HIv3___RNAseq.g14956.t1/Montipora_capitata_HIv3___RNAseq.g14960.t1,0.48764176222492767,fatty acid derivative biosynthetic process,BP
GO:0051188,GO:0051188,7/164,200/8363,0.0981126358999529,1.8493910480252471,7,200,Montipora_capitata_HIv3___RNAseq.g36845.t1/Montipora_capitata_HIv3___RNAseq.g40427.t1a/Montipora_capitata_HIv3___RNAseq.g34092.t1/Montipora_capitata_HIv3___TS.g6904.t1/Montipora_capitata_HIv3___RNAseq.g14956.t1/Montipora_capitata_HIv3___RNAseq.g14960.t1/Montipora_capitata_HIv3___RNAseq.g37450.t2,0.4906236462001982,NA,NA
GO:0009408,response to heat,6/164,162/8363,0.09872803239697726,1.9576731395937865,6,162,Montipora_capitata_HIv3___RNAseq.g26525.t1/Montipora_capitata_HIv3___RNAseq.g42608.t1/Montipora_capitata_HIv3___RNAseq.g38848.t1/Montipora_capitata_HIv3___RNAseq.g44814.t1/Montipora_capitata_HIv3___RNAseq.g26867.t1/Montipora_capitata_HIv3___TS.g47745.t1,0.4906236462001982,response to heat,BP
GO:0008654,phospholipid biosynthetic process,7/164,201/8363,0.10006726479691194,1.8396421218246952,7,201,Montipora_capitata_HIv3___TS.g33283.t2/Montipora_capitata_HIv3___RNAseq.g24095.t1/Montipora_capitata_HIv3___RNAseq.g8971.t1/Montipora_capitata_HIv3___RNAseq.g33449.t1/Montipora_capitata_HIv3___TS.g50674.t1/Montipora_capitata_HIv3___RNAseq.g8867.t2/Montipora_capitata_HIv3___RNAseq.g44445.t1,0.4906236462001982,phospholipid biosynthetic process,BP
GO:0048645,animal organ formation,3/164,57/8363,0.1007600832450864,2.8099478793386297,3,57,Montipora_capitata_HIv3___RNAseq.g2559.t1a/Montipora_capitata_HIv3___RNAseq.g8971.t1/Montipora_capitata_HIv3___TS.g33523.t1,0.4906236462001982,animal organ formation,BP
GO:0003151,outflow tract morphogenesis,3/164,57/8363,0.1007600832450864,2.8099478793386297,3,57,Montipora_capitata_HIv3___RNAseq.g44814.t1/Montipora_capitata_HIv3___RNAseq.g8971.t1/Montipora_capitata_HIv3___TS.g33523.t1,0.4906236462001982,outflow tract morphogenesis,BP
GO:0030286,dynein complex,3/164,57/8363,0.1007600832450864,2.8099478793386297,3,57,Montipora_capitata_HIv3___RNAseq.g36838.t1/Montipora_capitata_HIv3___TS.g5595.t1/Montipora_capitata_HIv3___TS.g5653.t1,0.4906236462001982,dynein complex,CC
GO:0070167,regulation of biomineral tissue development,3/164,57/8363,0.1007600832450864,2.8099478793386297,3,57,Montipora_capitata_HIv3___RNAseq.g46378.t1/Montipora_capitata_HIv3___RNAseq.g44814.t1/Montipora_capitata_HIv3___RNAseq.g8971.t1,0.4906236462001982,regulation of biomineral tissue development,BP
GO:0042277,peptide binding,6/164,163/8363,0.1009307319969149,1.944966696382184,6,163,Montipora_capitata_HIv3___TS.g27540.t1/Montipora_capitata_HIv3___RNAseq.g34092.t1/Montipora_capitata_HIv3___RNAseq.g13129.t1/Montipora_capitata_HIv3___RNAseq.g35008.t1/Montipora_capitata_HIv3___RNAseq.g39974.t1/Montipora_capitata_HIv3___RNAseq.g39706.t2,0.4906236462001982,peptide binding,MF
GO:0016323,basolateral plasma membrane,6/164,163/8363,0.1009307319969149,1.944966696382184,6,163,Montipora_capitata_HIv3___RNAseq.g49895.t2/Montipora_capitata_HIv3___RNAseq.g36907.t1/Montipora_capitata_HIv3___RNAseq.g668.t1/Montipora_capitata_HIv3___RNAseq.g41416.t2a/Montipora_capitata_HIv3___TS.g4674.t2b/Montipora_capitata_HIv3___TS.g33523.t1,0.4906236462001982,basolateral plasma membrane,CC
GO:0045785,positive regulation of cell adhesion,6/164,163/8363,0.1009307319969149,1.944966696382184,6,163,Montipora_capitata_HIv3___RNAseq.g44960.t2/Montipora_capitata_HIv3___RNAseq.21467_t/Montipora_capitata_HIv3___RNAseq.g42740.t1/Montipora_capitata_HIv3___RNAseq.g43161.t1a/Montipora_capitata_HIv3___RNAseq.g15029.t1b/Montipora_capitata_HIv3___RNAseq.g20763.t1,0.4906236462001982,positive regulation of cell adhesion,BP
GO:0006732,GO:0006732,9/164,282/8363,0.10244091791896903,1.6856448675225848,9,282,Montipora_capitata_HIv3___RNAseq.g36845.t1/Montipora_capitata_HIv3___RNAseq.g40427.t1a/Montipora_capitata_HIv3___RNAseq.g34092.t1/Montipora_capitata_HIv3___TS.g6904.t1/Montipora_capitata_HIv3___TS.g33523.t1/Montipora_capitata_HIv3___RNAseq.g9561.t1/Montipora_capitata_HIv3___RNAseq.g14956.t1/Montipora_capitata_HIv3___RNAseq.g14960.t1/Montipora_capitata_HIv3___RNAseq.g37450.t2,0.4906236462001982,NA,NA
GO:0001763,morphogenesis of a branching structure,6/164,164/8363,0.10315935191029843,1.9324218634086248,6,164,Montipora_capitata_HIv3___RNAseq.g22865.t1/Montipora_capitata_HIv3___RNAseq.g36907.t1/Montipora_capitata_HIv3___RNAseq.g35008.t1/Montipora_capitata_HIv3___RNAseq.g668.t1/Montipora_capitata_HIv3___RNAseq.g8971.t1/Montipora_capitata_HIv3___RNAseq.g8270.t1,0.4906236462001982,morphogenesis of a branching structure,BP
GO:0002429,immune response-activating cell surface receptor signaling pathway,4/164,91/8363,0.10323679589907502,2.3306618293427275,4,91,Montipora_capitata_HIv3___RNAseq.g44960.t2/Montipora_capitata_HIv3___RNAseq.21467_t/Montipora_capitata_HIv3___RNAseq.g24942.t1/Montipora_capitata_HIv3___RNAseq.g24095.t1,0.4906236462001982,immune response-activating cell surface receptor signaling pathway,BP
GO:0001775,cell activation,15/164,536/8363,0.10336274737684174,1.4834983033803333,15,536,Montipora_capitata_HIv3___RNAseq.g23734.t3/Montipora_capitata_HIv3___RNAseq.g35804.t1/Montipora_capitata_HIv3___RNAseq.g7741.t1/Montipora_capitata_HIv3___RNAseq.g44519.t1/Montipora_capitata_HIv3___RNAseq.g44960.t2/Montipora_capitata_HIv3___RNAseq.21467_t/Montipora_capitata_HIv3___RNAseq.g35008.t1/Montipora_capitata_HIv3___RNAseq.g24942.t1/Montipora_capitata_HIv3___RNAseq.g35720.t1/Montipora_capitata_HIv3___RNAseq.g18698.t1/Montipora_capitata_HIv3___RNAseq.g43161.t1a/Montipora_capitata_HIv3___TS.g33523.t1/Montipora_capitata_HIv3___RNAseq.g15029.t1b/Montipora_capitata_HIv3___RNAseq.g44445.t1/Montipora_capitata_HIv3___RNAseq.g14488.t1,0.4906236462001982,cell activation,BP
GO:0006629,lipid metabolic process,20/164,757/8363,0.10357021659022136,1.4061538329468672,20,757,Montipora_capitata_HIv3___TS.g33283.t2/Montipora_capitata_HIv3___RNAseq.g6978.t1/Montipora_capitata_HIv3___TS.g44069.t1/Montipora_capitata_HIv3___RNAseq.g36836.t1/Montipora_capitata_HIv3___RNAseq.g668.t1/Montipora_capitata_HIv3___RNAseq.g46378.t1/Montipora_capitata_HIv3___RNAseq.g24095.t1/Montipora_capitata_HIv3___RNAseq.g8971.t1/Montipora_capitata_HIv3___RNAseq.g37645.t1/Montipora_capitata_HIv3___RNAseq.g42092.t1/Montipora_capitata_HIv3___RNAseq.g33449.t1/Montipora_capitata_HIv3___RNAseq.g11214.t1/Montipora_capitata_HIv3___TS.g50674.t1/Montipora_capitata_HIv3___RNAseq.g6934.t1/Montipora_capitata_HIv3___RNAseq.g44719.t1/Montipora_capitata_HIv3___RNAseq.g9087.t1/Montipora_capitata_HIv3___RNAseq.g14956.t1/Montipora_capitata_HIv3___RNAseq.g8867.t2/Montipora_capitata_HIv3___RNAseq.g44445.t1/Montipora_capitata_HIv3___RNAseq.g14960.t1,0.4906236462001982,lipid metabolic process,BP
GO:0090087,regulation of peptide transport,13/164,450/8363,0.10364798376752092,1.5290657183329268,13,450,Montipora_capitata_HIv3___TS.g33283.t2/Montipora_capitata_HIv3___RNAseq.g6978.t1/Montipora_capitata_HIv3___RNAseq.g5395.t1/Montipora_capitata_HIv3___RNAseq.g7741.t1/Montipora_capitata_HIv3___RNAseq.g44960.t2/Montipora_capitata_HIv3___RNAseq.21467_t/Montipora_capitata_HIv3___RNAseq.g37193.t1/Montipora_capitata_HIv3___RNAseq.g45361.t1/Montipora_capitata_HIv3___RNAseq.g35008.t1/Montipora_capitata_HIv3___RNAseq.g24095.t1/Montipora_capitata_HIv3___RNAseq.g44814.t1/Montipora_capitata_HIv3___RNAseq.g14488.t1/Montipora_capitata_HIv3___TS.g47745.t1,0.4906236462001982,regulation of peptide transport,BP
GO:0045639,positive regulation of myeloid cell differentiation,3/164,58/8363,0.10480240457584573,2.758538943924178,3,58,Montipora_capitata_HIv3___RNAseq.g44960.t2/Montipora_capitata_HIv3___RNAseq.21467_t/Montipora_capitata_HIv3___RNAseq.g44814.t1,0.4906236462001982,positive regulation of myeloid cell differentiation,BP
GO:0043123,positive regulation of canonical NF-kappaB signal transduction,3/164,58/8363,0.10480240457584573,2.758538943924178,3,58,Montipora_capitata_HIv3___RNAseq.g6978.t1/Montipora_capitata_HIv3___RNAseq.g44960.t2/Montipora_capitata_HIv3___RNAseq.21467_t,0.4906236462001982,positive regulation of canonical NF-kappaB signal transduction,BP
GO:0050673,epithelial cell proliferation,3/164,58/8363,0.10480240457584573,2.758538943924178,3,58,Montipora_capitata_HIv3___RNAseq.g8971.t1/Montipora_capitata_HIv3___TS.g10359.t4b/Montipora_capitata_HIv3___RNAseq.g20763.t1,0.4906236462001982,epithelial cell proliferation,BP
GO:0032508,DNA duplex unwinding,3/164,58/8363,0.10480240457584573,2.758538943924178,3,58,Montipora_capitata_HIv3___RNAseq.g43161.t1a/Montipora_capitata_HIv3___RNAseq.g47955.t1/Montipora_capitata_HIv3___TS.g47745.t1,0.4906236462001982,DNA duplex unwinding,BP
GO:0000288,"nuclear-transcribed mRNA catabolic process, deadenylation-dependent decay",3/164,58/8363,0.10480240457584573,2.758538943924178,3,58,Montipora_capitata_HIv3___RNAseq.g42608.t1/Montipora_capitata_HIv3___RNAseq.g4241.t1/Montipora_capitata_HIv3___RNAseq.g18929.t1,0.4906236462001982,"nuclear-transcribed mRNA catabolic process, deadenylation-dependent decay",BP
GO:0071347,cellular response to interleukin-1,3/164,58/8363,0.10480240457584573,2.758538943924178,3,58,Montipora_capitata_HIv3___RNAseq.g44960.t2/Montipora_capitata_HIv3___RNAseq.21467_t/Montipora_capitata_HIv3___RNAseq.g44814.t1,0.4906236462001982,cellular response to interleukin-1,BP
GO:0010522,regulation of calcium ion transport into cytosol,3/164,58/8363,0.10480240457584573,2.758538943924178,3,58,Montipora_capitata_HIv3___TS.g33283.t2/Montipora_capitata_HIv3___RNAseq.g6978.t1/Montipora_capitata_HIv3___RNAseq.g34092.t1,0.4906236462001982,regulation of calcium ion transport into cytosol,BP
GO:0042742,defense response to bacterium,6/164,165/8363,0.10541375674004597,1.920035815835173,6,165,Montipora_capitata_HIv3___TS.g33283.t2/Montipora_capitata_HIv3___RNAseq.g6978.t1/Montipora_capitata_HIv3___RNAseq.g44519.t1/Montipora_capitata_HIv3___RNAseq.g49895.t2/Montipora_capitata_HIv3___RNAseq.g24095.t1/Montipora_capitata_HIv3___RNAseq.g18698.t1,0.4920342116072146,defense response to bacterium,BP
GO:0033218,amide binding,7/164,204/8363,0.10605917102162774,1.8107964794356304,7,204,Montipora_capitata_HIv3___TS.g27540.t1/Montipora_capitata_HIv3___RNAseq.g34092.t1/Montipora_capitata_HIv3___RNAseq.g13129.t1/Montipora_capitata_HIv3___RNAseq.g35008.t1/Montipora_capitata_HIv3___TS.g33523.t1/Montipora_capitata_HIv3___RNAseq.g39974.t1/Montipora_capitata_HIv3___RNAseq.g39706.t2,0.49216302670027423,amide binding,MF
GO:0015718,monocarboxylic acid transport,4/164,92/8363,0.10637171906628486,2.3039071269593756,4,92,Montipora_capitata_HIv3___TS.g33283.t2/Montipora_capitata_HIv3___TS.g32048.t1/Montipora_capitata_HIv3___RNAseq.g13129.t1/Montipora_capitata_HIv3___TS.g4674.t2b,0.49216302670027423,monocarboxylic acid transport,BP
GO:0006275,regulation of DNA replication,4/164,92/8363,0.10637171906628486,2.3039071269593756,4,92,Montipora_capitata_HIv3___TS.g33283.t2/Montipora_capitata_HIv3___RNAseq.g8971.t1/Montipora_capitata_HIv3___RNAseq.g43161.t1a/Montipora_capitata_HIv3___TS.g47745.t1,0.49216302670027423,regulation of DNA replication,BP
GO:0048193,Golgi vesicle transport,9/164,285/8363,0.10751217595649114,1.6666934930969637,9,285,Montipora_capitata_HIv3___RNAseq.g6978.t1/Montipora_capitata_HIv3___RNAseq.g22865.t1/Montipora_capitata_HIv3___RNAseq.g12548.t1/Montipora_capitata_HIv3___RNAseq.g14155.t1/Montipora_capitata_HIv3___RNAseq.g40284.t1/Montipora_capitata_HIv3___RNAseq.g42740.t1/Montipora_capitata_HIv3___RNAseq.g22408.t1/Montipora_capitata_HIv3___TS.g33523.t1/Montipora_capitata_HIv3___TS.g20607.t1,0.4939069762107382,Golgi vesicle transport,BP
GO:0048583,regulation of response to stimulus,50/164,2172/8363,0.10829221601811945,1.2560399847371562,50,2172,Montipora_capitata_HIv3___TS.g33283.t2/Montipora_capitata_HIv3___RNAseq.g6978.t1/Montipora_capitata_HIv3___RNAseq.g7992.t1/Montipora_capitata_HIv3___TS.g1118.t1/Montipora_capitata_HIv3___RNAseq.g2559.t1a/Montipora_capitata_HIv3___RNAseq.g23734.t3/Montipora_capitata_HIv3___RNAseq.g35804.t1/Montipora_capitata_HIv3___RNAseq.g15043.t1/Montipora_capitata_HIv3___RNAseq.g5395.t1/Montipora_capitata_HIv3___RNAseq.g23733.t1/Montipora_capitata_HIv3___RNAseq.g11548.t1/Montipora_capitata_HIv3___RNAseq.g7741.t1/Montipora_capitata_HIv3___TS.g29616.t1/Montipora_capitata_HIv3___TS.g27540.t1/Montipora_capitata_HIv3___RNAseq.g24139.t1/Montipora_capitata_HIv3___RNAseq.g34092.t1/Montipora_capitata_HIv3___RNAseq.g12596.t1/Montipora_capitata_HIv3___RNAseq.g3374.t1/Montipora_capitata_HIv3___RNAseq.g44960.t2/Montipora_capitata_HIv3___RNAseq.21467_t/Montipora_capitata_HIv3___RNAseq.g29879.t1b/Montipora_capitata_HIv3___RNAseq.g35718.t1/Montipora_capitata_HIv3___RNAseq.g36907.t1/Montipora_capitata_HIv3___RNAseq.g45527.t1/Montipora_capitata_HIv3___RNAseq.g35008.t1/Montipora_capitata_HIv3___RNAseq.g668.t1/Montipora_capitata_HIv3___RNAseq.g46378.t1/Montipora_capitata_HIv3___RNAseq.g24942.t1/Montipora_capitata_HIv3___RNAseq.g24095.t1/Montipora_capitata_HIv3___RNAseq.g44814.t1/Montipora_capitata_HIv3___RNAseq.g35720.t1/Montipora_capitata_HIv3___RNAseq.g18698.t1/Montipora_capitata_HIv3___RNAseq.g8971.t1/Montipora_capitata_HIv3___RNAseq.g30678.t1b/Montipora_capitata_HIv3___RNAseq.g32149.t1/Montipora_capitata_HIv3___RNAseq.g24020.t1/Montipora_capitata_HIv3___RNAseq.g43161.t1a/Montipora_capitata_HIv3___TS.g33523.t1/Montipora_capitata_HIv3___RNAseq.g15188.t1/Montipora_capitata_HIv3___RNAseq.g15029.t1b/Montipora_capitata_HIv3___RNAseq.g4457.t1/Montipora_capitata_HIv3___TS.g10359.t4b/Montipora_capitata_HIv3___RNAseq.g39706.t2/Montipora_capitata_HIv3___RNAseq.g22853.t1/Montipora_capitata_HIv3___RNAseq.g44445.t1/Montipora_capitata_HIv3___RNAseq.g23366.t1/Montipora_capitata_HIv3___RNAseq.g14488.t1/Montipora_capitata_HIv3___TS.g47745.t1/Montipora_capitata_HIv3___RNAseq.g20763.t1/Montipora_capitata_HIv3___TS.g46192.t3,0.4939069762107382,regulation of response to stimulus,BP
GO:0050801,monoatomic ion homeostasis,14/164,497/8363,0.10883730742498199,1.4909147035394177,14,497,Montipora_capitata_HIv3___TS.g33283.t2/Montipora_capitata_HIv3___RNAseq.g33991.t1/Montipora_capitata_HIv3___TS.g27540.t1/Montipora_capitata_HIv3___RNAseq.g34092.t1/Montipora_capitata_HIv3___RNAseq.g13129.t1/Montipora_capitata_HIv3___RNAseq.g33992.t1/Montipora_capitata_HIv3___RNAseq.g38848.t1/Montipora_capitata_HIv3___RNAseq.g36907.t1/Montipora_capitata_HIv3___RNAseq.g46378.t1/Montipora_capitata_HIv3___RNAseq.g24095.t1/Montipora_capitata_HIv3___RNAseq.g44814.t1/Montipora_capitata_HIv3___RNAseq.g8971.t1/Montipora_capitata_HIv3___RNAseq.g14155.t1/Montipora_capitata_HIv3___RNAseq.g15029.t1b,0.4939069762107382,monoatomic ion homeostasis,BP
GO:0098771,inorganic ion homeostasis,13/164,454/8363,0.10900457142105296,1.5144219615358046,13,454,Montipora_capitata_HIv3___TS.g33283.t2/Montipora_capitata_HIv3___RNAseq.g33991.t1/Montipora_capitata_HIv3___TS.g27540.t1/Montipora_capitata_HIv3___RNAseq.g34092.t1/Montipora_capitata_HIv3___RNAseq.g13129.t1/Montipora_capitata_HIv3___RNAseq.g33992.t1/Montipora_capitata_HIv3___RNAseq.g38848.t1/Montipora_capitata_HIv3___RNAseq.g36907.t1/Montipora_capitata_HIv3___RNAseq.g46378.t1/Montipora_capitata_HIv3___RNAseq.g24095.t1/Montipora_capitata_HIv3___RNAseq.g44814.t1/Montipora_capitata_HIv3___RNAseq.g8971.t1/Montipora_capitata_HIv3___RNAseq.g15029.t1b,0.4939069762107382,inorganic ion homeostasis,BP
GO:0007568,GO:0007568,13/164,454/8363,0.10900457142105296,1.5144219615358046,13,454,Montipora_capitata_HIv3___RNAseq.g6978.t1/Montipora_capitata_HIv3___RNAseq.g15043.t1/Montipora_capitata_HIv3___RNAseq.g5395.t1/Montipora_capitata_HIv3___RNAseq.g42608.t1/Montipora_capitata_HIv3___RNAseq.g46378.t1/Montipora_capitata_HIv3___RNAseq.g44814.t1/Montipora_capitata_HIv3___TS.g4674.t2b/Montipora_capitata_HIv3___RNAseq.g42740.t1/Montipora_capitata_HIv3___RNAseq.g15029.t1b/Montipora_capitata_HIv3___TS.g10359.t4b/Montipora_capitata_HIv3___RNAseq.g39706.t2/Montipora_capitata_HIv3___RNAseq.g14488.t1/Montipora_capitata_HIv3___TS.g47745.t1,0.4939069762107382,NA,NA
GO:0010970,transport along microtubule,5/164,129/8363,0.10926391006771888,2.0475565110265634,5,129,Montipora_capitata_HIv3___RNAseq.g36838.t1/Montipora_capitata_HIv3___RNAseq.g22865.t1/Montipora_capitata_HIv3___RNAseq.g44814.t1/Montipora_capitata_HIv3___RNAseq.g42740.t1/Montipora_capitata_HIv3___RNAseq.g1174.t1,0.4939069762107382,transport along microtubule,BP
GO:0099111,microtubule-based transport,5/164,129/8363,0.10926391006771888,2.0475565110265634,5,129,Montipora_capitata_HIv3___RNAseq.g36838.t1/Montipora_capitata_HIv3___RNAseq.g22865.t1/Montipora_capitata_HIv3___RNAseq.g44814.t1/Montipora_capitata_HIv3___RNAseq.g42740.t1/Montipora_capitata_HIv3___RNAseq.g1174.t1,0.4939069762107382,microtubule-based transport,BP
GO:0001838,embryonic epithelial tube formation,5/164,129/8363,0.10926391006771888,2.0475565110265634,5,129,Montipora_capitata_HIv3___RNAseq.g7741.t1/Montipora_capitata_HIv3___RNAseq.g44960.t2/Montipora_capitata_HIv3___RNAseq.21467_t/Montipora_capitata_HIv3___RNAseq.g44814.t1/Montipora_capitata_HIv3___TS.g33523.t1,0.4939069762107382,embryonic epithelial tube formation,BP
GO:0048660,regulation of smooth muscle cell proliferation,4/164,93/8363,0.10954962547333323,2.2777503522190496,4,93,Montipora_capitata_HIv3___RNAseq.g44960.t2/Montipora_capitata_HIv3___RNAseq.21467_t/Montipora_capitata_HIv3___RNAseq.g44814.t1/Montipora_capitata_HIv3___RNAseq.g8971.t1,0.4939069762107382,regulation of smooth muscle cell proliferation,BP
GO:0022407,regulation of cell-cell adhesion,6/164,167/8363,0.10999934823898651,1.8957287209235314,6,167,Montipora_capitata_HIv3___RNAseq.g44960.t2/Montipora_capitata_HIv3___RNAseq.21467_t/Montipora_capitata_HIv3___RNAseq.g42740.t1/Montipora_capitata_HIv3___RNAseq.g43161.t1a/Montipora_capitata_HIv3___RNAseq.g14488.t1/Montipora_capitata_HIv3___RNAseq.g20763.t1,0.4945296477486447,regulation of cell-cell adhesion,BP
GO:1901617,organic hydroxy compound biosynthetic process,5/164,130/8363,0.1119393195138356,2.0309241807292113,5,130,Montipora_capitata_HIv3___RNAseq.g36845.t1/Montipora_capitata_HIv3___RNAseq.g46378.t1/Montipora_capitata_HIv3___RNAseq.g44814.t1/Montipora_capitata_HIv3___TS.g6904.t1/Montipora_capitata_HIv3___RNAseq.g37450.t2,0.49732995913276673,organic hydroxy compound biosynthetic process,BP
GO:0030003,intracellular monoatomic cation homeostasis,11/164,371/8363,0.11213513976525935,1.5654022238969671,11,371,Montipora_capitata_HIv3___TS.g33283.t2/Montipora_capitata_HIv3___RNAseq.g33991.t1/Montipora_capitata_HIv3___TS.g27540.t1/Montipora_capitata_HIv3___RNAseq.g34092.t1/Montipora_capitata_HIv3___RNAseq.g13129.t1/Montipora_capitata_HIv3___RNAseq.g33992.t1/Montipora_capitata_HIv3___RNAseq.g38848.t1/Montipora_capitata_HIv3___RNAseq.g36907.t1/Montipora_capitata_HIv3___RNAseq.g24095.t1/Montipora_capitata_HIv3___RNAseq.g44814.t1/Montipora_capitata_HIv3___RNAseq.g15029.t1b,0.49732995913276673,intracellular monoatomic cation homeostasis,BP
GO:0015849,organic acid transport,6/164,168/8363,0.11233023307674497,1.8838022031666533,6,168,Montipora_capitata_HIv3___TS.g33283.t2/Montipora_capitata_HIv3___RNAseq.g24139.t1/Montipora_capitata_HIv3___TS.g32048.t1/Montipora_capitata_HIv3___RNAseq.g13129.t1/Montipora_capitata_HIv3___TS.g4674.t2b/Montipora_capitata_HIv3___TS.g33523.t1,0.49732995913276673,organic acid transport,BP
GO:0046942,carboxylic acid transport,6/164,168/8363,0.11233023307674497,1.8838022031666533,6,168,Montipora_capitata_HIv3___TS.g33283.t2/Montipora_capitata_HIv3___RNAseq.g24139.t1/Montipora_capitata_HIv3___TS.g32048.t1/Montipora_capitata_HIv3___RNAseq.g13129.t1/Montipora_capitata_HIv3___TS.g4674.t2b/Montipora_capitata_HIv3___TS.g33523.t1,0.49732995913276673,carboxylic acid transport,BP
GO:0019882,antigen processing and presentation,4/164,94/8363,0.11276992958375663,2.2520757368674396,4,94,Montipora_capitata_HIv3___RNAseq.g44960.t2/Montipora_capitata_HIv3___RNAseq.21467_t/Montipora_capitata_HIv3___RNAseq.g42740.t1/Montipora_capitata_HIv3___RNAseq.g15029.t1b,0.49732995913276673,antigen processing and presentation,BP
GO:0043535,regulation of blood vessel endothelial cell migration,3/164,60/8363,0.11307512053337065,2.661051377809989,3,60,Montipora_capitata_HIv3___RNAseq.g6978.t1/Montipora_capitata_HIv3___RNAseq.g44814.t1/Montipora_capitata_HIv3___RNAseq.g8971.t1,0.49732995913276673,regulation of blood vessel endothelial cell migration,BP
GO:0032392,DNA geometric change,3/164,60/8363,0.11307512053337065,2.661051377809989,3,60,Montipora_capitata_HIv3___RNAseq.g43161.t1a/Montipora_capitata_HIv3___RNAseq.g47955.t1/Montipora_capitata_HIv3___TS.g47745.t1,0.49732995913276673,DNA geometric change,BP
GO:0048534,hematopoietic or lymphoid organ development,13/164,457/8363,0.11312924716252602,1.5036097203633665,13,457,Montipora_capitata_HIv3___RNAseq.g23734.t3/Montipora_capitata_HIv3___RNAseq.g35804.t1/Montipora_capitata_HIv3___RNAseq.g7741.t1/Montipora_capitata_HIv3___RNAseq.g44960.t2/Montipora_capitata_HIv3___RNAseq.21467_t/Montipora_capitata_HIv3___RNAseq.g35008.t1/Montipora_capitata_HIv3___RNAseq.g44814.t1/Montipora_capitata_HIv3___RNAseq.g35720.t1/Montipora_capitata_HIv3___RNAseq.g18698.t1/Montipora_capitata_HIv3___RNAseq.g8971.t1/Montipora_capitata_HIv3___RNAseq.g42092.t1/Montipora_capitata_HIv3___RNAseq.g43161.t1a/Montipora_capitata_HIv3___RNAseq.g44445.t1,0.49732995913276673,hematopoietic or lymphoid organ development,BP
GO:0006082,organic acid metabolic process,20/164,768/8363,0.11515933884107205,1.3834370767830668,20,768,Montipora_capitata_HIv3___TS.g33283.t2/Montipora_capitata_HIv3___RNAseq.g40427.t1a/Montipora_capitata_HIv3___RNAseq.g34092.t1/Montipora_capitata_HIv3___RNAseq.g44519.t1/Montipora_capitata_HIv3___RNAseq.g37193.t1/Montipora_capitata_HIv3___RNAseq.g27709.t1/Montipora_capitata_HIv3___RNAseq.g46378.t1/Montipora_capitata_HIv3___RNAseq.g44814.t1/Montipora_capitata_HIv3___RNAseq.g20771.t1/Montipora_capitata_HIv3___RNAseq.g37645.t1/Montipora_capitata_HIv3___RNAseq.g9060.t1/Montipora_capitata_HIv3___TS.g33523.t1/Montipora_capitata_HIv3___RNAseq.g33997.t1/Montipora_capitata_HIv3___RNAseq.g9561.t1/Montipora_capitata_HIv3___RNAseq.g44719.t1/Montipora_capitata_HIv3___RNAseq.g9087.t1/Montipora_capitata_HIv3___RNAseq.g14956.t1/Montipora_capitata_HIv3___RNAseq.g14960.t1/Montipora_capitata_HIv3___RNAseq.g14488.t1/Montipora_capitata_HIv3___RNAseq.g37450.t2,0.5045009193132255,organic acid metabolic process,BP
GO:0045321,leukocyte activation,14/164,502/8363,0.11544155751086146,1.474685888210378,14,502,Montipora_capitata_HIv3___RNAseq.g23734.t3/Montipora_capitata_HIv3___RNAseq.g35804.t1/Montipora_capitata_HIv3___RNAseq.g7741.t1/Montipora_capitata_HIv3___RNAseq.g44519.t1/Montipora_capitata_HIv3___RNAseq.g44960.t2/Montipora_capitata_HIv3___RNAseq.21467_t/Montipora_capitata_HIv3___RNAseq.g35008.t1/Montipora_capitata_HIv3___RNAseq.g24942.t1/Montipora_capitata_HIv3___RNAseq.g35720.t1/Montipora_capitata_HIv3___RNAseq.g18698.t1/Montipora_capitata_HIv3___RNAseq.g43161.t1a/Montipora_capitata_HIv3___TS.g33523.t1/Montipora_capitata_HIv3___RNAseq.g15029.t1b/Montipora_capitata_HIv3___RNAseq.g14488.t1,0.5045009193132255,leukocyte activation,BP
GO:1903708,positive regulation of hemopoiesis,4/164,95/8363,0.11603203248224782,2.2272790424355686,4,95,Montipora_capitata_HIv3___RNAseq.g44960.t2/Montipora_capitata_HIv3___RNAseq.21467_t/Montipora_capitata_HIv3___RNAseq.g44814.t1/Montipora_capitata_HIv3___RNAseq.g42740.t1,0.5045009193132255,positive regulation of hemopoiesis,BP
GO:0035264,multicellular organism growth,4/164,95/8363,0.11603203248224782,2.2272790424355686,4,95,Montipora_capitata_HIv3___RNAseq.g668.t1/Montipora_capitata_HIv3___RNAseq.g8971.t1/Montipora_capitata_HIv3___RNAseq.g33449.t1/Montipora_capitata_HIv3___RNAseq.g15188.t1,0.5045009193132255,multicellular organism growth,BP
GO:1901615,organic hydroxy compound metabolic process,10/164,332/8363,0.11701221148150748,1.5883648390722107,10,332,Montipora_capitata_HIv3___RNAseq.g36845.t1/Montipora_capitata_HIv3___RNAseq.g40983.t1/Montipora_capitata_HIv3___RNAseq.g24836.t1/Montipora_capitata_HIv3___RNAseq.g46378.t1/Montipora_capitata_HIv3___RNAseq.g44814.t1/Montipora_capitata_HIv3___RNAseq.g8971.t1/Montipora_capitata_HIv3___TS.g6904.t1/Montipora_capitata_HIv3___RNAseq.g33997.t1/Montipora_capitata_HIv3___RNAseq.g6934.t1/Montipora_capitata_HIv3___RNAseq.g37450.t2,0.5058666644417762,organic hydroxy compound metabolic process,BP
GO:0019842,vitamin binding,3/164,61/8363,0.11730241494302056,2.614877671693613,3,61,Montipora_capitata_HIv3___RNAseq.g46378.t1/Montipora_capitata_HIv3___TS.g33523.t1/Montipora_capitata_HIv3___RNAseq.g39974.t1,0.5058666644417762,vitamin binding,MF
GO:1903725,regulation of phospholipid metabolic process,3/164,61/8363,0.11730241494302056,2.614877671693613,3,61,Montipora_capitata_HIv3___RNAseq.g6978.t1/Montipora_capitata_HIv3___RNAseq.g8971.t1/Montipora_capitata_HIv3___RNAseq.g15029.t1b,0.5058666644417762,regulation of phospholipid metabolic process,BP
GO:0055080,monoatomic cation homeostasis,12/164,418/8363,0.11889953797720143,1.5152532004230461,12,418,Montipora_capitata_HIv3___TS.g33283.t2/Montipora_capitata_HIv3___RNAseq.g33991.t1/Montipora_capitata_HIv3___TS.g27540.t1/Montipora_capitata_HIv3___RNAseq.g34092.t1/Montipora_capitata_HIv3___RNAseq.g13129.t1/Montipora_capitata_HIv3___RNAseq.g33992.t1/Montipora_capitata_HIv3___RNAseq.g38848.t1/Montipora_capitata_HIv3___RNAseq.g36907.t1/Montipora_capitata_HIv3___RNAseq.g46378.t1/Montipora_capitata_HIv3___RNAseq.g24095.t1/Montipora_capitata_HIv3___RNAseq.g44814.t1/Montipora_capitata_HIv3___RNAseq.g15029.t1b,0.5108652243732984,monoatomic cation homeostasis,BP
GO:0055074,calcium ion homeostasis,8/164,251/8363,0.12004183406962354,1.6788730111760999,8,251,Montipora_capitata_HIv3___TS.g33283.t2/Montipora_capitata_HIv3___RNAseq.g33991.t1/Montipora_capitata_HIv3___TS.g27540.t1/Montipora_capitata_HIv3___RNAseq.g34092.t1/Montipora_capitata_HIv3___RNAseq.g13129.t1/Montipora_capitata_HIv3___RNAseq.g33992.t1/Montipora_capitata_HIv3___RNAseq.g46378.t1/Montipora_capitata_HIv3___RNAseq.g24095.t1,0.5108652243732984,calcium ion homeostasis,BP
GO:0072503,GO:0072503,8/164,251/8363,0.12004183406962354,1.6788730111760999,8,251,Montipora_capitata_HIv3___TS.g33283.t2/Montipora_capitata_HIv3___RNAseq.g33991.t1/Montipora_capitata_HIv3___TS.g27540.t1/Montipora_capitata_HIv3___RNAseq.g34092.t1/Montipora_capitata_HIv3___RNAseq.g13129.t1/Montipora_capitata_HIv3___RNAseq.g33992.t1/Montipora_capitata_HIv3___RNAseq.g36907.t1/Montipora_capitata_HIv3___RNAseq.g24095.t1,0.5108652243732984,NA,NA
GO:0050830,defense response to Gram-positive bacterium,3/164,62/8363,0.12158824892855491,2.5703281589870905,3,62,Montipora_capitata_HIv3___TS.g33283.t2/Montipora_capitata_HIv3___RNAseq.g6978.t1/Montipora_capitata_HIv3___RNAseq.g18698.t1,0.5108652243732984,defense response to Gram-positive bacterium,BP
GO:0016796,"exonuclease activity, active with either ribo- or deoxyribonucleic acids and producing 5'-phosphomonoesters",3/164,62/8363,0.12158824892855491,2.5703281589870905,3,62,Montipora_capitata_HIv3___RNAseq.g42608.t1/Montipora_capitata_HIv3___RNAseq.g4241.t1/Montipora_capitata_HIv3___RNAseq.g18929.t1,0.5108652243732984,"exonuclease activity, active with either ribo- or deoxyribonucleic acids and producing 5'-phosphomonoesters",MF
GO:0008354,germ cell migration,3/164,62/8363,0.12158824892855491,2.5703281589870905,3,62,Montipora_capitata_HIv3___RNAseq.g36907.t1/Montipora_capitata_HIv3___RNAseq.g8971.t1/Montipora_capitata_HIv3___RNAseq.g28116.t1,0.5108652243732984,germ cell migration,BP
GO:0002758,innate immune response-activating signaling pathway,3/164,62/8363,0.12158824892855491,2.5703281589870905,3,62,Montipora_capitata_HIv3___RNAseq.g11548.t1/Montipora_capitata_HIv3___RNAseq.g44960.t2/Montipora_capitata_HIv3___RNAseq.21467_t,0.5108652243732984,innate immune response-activating signaling pathway,BP
GO:0046824,positive regulation of nucleocytoplasmic transport,3/164,62/8363,0.12158824892855491,2.5703281589870905,3,62,Montipora_capitata_HIv3___RNAseq.g6978.t1/Montipora_capitata_HIv3___RNAseq.g5395.t1/Montipora_capitata_HIv3___TS.g47745.t1,0.5108652243732984,positive regulation of nucleocytoplasmic transport,BP
GO:0061371,determination of heart left/right asymmetry,4/164,97/8363,0.12267917588601752,2.1787692769047813,4,97,Montipora_capitata_HIv3___RNAseq.g2559.t1a/Montipora_capitata_HIv3___RNAseq.g44814.t1/Montipora_capitata_HIv3___RNAseq.g8971.t1/Montipora_capitata_HIv3___TS.g33523.t1,0.5108652243732984,determination of heart left/right asymmetry,BP
GO:0003774,cytoskeletal motor activity,4/164,97/8363,0.12267917588601752,2.1787692769047813,4,97,Montipora_capitata_HIv3___RNAseq.g36838.t1/Montipora_capitata_HIv3___TS.g5595.t1/Montipora_capitata_HIv3___RNAseq.g18698.t1/Montipora_capitata_HIv3___TS.g5653.t1,0.5108652243732984,cytoskeletal motor activity,MF
GO:0002764,immune response-regulating signaling pathway,5/164,134/8363,0.12295419593707171,1.9670185803098799,5,134,Montipora_capitata_HIv3___RNAseq.g11548.t1/Montipora_capitata_HIv3___RNAseq.g44960.t2/Montipora_capitata_HIv3___RNAseq.21467_t/Montipora_capitata_HIv3___RNAseq.g24942.t1/Montipora_capitata_HIv3___RNAseq.g24095.t1,0.5108652243732984,immune response-regulating signaling pathway,BP
GO:0009898,cytoplasmic side of plasma membrane,5/164,134/8363,0.12295419593707171,1.9670185803098799,5,134,Montipora_capitata_HIv3___RNAseq.g6978.t1/Montipora_capitata_HIv3___RNAseq.g11548.t1/Montipora_capitata_HIv3___RNAseq.g44960.t2/Montipora_capitata_HIv3___RNAseq.21467_t/Montipora_capitata_HIv3___RNAseq.g8971.t1,0.5108652243732984,cytoplasmic side of plasma membrane,CC
GO:0051099,positive regulation of binding,5/164,134/8363,0.12295419593707171,1.9670185803098799,5,134,Montipora_capitata_HIv3___TS.g1118.t1/Montipora_capitata_HIv3___RNAseq.g44960.t2/Montipora_capitata_HIv3___RNAseq.21467_t/Montipora_capitata_HIv3___RNAseq.g41333.t1/Montipora_capitata_HIv3___TS.g47745.t1,0.5108652243732984,positive regulation of binding,BP
GO:0005576,extracellular region,22/164,866/8363,0.12296818885356016,1.3500685055715023,22,866,Montipora_capitata_HIv3___TS.g33283.t2/Montipora_capitata_HIv3___RNAseq.g14946.t1/Montipora_capitata_HIv3___RNAseq.g33991.t1/Montipora_capitata_HIv3___RNAseq.g34092.t1/Montipora_capitata_HIv3___RNAseq.g44519.t1/Montipora_capitata_HIv3___TS.g32048.t1/Montipora_capitata_HIv3___RNAseq.g33992.t1/Montipora_capitata_HIv3___RNAseq.g35008.t1/Montipora_capitata_HIv3___RNAseq.g668.t1/Montipora_capitata_HIv3___RNAseq.g24942.t1/Montipora_capitata_HIv3___RNAseq.g24095.t1/Montipora_capitata_HIv3___RNAseq.g8971.t1/Montipora_capitata_HIv3___RNAseq.g20807.t2/Montipora_capitata_HIv3___RNAseq.g33449.t1/Montipora_capitata_HIv3___TS.g33523.t1/Montipora_capitata_HIv3___RNAseq.g4457.t1/Montipora_capitata_HIv3___RNAseq.g44719.t1/Montipora_capitata_HIv3___RNAseq.g14625.t1/Montipora_capitata_HIv3___TS.g10359.t4b/Montipora_capitata_HIv3___RNAseq.g39706.t2/Montipora_capitata_HIv3___RNAseq.g44445.t1/Montipora_capitata_HIv3___RNAseq.g14488.t1,0.5108652243732984,extracellular region,CC
GO:0035148,tube formation,6/164,173/8363,0.12435897556401664,1.8263352123367207,6,173,Montipora_capitata_HIv3___RNAseq.g7741.t1/Montipora_capitata_HIv3___RNAseq.g44960.t2/Montipora_capitata_HIv3___RNAseq.21467_t/Montipora_capitata_HIv3___RNAseq.g44814.t1/Montipora_capitata_HIv3___RNAseq.g8971.t1/Montipora_capitata_HIv3___TS.g33523.t1,0.5142979776109138,tube formation,BP
GO:0051050,positive regulation of transport,16/164,597/8363,0.12474179951331614,1.417421675534567,16,597,Montipora_capitata_HIv3___TS.g33283.t2/Montipora_capitata_HIv3___RNAseq.g6978.t1/Montipora_capitata_HIv3___RNAseq.g5395.t1/Montipora_capitata_HIv3___RNAseq.g7741.t1/Montipora_capitata_HIv3___RNAseq.g24139.t1/Montipora_capitata_HIv3___RNAseq.g34092.t1/Montipora_capitata_HIv3___RNAseq.g37193.t1/Montipora_capitata_HIv3___RNAseq.g35008.t1/Montipora_capitata_HIv3___RNAseq.g24942.t1/Montipora_capitata_HIv3___RNAseq.g24095.t1/Montipora_capitata_HIv3___RNAseq.g44814.t1/Montipora_capitata_HIv3___RNAseq.g8971.t1/Montipora_capitata_HIv3___RNAseq.g49962.t1/Montipora_capitata_HIv3___RNAseq.g15029.t1b/Montipora_capitata_HIv3___TS.g47745.t1/Montipora_capitata_HIv3___TS.g20607.t1,0.5142979776109138,positive regulation of transport,BP
GO:0051223,regulation of protein transport,12/164,422/8363,0.12500750512383468,1.4997029662534531,12,422,Montipora_capitata_HIv3___TS.g33283.t2/Montipora_capitata_HIv3___RNAseq.g6978.t1/Montipora_capitata_HIv3___RNAseq.g5395.t1/Montipora_capitata_HIv3___RNAseq.g7741.t1/Montipora_capitata_HIv3___RNAseq.g44960.t2/Montipora_capitata_HIv3___RNAseq.21467_t/Montipora_capitata_HIv3___RNAseq.g37193.t1/Montipora_capitata_HIv3___RNAseq.g35008.t1/Montipora_capitata_HIv3___RNAseq.g24095.t1/Montipora_capitata_HIv3___RNAseq.g44814.t1/Montipora_capitata_HIv3___RNAseq.g14488.t1/Montipora_capitata_HIv3___TS.g47745.t1,0.5142979776109138,regulation of protein transport,BP
GO:0097164,ammonium ion metabolic process,5/164,135/8363,0.125784680122393,1.9516510071078335,5,135,Montipora_capitata_HIv3___TS.g33283.t2/Montipora_capitata_HIv3___RNAseq.g24095.t1/Montipora_capitata_HIv3___RNAseq.g9918.t1/Montipora_capitata_HIv3___RNAseq.g44719.t1/Montipora_capitata_HIv3___RNAseq.g37450.t2,0.5142979776109138,ammonium ion metabolic process,BP
GO:0098876,vesicle-mediated transport to the plasma membrane,3/164,63/8363,0.12593104838207358,2.5271940507271102,3,63,Montipora_capitata_HIv3___RNAseq.g12548.t1/Montipora_capitata_HIv3___RNAseq.g40284.t1/Montipora_capitata_HIv3___RNAseq.g15029.t1b,0.5142979776109138,vesicle-mediated transport to the plasma membrane,BP
GO:1900182,positive regulation of protein localization to nucleus,3/164,63/8363,0.12593104838207358,2.5271940507271102,3,63,Montipora_capitata_HIv3___RNAseq.g6978.t1/Montipora_capitata_HIv3___TS.g1118.t1/Montipora_capitata_HIv3___RNAseq.g5395.t1,0.5142979776109138,positive regulation of protein localization to nucleus,BP
GO:0001890,placenta development,4/164,98/8363,0.1260629573350003,2.1553127065861415,4,98,Montipora_capitata_HIv3___RNAseq.g35008.t1/Montipora_capitata_HIv3___RNAseq.g46378.t1/Montipora_capitata_HIv3___RNAseq.g44814.t1/Montipora_capitata_HIv3___RNAseq.g8971.t1,0.5142979776109138,placenta development,BP
GO:0006508,proteolysis,20/164,780/8363,0.12868937034389535,1.3594050072662012,20,780,Montipora_capitata_HIv3___TS.g1118.t1/Montipora_capitata_HIv3___RNAseq.g23762.t1/Montipora_capitata_HIv3___RNAseq.g35299.t1/Montipora_capitata_HIv3___RNAseq.g11548.t1/Montipora_capitata_HIv3___RNAseq.g33991.t1/Montipora_capitata_HIv3___RNAseq.g44960.t2/Montipora_capitata_HIv3___TS.g32048.t1/Montipora_capitata_HIv3___RNAseq.21467_t/Montipora_capitata_HIv3___RNAseq.g33992.t1/Montipora_capitata_HIv3___RNAseq.g24942.t1/Montipora_capitata_HIv3___RNAseq.g44814.t1/Montipora_capitata_HIv3___RNAseq.g20771.t1/Montipora_capitata_HIv3___RNAseq.g30678.t1b/Montipora_capitata_HIv3___RNAseq.g20807.t2/Montipora_capitata_HIv3___RNAseq.g14965.t1/Montipora_capitata_HIv3___RNAseq.g22553.t1c/Montipora_capitata_HIv3___RNAseq.g23247.t1/Montipora_capitata_HIv3___RNAseq.g15188.t1/Montipora_capitata_HIv3___RNAseq.g14625.t1/Montipora_capitata_HIv3___RNAseq.g39706.t2,0.5236667454763126,proteolysis,BP
GO:0001655,urogenital system development,9/164,297/8363,0.1291887060107386,1.5948339452340696,9,297,Montipora_capitata_HIv3___RNAseq.g2559.t1a/Montipora_capitata_HIv3___RNAseq.g22865.t1/Montipora_capitata_HIv3___RNAseq.g7741.t1/Montipora_capitata_HIv3___RNAseq.g668.t1/Montipora_capitata_HIv3___RNAseq.g18698.t1/Montipora_capitata_HIv3___RNAseq.g8971.t1/Montipora_capitata_HIv3___RNAseq.g42092.t1/Montipora_capitata_HIv3___RNAseq.g28116.t1/Montipora_capitata_HIv3___RNAseq.g14488.t1,0.5243541596906448,urogenital system development,BP
GO:0034605,cellular response to heat,3/164,64/8363,0.13032923289597417,2.4855541083765518,3,64,Montipora_capitata_HIv3___RNAseq.g38848.t1/Montipora_capitata_HIv3___RNAseq.g26867.t1/Montipora_capitata_HIv3___TS.g47745.t1,0.525807096456032,cellular response to heat,BP
GO:0032479,regulation of type I interferon production,3/164,64/8363,0.13032923289597417,2.4855541083765518,3,64,Montipora_capitata_HIv3___RNAseq.g11548.t1/Montipora_capitata_HIv3___RNAseq.g32149.t1/Montipora_capitata_HIv3___TS.g47745.t1,0.525807096456032,regulation of type I interferon production,BP
GO:0098791,Golgi apparatus subcompartment,13/164,469/8363,0.130540640203955,1.4617837369392432,13,469,Montipora_capitata_HIv3___RNAseq.g6978.t1/Montipora_capitata_HIv3___RNAseq.g22865.t1/Montipora_capitata_HIv3___RNAseq.g7739.t1/Montipora_capitata_HIv3___RNAseq.g3374.t1/Montipora_capitata_HIv3___RNAseq.g37193.t1/Montipora_capitata_HIv3___RNAseq.g44539.t1/Montipora_capitata_HIv3___RNAseq.g24524.t1/Montipora_capitata_HIv3___RNAseq.g14155.t1/Montipora_capitata_HIv3___RNAseq.g42740.t1/Montipora_capitata_HIv3___TS.g33523.t1/Montipora_capitata_HIv3___RNAseq.g49962.t1/Montipora_capitata_HIv3___RNAseq.g39706.t2/Montipora_capitata_HIv3___RNAseq.g8867.t2,0.525807096456032,Golgi apparatus subcompartment,CC
GO:0016567,protein ubiquitination,11/164,383/8363,0.13146138869333082,1.5125938388152511,11,383,Montipora_capitata_HIv3___TS.g1118.t1/Montipora_capitata_HIv3___RNAseq.g35299.t1/Montipora_capitata_HIv3___RNAseq.g11548.t1/Montipora_capitata_HIv3___RNAseq.g44960.t2/Montipora_capitata_HIv3___RNAseq.21467_t/Montipora_capitata_HIv3___RNAseq.g30678.t1b/Montipora_capitata_HIv3___RNAseq.g15186.t1/Montipora_capitata_HIv3___RNAseq.g32149.t1/Montipora_capitata_HIv3___RNAseq.g22553.t1c/Montipora_capitata_HIv3___RNAseq.g23247.t1/Montipora_capitata_HIv3___RNAseq.g15188.t1,0.5271384467812947,protein ubiquitination,BP
GO:0001503,ossification,5/164,137/8363,0.13153549144637222,1.9216177144720161,5,137,Montipora_capitata_HIv3___RNAseq.g44960.t2/Montipora_capitata_HIv3___RNAseq.21467_t/Montipora_capitata_HIv3___RNAseq.g46378.t1/Montipora_capitata_HIv3___RNAseq.g8971.t1/Montipora_capitata_HIv3___RNAseq.g33449.t1,0.5271384467812947,ossification,BP
GO:0030335,positive regulation of cell migration,8/164,257/8363,0.13220316793922537,1.6371862723089077,8,257,Montipora_capitata_HIv3___RNAseq.g6978.t1/Montipora_capitata_HIv3___RNAseq.g35008.t1/Montipora_capitata_HIv3___RNAseq.g44814.t1/Montipora_capitata_HIv3___RNAseq.g18698.t1/Montipora_capitata_HIv3___RNAseq.g8971.t1/Montipora_capitata_HIv3___RNAseq.g15029.t1b/Montipora_capitata_HIv3___TS.g10359.t4b/Montipora_capitata_HIv3___RNAseq.g39706.t2,0.5275144704597565,positive regulation of cell migration,BP
GO:0006665,sphingolipid metabolic process,4/164,100/8363,0.13294770948083828,2.109887244911006,4,100,Montipora_capitata_HIv3___RNAseq.g6978.t1/Montipora_capitata_HIv3___TS.g44069.t1/Montipora_capitata_HIv3___RNAseq.g11214.t1/Montipora_capitata_HIv3___RNAseq.g44719.t1,0.5275144704597565,sphingolipid metabolic process,BP
GO:0002699,positive regulation of immune effector process,4/164,100/8363,0.13294770948083828,2.109887244911006,4,100,Montipora_capitata_HIv3___RNAseq.g44960.t2/Montipora_capitata_HIv3___RNAseq.21467_t/Montipora_capitata_HIv3___RNAseq.g35008.t1/Montipora_capitata_HIv3___RNAseq.g14488.t1,0.5275144704597565,positive regulation of immune effector process,BP
GO:0006950,response to stress,48/164,2109/8363,0.13295890874852087,1.2323375082961612,48,2109,Montipora_capitata_HIv3___TS.g33283.t2/Montipora_capitata_HIv3___RNAseq.g6978.t1/Montipora_capitata_HIv3___RNAseq.g7992.t1/Montipora_capitata_HIv3___TS.g1118.t1/Montipora_capitata_HIv3___RNAseq.g23734.t3/Montipora_capitata_HIv3___RNAseq.g26525.t1/Montipora_capitata_HIv3___RNAseq.g35804.t1/Montipora_capitata_HIv3___RNAseq.g5395.t1/Montipora_capitata_HIv3___RNAseq.g7741.t1/Montipora_capitata_HIv3___TS.g29616.t1/Montipora_capitata_HIv3___RNAseq.g2640.t1a/Montipora_capitata_HIv3___RNAseq.g34092.t1/Montipora_capitata_HIv3___RNAseq.g44519.t1/Montipora_capitata_HIv3___RNAseq.g12596.t1/Montipora_capitata_HIv3___RNAseq.g50691.t1/Montipora_capitata_HIv3___RNAseq.g44960.t2/Montipora_capitata_HIv3___RNAseq.21467_t/Montipora_capitata_HIv3___RNAseq.g13129.t1/Montipora_capitata_HIv3___RNAseq.g29879.t1b/Montipora_capitata_HIv3___RNAseq.g42608.t1/Montipora_capitata_HIv3___RNAseq.g38848.t1/Montipora_capitata_HIv3___RNAseq.g49895.t2/Montipora_capitata_HIv3___RNAseq.g668.t1/Montipora_capitata_HIv3___RNAseq.g46378.t1/Montipora_capitata_HIv3___RNAseq.g24095.t1/Montipora_capitata_HIv3___RNAseq.g44814.t1/Montipora_capitata_HIv3___RNAseq.g35720.t1/Montipora_capitata_HIv3___RNAseq.g18698.t1/Montipora_capitata_HIv3___RNAseq.g8971.t1/Montipora_capitata_HIv3___RNAseq.g30678.t1b/Montipora_capitata_HIv3___TS.g40519.t3/Montipora_capitata_HIv3___RNAseq.g15186.t1/Montipora_capitata_HIv3___RNAseq.g14965.t1/Montipora_capitata_HIv3___TS.g4674.t2b/Montipora_capitata_HIv3___RNAseq.g37645.t1/Montipora_capitata_HIv3___RNAseq.g42740.t1/Montipora_capitata_HIv3___RNAseq.g43161.t1a/Montipora_capitata_HIv3___TS.g33523.t1/Montipora_capitata_HIv3___RNAseq.g39974.t1/Montipora_capitata_HIv3___RNAseq.g47955.t1/Montipora_capitata_HIv3___RNAseq.g15188.t1/Montipora_capitata_HIv3___RNAseq.g18929.t1/Montipora_capitata_HIv3___TS.g10359.t4b/Montipora_capitata_HIv3___RNAseq.g15140.t1/Montipora_capitata_HIv3___RNAseq.g26867.t1/Montipora_capitata_HIv3___RNAseq.g44445.t1/Montipora_capitata_HIv3___RNAseq.g14488.t1/Montipora_capitata_HIv3___TS.g47745.t1,0.5275144704597565,response to stress,BP
GO:0008340,determination of adult lifespan,8/164,258/8363,0.13429009457743285,1.6304328999858286,8,258,Montipora_capitata_HIv3___RNAseq.g6978.t1/Montipora_capitata_HIv3___RNAseq.g15043.t1/Montipora_capitata_HIv3___RNAseq.g42608.t1/Montipora_capitata_HIv3___RNAseq.g44814.t1/Montipora_capitata_HIv3___TS.g4674.t2b/Montipora_capitata_HIv3___RNAseq.g42740.t1/Montipora_capitata_HIv3___RNAseq.g15029.t1b/Montipora_capitata_HIv3___TS.g47745.t1,0.5307967762805428,determination of adult lifespan,BP
GO:0002253,activation of immune response,5/164,138/8363,0.1344551380370373,1.9069419722199532,5,138,Montipora_capitata_HIv3___RNAseq.g11548.t1/Montipora_capitata_HIv3___RNAseq.g44960.t2/Montipora_capitata_HIv3___RNAseq.21467_t/Montipora_capitata_HIv3___RNAseq.g24942.t1/Montipora_capitata_HIv3___RNAseq.g24095.t1,0.5307967762805428,activation of immune response,BP
GO:0043900,GO:0043900,10/164,343/8363,0.13626601822826523,1.533754030257454,10,343,Montipora_capitata_HIv3___TS.g1118.t1/Montipora_capitata_HIv3___RNAseq.g11548.t1/Montipora_capitata_HIv3___RNAseq.g44519.t1/Montipora_capitata_HIv3___RNAseq.g44960.t2/Montipora_capitata_HIv3___RNAseq.21467_t/Montipora_capitata_HIv3___RNAseq.g30678.t1b/Montipora_capitata_HIv3___RNAseq.g37645.t1/Montipora_capitata_HIv3___RNAseq.g44445.t1/Montipora_capitata_HIv3___RNAseq.g14488.t1/Montipora_capitata_HIv3___TS.g47745.t1,0.5359949416943053,NA,NA
GO:0010508,positive regulation of autophagy,4/164,101/8363,0.13644735755797058,2.0878624677589523,4,101,Montipora_capitata_HIv3___RNAseq.g6978.t1/Montipora_capitata_HIv3___RNAseq.g44960.t2/Montipora_capitata_HIv3___RNAseq.21467_t/Montipora_capitata_HIv3___RNAseq.g44814.t1,0.5359949416943053,positive regulation of autophagy,BP
GO:0015711,organic anion transport,8/164,260/8363,0.1385145906064884,1.6170868578244502,8,260,Montipora_capitata_HIv3___TS.g33283.t2/Montipora_capitata_HIv3___RNAseq.g24139.t1/Montipora_capitata_HIv3___TS.g32048.t1/Montipora_capitata_HIv3___RNAseq.g13129.t1/Montipora_capitata_HIv3___RNAseq.g20250.t1/Montipora_capitata_HIv3___TS.g4674.t2b/Montipora_capitata_HIv3___TS.g33523.t1/Montipora_capitata_HIv3___RNAseq.g44445.t1,0.5378247012187443,organic anion transport,BP
GO:0044389,ubiquitin-like protein ligase binding,8/164,260/8363,0.1385145906064884,1.6170868578244502,8,260,Montipora_capitata_HIv3___TS.g1118.t1/Montipora_capitata_HIv3___RNAseq.g11548.t1/Montipora_capitata_HIv3___RNAseq.g44960.t2/Montipora_capitata_HIv3___RNAseq.21467_t/Montipora_capitata_HIv3___RNAseq.g35008.t1/Montipora_capitata_HIv3___RNAseq.g44814.t1/Montipora_capitata_HIv3___RNAseq.g15186.t1/Montipora_capitata_HIv3___RNAseq.g15029.t1b,0.5378247012187443,ubiquitin-like protein ligase binding,MF
GO:0044773,mitotic DNA damage checkpoint signaling,3/164,66/8363,0.13928541411525136,2.40592182611178,3,66,Montipora_capitata_HIv3___RNAseq.g7741.t1/Montipora_capitata_HIv3___RNAseq.g14965.t1/Montipora_capitata_HIv3___RNAseq.g43161.t1a,0.5378247012187443,mitotic DNA damage checkpoint signaling,BP
GO:0043506,regulation of JUN kinase activity,3/164,66/8363,0.13928541411525136,2.40592182611178,3,66,Montipora_capitata_HIv3___RNAseq.g44960.t2/Montipora_capitata_HIv3___RNAseq.21467_t/Montipora_capitata_HIv3___RNAseq.g35008.t1,0.5378247012187443,regulation of JUN kinase activity,BP
GO:0072593,reactive oxygen species metabolic process,3/164,66/8363,0.13928541411525136,2.40592182611178,3,66,Montipora_capitata_HIv3___RNAseq.g44519.t1/Montipora_capitata_HIv3___RNAseq.g14488.t1/Montipora_capitata_HIv3___RNAseq.g37450.t2,0.5378247012187443,reactive oxygen species metabolic process,BP
GO:0042826,histone deacetylase binding,3/164,66/8363,0.13928541411525136,2.40592182611178,3,66,Montipora_capitata_HIv3___RNAseq.g44960.t2/Montipora_capitata_HIv3___RNAseq.21467_t/Montipora_capitata_HIv3___RNAseq.g44814.t1,0.5378247012187443,histone deacetylase binding,MF
GO:1903169,regulation of calcium ion transmembrane transport,3/164,66/8363,0.13928541411525136,2.40592182611178,3,66,Montipora_capitata_HIv3___RNAseq.g6978.t1/Montipora_capitata_HIv3___RNAseq.g34092.t1/Montipora_capitata_HIv3___RNAseq.g24095.t1,0.5378247012187443,regulation of calcium ion transmembrane transport,BP
GO:0048593,camera-type eye morphogenesis,4/164,102/8363,0.13998428964045,2.066323426537037,4,102,Montipora_capitata_HIv3___RNAseq.g35008.t1/Montipora_capitata_HIv3___RNAseq.g44814.t1/Montipora_capitata_HIv3___RNAseq.g8971.t1/Montipora_capitata_HIv3___TS.g10359.t4b,0.5392113292703742,camera-type eye morphogenesis,BP
GO:0051091,positive regulation of DNA-binding transcription factor activity,5/164,140/8363,0.1403811580492417,1.878248235032087,5,140,Montipora_capitata_HIv3___TS.g33283.t2/Montipora_capitata_HIv3___RNAseq.g6978.t1/Montipora_capitata_HIv3___RNAseq.g44960.t2/Montipora_capitata_HIv3___RNAseq.21467_t/Montipora_capitata_HIv3___TS.g47745.t1,0.5394307453369166,positive regulation of DNA-binding transcription factor activity,BP
GO:0002520,immune system development,13/164,476/8363,0.14136307504153564,1.4383866326658576,13,476,Montipora_capitata_HIv3___RNAseq.g23734.t3/Montipora_capitata_HIv3___RNAseq.g35804.t1/Montipora_capitata_HIv3___RNAseq.g7741.t1/Montipora_capitata_HIv3___RNAseq.g44960.t2/Montipora_capitata_HIv3___RNAseq.21467_t/Montipora_capitata_HIv3___RNAseq.g35008.t1/Montipora_capitata_HIv3___RNAseq.g44814.t1/Montipora_capitata_HIv3___RNAseq.g35720.t1/Montipora_capitata_HIv3___RNAseq.g18698.t1/Montipora_capitata_HIv3___RNAseq.g8971.t1/Montipora_capitata_HIv3___RNAseq.g42092.t1/Montipora_capitata_HIv3___RNAseq.g43161.t1a/Montipora_capitata_HIv3___RNAseq.g44445.t1,0.54189178765922,immune system development,BP
GO:0044283,small molecule biosynthetic process,13/164,477/8363,0.1429485686112348,1.4351018221604817,13,477,Montipora_capitata_HIv3___TS.g33283.t2/Montipora_capitata_HIv3___RNAseq.g36845.t1/Montipora_capitata_HIv3___RNAseq.g40427.t1a/Montipora_capitata_HIv3___RNAseq.g34092.t1/Montipora_capitata_HIv3___RNAseq.g44519.t1/Montipora_capitata_HIv3___RNAseq.g27709.t1/Montipora_capitata_HIv3___RNAseq.g46378.t1/Montipora_capitata_HIv3___RNAseq.g20771.t1/Montipora_capitata_HIv3___TS.g6904.t1/Montipora_capitata_HIv3___RNAseq.g37645.t1/Montipora_capitata_HIv3___TS.g21293.t1/Montipora_capitata_HIv3___RNAseq.g37450.t2/Montipora_capitata_HIv3___RNAseq.g20763.t1,0.5466491045446498,small molecule biosynthetic process,BP
GO:1903532,positive regulation of secretion by cell,7/164,222/8363,0.14590866146821513,1.6555599197478033,7,222,Montipora_capitata_HIv3___TS.g33283.t2/Montipora_capitata_HIv3___RNAseq.g7741.t1/Montipora_capitata_HIv3___RNAseq.g35008.t1/Montipora_capitata_HIv3___RNAseq.g24095.t1/Montipora_capitata_HIv3___RNAseq.g44814.t1/Montipora_capitata_HIv3___RNAseq.g8971.t1/Montipora_capitata_HIv3___TS.g47745.t1,0.5566275138222534,positive regulation of secretion by cell,BP
GO:0002768,immune response-regulating cell surface receptor signaling pathway,4/164,104/8363,0.1471672625443831,2.0244180438358725,4,104,Montipora_capitata_HIv3___RNAseq.g44960.t2/Montipora_capitata_HIv3___RNAseq.21467_t/Montipora_capitata_HIv3___RNAseq.g24942.t1/Montipora_capitata_HIv3___RNAseq.g24095.t1,0.5587426929615693,immune response-regulating cell surface receptor signaling pathway,BP
GO:0032874,positive regulation of stress-activated MAPK cascade,4/164,104/8363,0.1471672625443831,2.0244180438358725,4,104,Montipora_capitata_HIv3___RNAseq.g44960.t2/Montipora_capitata_HIv3___RNAseq.21467_t/Montipora_capitata_HIv3___RNAseq.g35008.t1/Montipora_capitata_HIv3___TS.g10359.t4b,0.5587426929615693,positive regulation of stress-activated MAPK cascade,BP
GO:0042133,neurotransmitter metabolic process,3/164,68/8363,0.1484440860818821,2.3313975973515566,3,68,Montipora_capitata_HIv3___RNAseq.g20771.t1/Montipora_capitata_HIv3___RNAseq.g14488.t1/Montipora_capitata_HIv3___RNAseq.g37450.t2,0.5609065824093973,neurotransmitter metabolic process,BP
GO:0090277,positive regulation of peptide hormone secretion,3/164,68/8363,0.1484440860818821,2.3313975973515566,3,68,Montipora_capitata_HIv3___RNAseq.g7741.t1/Montipora_capitata_HIv3___RNAseq.g24095.t1/Montipora_capitata_HIv3___RNAseq.g44814.t1,0.5609065824093973,positive regulation of peptide hormone secretion,BP
GO:0008509,monoatomic anion transmembrane transporter activity,6/164,183/8363,0.1502123086259883,1.7209414802515803,6,183,Montipora_capitata_HIv3___RNAseq.g24139.t1/Montipora_capitata_HIv3___RNAseq.g13129.t1/Montipora_capitata_HIv3___RNAseq.g668.t1/Montipora_capitata_HIv3___RNAseq.g20250.t1/Montipora_capitata_HIv3___TS.g4674.t2b/Montipora_capitata_HIv3___RNAseq.g23366.t1,0.5654980789793148,monoatomic anion transmembrane transporter activity,MF
GO:0008219,cell death,14/164,526/8363,0.15037188993652859,1.4012001568112655,14,526,Montipora_capitata_HIv3___RNAseq.g11548.t1/Montipora_capitata_HIv3___RNAseq.g44960.t2/Montipora_capitata_HIv3___RNAseq.21467_t/Montipora_capitata_HIv3___TS.g28995.t1/Montipora_capitata_HIv3___RNAseq.g35008.t1/Montipora_capitata_HIv3___RNAseq.g24942.t1/Montipora_capitata_HIv3___RNAseq.g8971.t1/Montipora_capitata_HIv3___RNAseq.g32149.t1/Montipora_capitata_HIv3___RNAseq.g18929.t1/Montipora_capitata_HIv3___RNAseq.g14625.t1/Montipora_capitata_HIv3___RNAseq.g39706.t2/Montipora_capitata_HIv3___RNAseq.g44445.t1/Montipora_capitata_HIv3___RNAseq.g14488.t1/Montipora_capitata_HIv3___TS.g47745.t1,0.5654980789793148,cell death,BP
GO:0070304,positive regulation of stress-activated protein kinase signaling cascade,4/164,105/8363,0.15081191232084398,2.004222124294721,4,105,Montipora_capitata_HIv3___RNAseq.g44960.t2/Montipora_capitata_HIv3___RNAseq.21467_t/Montipora_capitata_HIv3___RNAseq.g35008.t1/Montipora_capitata_HIv3___TS.g10359.t4b,0.565812068210826,positive regulation of stress-activated protein kinase signaling cascade,BP
GO:2000147,positive regulation of cell motility,8/164,266/8363,0.15158594349408724,1.5782896072126,8,266,Montipora_capitata_HIv3___RNAseq.g6978.t1/Montipora_capitata_HIv3___RNAseq.g35008.t1/Montipora_capitata_HIv3___RNAseq.g44814.t1/Montipora_capitata_HIv3___RNAseq.g18698.t1/Montipora_capitata_HIv3___RNAseq.g8971.t1/Montipora_capitata_HIv3___RNAseq.g15029.t1b/Montipora_capitata_HIv3___TS.g10359.t4b/Montipora_capitata_HIv3___RNAseq.g39706.t2,0.567374746049803,positive regulation of cell motility,BP
GO:0060070,canonical Wnt signaling pathway,3/164,69/8363,0.15309538413033,2.29580961481951,3,69,Montipora_capitata_HIv3___RNAseq.g7741.t1/Montipora_capitata_HIv3___RNAseq.g35008.t1/Montipora_capitata_HIv3___TS.g10359.t4b,0.5716761755643146,canonical Wnt signaling pathway,BP
GO:0046887,positive regulation of hormone secretion,4/164,106/8363,0.1544910651072412,1.984332791942717,4,106,Montipora_capitata_HIv3___RNAseq.g7741.t1/Montipora_capitata_HIv3___RNAseq.g24095.t1/Montipora_capitata_HIv3___RNAseq.g44814.t1/Montipora_capitata_HIv3___RNAseq.g8971.t1,0.5755336157868352,positive regulation of hormone secretion,BP
GO:0006979,response to oxidative stress,10/164,353/8363,0.15514845591273602,1.487155309167344,10,353,Montipora_capitata_HIv3___RNAseq.g6978.t1/Montipora_capitata_HIv3___RNAseq.g26525.t1/Montipora_capitata_HIv3___RNAseq.g34092.t1/Montipora_capitata_HIv3___RNAseq.g44519.t1/Montipora_capitata_HIv3___RNAseq.g42608.t1/Montipora_capitata_HIv3___RNAseq.g44814.t1/Montipora_capitata_HIv3___TS.g4674.t2b/Montipora_capitata_HIv3___RNAseq.g37645.t1/Montipora_capitata_HIv3___TS.g10359.t4b/Montipora_capitata_HIv3___RNAseq.g14488.t1,0.5763646532058239,response to oxidative stress,BP
GO:0003713,transcription coactivator activity,6/164,185/8363,0.15565586211347485,1.701291280383406,6,185,Montipora_capitata_HIv3___RNAseq.g26525.t1/Montipora_capitata_HIv3___RNAseq.g7741.t1/Montipora_capitata_HIv3___RNAseq.g44814.t1/Montipora_capitata_HIv3___RNAseq.g36935.t1/Montipora_capitata_HIv3___RNAseq.g41333.t1/Montipora_capitata_HIv3___TS.g47745.t1,0.5763646532058239,transcription coactivator activity,MF
GO:0043436,oxoacid metabolic process,19/164,756/8363,0.15580367752066696,1.3266476660619573,19,756,Montipora_capitata_HIv3___TS.g33283.t2/Montipora_capitata_HIv3___RNAseq.g40427.t1a/Montipora_capitata_HIv3___RNAseq.g34092.t1/Montipora_capitata_HIv3___RNAseq.g44519.t1/Montipora_capitata_HIv3___RNAseq.g37193.t1/Montipora_capitata_HIv3___RNAseq.g27709.t1/Montipora_capitata_HIv3___RNAseq.g46378.t1/Montipora_capitata_HIv3___RNAseq.g44814.t1/Montipora_capitata_HIv3___RNAseq.g20771.t1/Montipora_capitata_HIv3___RNAseq.g37645.t1/Montipora_capitata_HIv3___RNAseq.g9060.t1/Montipora_capitata_HIv3___TS.g33523.t1/Montipora_capitata_HIv3___RNAseq.g33997.t1/Montipora_capitata_HIv3___RNAseq.g44719.t1/Montipora_capitata_HIv3___RNAseq.g9087.t1/Montipora_capitata_HIv3___RNAseq.g14956.t1/Montipora_capitata_HIv3___RNAseq.g14960.t1/Montipora_capitata_HIv3___RNAseq.g14488.t1/Montipora_capitata_HIv3___RNAseq.g37450.t2,0.5763646532058239,oxoacid metabolic process,BP
GO:0048675,axon extension,3/164,70/8363,0.15779254245181715,2.261227953064075,3,70,Montipora_capitata_HIv3___RNAseq.g35008.t1/Montipora_capitata_HIv3___RNAseq.g24942.t1/Montipora_capitata_HIv3___TS.g47745.t1,0.5792558428040584,axon extension,BP
GO:0098802,plasma membrane signaling receptor complex,3/164,70/8363,0.15779254245181715,2.261227953064075,3,70,Montipora_capitata_HIv3___RNAseq.g11548.t1/Montipora_capitata_HIv3___RNAseq.g44960.t2/Montipora_capitata_HIv3___RNAseq.21467_t,0.5792558428040584,plasma membrane signaling receptor complex,CC
GO:0006873,intracellular monoatomic ion homeostasis,11/164,398/8363,0.15802617434852143,1.4511916901851,11,398,Montipora_capitata_HIv3___TS.g33283.t2/Montipora_capitata_HIv3___RNAseq.g33991.t1/Montipora_capitata_HIv3___TS.g27540.t1/Montipora_capitata_HIv3___RNAseq.g34092.t1/Montipora_capitata_HIv3___RNAseq.g13129.t1/Montipora_capitata_HIv3___RNAseq.g33992.t1/Montipora_capitata_HIv3___RNAseq.g38848.t1/Montipora_capitata_HIv3___RNAseq.g36907.t1/Montipora_capitata_HIv3___RNAseq.g24095.t1/Montipora_capitata_HIv3___RNAseq.g44814.t1/Montipora_capitata_HIv3___RNAseq.g15029.t1b,0.5792558428040584,intracellular monoatomic ion homeostasis,BP
GO:0048562,embryonic organ morphogenesis,8/164,269/8363,0.15834003053151244,1.5595596359670723,8,269,Montipora_capitata_HIv3___RNAseq.g2559.t1a/Montipora_capitata_HIv3___RNAseq.g35008.t1/Montipora_capitata_HIv3___RNAseq.g44814.t1/Montipora_capitata_HIv3___RNAseq.g8971.t1/Montipora_capitata_HIv3___TS.g33523.t1/Montipora_capitata_HIv3___TS.g10359.t4b/Montipora_capitata_HIv3___TS.g46192.t3/Montipora_capitata_HIv3___RNAseq.g50276.t1,0.5792558428040584,embryonic organ morphogenesis,BP
GO:0051054,positive regulation of DNA metabolic process,6/164,186/8363,0.15841023048327746,1.6916298143216715,6,186,Montipora_capitata_HIv3___TS.g33283.t2/Montipora_capitata_HIv3___TS.g1118.t1/Montipora_capitata_HIv3___RNAseq.g8971.t1/Montipora_capitata_HIv3___RNAseq.g43161.t1a/Montipora_capitata_HIv3___RNAseq.g18929.t1/Montipora_capitata_HIv3___TS.g47745.t1,0.5792558428040584,positive regulation of DNA metabolic process,BP
GO:0003824,catalytic activity,78/164,3633/8363,0.15976615155608015,1.1847818398313368,78,3633,Montipora_capitata_HIv3___TS.g33283.t2/Montipora_capitata_HIv3___RNAseq.g6978.t1/Montipora_capitata_HIv3___RNAseq.g36845.t1/Montipora_capitata_HIv3___TS.g1118.t1/Montipora_capitata_HIv3___RNAseq.g36838.t1/Montipora_capitata_HIv3___RNAseq.g15043.t1/Montipora_capitata_HIv3___RNAseq.g40427.t1a/Montipora_capitata_HIv3___RNAseq.g23762.t1/Montipora_capitata_HIv3___RNAseq.g5395.t1/Montipora_capitata_HIv3___RNAseq.g22865.t1/Montipora_capitata_HIv3___RNAseq.g35299.t1/Montipora_capitata_HIv3___RNAseq.g11548.t1/Montipora_capitata_HIv3___RNAseq.g33991.t1/Montipora_capitata_HIv3___TS.g5595.t1/Montipora_capitata_HIv3___RNAseq.g36836.t1/Montipora_capitata_HIv3___RNAseq.g34092.t1/Montipora_capitata_HIv3___RNAseq.g44519.t1/Montipora_capitata_HIv3___RNAseq.g46819.t1/Montipora_capitata_HIv3___RNAseq.g50691.t1/Montipora_capitata_HIv3___RNAseq.g3374.t1/Montipora_capitata_HIv3___RNAseq.g44960.t2/Montipora_capitata_HIv3___RNAseq.g40983.t1/Montipora_capitata_HIv3___RNAseq.21467_t/Montipora_capitata_HIv3___RNAseq.g24836.t1/Montipora_capitata_HIv3___RNAseq.g37193.t1/Montipora_capitata_HIv3___RNAseq.g42608.t1/Montipora_capitata_HIv3___RNAseq.g12736.t1/Montipora_capitata_HIv3___RNAseq.g33992.t1/Montipora_capitata_HIv3___RNAseq.g27709.t1/Montipora_capitata_HIv3___RNAseq.g44539.t1/Montipora_capitata_HIv3___RNAseq.g40982.t1a/Montipora_capitata_HIv3___RNAseq.g46378.t1/Montipora_capitata_HIv3___RNAseq.g44562.t1/Montipora_capitata_HIv3___RNAseq.g24095.t1/Montipora_capitata_HIv3___RNAseq.g18698.t1/Montipora_capitata_HIv3___RNAseq.g14515.t1/Montipora_capitata_HIv3___RNAseq.g8971.t1/Montipora_capitata_HIv3___RNAseq.g9027.t1/Montipora_capitata_HIv3___RNAseq.g20771.t1/Montipora_capitata_HIv3___RNAseq.g41416.t2a/Montipora_capitata_HIv3___RNAseq.g30678.t1b/Montipora_capitata_HIv3___TS.g40519.t3/Montipora_capitata_HIv3___RNAseq.g20807.t2/Montipora_capitata_HIv3___RNAseq.g15186.t1/Montipora_capitata_HIv3___TS.g5653.t1/Montipora_capitata_HIv3___TS.g6904.t1/Montipora_capitata_HIv3___TS.g4674.t2b/Montipora_capitata_HIv3___RNAseq.g32149.t1/Montipora_capitata_HIv3___RNAseq.g37645.t1/Montipora_capitata_HIv3___RNAseq.g42092.t1/Montipora_capitata_HIv3___RNAseq.g43161.t1a/Montipora_capitata_HIv3___RNAseq.g22553.t1c/Montipora_capitata_HIv3___RNAseq.g9918.t1/Montipora_capitata_HIv3___RNAseq.g33449.t1/Montipora_capitata_HIv3___RNAseq.g9060.t1/Montipora_capitata_HIv3___RNAseq.g23247.t1/Montipora_capitata_HIv3___RNAseq.g39974.t1/Montipora_capitata_HIv3___RNAseq.g4241.t1/Montipora_capitata_HIv3___RNAseq.g47955.t1/Montipora_capitata_HIv3___RNAseq.g15188.t1/Montipora_capitata_HIv3___RNAseq.g18929.t1/Montipora_capitata_HIv3___TS.g21293.t1/Montipora_capitata_HIv3___RNAseq.g33997.t1/Montipora_capitata_HIv3___RNAseq.g6934.t1/Montipora_capitata_HIv3___RNAseq.g28116.t1/Montipora_capitata_HIv3___RNAseq.g9561.t1/Montipora_capitata_HIv3___RNAseq.g44719.t1/Montipora_capitata_HIv3___RNAseq.g9087.t1/Montipora_capitata_HIv3___RNAseq.g14625.t1/Montipora_capitata_HIv3___RNAseq.g14956.t1/Montipora_capitata_HIv3___RNAseq.g39706.t2/Montipora_capitata_HIv3___RNAseq.g8867.t2/Montipora_capitata_HIv3___RNAseq.g14960.t1/Montipora_capitata_HIv3___RNAseq.g18391.t1/Montipora_capitata_HIv3___RNAseq.g14488.t1/Montipora_capitata_HIv3___TS.g47745.t1/Montipora_capitata_HIv3___RNAseq.g37450.t2/Montipora_capitata_HIv3___RNAseq.g20763.t1,0.5828709942976993,catalytic activity,MF
GO:0051098,regulation of binding,8/164,270/8363,0.16062297421102714,1.5534116025655258,8,270,Montipora_capitata_HIv3___TS.g1118.t1/Montipora_capitata_HIv3___RNAseq.g44960.t2/Montipora_capitata_HIv3___RNAseq.21467_t/Montipora_capitata_HIv3___RNAseq.g43161.t1a/Montipora_capitata_HIv3___RNAseq.g41333.t1/Montipora_capitata_HIv3___RNAseq.g15029.t1b/Montipora_capitata_HIv3___RNAseq.g44445.t1/Montipora_capitata_HIv3___TS.g47745.t1,0.583315011608467,regulation of binding,BP
GO:0010259,GO:0010259,8/164,270/8363,0.16062297421102714,1.5534116025655258,8,270,Montipora_capitata_HIv3___RNAseq.g6978.t1/Montipora_capitata_HIv3___RNAseq.g15043.t1/Montipora_capitata_HIv3___RNAseq.g42608.t1/Montipora_capitata_HIv3___RNAseq.g44814.t1/Montipora_capitata_HIv3___TS.g4674.t2b/Montipora_capitata_HIv3___RNAseq.g42740.t1/Montipora_capitata_HIv3___RNAseq.g15029.t1b/Montipora_capitata_HIv3___TS.g47745.t1,0.583315011608467,NA,NA
GO:0019903,protein phosphatase binding,4/164,108/8363,0.1619500239387365,1.9457043886266916,4,108,Montipora_capitata_HIv3___RNAseq.g15043.t1/Montipora_capitata_HIv3___RNAseq.g46820.t1/Montipora_capitata_HIv3___RNAseq.g11548.t1/Montipora_capitata_HIv3___RNAseq.g42740.t1,0.5849011931738104,protein phosphatase binding,MF
GO:0043406,positive regulation of MAP kinase activity,5/164,147/8363,0.16199394332285597,1.784061696451133,5,147,Montipora_capitata_HIv3___TS.g33283.t2/Montipora_capitata_HIv3___RNAseq.g44960.t2/Montipora_capitata_HIv3___RNAseq.21467_t/Montipora_capitata_HIv3___RNAseq.g35008.t1/Montipora_capitata_HIv3___RNAseq.g8971.t1,0.5849011931738104,positive regulation of MAP kinase activity,BP
GO:0070555,response to interleukin-1,3/164,71/8363,0.16253397995567131,2.2278878320202207,3,71,Montipora_capitata_HIv3___RNAseq.g44960.t2/Montipora_capitata_HIv3___RNAseq.21467_t/Montipora_capitata_HIv3___RNAseq.g44814.t1,0.5849011931738104,response to interleukin-1,BP
GO:0001837,epithelial to mesenchymal transition,3/164,71/8363,0.16253397995567131,2.2278878320202207,3,71,Montipora_capitata_HIv3___RNAseq.g44814.t1/Montipora_capitata_HIv3___RNAseq.g8971.t1/Montipora_capitata_HIv3___TS.g10359.t4b,0.5849011931738104,epithelial to mesenchymal transition,BP
GO:0005615,extracellular space,12/164,445/8363,0.16347516049769784,1.4158657061992388,12,445,Montipora_capitata_HIv3___TS.g33283.t2/Montipora_capitata_HIv3___RNAseq.g14946.t1/Montipora_capitata_HIv3___RNAseq.g44519.t1/Montipora_capitata_HIv3___TS.g32048.t1/Montipora_capitata_HIv3___RNAseq.g668.t1/Montipora_capitata_HIv3___RNAseq.g24095.t1/Montipora_capitata_HIv3___RNAseq.g33449.t1/Montipora_capitata_HIv3___RNAseq.g4457.t1/Montipora_capitata_HIv3___RNAseq.g44719.t1/Montipora_capitata_HIv3___RNAseq.g14625.t1/Montipora_capitata_HIv3___TS.g10359.t4b/Montipora_capitata_HIv3___RNAseq.g14488.t1,0.5869571939136798,extracellular space,CC
GO:0001568,blood vessel development,8/164,272/8363,0.16523549208956395,1.5412552333765226,8,272,Montipora_capitata_HIv3___RNAseq.g7741.t1/Montipora_capitata_HIv3___RNAseq.g35008.t1/Montipora_capitata_HIv3___RNAseq.g44814.t1/Montipora_capitata_HIv3___RNAseq.g18698.t1/Montipora_capitata_HIv3___RNAseq.g8971.t1/Montipora_capitata_HIv3___RNAseq.g42092.t1/Montipora_capitata_HIv3___RNAseq.g9918.t1/Montipora_capitata_HIv3___TS.g33523.t1,0.589710654237582,blood vessel development,BP
GO:0070201,regulation of establishment of protein localization,12/164,446/8363,0.16527294905940826,1.412422199007541,12,446,Montipora_capitata_HIv3___TS.g33283.t2/Montipora_capitata_HIv3___RNAseq.g6978.t1/Montipora_capitata_HIv3___RNAseq.g5395.t1/Montipora_capitata_HIv3___RNAseq.g7741.t1/Montipora_capitata_HIv3___RNAseq.g44960.t2/Montipora_capitata_HIv3___RNAseq.21467_t/Montipora_capitata_HIv3___RNAseq.g37193.t1/Montipora_capitata_HIv3___RNAseq.g35008.t1/Montipora_capitata_HIv3___RNAseq.g24095.t1/Montipora_capitata_HIv3___RNAseq.g44814.t1/Montipora_capitata_HIv3___RNAseq.g14488.t1/Montipora_capitata_HIv3___TS.g47745.t1,0.589710654237582,regulation of establishment of protein localization,BP
GO:0051090,regulation of DNA-binding transcription factor activity,7/164,230/8363,0.16563737513287852,1.5945720401069299,7,230,Montipora_capitata_HIv3___TS.g33283.t2/Montipora_capitata_HIv3___RNAseq.g6978.t1/Montipora_capitata_HIv3___RNAseq.g11548.t1/Montipora_capitata_HIv3___RNAseq.g44960.t2/Montipora_capitata_HIv3___RNAseq.21467_t/Montipora_capitata_HIv3___RNAseq.g32149.t1/Montipora_capitata_HIv3___TS.g47745.t1,0.589710654237582,regulation of DNA-binding transcription factor activity,BP
GO:0005930,axoneme,4/164,109/8363,0.16572838802139986,1.9269444807991314,4,109,Montipora_capitata_HIv3___RNAseq.g36838.t1/Montipora_capitata_HIv3___RNAseq.g22865.t1/Montipora_capitata_HIv3___TS.g5595.t1/Montipora_capitata_HIv3___TS.g5653.t1,0.589710654237582,axoneme,CC
GO:0016579,protein deubiquitination,6/164,189/8363,0.16680069336844758,1.6632784978430786,6,189,Montipora_capitata_HIv3___RNAseq.g23762.t1/Montipora_capitata_HIv3___RNAseq.g11548.t1/Montipora_capitata_HIv3___RNAseq.g44960.t2/Montipora_capitata_HIv3___RNAseq.21467_t/Montipora_capitata_HIv3___RNAseq.g44814.t1/Montipora_capitata_HIv3___RNAseq.g14965.t1,0.5913894380850808,protein deubiquitination,BP
GO:1902107,positive regulation of leukocyte differentiation,3/164,72/8363,0.1673181207940777,2.195268730373753,3,72,Montipora_capitata_HIv3___RNAseq.g44960.t2/Montipora_capitata_HIv3___RNAseq.21467_t/Montipora_capitata_HIv3___RNAseq.g42740.t1,0.5913894380850808,positive regulation of leukocyte differentiation,BP
GO:0003777,microtubule motor activity,3/164,72/8363,0.1673181207940777,2.195268730373753,3,72,Montipora_capitata_HIv3___RNAseq.g36838.t1/Montipora_capitata_HIv3___TS.g5595.t1/Montipora_capitata_HIv3___TS.g5653.t1,0.5913894380850808,microtubule motor activity,MF
GO:0097014,ciliary plasm,4/164,110/8363,0.1695383722011381,1.9085408737997809,4,110,Montipora_capitata_HIv3___RNAseq.g36838.t1/Montipora_capitata_HIv3___RNAseq.g22865.t1/Montipora_capitata_HIv3___TS.g5595.t1/Montipora_capitata_HIv3___TS.g5653.t1,0.5979053259626804,ciliary plasm,CC
GO:0044774,mitotic DNA integrity checkpoint signaling,3/164,73/8363,0.17214339550016095,2.163615632225235,3,73,Montipora_capitata_HIv3___RNAseq.g7741.t1/Montipora_capitata_HIv3___RNAseq.g14965.t1/Montipora_capitata_HIv3___RNAseq.g43161.t1a,0.6030718954939414,mitotic DNA integrity checkpoint signaling,BP
GO:0035304,regulation of protein dephosphorylation,3/164,73/8363,0.17214339550016095,2.163615632225235,3,73,Montipora_capitata_HIv3___RNAseq.g15043.t1/Montipora_capitata_HIv3___RNAseq.g37193.t1/Montipora_capitata_HIv3___RNAseq.g36907.t1,0.6030718954939414,regulation of protein dephosphorylation,BP
GO:0004527,exonuclease activity,3/164,73/8363,0.17214339550016095,2.163615632225235,3,73,Montipora_capitata_HIv3___RNAseq.g42608.t1/Montipora_capitata_HIv3___RNAseq.g4241.t1/Montipora_capitata_HIv3___RNAseq.g18929.t1,0.6030718954939414,exonuclease activity,MF
GO:0002376,immune system process,28/164,1190/8363,0.17265749152910057,1.246761739471116,28,1190,Montipora_capitata_HIv3___TS.g33283.t2/Montipora_capitata_HIv3___RNAseq.g6978.t1/Montipora_capitata_HIv3___RNAseq.g23734.t3/Montipora_capitata_HIv3___RNAseq.g35804.t1/Montipora_capitata_HIv3___RNAseq.g11548.t1/Montipora_capitata_HIv3___RNAseq.g7741.t1/Montipora_capitata_HIv3___RNAseq.g2640.t1a/Montipora_capitata_HIv3___RNAseq.g44519.t1/Montipora_capitata_HIv3___RNAseq.g44960.t2/Montipora_capitata_HIv3___RNAseq.21467_t/Montipora_capitata_HIv3___RNAseq.g49895.t2/Montipora_capitata_HIv3___RNAseq.g35008.t1/Montipora_capitata_HIv3___RNAseq.g46378.t1/Montipora_capitata_HIv3___RNAseq.g24942.t1/Montipora_capitata_HIv3___RNAseq.g24095.t1/Montipora_capitata_HIv3___RNAseq.g44814.t1/Montipora_capitata_HIv3___RNAseq.g35720.t1/Montipora_capitata_HIv3___RNAseq.g18698.t1/Montipora_capitata_HIv3___RNAseq.g8971.t1/Montipora_capitata_HIv3___RNAseq.g42092.t1/Montipora_capitata_HIv3___RNAseq.g42740.t1/Montipora_capitata_HIv3___RNAseq.g43161.t1a/Montipora_capitata_HIv3___TS.g33523.t1/Montipora_capitata_HIv3___RNAseq.g18929.t1/Montipora_capitata_HIv3___RNAseq.g15029.t1b/Montipora_capitata_HIv3___RNAseq.g15140.t1/Montipora_capitata_HIv3___RNAseq.g44445.t1/Montipora_capitata_HIv3___RNAseq.g14488.t1,0.6035406146622965,immune system process,BP
GO:0050679,positive regulation of epithelial cell proliferation,4/164,111/8363,0.17337924367843555,1.8904840696340677,4,111,Montipora_capitata_HIv3___RNAseq.g6978.t1/Montipora_capitata_HIv3___RNAseq.g44814.t1/Montipora_capitata_HIv3___RNAseq.g8971.t1/Montipora_capitata_HIv3___RNAseq.g14488.t1,0.6047315598190708,positive regulation of epithelial cell proliferation,BP
GO:0004930,G protein-coupled receptor activity,5/164,151/8363,0.1749156551347869,1.7343618370940153,5,151,Montipora_capitata_HIv3___TS.g27540.t1/Montipora_capitata_HIv3___RNAseq.g11237.t1/Montipora_capitata_HIv3___RNAseq.g13129.t1/Montipora_capitata_HIv3___RNAseq.g39648.t1/Montipora_capitata_HIv3___RNAseq.g35008.t1,0.608034805538826,G protein-coupled receptor activity,MF
GO:0016887,ATP hydrolysis activity,10/164,363/8363,0.17528142790461518,1.4431958773512192,10,363,Montipora_capitata_HIv3___RNAseq.g36838.t1/Montipora_capitata_HIv3___RNAseq.g15043.t1/Montipora_capitata_HIv3___TS.g5595.t1/Montipora_capitata_HIv3___RNAseq.g18698.t1/Montipora_capitata_HIv3___TS.g40519.t3/Montipora_capitata_HIv3___TS.g5653.t1/Montipora_capitata_HIv3___TS.g4674.t2b/Montipora_capitata_HIv3___RNAseq.g43161.t1a/Montipora_capitata_HIv3___RNAseq.g47955.t1/Montipora_capitata_HIv3___TS.g47745.t1,0.608034805538826,ATP hydrolysis activity,MF
GO:0008270,zinc ion binding,9/164,320/8363,0.17665034848753275,1.4726090710250737,9,320,Montipora_capitata_HIv3___RNAseq.g44960.t2/Montipora_capitata_HIv3___TS.g32048.t1/Montipora_capitata_HIv3___RNAseq.21467_t/Montipora_capitata_HIv3___RNAseq.g9027.t1/Montipora_capitata_HIv3___RNAseq.g30678.t1b/Montipora_capitata_HIv3___RNAseq.g32149.t1/Montipora_capitata_HIv3___RNAseq.g43161.t1a/Montipora_capitata_HIv3___RNAseq.g33449.t1/Montipora_capitata_HIv3___RNAseq.g15188.t1,0.608034805538826,zinc ion binding,MF
GO:0002020,protease binding,3/164,74/8363,0.17700824206612328,2.1328727763754287,3,74,Montipora_capitata_HIv3___RNAseq.g33449.t1/Montipora_capitata_HIv3___RNAseq.g15188.t1/Montipora_capitata_HIv3___RNAseq.g39706.t2,0.608034805538826,protease binding,MF
GO:0034341,response to type II interferon,3/164,74/8363,0.17700824206612328,2.1328727763754287,3,74,Montipora_capitata_HIv3___RNAseq.g2640.t1a/Montipora_capitata_HIv3___RNAseq.g46378.t1/Montipora_capitata_HIv3___RNAseq.g14488.t1,0.608034805538826,response to type II interferon,BP
GO:0003341,cilium movement,3/164,74/8363,0.17700824206612328,2.1328727763754287,3,74,Montipora_capitata_HIv3___RNAseq.g36838.t1/Montipora_capitata_HIv3___TS.g5595.t1/Montipora_capitata_HIv3___TS.g5653.t1,0.608034805538826,cilium movement,BP
GO:0003231,cardiac ventricle development,3/164,74/8363,0.17700824206612328,2.1328727763754287,3,74,Montipora_capitata_HIv3___RNAseq.g7741.t1/Montipora_capitata_HIv3___RNAseq.g44814.t1/Montipora_capitata_HIv3___RNAseq.g8971.t1,0.608034805538826,cardiac ventricle development,BP
GO:0032446,protein modification by small protein conjugation,11/164,409/8363,0.17912211195527833,1.409105499731504,11,409,Montipora_capitata_HIv3___TS.g1118.t1/Montipora_capitata_HIv3___RNAseq.g35299.t1/Montipora_capitata_HIv3___RNAseq.g11548.t1/Montipora_capitata_HIv3___RNAseq.g44960.t2/Montipora_capitata_HIv3___RNAseq.21467_t/Montipora_capitata_HIv3___RNAseq.g30678.t1b/Montipora_capitata_HIv3___RNAseq.g15186.t1/Montipora_capitata_HIv3___RNAseq.g32149.t1/Montipora_capitata_HIv3___RNAseq.g22553.t1c/Montipora_capitata_HIv3___RNAseq.g23247.t1/Montipora_capitata_HIv3___RNAseq.g15188.t1,0.6116375566762806,protein modification by small protein conjugation,BP
GO:0019752,carboxylic acid metabolic process,17/164,681/8363,0.1800213680234447,1.3122894187460752,17,681,Montipora_capitata_HIv3___TS.g33283.t2/Montipora_capitata_HIv3___RNAseq.g40427.t1a/Montipora_capitata_HIv3___RNAseq.g34092.t1/Montipora_capitata_HIv3___RNAseq.g27709.t1/Montipora_capitata_HIv3___RNAseq.g46378.t1/Montipora_capitata_HIv3___RNAseq.g44814.t1/Montipora_capitata_HIv3___RNAseq.g20771.t1/Montipora_capitata_HIv3___RNAseq.g37645.t1/Montipora_capitata_HIv3___RNAseq.g9060.t1/Montipora_capitata_HIv3___TS.g33523.t1/Montipora_capitata_HIv3___RNAseq.g33997.t1/Montipora_capitata_HIv3___RNAseq.g44719.t1/Montipora_capitata_HIv3___RNAseq.g9087.t1/Montipora_capitata_HIv3___RNAseq.g14956.t1/Montipora_capitata_HIv3___RNAseq.g14960.t1/Montipora_capitata_HIv3___RNAseq.g14488.t1/Montipora_capitata_HIv3___RNAseq.g37450.t2,0.6116375566762806,carboxylic acid metabolic process,BP
GO:0006874,intracellular calcium ion homeostasis,7/164,236/8363,0.1811783525023434,1.5516261673625122,7,236,Montipora_capitata_HIv3___TS.g33283.t2/Montipora_capitata_HIv3___RNAseq.g33991.t1/Montipora_capitata_HIv3___TS.g27540.t1/Montipora_capitata_HIv3___RNAseq.g34092.t1/Montipora_capitata_HIv3___RNAseq.g13129.t1/Montipora_capitata_HIv3___RNAseq.g33992.t1/Montipora_capitata_HIv3___RNAseq.g24095.t1,0.6116375566762806,intracellular calcium ion homeostasis,BP
GO:0051047,positive regulation of secretion,7/164,236/8363,0.1811783525023434,1.5516261673625122,7,236,Montipora_capitata_HIv3___TS.g33283.t2/Montipora_capitata_HIv3___RNAseq.g7741.t1/Montipora_capitata_HIv3___RNAseq.g35008.t1/Montipora_capitata_HIv3___RNAseq.g24095.t1/Montipora_capitata_HIv3___RNAseq.g44814.t1/Montipora_capitata_HIv3___RNAseq.g8971.t1/Montipora_capitata_HIv3___TS.g47745.t1,0.6116375566762806,positive regulation of secretion,BP
GO:0120032,regulation of plasma membrane bounded cell projection assembly,5/164,153/8363,0.18152173016895837,1.7105027803340065,5,153,Montipora_capitata_HIv3___RNAseq.g23734.t3/Montipora_capitata_HIv3___RNAseq.g35804.t1/Montipora_capitata_HIv3___RNAseq.g24942.t1/Montipora_capitata_HIv3___RNAseq.g35720.t1/Montipora_capitata_HIv3___RNAseq.g15029.t1b,0.6116375566762806,regulation of plasma membrane bounded cell projection assembly,BP
GO:0009966,regulation of signal transduction,38/164,1678/8363,0.18183489066259537,1.2061366861906895,38,1678,Montipora_capitata_HIv3___TS.g33283.t2/Montipora_capitata_HIv3___RNAseq.g6978.t1/Montipora_capitata_HIv3___RNAseq.g7992.t1/Montipora_capitata_HIv3___RNAseq.g2559.t1a/Montipora_capitata_HIv3___RNAseq.g23734.t3/Montipora_capitata_HIv3___RNAseq.g35804.t1/Montipora_capitata_HIv3___RNAseq.g5395.t1/Montipora_capitata_HIv3___RNAseq.g23733.t1/Montipora_capitata_HIv3___RNAseq.g7741.t1/Montipora_capitata_HIv3___TS.g29616.t1/Montipora_capitata_HIv3___TS.g27540.t1/Montipora_capitata_HIv3___RNAseq.g34092.t1/Montipora_capitata_HIv3___RNAseq.g12596.t1/Montipora_capitata_HIv3___RNAseq.g3374.t1/Montipora_capitata_HIv3___RNAseq.g44960.t2/Montipora_capitata_HIv3___RNAseq.21467_t/Montipora_capitata_HIv3___RNAseq.g29879.t1b/Montipora_capitata_HIv3___RNAseq.g35718.t1/Montipora_capitata_HIv3___RNAseq.g36907.t1/Montipora_capitata_HIv3___RNAseq.g45527.t1/Montipora_capitata_HIv3___RNAseq.g35008.t1/Montipora_capitata_HIv3___RNAseq.g668.t1/Montipora_capitata_HIv3___RNAseq.g46378.t1/Montipora_capitata_HIv3___RNAseq.g24942.t1/Montipora_capitata_HIv3___RNAseq.g24095.t1/Montipora_capitata_HIv3___RNAseq.g44814.t1/Montipora_capitata_HIv3___RNAseq.g35720.t1/Montipora_capitata_HIv3___RNAseq.g8971.t1/Montipora_capitata_HIv3___RNAseq.g32149.t1/Montipora_capitata_HIv3___TS.g33523.t1/Montipora_capitata_HIv3___RNAseq.g15188.t1/Montipora_capitata_HIv3___RNAseq.g4457.t1/Montipora_capitata_HIv3___TS.g10359.t4b/Montipora_capitata_HIv3___RNAseq.g39706.t2/Montipora_capitata_HIv3___RNAseq.g22853.t1/Montipora_capitata_HIv3___RNAseq.g44445.t1/Montipora_capitata_HIv3___RNAseq.g14488.t1/Montipora_capitata_HIv3___TS.g46192.t3,0.6116375566762806,regulation of signal transduction,BP
GO:0019884,antigen processing and presentation of exogenous antigen,3/164,75/8363,0.1819111069635819,2.102992932437794,3,75,Montipora_capitata_HIv3___RNAseq.g44960.t2/Montipora_capitata_HIv3___RNAseq.21467_t/Montipora_capitata_HIv3___RNAseq.g42740.t1,0.6116375566762806,antigen processing and presentation of exogenous antigen,BP
GO:0043122,regulation of canonical NF-kappaB signal transduction,3/164,75/8363,0.1819111069635819,2.102992932437794,3,75,Montipora_capitata_HIv3___RNAseq.g6978.t1/Montipora_capitata_HIv3___RNAseq.g44960.t2/Montipora_capitata_HIv3___RNAseq.21467_t,0.6116375566762806,regulation of canonical NF-kappaB signal transduction,BP
GO:0001816,cytokine production,3/164,75/8363,0.1819111069635819,2.102992932437794,3,75,Montipora_capitata_HIv3___TS.g33283.t2/Montipora_capitata_HIv3___RNAseq.g44814.t1/Montipora_capitata_HIv3___RNAseq.g8971.t1,0.6116375566762806,cytokine production,BP
GO:0002218,activation of innate immune response,3/164,75/8363,0.1819111069635819,2.102992932437794,3,75,Montipora_capitata_HIv3___RNAseq.g11548.t1/Montipora_capitata_HIv3___RNAseq.g44960.t2/Montipora_capitata_HIv3___RNAseq.21467_t,0.6116375566762806,activation of innate immune response,BP
GO:0009266,response to temperature stimulus,7/164,237/8363,0.18382735406482553,1.5446862951883706,7,237,Montipora_capitata_HIv3___RNAseq.g26525.t1/Montipora_capitata_HIv3___RNAseq.g42608.t1/Montipora_capitata_HIv3___RNAseq.g38848.t1/Montipora_capitata_HIv3___RNAseq.g44814.t1/Montipora_capitata_HIv3___RNAseq.g20250.t1/Montipora_capitata_HIv3___RNAseq.g26867.t1/Montipora_capitata_HIv3___TS.g47745.t1,0.61448042020222,response to temperature stimulus,BP
GO:0008284,positive regulation of cell population proliferation,13/164,501/8363,0.18385124289370416,1.360304920155626,13,501,Montipora_capitata_HIv3___TS.g33283.t2/Montipora_capitata_HIv3___RNAseq.g6978.t1/Montipora_capitata_HIv3___RNAseq.g7741.t1/Montipora_capitata_HIv3___RNAseq.g44960.t2/Montipora_capitata_HIv3___RNAseq.21467_t/Montipora_capitata_HIv3___RNAseq.g36907.t1/Montipora_capitata_HIv3___RNAseq.g44814.t1/Montipora_capitata_HIv3___RNAseq.g8971.t1/Montipora_capitata_HIv3___RNAseq.g43161.t1a/Montipora_capitata_HIv3___TS.g33523.t1/Montipora_capitata_HIv3___RNAseq.g14488.t1/Montipora_capitata_HIv3___TS.g47745.t1/Montipora_capitata_HIv3___RNAseq.g20763.t1,0.61448042020222,positive regulation of cell population proliferation,BP
GO:0061138,morphogenesis of a branching epithelium,5/164,154/8363,0.18485958453781232,1.6988132711986157,5,154,Montipora_capitata_HIv3___RNAseq.g22865.t1/Montipora_capitata_HIv3___RNAseq.g36907.t1/Montipora_capitata_HIv3___RNAseq.g35008.t1/Montipora_capitata_HIv3___RNAseq.g668.t1/Montipora_capitata_HIv3___RNAseq.g8971.t1,0.61448042020222,morphogenesis of a branching epithelium,BP
GO:0060491,regulation of cell projection assembly,5/164,154/8363,0.18485958453781232,1.6988132711986157,5,154,Montipora_capitata_HIv3___RNAseq.g23734.t3/Montipora_capitata_HIv3___RNAseq.g35804.t1/Montipora_capitata_HIv3___RNAseq.g24942.t1/Montipora_capitata_HIv3___RNAseq.g35720.t1/Montipora_capitata_HIv3___RNAseq.g15029.t1b,0.61448042020222,regulation of cell projection assembly,BP
GO:1905952,regulation of lipid localization,4/164,114/8363,0.18507979890148782,1.8383037849535873,4,114,Montipora_capitata_HIv3___RNAseq.g45361.t1/Montipora_capitata_HIv3___RNAseq.g24095.t1/Montipora_capitata_HIv3___RNAseq.g42740.t1/Montipora_capitata_HIv3___RNAseq.g15029.t1b,0.61448042020222,regulation of lipid localization,BP
GO:0007204,positive regulation of cytosolic calcium ion concentration,4/164,114/8363,0.18507979890148782,1.8383037849535873,4,114,Montipora_capitata_HIv3___TS.g33283.t2/Montipora_capitata_HIv3___RNAseq.g34092.t1/Montipora_capitata_HIv3___RNAseq.g13129.t1/Montipora_capitata_HIv3___RNAseq.g24095.t1,0.61448042020222,positive regulation of cytosolic calcium ion concentration,BP
GO:0000209,protein polyubiquitination,6/164,196/8363,0.18708762982533403,1.6006048273437605,6,196,Montipora_capitata_HIv3___TS.g1118.t1/Montipora_capitata_HIv3___RNAseq.g44960.t2/Montipora_capitata_HIv3___RNAseq.21467_t/Montipora_capitata_HIv3___RNAseq.g22553.t1c/Montipora_capitata_HIv3___RNAseq.g23247.t1/Montipora_capitata_HIv3___RNAseq.g15188.t1,0.6198498299223489,protein polyubiquitination,BP
GO:0035303,regulation of dephosphorylation,4/164,115/8363,0.18903682147464554,1.821544783046911,4,115,Montipora_capitata_HIv3___RNAseq.g15043.t1/Montipora_capitata_HIv3___RNAseq.g41637.t1/Montipora_capitata_HIv3___RNAseq.g37193.t1/Montipora_capitata_HIv3___RNAseq.g36907.t1,0.6250029910005468,regulation of dephosphorylation,BP
GO:0010595,positive regulation of endothelial cell migration,3/164,77/8363,0.19182472577051143,2.04565148873901,3,77,Montipora_capitata_HIv3___RNAseq.g6978.t1/Montipora_capitata_HIv3___RNAseq.g44814.t1/Montipora_capitata_HIv3___RNAseq.g8971.t1,0.6302812418173946,positive regulation of endothelial cell migration,BP
GO:0001947,heart looping,3/164,77/8363,0.19182472577051143,2.04565148873901,3,77,Montipora_capitata_HIv3___RNAseq.g2559.t1a/Montipora_capitata_HIv3___RNAseq.g44814.t1/Montipora_capitata_HIv3___TS.g33523.t1,0.6302812418173946,heart looping,BP
GO:0006282,regulation of DNA repair,3/164,77/8363,0.19182472577051143,2.04565148873901,3,77,Montipora_capitata_HIv3___TS.g1118.t1/Montipora_capitata_HIv3___RNAseq.g43161.t1a/Montipora_capitata_HIv3___TS.g47745.t1,0.6302812418173946,regulation of DNA repair,BP
GO:0051924,regulation of calcium ion transport,4/164,116/8363,0.19302101876462205,1.8048902569116796,4,116,Montipora_capitata_HIv3___TS.g33283.t2/Montipora_capitata_HIv3___RNAseq.g6978.t1/Montipora_capitata_HIv3___RNAseq.g34092.t1/Montipora_capitata_HIv3___RNAseq.g24095.t1,0.6315966119164025,regulation of calcium ion transport,BP
GO:0031398,positive regulation of protein ubiquitination,4/164,116/8363,0.19302101876462205,1.8048902569116796,4,116,Montipora_capitata_HIv3___RNAseq.g44960.t2/Montipora_capitata_HIv3___RNAseq.21467_t/Montipora_capitata_HIv3___RNAseq.g8971.t1/Montipora_capitata_HIv3___RNAseq.g30678.t1b,0.6315966119164025,positive regulation of protein ubiquitination,BP
GO:0016788,"hydrolase activity, acting on ester bonds",13/164,507/8363,0.19489340149037332,1.3427411129112885,13,507,Montipora_capitata_HIv3___TS.g33283.t2/Montipora_capitata_HIv3___RNAseq.g5395.t1/Montipora_capitata_HIv3___RNAseq.g46819.t1/Montipora_capitata_HIv3___RNAseq.g42608.t1/Montipora_capitata_HIv3___RNAseq.g24095.t1/Montipora_capitata_HIv3___RNAseq.g14515.t1/Montipora_capitata_HIv3___RNAseq.g9027.t1/Montipora_capitata_HIv3___RNAseq.g33449.t1/Montipora_capitata_HIv3___RNAseq.g4241.t1/Montipora_capitata_HIv3___RNAseq.g47955.t1/Montipora_capitata_HIv3___RNAseq.g18929.t1/Montipora_capitata_HIv3___RNAseq.g6934.t1/Montipora_capitata_HIv3___RNAseq.g44719.t1,0.6364111690642437,"hydrolase activity, acting on ester bonds",MF
GO:0002761,regulation of myeloid leukocyte differentiation,3/164,78/8363,0.196832423435237,2.0182064277009926,3,78,Montipora_capitata_HIv3___RNAseq.g44960.t2/Montipora_capitata_HIv3___RNAseq.21467_t/Montipora_capitata_HIv3___RNAseq.g8971.t1,0.6414231129193452,regulation of myeloid leukocyte differentiation,BP
GO:0032880,regulation of protein localization,16/164,646/8363,0.19779318274193844,1.2987953088618915,16,646,Montipora_capitata_HIv3___TS.g33283.t2/Montipora_capitata_HIv3___RNAseq.g6978.t1/Montipora_capitata_HIv3___TS.g1118.t1/Montipora_capitata_HIv3___RNAseq.g5395.t1/Montipora_capitata_HIv3___RNAseq.g7741.t1/Montipora_capitata_HIv3___RNAseq.g44960.t2/Montipora_capitata_HIv3___RNAseq.21467_t/Montipora_capitata_HIv3___RNAseq.g37193.t1/Montipora_capitata_HIv3___RNAseq.g35008.t1/Montipora_capitata_HIv3___RNAseq.g24095.t1/Montipora_capitata_HIv3___RNAseq.g44814.t1/Montipora_capitata_HIv3___RNAseq.g8270.t1/Montipora_capitata_HIv3___RNAseq.g15029.t1b/Montipora_capitata_HIv3___RNAseq.g39706.t2/Montipora_capitata_HIv3___RNAseq.g14488.t1/Montipora_capitata_HIv3___TS.g47745.t1,0.6432331578103613,regulation of protein localization,BP
GO:0048872,homeostasis of number of cells,5/164,158/8363,0.19843296653075684,1.6535821607213967,5,158,Montipora_capitata_HIv3___RNAseq.g23734.t3/Montipora_capitata_HIv3___RNAseq.g35804.t1/Montipora_capitata_HIv3___RNAseq.g44814.t1/Montipora_capitata_HIv3___RNAseq.g35720.t1/Montipora_capitata_HIv3___RNAseq.g15188.t1,0.6439941061028857,homeostasis of number of cells,BP
GO:0070646,protein modification by small protein removal,6/164,200/8363,0.1990976718865155,1.5668208306971214,6,200,Montipora_capitata_HIv3___RNAseq.g23762.t1/Montipora_capitata_HIv3___RNAseq.g11548.t1/Montipora_capitata_HIv3___RNAseq.g44960.t2/Montipora_capitata_HIv3___RNAseq.21467_t/Montipora_capitata_HIv3___RNAseq.g44814.t1/Montipora_capitata_HIv3___RNAseq.g14965.t1,0.644181120679637,protein modification by small protein removal,BP
GO:0055082,intracellular chemical homeostasis,12/164,464/8363,0.19930241351840058,1.353044337140078,12,464,Montipora_capitata_HIv3___TS.g33283.t2/Montipora_capitata_HIv3___RNAseq.g7741.t1/Montipora_capitata_HIv3___RNAseq.g33991.t1/Montipora_capitata_HIv3___TS.g27540.t1/Montipora_capitata_HIv3___RNAseq.g34092.t1/Montipora_capitata_HIv3___RNAseq.g13129.t1/Montipora_capitata_HIv3___RNAseq.g33992.t1/Montipora_capitata_HIv3___RNAseq.g38848.t1/Montipora_capitata_HIv3___RNAseq.g36907.t1/Montipora_capitata_HIv3___RNAseq.g24095.t1/Montipora_capitata_HIv3___RNAseq.g44814.t1/Montipora_capitata_HIv3___RNAseq.g15029.t1b,0.644181120679637,intracellular chemical homeostasis,BP
GO:0030334,regulation of cell migration,12/164,465/8363,0.20128193533967134,1.3498839036971322,12,465,Montipora_capitata_HIv3___RNAseq.g6978.t1/Montipora_capitata_HIv3___RNAseq.g23734.t3/Montipora_capitata_HIv3___RNAseq.g35804.t1/Montipora_capitata_HIv3___RNAseq.g5395.t1/Montipora_capitata_HIv3___RNAseq.g35008.t1/Montipora_capitata_HIv3___RNAseq.g44814.t1/Montipora_capitata_HIv3___RNAseq.g35720.t1/Montipora_capitata_HIv3___RNAseq.g18698.t1/Montipora_capitata_HIv3___RNAseq.g8971.t1/Montipora_capitata_HIv3___RNAseq.g15029.t1b/Montipora_capitata_HIv3___TS.g10359.t4b/Montipora_capitata_HIv3___RNAseq.g39706.t2,0.6480883560390333,regulation of cell migration,BP
GO:0046916,GO:0046916,3/164,79/8363,0.20187202861041417,1.9913529159560657,3,79,Montipora_capitata_HIv3___RNAseq.g38848.t1/Montipora_capitata_HIv3___RNAseq.g36907.t1/Montipora_capitata_HIv3___RNAseq.g44814.t1,0.6480883560390333,NA,NA
GO:0007368,determination of left/right symmetry,5/164,159/8363,0.2018795981298109,1.6426412518304832,5,159,Montipora_capitata_HIv3___RNAseq.g2559.t1a/Montipora_capitata_HIv3___RNAseq.g3374.t1/Montipora_capitata_HIv3___RNAseq.g44814.t1/Montipora_capitata_HIv3___RNAseq.g8971.t1/Montipora_capitata_HIv3___TS.g33523.t1,0.6480883560390333,determination of left/right symmetry,BP
GO:0098656,monoatomic anion transmembrane transport,6/164,201/8363,0.20214476133542625,1.5585913065351822,6,201,Montipora_capitata_HIv3___RNAseq.g24139.t1/Montipora_capitata_HIv3___RNAseq.g13129.t1/Montipora_capitata_HIv3___RNAseq.g668.t1/Montipora_capitata_HIv3___RNAseq.g20250.t1/Montipora_capitata_HIv3___TS.g4674.t2b/Montipora_capitata_HIv3___RNAseq.g23366.t1,0.6480883560390333,monoatomic anion transmembrane transport,BP
GO:0071345,cellular response to cytokine stimulus,11/164,421/8363,0.20358540151514215,1.365768825993846,11,421,Montipora_capitata_HIv3___RNAseq.g5395.t1/Montipora_capitata_HIv3___RNAseq.g11548.t1/Montipora_capitata_HIv3___RNAseq.g2640.t1a/Montipora_capitata_HIv3___RNAseq.g34092.t1/Montipora_capitata_HIv3___RNAseq.g44960.t2/Montipora_capitata_HIv3___RNAseq.21467_t/Montipora_capitata_HIv3___RNAseq.g44814.t1/Montipora_capitata_HIv3___RNAseq.g44445.t1/Montipora_capitata_HIv3___RNAseq.g14488.t1/Montipora_capitata_HIv3___TS.g47745.t1/Montipora_capitata_HIv3___TS.g46192.t3,0.6513911939607472,cellular response to cytokine stimulus,BP
GO:0048762,mesenchymal cell differentiation,4/164,119/8363,0.20512916234653583,1.7572335059457846,4,119,Montipora_capitata_HIv3___RNAseq.g44814.t1/Montipora_capitata_HIv3___RNAseq.g8971.t1/Montipora_capitata_HIv3___TS.g33523.t1/Montipora_capitata_HIv3___TS.g10359.t4b,0.6538472050983857,mesenchymal cell differentiation,BP
GO:0043405,regulation of MAP kinase activity,6/164,202/8363,0.20520909236533943,1.550445730558413,6,202,Montipora_capitata_HIv3___TS.g33283.t2/Montipora_capitata_HIv3___RNAseq.g5395.t1/Montipora_capitata_HIv3___RNAseq.g44960.t2/Montipora_capitata_HIv3___RNAseq.21467_t/Montipora_capitata_HIv3___RNAseq.g35008.t1/Montipora_capitata_HIv3___RNAseq.g8971.t1,0.6538472050983857,regulation of MAP kinase activity,BP
GO:0031625,ubiquitin protein ligase binding,7/164,245/8363,0.20558900777825737,1.4912733023785452,7,245,Montipora_capitata_HIv3___RNAseq.g11548.t1/Montipora_capitata_HIv3___RNAseq.g44960.t2/Montipora_capitata_HIv3___RNAseq.21467_t/Montipora_capitata_HIv3___RNAseq.g35008.t1/Montipora_capitata_HIv3___RNAseq.g44814.t1/Montipora_capitata_HIv3___RNAseq.g15186.t1/Montipora_capitata_HIv3___RNAseq.g15029.t1b,0.6538472050983857,ubiquitin protein ligase binding,MF
GO:0001843,neural tube closure,3/164,80/8363,0.20694204358874702,1.9652566769484723,3,80,Montipora_capitata_HIv3___RNAseq.g44960.t2/Montipora_capitata_HIv3___RNAseq.21467_t/Montipora_capitata_HIv3___TS.g33523.t1,0.6542171776401225,neural tube closure,BP
GO:0060606,tube closure,3/164,80/8363,0.20694204358874702,1.9652566769484723,3,80,Montipora_capitata_HIv3___RNAseq.g44960.t2/Montipora_capitata_HIv3___RNAseq.21467_t/Montipora_capitata_HIv3___TS.g33523.t1,0.6542171776401225,tube closure,BP
GO:0005126,cytokine receptor binding,3/164,80/8363,0.20694204358874702,1.9652566769484723,3,80,Montipora_capitata_HIv3___RNAseq.g11548.t1/Montipora_capitata_HIv3___RNAseq.g44960.t2/Montipora_capitata_HIv3___RNAseq.21467_t,0.6542171776401225,cytokine receptor binding,MF
GO:0048584,positive regulation of response to stimulus,27/164,1171/8363,0.20802867003925557,1.2153406826467679,27,1171,Montipora_capitata_HIv3___TS.g33283.t2/Montipora_capitata_HIv3___RNAseq.g6978.t1/Montipora_capitata_HIv3___TS.g1118.t1/Montipora_capitata_HIv3___RNAseq.g5395.t1/Montipora_capitata_HIv3___RNAseq.g11548.t1/Montipora_capitata_HIv3___RNAseq.g7741.t1/Montipora_capitata_HIv3___TS.g27540.t1/Montipora_capitata_HIv3___RNAseq.g24139.t1/Montipora_capitata_HIv3___RNAseq.g34092.t1/Montipora_capitata_HIv3___RNAseq.g44960.t2/Montipora_capitata_HIv3___RNAseq.21467_t/Montipora_capitata_HIv3___RNAseq.g36907.t1/Montipora_capitata_HIv3___RNAseq.g35008.t1/Montipora_capitata_HIv3___RNAseq.g668.t1/Montipora_capitata_HIv3___RNAseq.g46378.t1/Montipora_capitata_HIv3___RNAseq.g24942.t1/Montipora_capitata_HIv3___RNAseq.g24095.t1/Montipora_capitata_HIv3___RNAseq.g44814.t1/Montipora_capitata_HIv3___RNAseq.g8971.t1/Montipora_capitata_HIv3___RNAseq.g24020.t1/Montipora_capitata_HIv3___RNAseq.g43161.t1a/Montipora_capitata_HIv3___TS.g10359.t4b/Montipora_capitata_HIv3___RNAseq.g39706.t2/Montipora_capitata_HIv3___RNAseq.g22853.t1/Montipora_capitata_HIv3___RNAseq.g44445.t1/Montipora_capitata_HIv3___RNAseq.g14488.t1/Montipora_capitata_HIv3___TS.g47745.t1,0.6549783621720245,positive regulation of response to stimulus,BP
GO:1901701,cellular response to oxygen-containing compound,15/164,606/8363,0.20840132514431764,1.2959033271823253,15,606,Montipora_capitata_HIv3___TS.g33283.t2/Montipora_capitata_HIv3___RNAseq.g6978.t1/Montipora_capitata_HIv3___RNAseq.g7741.t1/Montipora_capitata_HIv3___RNAseq.g2640.t1a/Montipora_capitata_HIv3___RNAseq.g44519.t1/Montipora_capitata_HIv3___RNAseq.g44960.t2/Montipora_capitata_HIv3___RNAseq.21467_t/Montipora_capitata_HIv3___RNAseq.g46378.t1/Montipora_capitata_HIv3___RNAseq.g24942.t1/Montipora_capitata_HIv3___RNAseq.g44814.t1/Montipora_capitata_HIv3___RNAseq.g43161.t1a/Montipora_capitata_HIv3___TS.g33523.t1/Montipora_capitata_HIv3___RNAseq.g44445.t1/Montipora_capitata_HIv3___RNAseq.g14488.t1/Montipora_capitata_HIv3___TS.g46192.t3,0.6549783621720245,cellular response to oxygen-containing compound,BP
GO:0032388,positive regulation of intracellular transport,5/164,161/8363,0.20883368069252956,1.6211799470078583,5,161,Montipora_capitata_HIv3___RNAseq.g6978.t1/Montipora_capitata_HIv3___RNAseq.g5395.t1/Montipora_capitata_HIv3___RNAseq.g37193.t1/Montipora_capitata_HIv3___RNAseq.g49962.t1/Montipora_capitata_HIv3___TS.g47745.t1,0.6549783621720245,positive regulation of intracellular transport,BP
GO:0098562,cytoplasmic side of membrane,5/164,161/8363,0.20883368069252956,1.6211799470078583,5,161,Montipora_capitata_HIv3___RNAseq.g6978.t1/Montipora_capitata_HIv3___RNAseq.g11548.t1/Montipora_capitata_HIv3___RNAseq.g44960.t2/Montipora_capitata_HIv3___RNAseq.21467_t/Montipora_capitata_HIv3___RNAseq.g8971.t1,0.6549783621720245,cytoplasmic side of membrane,CC
GO:0007018,microtubule-based movement,7/164,247/8363,0.2111800622410515,1.4784770312445872,7,247,Montipora_capitata_HIv3___RNAseq.g36838.t1/Montipora_capitata_HIv3___RNAseq.g22865.t1/Montipora_capitata_HIv3___TS.g5595.t1/Montipora_capitata_HIv3___RNAseq.g44814.t1/Montipora_capitata_HIv3___TS.g5653.t1/Montipora_capitata_HIv3___RNAseq.g42740.t1/Montipora_capitata_HIv3___RNAseq.g1174.t1,0.6610310823995045,microtubule-based movement,BP
GO:0048520,positive regulation of behavior,3/164,81/8363,0.2120409841626154,1.9398319128100918,3,81,Montipora_capitata_HIv3___RNAseq.g24942.t1/Montipora_capitata_HIv3___RNAseq.g49962.t1/Montipora_capitata_HIv3___RNAseq.g23464.t1,0.6624193737521076,positive regulation of behavior,BP
GO:0005795,Golgi stack,4/164,121/8363,0.21332337392404457,1.7267724318696795,4,121,Montipora_capitata_HIv3___RNAseq.g44539.t1/Montipora_capitata_HIv3___RNAseq.g24524.t1/Montipora_capitata_HIv3___RNAseq.g49962.t1/Montipora_capitata_HIv3___RNAseq.g39706.t2,0.665116295515636,Golgi stack,CC
GO:0016331,morphogenesis of embryonic epithelium,7/164,248/8363,0.21399701362445084,1.472158574390172,7,248,Montipora_capitata_HIv3___RNAseq.g7741.t1/Montipora_capitata_HIv3___RNAseq.g44960.t2/Montipora_capitata_HIv3___RNAseq.21467_t/Montipora_capitata_HIv3___RNAseq.g44814.t1/Montipora_capitata_HIv3___RNAseq.g8971.t1/Montipora_capitata_HIv3___TS.g33523.t1/Montipora_capitata_HIv3___TS.g10359.t4b,0.6654490330998417,morphogenesis of embryonic epithelium,BP
GO:0051272,GO:0051272,8/164,292/8363,0.2145481310186921,1.429126039266032,8,292,Montipora_capitata_HIv3___RNAseq.g6978.t1/Montipora_capitata_HIv3___RNAseq.g35008.t1/Montipora_capitata_HIv3___RNAseq.g44814.t1/Montipora_capitata_HIv3___RNAseq.g18698.t1/Montipora_capitata_HIv3___RNAseq.g8971.t1/Montipora_capitata_HIv3___RNAseq.g15029.t1b/Montipora_capitata_HIv3___TS.g10359.t4b/Montipora_capitata_HIv3___RNAseq.g39706.t2,0.6654490330998417,NA,NA
GO:0055114,GO:0055114,17/164,703/8363,0.21556192877929595,1.2665052219304267,17,703,Montipora_capitata_HIv3___RNAseq.g34092.t1/Montipora_capitata_HIv3___RNAseq.g44519.t1/Montipora_capitata_HIv3___RNAseq.g50691.t1/Montipora_capitata_HIv3___RNAseq.g40983.t1/Montipora_capitata_HIv3___RNAseq.g24836.t1/Montipora_capitata_HIv3___RNAseq.g27709.t1/Montipora_capitata_HIv3___RNAseq.g40982.t1a/Montipora_capitata_HIv3___RNAseq.g46378.t1/Montipora_capitata_HIv3___RNAseq.g41416.t2a/Montipora_capitata_HIv3___TS.g4674.t2b/Montipora_capitata_HIv3___RNAseq.g37645.t1/Montipora_capitata_HIv3___RNAseq.g1174.t1/Montipora_capitata_HIv3___RNAseq.g33997.t1/Montipora_capitata_HIv3___RNAseq.g9561.t1/Montipora_capitata_HIv3___RNAseq.g9087.t1/Montipora_capitata_HIv3___RNAseq.g18391.t1/Montipora_capitata_HIv3___RNAseq.g37450.t2,0.6654490330998417,NA,NA
GO:0044431,GO:0044431,13/164,518/8363,0.21592126478202034,1.3116288082380883,13,518,Montipora_capitata_HIv3___RNAseq.g6978.t1/Montipora_capitata_HIv3___RNAseq.g22865.t1/Montipora_capitata_HIv3___RNAseq.g7739.t1/Montipora_capitata_HIv3___RNAseq.g3374.t1/Montipora_capitata_HIv3___RNAseq.g37193.t1/Montipora_capitata_HIv3___RNAseq.g44539.t1/Montipora_capitata_HIv3___RNAseq.g24524.t1/Montipora_capitata_HIv3___RNAseq.g14155.t1/Montipora_capitata_HIv3___RNAseq.g42740.t1/Montipora_capitata_HIv3___TS.g33523.t1/Montipora_capitata_HIv3___RNAseq.g49962.t1/Montipora_capitata_HIv3___RNAseq.g39706.t2/Montipora_capitata_HIv3___RNAseq.g8867.t2,0.6654490330998417,NA,NA
GO:0010562,positive regulation of phosphorus metabolic process,14/164,564/8363,0.21594596852326306,1.2979656455989432,14,564,Montipora_capitata_HIv3___TS.g33283.t2/Montipora_capitata_HIv3___RNAseq.g6978.t1/Montipora_capitata_HIv3___RNAseq.g15043.t1/Montipora_capitata_HIv3___RNAseq.g5395.t1/Montipora_capitata_HIv3___TS.g27540.t1/Montipora_capitata_HIv3___RNAseq.g44960.t2/Montipora_capitata_HIv3___RNAseq.21467_t/Montipora_capitata_HIv3___RNAseq.g36907.t1/Montipora_capitata_HIv3___RNAseq.g35008.t1/Montipora_capitata_HIv3___RNAseq.g24095.t1/Montipora_capitata_HIv3___RNAseq.g44814.t1/Montipora_capitata_HIv3___RNAseq.g8971.t1/Montipora_capitata_HIv3___RNAseq.g14965.t1/Montipora_capitata_HIv3___TS.g10359.t4b,0.6654490330998417,positive regulation of phosphorus metabolic process,BP
GO:0045937,positive regulation of phosphate metabolic process,14/164,564/8363,0.21594596852326306,1.2979656455989432,14,564,Montipora_capitata_HIv3___TS.g33283.t2/Montipora_capitata_HIv3___RNAseq.g6978.t1/Montipora_capitata_HIv3___RNAseq.g15043.t1/Montipora_capitata_HIv3___RNAseq.g5395.t1/Montipora_capitata_HIv3___TS.g27540.t1/Montipora_capitata_HIv3___RNAseq.g44960.t2/Montipora_capitata_HIv3___RNAseq.21467_t/Montipora_capitata_HIv3___RNAseq.g36907.t1/Montipora_capitata_HIv3___RNAseq.g35008.t1/Montipora_capitata_HIv3___RNAseq.g24095.t1/Montipora_capitata_HIv3___RNAseq.g44814.t1/Montipora_capitata_HIv3___RNAseq.g8971.t1/Montipora_capitata_HIv3___RNAseq.g14965.t1/Montipora_capitata_HIv3___TS.g10359.t4b,0.6654490330998417,positive regulation of phosphate metabolic process,BP
GO:0001944,vasculature development,8/164,293/8363,0.21715387500821443,1.4239328231150614,8,293,Montipora_capitata_HIv3___RNAseq.g7741.t1/Montipora_capitata_HIv3___RNAseq.g35008.t1/Montipora_capitata_HIv3___RNAseq.g44814.t1/Montipora_capitata_HIv3___RNAseq.g18698.t1/Montipora_capitata_HIv3___RNAseq.g8971.t1/Montipora_capitata_HIv3___RNAseq.g42092.t1/Montipora_capitata_HIv3___RNAseq.g9918.t1/Montipora_capitata_HIv3___TS.g33523.t1,0.6662178830822445,vasculature development,BP
GO:0060429,epithelium development,27/164,1178/8363,0.21728846292591764,1.206750299893961,27,1178,Montipora_capitata_HIv3___RNAseq.g2559.t1a/Montipora_capitata_HIv3___RNAseq.g22865.t1/Montipora_capitata_HIv3___RNAseq.g7741.t1/Montipora_capitata_HIv3___RNAseq.g44960.t2/Montipora_capitata_HIv3___RNAseq.21467_t/Montipora_capitata_HIv3___RNAseq.g13857.t1/Montipora_capitata_HIv3___RNAseq.g36907.t1/Montipora_capitata_HIv3___RNAseq.g35008.t1/Montipora_capitata_HIv3___RNAseq.g668.t1/Montipora_capitata_HIv3___RNAseq.g24942.t1/Montipora_capitata_HIv3___RNAseq.g44814.t1/Montipora_capitata_HIv3___RNAseq.g18698.t1/Montipora_capitata_HIv3___RNAseq.g8971.t1/Montipora_capitata_HIv3___TS.g4674.t2b/Montipora_capitata_HIv3___RNAseq.g41333.t1/Montipora_capitata_HIv3___RNAseq.g33449.t1/Montipora_capitata_HIv3___RNAseq.g9060.t1/Montipora_capitata_HIv3___TS.g33523.t1/Montipora_capitata_HIv3___RNAseq.g28116.t1/Montipora_capitata_HIv3___RNAseq.g4457.t1/Montipora_capitata_HIv3___RNAseq.g14625.t1/Montipora_capitata_HIv3___TS.g10359.t4b/Montipora_capitata_HIv3___RNAseq.g39706.t2/Montipora_capitata_HIv3___RNAseq.g18391.t1/Montipora_capitata_HIv3___RNAseq.g14488.t1/Montipora_capitata_HIv3___TS.g20607.t1/Montipora_capitata_HIv3___TS.g46192.t3,0.6662178830822445,epithelium development,BP
GO:0051384,response to glucocorticoid,4/164,122/8363,0.21745486038853348,1.7119288362623484,4,122,Montipora_capitata_HIv3___RNAseq.g44814.t1/Montipora_capitata_HIv3___RNAseq.g33449.t1/Montipora_capitata_HIv3___RNAseq.g39974.t1/Montipora_capitata_HIv3___RNAseq.g14488.t1,0.6662178830822445,response to glucocorticoid,BP
GO:0060560,developmental growth involved in morphogenesis,5/164,164/8363,0.21941007643293867,1.589999680156226,5,164,Montipora_capitata_HIv3___RNAseq.g35008.t1/Montipora_capitata_HIv3___RNAseq.g668.t1/Montipora_capitata_HIv3___RNAseq.g24942.t1/Montipora_capitata_HIv3___RNAseq.g8971.t1/Montipora_capitata_HIv3___TS.g47745.t1,0.6709128926764425,developmental growth involved in morphogenesis,BP
GO:0043488,regulation of mRNA stability,3/164,83/8363,0.2223197767450551,1.890901263137249,3,83,Montipora_capitata_HIv3___RNAseq.g42608.t1/Montipora_capitata_HIv3___RNAseq.g18929.t1/Montipora_capitata_HIv3___TS.g47745.t1,0.6774501314529505,regulation of mRNA stability,BP
GO:0030155,regulation of cell adhesion,8/164,295/8363,0.22240171297226669,1.4136549734392,8,295,Montipora_capitata_HIv3___RNAseq.g44960.t2/Montipora_capitata_HIv3___RNAseq.21467_t/Montipora_capitata_HIv3___RNAseq.g18698.t1/Montipora_capitata_HIv3___RNAseq.g42740.t1/Montipora_capitata_HIv3___RNAseq.g43161.t1a/Montipora_capitata_HIv3___RNAseq.g15029.t1b/Montipora_capitata_HIv3___RNAseq.g14488.t1/Montipora_capitata_HIv3___RNAseq.g20763.t1,0.6774501314529505,regulation of cell adhesion,BP
GO:0044421,GO:0044421,14/164,568/8363,0.22350931439409144,1.2879216610660271,14,568,Montipora_capitata_HIv3___TS.g33283.t2/Montipora_capitata_HIv3___RNAseq.g14946.t1/Montipora_capitata_HIv3___RNAseq.g34092.t1/Montipora_capitata_HIv3___RNAseq.g44519.t1/Montipora_capitata_HIv3___TS.g32048.t1/Montipora_capitata_HIv3___RNAseq.g668.t1/Montipora_capitata_HIv3___RNAseq.g24095.t1/Montipora_capitata_HIv3___RNAseq.g33449.t1/Montipora_capitata_HIv3___RNAseq.g4457.t1/Montipora_capitata_HIv3___RNAseq.g44719.t1/Montipora_capitata_HIv3___RNAseq.g14625.t1/Montipora_capitata_HIv3___TS.g10359.t4b/Montipora_capitata_HIv3___RNAseq.g44445.t1/Montipora_capitata_HIv3___RNAseq.g14488.t1,0.6795196972096229,NA,NA
GO:0034097,response to cytokine,12/164,477/8363,0.22571355371727678,1.313023506217074,12,477,Montipora_capitata_HIv3___RNAseq.g5395.t1/Montipora_capitata_HIv3___RNAseq.g11548.t1/Montipora_capitata_HIv3___RNAseq.g2640.t1a/Montipora_capitata_HIv3___RNAseq.g34092.t1/Montipora_capitata_HIv3___RNAseq.g44960.t2/Montipora_capitata_HIv3___RNAseq.21467_t/Montipora_capitata_HIv3___RNAseq.g46378.t1/Montipora_capitata_HIv3___RNAseq.g44814.t1/Montipora_capitata_HIv3___RNAseq.g44445.t1/Montipora_capitata_HIv3___RNAseq.g14488.t1/Montipora_capitata_HIv3___TS.g47745.t1/Montipora_capitata_HIv3___TS.g46192.t3,0.6849090052568226,response to cytokine,BP
GO:0051480,regulation of cytosolic calcium ion concentration,5/164,166/8363,0.22655254392698548,1.569858011222722,5,166,Montipora_capitata_HIv3___TS.g33283.t2/Montipora_capitata_HIv3___TS.g27540.t1/Montipora_capitata_HIv3___RNAseq.g34092.t1/Montipora_capitata_HIv3___RNAseq.g13129.t1/Montipora_capitata_HIv3___RNAseq.g24095.t1,0.686142914526958,regulation of cytosolic calcium ion concentration,BP
GO:0043169,cation binding,18/164,758/8363,0.22922285952912572,1.242670225225364,18,758,Montipora_capitata_HIv3___TS.g33283.t2/Montipora_capitata_HIv3___RNAseq.g44960.t2/Montipora_capitata_HIv3___TS.g32048.t1/Montipora_capitata_HIv3___RNAseq.21467_t/Montipora_capitata_HIv3___RNAseq.g12736.t1/Montipora_capitata_HIv3___RNAseq.g44814.t1/Montipora_capitata_HIv3___RNAseq.g9027.t1/Montipora_capitata_HIv3___RNAseq.g41416.t2a/Montipora_capitata_HIv3___RNAseq.g30678.t1b/Montipora_capitata_HIv3___RNAseq.g32149.t1/Montipora_capitata_HIv3___RNAseq.g37645.t1/Montipora_capitata_HIv3___RNAseq.g43161.t1a/Montipora_capitata_HIv3___RNAseq.g9918.t1/Montipora_capitata_HIv3___RNAseq.g33449.t1/Montipora_capitata_HIv3___RNAseq.g15188.t1/Montipora_capitata_HIv3___RNAseq.g8867.t2/Montipora_capitata_HIv3___RNAseq.g44445.t1/Montipora_capitata_HIv3___RNAseq.g14488.t1,0.6916509129779981,cation binding,MF
GO:0046872,metal ion binding,17/164,711/8363,0.22924283568142848,1.2505749822114793,17,711,Montipora_capitata_HIv3___TS.g33283.t2/Montipora_capitata_HIv3___RNAseq.g44960.t2/Montipora_capitata_HIv3___TS.g32048.t1/Montipora_capitata_HIv3___RNAseq.21467_t/Montipora_capitata_HIv3___RNAseq.g12736.t1/Montipora_capitata_HIv3___RNAseq.g44814.t1/Montipora_capitata_HIv3___RNAseq.g9027.t1/Montipora_capitata_HIv3___RNAseq.g41416.t2a/Montipora_capitata_HIv3___RNAseq.g30678.t1b/Montipora_capitata_HIv3___RNAseq.g32149.t1/Montipora_capitata_HIv3___RNAseq.g37645.t1/Montipora_capitata_HIv3___RNAseq.g43161.t1a/Montipora_capitata_HIv3___RNAseq.g33449.t1/Montipora_capitata_HIv3___RNAseq.g15188.t1/Montipora_capitata_HIv3___RNAseq.g8867.t2/Montipora_capitata_HIv3___RNAseq.g44445.t1/Montipora_capitata_HIv3___RNAseq.g14488.t1,0.6916509129779981,metal ion binding,MF
GO:0050921,positive regulation of chemotaxis,3/164,85/8363,0.23269682711131037,1.8443803741336218,3,85,Montipora_capitata_HIv3___RNAseq.g6978.t1/Montipora_capitata_HIv3___RNAseq.g8971.t1/Montipora_capitata_HIv3___TS.g10359.t4b,0.697304922178161,positive regulation of chemotaxis,BP
GO:0007186,G protein-coupled receptor signaling pathway,8/164,299/8363,0.2330380252647287,1.393523130995849,8,299,Montipora_capitata_HIv3___RNAseq.g6978.t1/Montipora_capitata_HIv3___TS.g27540.t1/Montipora_capitata_HIv3___RNAseq.g11237.t1/Montipora_capitata_HIv3___RNAseq.g13129.t1/Montipora_capitata_HIv3___RNAseq.g39648.t1/Montipora_capitata_HIv3___RNAseq.g35008.t1/Montipora_capitata_HIv3___RNAseq.g6934.t1/Montipora_capitata_HIv3___RNAseq.g23366.t1,0.697304922178161,G protein-coupled receptor signaling pathway,BP
GO:0006520,amino acid metabolic process,7/164,255/8363,0.23409496444293065,1.4293566033666176,7,255,Montipora_capitata_HIv3___RNAseq.g40427.t1a/Montipora_capitata_HIv3___RNAseq.g27709.t1/Montipora_capitata_HIv3___RNAseq.g20771.t1/Montipora_capitata_HIv3___RNAseq.g9060.t1/Montipora_capitata_HIv3___RNAseq.g33997.t1/Montipora_capitata_HIv3___RNAseq.g14488.t1/Montipora_capitata_HIv3___RNAseq.g37450.t2,0.697304922178161,amino acid metabolic process,BP
GO:0010976,positive regulation of neuron projection development,7/164,255/8363,0.23409496444293065,1.4293566033666176,7,255,Montipora_capitata_HIv3___RNAseq.g6978.t1/Montipora_capitata_HIv3___RNAseq.g5395.t1/Montipora_capitata_HIv3___RNAseq.g24942.t1/Montipora_capitata_HIv3___RNAseq.g8971.t1/Montipora_capitata_HIv3___RNAseq.g24020.t1/Montipora_capitata_HIv3___TS.g10359.t4b/Montipora_capitata_HIv3___RNAseq.g39706.t2,0.697304922178161,positive regulation of neuron projection development,BP
GO:1901568,fatty acid derivative metabolic process,4/164,126/8363,0.23419251639632,1.6549860201829854,4,126,Montipora_capitata_HIv3___TS.g33283.t2/Montipora_capitata_HIv3___RNAseq.g37645.t1/Montipora_capitata_HIv3___RNAseq.g14956.t1/Montipora_capitata_HIv3___RNAseq.g14960.t1,0.697304922178161,fatty acid derivative metabolic process,BP
GO:0030324,lung development,4/164,126/8363,0.23419251639632,1.6549860201829854,4,126,Montipora_capitata_HIv3___RNAseq.g44814.t1/Montipora_capitata_HIv3___RNAseq.g8971.t1/Montipora_capitata_HIv3___RNAseq.g39974.t1/Montipora_capitata_HIv3___RNAseq.g14488.t1,0.697304922178161,lung development,BP
GO:0042110,T cell activation,4/164,126/8363,0.23419251639632,1.6549860201829854,4,126,Montipora_capitata_HIv3___RNAseq.g7741.t1/Montipora_capitata_HIv3___RNAseq.g35008.t1/Montipora_capitata_HIv3___RNAseq.g43161.t1a/Montipora_capitata_HIv3___RNAseq.g15029.t1b,0.697304922178161,T cell activation,BP
GO:0010817,regulation of hormone levels,10/164,390/8363,0.23524422658835972,1.3360628196556406,10,390,Montipora_capitata_HIv3___RNAseq.g7741.t1/Montipora_capitata_HIv3___RNAseq.g40983.t1/Montipora_capitata_HIv3___RNAseq.g24836.t1/Montipora_capitata_HIv3___RNAseq.g46378.t1/Montipora_capitata_HIv3___RNAseq.g24095.t1/Montipora_capitata_HIv3___RNAseq.g44814.t1/Montipora_capitata_HIv3___RNAseq.g8971.t1/Montipora_capitata_HIv3___RNAseq.g42092.t1/Montipora_capitata_HIv3___RNAseq.g33997.t1/Montipora_capitata_HIv3___RNAseq.g39706.t2,0.6991246958721477,regulation of hormone levels,BP
GO:0034599,cellular response to oxidative stress,5/164,169/8363,0.23739438051580292,1.540566259595617,5,169,Montipora_capitata_HIv3___RNAseq.g6978.t1/Montipora_capitata_HIv3___RNAseq.g44519.t1/Montipora_capitata_HIv3___RNAseq.g44814.t1/Montipora_capitata_HIv3___TS.g10359.t4b/Montipora_capitata_HIv3___RNAseq.g14488.t1,0.699216475822593,cellular response to oxidative stress,BP
GO:0031985,Golgi cisterna,3/164,86/8363,0.2379186496182736,1.8219710746880016,3,86,Montipora_capitata_HIv3___RNAseq.g24524.t1/Montipora_capitata_HIv3___RNAseq.g49962.t1/Montipora_capitata_HIv3___RNAseq.g39706.t2,0.699216475822593,Golgi cisterna,CC
GO:0097327,response to antineoplastic agent,3/164,86/8363,0.2379186496182736,1.8219710746880016,3,86,Montipora_capitata_HIv3___RNAseq.g43161.t1a/Montipora_capitata_HIv3___RNAseq.g39974.t1/Montipora_capitata_HIv3___RNAseq.g14488.t1,0.699216475822593,response to antineoplastic agent,BP
GO:0003206,cardiac chamber morphogenesis,3/164,86/8363,0.2379186496182736,1.8219710746880016,3,86,Montipora_capitata_HIv3___RNAseq.g7741.t1/Montipora_capitata_HIv3___RNAseq.g44814.t1/Montipora_capitata_HIv3___RNAseq.g8971.t1,0.699216475822593,cardiac chamber morphogenesis,BP
GO:0042113,B cell activation,3/164,86/8363,0.2379186496182736,1.8219710746880016,3,86,Montipora_capitata_HIv3___RNAseq.g23734.t3/Montipora_capitata_HIv3___RNAseq.g35804.t1/Montipora_capitata_HIv3___RNAseq.g35720.t1,0.699216475822593,B cell activation,BP
GO:0015934,large ribosomal subunit,3/164,86/8363,0.2379186496182736,1.8219710746880016,3,86,Montipora_capitata_HIv3___RNAseq.g27546.t1/Montipora_capitata_HIv3___RNAseq.g43111.t1/Montipora_capitata_HIv3___RNAseq.g11658.t1,0.699216475822593,large ribosomal subunit,CC
GO:0017144,GO:0017144,12/164,483/8363,0.23837309878035357,1.2952940315901713,12,483,Montipora_capitata_HIv3___RNAseq.g40427.t1a/Montipora_capitata_HIv3___RNAseq.g33991.t1/Montipora_capitata_HIv3___RNAseq.g44519.t1/Montipora_capitata_HIv3___RNAseq.g33992.t1/Montipora_capitata_HIv3___RNAseq.g46378.t1/Montipora_capitata_HIv3___RNAseq.g9918.t1/Montipora_capitata_HIv3___TS.g33523.t1/Montipora_capitata_HIv3___TS.g21293.t1/Montipora_capitata_HIv3___RNAseq.g9561.t1/Montipora_capitata_HIv3___RNAseq.g14488.t1/Montipora_capitata_HIv3___RNAseq.g37450.t2/Montipora_capitata_HIv3___RNAseq.g20763.t1,0.6992571308029966,NA,NA
GO:0048588,developmental cell growth,4/164,128/8363,0.24267792035916644,1.6278912403516177,4,128,Montipora_capitata_HIv3___RNAseq.g35008.t1/Montipora_capitata_HIv3___RNAseq.g24942.t1/Montipora_capitata_HIv3___RNAseq.g8971.t1/Montipora_capitata_HIv3___TS.g47745.t1,0.7104507988361459,developmental cell growth,BP
GO:0090287,regulation of cellular response to growth factor stimulus,6/164,214/8363,0.24321515245181802,1.4588198078430552,6,214,Montipora_capitata_HIv3___RNAseq.g24942.t1/Montipora_capitata_HIv3___RNAseq.g44814.t1/Montipora_capitata_HIv3___RNAseq.g8971.t1/Montipora_capitata_HIv3___TS.g33523.t1/Montipora_capitata_HIv3___RNAseq.g39706.t2/Montipora_capitata_HIv3___TS.g46192.t3,0.7104507988361459,regulation of cellular response to growth factor stimulus,BP
GO:0040017,positive regulation of locomotion,9/164,348/8363,0.24353196885120565,1.3462094551254096,9,348,Montipora_capitata_HIv3___RNAseq.g6978.t1/Montipora_capitata_HIv3___RNAseq.g35008.t1/Montipora_capitata_HIv3___RNAseq.g44814.t1/Montipora_capitata_HIv3___RNAseq.g18698.t1/Montipora_capitata_HIv3___RNAseq.g8971.t1/Montipora_capitata_HIv3___RNAseq.g49962.t1/Montipora_capitata_HIv3___RNAseq.g15029.t1b/Montipora_capitata_HIv3___TS.g10359.t4b/Montipora_capitata_HIv3___RNAseq.g39706.t2,0.7104507988361459,positive regulation of locomotion,BP
GO:0040012,regulation of locomotion,16/164,673/8363,0.24532884306214975,1.2409857640098698,16,673,Montipora_capitata_HIv3___RNAseq.g6978.t1/Montipora_capitata_HIv3___RNAseq.g23734.t3/Montipora_capitata_HIv3___RNAseq.g35804.t1/Montipora_capitata_HIv3___RNAseq.g15043.t1/Montipora_capitata_HIv3___RNAseq.g5395.t1/Montipora_capitata_HIv3___RNAseq.g42608.t1/Montipora_capitata_HIv3___RNAseq.g35008.t1/Montipora_capitata_HIv3___RNAseq.g44814.t1/Montipora_capitata_HIv3___RNAseq.g35720.t1/Montipora_capitata_HIv3___RNAseq.g18698.t1/Montipora_capitata_HIv3___RNAseq.g8971.t1/Montipora_capitata_HIv3___RNAseq.g49962.t1/Montipora_capitata_HIv3___RNAseq.g15029.t1b/Montipora_capitata_HIv3___TS.g10359.t4b/Montipora_capitata_HIv3___RNAseq.g39706.t2/Montipora_capitata_HIv3___RNAseq.g23366.t1,0.7143795852103333,regulation of locomotion,BP
GO:0003007,heart morphogenesis,6/164,215/8363,0.24647574697998037,1.4516596908965,6,215,Montipora_capitata_HIv3___RNAseq.g2559.t1a/Montipora_capitata_HIv3___RNAseq.g7741.t1/Montipora_capitata_HIv3___RNAseq.g44814.t1/Montipora_capitata_HIv3___RNAseq.g8971.t1/Montipora_capitata_HIv3___TS.g33523.t1/Montipora_capitata_HIv3___TS.g10359.t4b,0.7162248406402225,heart morphogenesis,BP
GO:0070647,protein modification by small protein conjugation or removal,14/164,580/8363,0.24686514671090218,1.2586414108374897,14,580,Montipora_capitata_HIv3___TS.g1118.t1/Montipora_capitata_HIv3___RNAseq.g23762.t1/Montipora_capitata_HIv3___RNAseq.g35299.t1/Montipora_capitata_HIv3___RNAseq.g11548.t1/Montipora_capitata_HIv3___RNAseq.g44960.t2/Montipora_capitata_HIv3___RNAseq.21467_t/Montipora_capitata_HIv3___RNAseq.g44814.t1/Montipora_capitata_HIv3___RNAseq.g30678.t1b/Montipora_capitata_HIv3___RNAseq.g15186.t1/Montipora_capitata_HIv3___RNAseq.g14965.t1/Montipora_capitata_HIv3___RNAseq.g32149.t1/Montipora_capitata_HIv3___RNAseq.g22553.t1c/Montipora_capitata_HIv3___RNAseq.g23247.t1/Montipora_capitata_HIv3___RNAseq.g15188.t1,0.7162248406402225,protein modification by small protein conjugation or removal,BP
GO:0030246,carbohydrate binding,3/164,88/8363,0.24842193685221825,1.7785632425792242,3,88,Montipora_capitata_HIv3___RNAseq.g14946.t1/Montipora_capitata_HIv3___RNAseq.g2640.t1a/Montipora_capitata_HIv3___RNAseq.g8867.t2,0.7194263025264057,carbohydrate binding,MF
GO:0072358,GO:0072358,8/164,305/8363,0.24932319789812318,1.3643420948598513,8,305,Montipora_capitata_HIv3___RNAseq.g7741.t1/Montipora_capitata_HIv3___RNAseq.g35008.t1/Montipora_capitata_HIv3___RNAseq.g44814.t1/Montipora_capitata_HIv3___RNAseq.g18698.t1/Montipora_capitata_HIv3___RNAseq.g8971.t1/Montipora_capitata_HIv3___RNAseq.g42092.t1/Montipora_capitata_HIv3___RNAseq.g9918.t1/Montipora_capitata_HIv3___TS.g33523.t1,0.7207211567656129,NA,NA
GO:0009605,response to external stimulus,31/164,1396/8363,0.250360898277848,1.1668928249996047,31,1396,Montipora_capitata_HIv3___TS.g33283.t2/Montipora_capitata_HIv3___RNAseq.g6978.t1/Montipora_capitata_HIv3___RNAseq.g15043.t1/Montipora_capitata_HIv3___RNAseq.g2640.t1a/Montipora_capitata_HIv3___RNAseq.g44519.t1/Montipora_capitata_HIv3___RNAseq.g44960.t2/Montipora_capitata_HIv3___RNAseq.21467_t/Montipora_capitata_HIv3___RNAseq.g13129.t1/Montipora_capitata_HIv3___RNAseq.g49895.t2/Montipora_capitata_HIv3___RNAseq.g35008.t1/Montipora_capitata_HIv3___RNAseq.g668.t1/Montipora_capitata_HIv3___RNAseq.g46378.t1/Montipora_capitata_HIv3___RNAseq.g24942.t1/Montipora_capitata_HIv3___RNAseq.g24095.t1/Montipora_capitata_HIv3___RNAseq.g44814.t1/Montipora_capitata_HIv3___RNAseq.g20250.t1/Montipora_capitata_HIv3___RNAseq.g18698.t1/Montipora_capitata_HIv3___RNAseq.g8971.t1/Montipora_capitata_HIv3___RNAseq.g24020.t1/Montipora_capitata_HIv3___RNAseq.g33449.t1/Montipora_capitata_HIv3___TS.g33523.t1/Montipora_capitata_HIv3___RNAseq.g39974.t1/Montipora_capitata_HIv3___RNAseq.g47955.t1/Montipora_capitata_HIv3___RNAseq.g18929.t1/Montipora_capitata_HIv3___RNAseq.g28116.t1/Montipora_capitata_HIv3___RNAseq.g8867.t2/Montipora_capitata_HIv3___RNAseq.g12947.t1/Montipora_capitata_HIv3___RNAseq.g44445.t1/Montipora_capitata_HIv3___RNAseq.g23366.t1/Montipora_capitata_HIv3___RNAseq.g14488.t1/Montipora_capitata_HIv3___TS.g46192.t3,0.7209891152422441,response to external stimulus,BP
GO:0043197,dendritic spine,4/164,130/8363,0.2512331321543547,1.6016560266862272,4,130,Montipora_capitata_HIv3___RNAseq.g23734.t3/Montipora_capitata_HIv3___RNAseq.g35804.t1/Montipora_capitata_HIv3___RNAseq.g24942.t1/Montipora_capitata_HIv3___RNAseq.g35720.t1,0.7209891152422441,dendritic spine,CC
GO:0030323,respiratory tube development,4/164,130/8363,0.2512331321543547,1.6016560266862272,4,130,Montipora_capitata_HIv3___RNAseq.g44814.t1/Montipora_capitata_HIv3___RNAseq.g8971.t1/Montipora_capitata_HIv3___RNAseq.g39974.t1/Montipora_capitata_HIv3___RNAseq.g14488.t1,0.7209891152422441,respiratory tube development,BP
GO:1903322,positive regulation of protein modification by small protein conjugation or removal,4/164,130/8363,0.2512331321543547,1.6016560266862272,4,130,Montipora_capitata_HIv3___RNAseq.g44960.t2/Montipora_capitata_HIv3___RNAseq.21467_t/Montipora_capitata_HIv3___RNAseq.g8971.t1/Montipora_capitata_HIv3___RNAseq.g30678.t1b,0.7209891152422441,positive regulation of protein modification by small protein conjugation or removal,BP
GO:0098772,molecular function regulator activity,17/164,724/8363,0.25226036229002874,1.2254571743225684,17,724,Montipora_capitata_HIv3___RNAseq.g7992.t1/Montipora_capitata_HIv3___TS.g1118.t1/Montipora_capitata_HIv3___RNAseq.g23734.t3/Montipora_capitata_HIv3___RNAseq.g35804.t1/Montipora_capitata_HIv3___RNAseq.g23733.t1/Montipora_capitata_HIv3___TS.g29616.t1/Montipora_capitata_HIv3___RNAseq.g12596.t1/Montipora_capitata_HIv3___TS.g32048.t1/Montipora_capitata_HIv3___RNAseq.g37193.t1/Montipora_capitata_HIv3___RNAseq.g29879.t1b/Montipora_capitata_HIv3___RNAseq.g35718.t1/Montipora_capitata_HIv3___RNAseq.g35720.t1/Montipora_capitata_HIv3___RNAseq.g8971.t1/Montipora_capitata_HIv3___RNAseq.g49962.t1/Montipora_capitata_HIv3___TS.g10359.t4b/Montipora_capitata_HIv3___RNAseq.g41226.t1/Montipora_capitata_HIv3___RNAseq.g39706.t2,0.721546537389111,molecular function regulator activity,MF
GO:1990138,neuron projection extension,3/164,89/8363,0.2537006728816156,1.7576777771058671,3,89,Montipora_capitata_HIv3___RNAseq.g35008.t1/Montipora_capitata_HIv3___RNAseq.g24942.t1/Montipora_capitata_HIv3___TS.g47745.t1,0.721546537389111,neuron projection extension,BP
GO:2001023,regulation of response to drug,3/164,89/8363,0.2537006728816156,1.7576777771058671,3,89,Montipora_capitata_HIv3___RNAseq.g5395.t1/Montipora_capitata_HIv3___RNAseq.g24139.t1/Montipora_capitata_HIv3___RNAseq.g14488.t1,0.721546537389111,regulation of response to drug,BP
GO:0008194,UDP-glycosyltransferase activity,3/164,89/8363,0.2537006728816156,1.7576777771058671,3,89,Montipora_capitata_HIv3___RNAseq.g3374.t1/Montipora_capitata_HIv3___RNAseq.g37193.t1/Montipora_capitata_HIv3___RNAseq.g44539.t1,0.721546537389111,UDP-glycosyltransferase activity,MF
GO:0030217,T cell differentiation,3/164,89/8363,0.2537006728816156,1.7576777771058671,3,89,Montipora_capitata_HIv3___RNAseq.g7741.t1/Montipora_capitata_HIv3___RNAseq.g35008.t1/Montipora_capitata_HIv3___RNAseq.g43161.t1a,0.721546537389111,T cell differentiation,BP
GO:0044309,neuron spine,4/164,131/8363,0.2555350779417497,1.5888480960323477,4,131,Montipora_capitata_HIv3___RNAseq.g23734.t3/Montipora_capitata_HIv3___RNAseq.g35804.t1/Montipora_capitata_HIv3___RNAseq.g24942.t1/Montipora_capitata_HIv3___RNAseq.g35720.t1,0.7222687408485818,neuron spine,CC
GO:0043903,regulation of biological process involved in symbiotic interaction,4/164,131/8363,0.2555350779417497,1.5888480960323477,4,131,Montipora_capitata_HIv3___RNAseq.g44519.t1/Montipora_capitata_HIv3___RNAseq.g44445.t1/Montipora_capitata_HIv3___RNAseq.g14488.t1/Montipora_capitata_HIv3___TS.g47745.t1,0.7222687408485818,regulation of biological process involved in symbiotic interaction,BP
GO:2000145,regulation of cell motility,12/164,491/8363,0.25567456477984357,1.272345584284011,12,491,Montipora_capitata_HIv3___RNAseq.g6978.t1/Montipora_capitata_HIv3___RNAseq.g23734.t3/Montipora_capitata_HIv3___RNAseq.g35804.t1/Montipora_capitata_HIv3___RNAseq.g5395.t1/Montipora_capitata_HIv3___RNAseq.g35008.t1/Montipora_capitata_HIv3___RNAseq.g44814.t1/Montipora_capitata_HIv3___RNAseq.g35720.t1/Montipora_capitata_HIv3___RNAseq.g18698.t1/Montipora_capitata_HIv3___RNAseq.g8971.t1/Montipora_capitata_HIv3___RNAseq.g15029.t1b/Montipora_capitata_HIv3___TS.g10359.t4b/Montipora_capitata_HIv3___RNAseq.g39706.t2,0.7222687408485818,regulation of cell motility,BP
GO:0016757,glycosyltransferase activity,5/164,174/8363,0.2557750676477019,1.4940626765620795,5,174,Montipora_capitata_HIv3___RNAseq.g36836.t1/Montipora_capitata_HIv3___RNAseq.g3374.t1/Montipora_capitata_HIv3___RNAseq.g37193.t1/Montipora_capitata_HIv3___RNAseq.g44539.t1/Montipora_capitata_HIv3___RNAseq.g42092.t1,0.7222687408485818,glycosyltransferase activity,MF
GO:0060541,respiratory system development,8/164,308/8363,0.25760418325354345,1.3501892345583213,8,308,Montipora_capitata_HIv3___RNAseq.g22865.t1/Montipora_capitata_HIv3___RNAseq.g36907.t1/Montipora_capitata_HIv3___RNAseq.g44814.t1/Montipora_capitata_HIv3___RNAseq.g8971.t1/Montipora_capitata_HIv3___RNAseq.g41333.t1/Montipora_capitata_HIv3___RNAseq.g39974.t1/Montipora_capitata_HIv3___RNAseq.g15029.t1b/Montipora_capitata_HIv3___RNAseq.g14488.t1,0.7256003181306869,respiratory system development,BP
GO:0080135,regulation of cellular response to stress,12/164,492/8363,0.2578693002052347,1.2695308087503838,12,492,Montipora_capitata_HIv3___TS.g1118.t1/Montipora_capitata_HIv3___RNAseq.g44960.t2/Montipora_capitata_HIv3___RNAseq.21467_t/Montipora_capitata_HIv3___RNAseq.g35008.t1/Montipora_capitata_HIv3___RNAseq.g44814.t1/Montipora_capitata_HIv3___RNAseq.g24020.t1/Montipora_capitata_HIv3___RNAseq.g43161.t1a/Montipora_capitata_HIv3___RNAseq.g15188.t1/Montipora_capitata_HIv3___TS.g10359.t4b/Montipora_capitata_HIv3___RNAseq.g44445.t1/Montipora_capitata_HIv3___RNAseq.g14488.t1/Montipora_capitata_HIv3___TS.g47745.t1,0.7256003181306869,regulation of cellular response to stress,BP
GO:0003697,single-stranded DNA binding,3/164,90/8363,0.2589956813434892,1.7372634385240704,3,90,Montipora_capitata_HIv3___TS.g40519.t3/Montipora_capitata_HIv3___RNAseq.g43161.t1a/Montipora_capitata_HIv3___TS.g47745.t1,0.727311399005262,single-stranded DNA binding,MF
GO:0031960,response to corticosteroid,4/164,132/8363,0.25985227677125616,1.576240182836133,4,132,Montipora_capitata_HIv3___RNAseq.g44814.t1/Montipora_capitata_HIv3___RNAseq.g33449.t1/Montipora_capitata_HIv3___RNAseq.g39974.t1/Montipora_capitata_HIv3___RNAseq.g14488.t1,0.727311399005262,response to corticosteroid,BP
GO:0046328,regulation of JNK cascade,4/164,132/8363,0.25985227677125616,1.576240182836133,4,132,Montipora_capitata_HIv3___RNAseq.g44960.t2/Montipora_capitata_HIv3___RNAseq.21467_t/Montipora_capitata_HIv3___RNAseq.g35008.t1/Montipora_capitata_HIv3___TS.g10359.t4b,0.727311399005262,regulation of JNK cascade,BP
GO:0044459,GO:0044459,26/164,1161/8363,0.26130940622196536,1.1725522152040284,26,1161,Montipora_capitata_HIv3___RNAseq.g6978.t1/Montipora_capitata_HIv3___RNAseq.g5395.t1/Montipora_capitata_HIv3___RNAseq.g11548.t1/Montipora_capitata_HIv3___RNAseq.g26580.t1/Montipora_capitata_HIv3___RNAseq.g2640.t1a/Montipora_capitata_HIv3___TS.g27540.t1/Montipora_capitata_HIv3___RNAseq.g12807.t1/Montipora_capitata_HIv3___RNAseq.g44960.t2/Montipora_capitata_HIv3___RNAseq.21467_t/Montipora_capitata_HIv3___RNAseq.g13129.t1/Montipora_capitata_HIv3___RNAseq.g38848.t1/Montipora_capitata_HIv3___RNAseq.g49895.t2/Montipora_capitata_HIv3___RNAseq.g36907.t1/Montipora_capitata_HIv3___RNAseq.g35008.t1/Montipora_capitata_HIv3___RNAseq.g668.t1/Montipora_capitata_HIv3___RNAseq.g8971.t1/Montipora_capitata_HIv3___RNAseq.g41416.t2a/Montipora_capitata_HIv3___TS.g4674.t2b/Montipora_capitata_HIv3___RNAseq.g33449.t1/Montipora_capitata_HIv3___TS.g33523.t1/Montipora_capitata_HIv3___RNAseq.g33997.t1/Montipora_capitata_HIv3___RNAseq.g6934.t1/Montipora_capitata_HIv3___RNAseq.g28116.t1/Montipora_capitata_HIv3___RNAseq.g4457.t1/Montipora_capitata_HIv3___RNAseq.g44445.t1/Montipora_capitata_HIv3___RNAseq.g23366.t1,0.7301021613983434,NA,NA
GO:0042623,GO:0042623,8/164,310/8363,0.263172770169401,1.340910174075726,8,310,Montipora_capitata_HIv3___RNAseq.g36838.t1/Montipora_capitata_HIv3___TS.g5595.t1/Montipora_capitata_HIv3___RNAseq.g18698.t1/Montipora_capitata_HIv3___TS.g5653.t1/Montipora_capitata_HIv3___TS.g4674.t2b/Montipora_capitata_HIv3___RNAseq.g43161.t1a/Montipora_capitata_HIv3___RNAseq.g47955.t1/Montipora_capitata_HIv3___TS.g47745.t1,0.7315914442000249,NA,NA
GO:0009799,specification of symmetry,5/164,176/8363,0.26322540304865416,1.4762239879628571,5,176,Montipora_capitata_HIv3___RNAseq.g2559.t1a/Montipora_capitata_HIv3___RNAseq.g3374.t1/Montipora_capitata_HIv3___RNAseq.g44814.t1/Montipora_capitata_HIv3___RNAseq.g8971.t1/Montipora_capitata_HIv3___TS.g33523.t1,0.7315914442000249,specification of symmetry,BP
GO:0009855,determination of bilateral symmetry,5/164,176/8363,0.26322540304865416,1.4762239879628571,5,176,Montipora_capitata_HIv3___RNAseq.g2559.t1a/Montipora_capitata_HIv3___RNAseq.g3374.t1/Montipora_capitata_HIv3___RNAseq.g44814.t1/Montipora_capitata_HIv3___RNAseq.g8971.t1/Montipora_capitata_HIv3___TS.g33523.t1,0.7315914442000249,determination of bilateral symmetry,BP
GO:0043235,receptor complex,4/164,133/8363,0.26418400316334145,1.5638276504599686,4,133,Montipora_capitata_HIv3___RNAseq.g11548.t1/Montipora_capitata_HIv3___RNAseq.g44960.t2/Montipora_capitata_HIv3___RNAseq.21467_t/Montipora_capitata_HIv3___RNAseq.g8971.t1,0.7317692615259945,receptor complex,CC
GO:0003143,embryonic heart tube morphogenesis,3/164,91/8363,0.264305643347276,1.7173127260924197,3,91,Montipora_capitata_HIv3___RNAseq.g2559.t1a/Montipora_capitata_HIv3___RNAseq.g44814.t1/Montipora_capitata_HIv3___TS.g33523.t1,0.7317692615259945,embryonic heart tube morphogenesis,BP
GO:0051046,regulation of secretion,11/164,449/8363,0.2657860361338621,1.273885374150333,11,449,Montipora_capitata_HIv3___TS.g33283.t2/Montipora_capitata_HIv3___RNAseq.g7741.t1/Montipora_capitata_HIv3___RNAseq.g44960.t2/Montipora_capitata_HIv3___RNAseq.21467_t/Montipora_capitata_HIv3___RNAseq.g35008.t1/Montipora_capitata_HIv3___RNAseq.g24095.t1/Montipora_capitata_HIv3___RNAseq.g44814.t1/Montipora_capitata_HIv3___RNAseq.g8971.t1/Montipora_capitata_HIv3___RNAseq.g49962.t1/Montipora_capitata_HIv3___RNAseq.g14488.t1/Montipora_capitata_HIv3___TS.g47745.t1,0.7317692615259945,regulation of secretion,BP
GO:0012501,programmed cell death,12/164,496/8363,0.26671576065320884,1.2583880089984985,12,496,Montipora_capitata_HIv3___RNAseq.g11548.t1/Montipora_capitata_HIv3___TS.g28995.t1/Montipora_capitata_HIv3___RNAseq.g35008.t1/Montipora_capitata_HIv3___RNAseq.g24942.t1/Montipora_capitata_HIv3___RNAseq.g8971.t1/Montipora_capitata_HIv3___RNAseq.g32149.t1/Montipora_capitata_HIv3___RNAseq.g18929.t1/Montipora_capitata_HIv3___RNAseq.g14625.t1/Montipora_capitata_HIv3___RNAseq.g39706.t2/Montipora_capitata_HIv3___RNAseq.g44445.t1/Montipora_capitata_HIv3___RNAseq.g14488.t1/Montipora_capitata_HIv3___TS.g47745.t1,0.7317692615259945,programmed cell death,BP
GO:0002252,immune effector process,12/164,496/8363,0.26671576065320884,1.2583880089984985,12,496,Montipora_capitata_HIv3___TS.g33283.t2/Montipora_capitata_HIv3___RNAseq.g23734.t3/Montipora_capitata_HIv3___RNAseq.g35804.t1/Montipora_capitata_HIv3___RNAseq.g44519.t1/Montipora_capitata_HIv3___RNAseq.g24942.t1/Montipora_capitata_HIv3___RNAseq.g24095.t1/Montipora_capitata_HIv3___RNAseq.g35720.t1/Montipora_capitata_HIv3___RNAseq.g18698.t1/Montipora_capitata_HIv3___TS.g33523.t1/Montipora_capitata_HIv3___RNAseq.g18929.t1/Montipora_capitata_HIv3___RNAseq.g44445.t1/Montipora_capitata_HIv3___RNAseq.g14488.t1,0.7317692615259945,immune effector process,BP
GO:0043410,positive regulation of MAPK cascade,7/164,266/8363,0.26687541525735764,1.3667715276835308,7,266,Montipora_capitata_HIv3___TS.g33283.t2/Montipora_capitata_HIv3___TS.g27540.t1/Montipora_capitata_HIv3___RNAseq.g44960.t2/Montipora_capitata_HIv3___RNAseq.21467_t/Montipora_capitata_HIv3___RNAseq.g35008.t1/Montipora_capitata_HIv3___RNAseq.g8971.t1/Montipora_capitata_HIv3___TS.g10359.t4b,0.7317692615259945,positive regulation of MAPK cascade,BP
GO:0019902,phosphatase binding,4/164,134/8363,0.26852953569338045,1.551606005739774,4,134,Montipora_capitata_HIv3___RNAseq.g15043.t1/Montipora_capitata_HIv3___RNAseq.g46820.t1/Montipora_capitata_HIv3___RNAseq.g11548.t1/Montipora_capitata_HIv3___RNAseq.g42740.t1,0.7317692615259945,phosphatase binding,MF
GO:0090257,regulation of muscle system process,4/164,134/8363,0.26852953569338045,1.551606005739774,4,134,Montipora_capitata_HIv3___RNAseq.g34092.t1/Montipora_capitata_HIv3___RNAseq.g13129.t1/Montipora_capitata_HIv3___RNAseq.g14488.t1/Montipora_capitata_HIv3___RNAseq.g20763.t1,0.7317692615259945,regulation of muscle system process,BP
GO:0007169,transmembrane receptor protein tyrosine kinase signaling pathway,8/164,312/8363,0.2687779824108956,1.3317615828376697,8,312,Montipora_capitata_HIv3___RNAseq.g6978.t1/Montipora_capitata_HIv3___RNAseq.g5395.t1/Montipora_capitata_HIv3___RNAseq.g24942.t1/Montipora_capitata_HIv3___RNAseq.g44814.t1/Montipora_capitata_HIv3___RNAseq.g18698.t1/Montipora_capitata_HIv3___RNAseq.g8971.t1/Montipora_capitata_HIv3___RNAseq.g42092.t1/Montipora_capitata_HIv3___RNAseq.g28116.t1,0.7317692615259945,transmembrane receptor protein tyrosine kinase signaling pathway,BP
GO:0010594,regulation of endothelial cell migration,3/164,92/8363,0.26962925877247806,1.697810002761274,3,92,Montipora_capitata_HIv3___RNAseq.g6978.t1/Montipora_capitata_HIv3___RNAseq.g44814.t1/Montipora_capitata_HIv3___RNAseq.g8971.t1,0.7317692615259945,regulation of endothelial cell migration,BP
GO:0022626,cytosolic ribosome,3/164,92/8363,0.26962925877247806,1.697810002761274,3,92,Montipora_capitata_HIv3___RNAseq.g27546.t1/Montipora_capitata_HIv3___RNAseq.g43111.t1/Montipora_capitata_HIv3___RNAseq.g11658.t1,0.7317692615259945,cytosolic ribosome,CC
GO:0034614,cellular response to reactive oxygen species,3/164,92/8363,0.26962925877247806,1.697810002761274,3,92,Montipora_capitata_HIv3___RNAseq.g44519.t1/Montipora_capitata_HIv3___RNAseq.g44814.t1/Montipora_capitata_HIv3___RNAseq.g14488.t1,0.7317692615259945,cellular response to reactive oxygen species,BP
GO:0010821,regulation of mitochondrion organization,3/164,92/8363,0.26962925877247806,1.697810002761274,3,92,Montipora_capitata_HIv3___RNAseq.g5395.t1/Montipora_capitata_HIv3___RNAseq.g24095.t1/Montipora_capitata_HIv3___RNAseq.g44814.t1,0.7317692615259945,regulation of mitochondrion organization,BP
GO:0070838,GO:0070838,5/164,178/8363,0.27072623859947303,1.4587979619666886,5,178,Montipora_capitata_HIv3___RNAseq.g13129.t1/Montipora_capitata_HIv3___RNAseq.g36907.t1/Montipora_capitata_HIv3___RNAseq.g46378.t1/Montipora_capitata_HIv3___RNAseq.g14155.t1/Montipora_capitata_HIv3___RNAseq.g42740.t1,0.7317692615259945,NA,NA
GO:0072511,GO:0072511,5/164,178/8363,0.27072623859947303,1.4587979619666886,5,178,Montipora_capitata_HIv3___RNAseq.g13129.t1/Montipora_capitata_HIv3___RNAseq.g36907.t1/Montipora_capitata_HIv3___RNAseq.g46378.t1/Montipora_capitata_HIv3___RNAseq.g14155.t1/Montipora_capitata_HIv3___RNAseq.g42740.t1,0.7317692615259945,NA,NA
GO:0005802,trans-Golgi network,5/164,178/8363,0.27072623859947303,1.4587979619666886,5,178,Montipora_capitata_HIv3___RNAseq.g6978.t1/Montipora_capitata_HIv3___RNAseq.g7739.t1/Montipora_capitata_HIv3___RNAseq.g14155.t1/Montipora_capitata_HIv3___RNAseq.g42740.t1/Montipora_capitata_HIv3___RNAseq.g39706.t2,0.7317692615259945,trans-Golgi network,CC
GO:0031331,positive regulation of cellular catabolic process,8/164,313/8363,0.2715938592889444,1.32722769360206,8,313,Montipora_capitata_HIv3___RNAseq.g6978.t1/Montipora_capitata_HIv3___TS.g1118.t1/Montipora_capitata_HIv3___RNAseq.g44960.t2/Montipora_capitata_HIv3___RNAseq.21467_t/Montipora_capitata_HIv3___RNAseq.g44814.t1/Montipora_capitata_HIv3___RNAseq.g30678.t1b/Montipora_capitata_HIv3___RNAseq.g23247.t1/Montipora_capitata_HIv3___RNAseq.g39706.t2,0.7317692615259945,positive regulation of cellular catabolic process,BP
GO:0009896,positive regulation of catabolic process,9/164,359/8363,0.27200001422692527,1.3020903904809509,9,359,Montipora_capitata_HIv3___RNAseq.g6978.t1/Montipora_capitata_HIv3___TS.g1118.t1/Montipora_capitata_HIv3___RNAseq.g44960.t2/Montipora_capitata_HIv3___RNAseq.21467_t/Montipora_capitata_HIv3___RNAseq.g44814.t1/Montipora_capitata_HIv3___RNAseq.g30678.t1b/Montipora_capitata_HIv3___RNAseq.g42092.t1/Montipora_capitata_HIv3___RNAseq.g23247.t1/Montipora_capitata_HIv3___RNAseq.g39706.t2,0.7317692615259945,positive regulation of catabolic process,BP
GO:0050920,regulation of chemotaxis,4/164,135/8363,0.27288815723753274,1.5395708932927537,4,135,Montipora_capitata_HIv3___RNAseq.g6978.t1/Montipora_capitata_HIv3___RNAseq.g15043.t1/Montipora_capitata_HIv3___RNAseq.g8971.t1/Montipora_capitata_HIv3___TS.g10359.t4b,0.7317692615259945,regulation of chemotaxis,BP
GO:0017137,GO:0017137,4/164,135/8363,0.27288815723753274,1.5395708932927537,4,135,Montipora_capitata_HIv3___RNAseq.g24524.t1/Montipora_capitata_HIv3___RNAseq.g49962.t1/Montipora_capitata_HIv3___RNAseq.g41226.t1/Montipora_capitata_HIv3___TS.g20607.t1,0.7317692615259945,NA,NA
GO:0098552,side of membrane,7/164,268/8363,0.27297252855916115,1.3559591733364387,7,268,Montipora_capitata_HIv3___RNAseq.g6978.t1/Montipora_capitata_HIv3___RNAseq.g11548.t1/Montipora_capitata_HIv3___RNAseq.g44960.t2/Montipora_capitata_HIv3___RNAseq.21467_t/Montipora_capitata_HIv3___RNAseq.g8971.t1/Montipora_capitata_HIv3___RNAseq.g33449.t1/Montipora_capitata_HIv3___TS.g33523.t1,0.7317692615259945,side of membrane,CC
GO:0035295,tube development,22/164,976/8363,0.27435179274750676,1.176553503094614,22,976,Montipora_capitata_HIv3___RNAseq.g2559.t1a/Montipora_capitata_HIv3___RNAseq.g22865.t1/Montipora_capitata_HIv3___RNAseq.g7741.t1/Montipora_capitata_HIv3___RNAseq.g44960.t2/Montipora_capitata_HIv3___RNAseq.21467_t/Montipora_capitata_HIv3___RNAseq.g13857.t1/Montipora_capitata_HIv3___RNAseq.g36907.t1/Montipora_capitata_HIv3___RNAseq.g35008.t1/Montipora_capitata_HIv3___RNAseq.g668.t1/Montipora_capitata_HIv3___RNAseq.g44814.t1/Montipora_capitata_HIv3___RNAseq.g18698.t1/Montipora_capitata_HIv3___RNAseq.g8971.t1/Montipora_capitata_HIv3___TS.g4674.t2b/Montipora_capitata_HIv3___RNAseq.g42092.t1/Montipora_capitata_HIv3___RNAseq.g9918.t1/Montipora_capitata_HIv3___RNAseq.g33449.t1/Montipora_capitata_HIv3___TS.g33523.t1/Montipora_capitata_HIv3___RNAseq.g39974.t1/Montipora_capitata_HIv3___RNAseq.g28116.t1/Montipora_capitata_HIv3___RNAseq.g18391.t1/Montipora_capitata_HIv3___RNAseq.g14488.t1/Montipora_capitata_HIv3___TS.g46192.t3,0.732164171599744,tube development,BP
GO:0071407,cellular response to organic cyclic compound,9/164,360/8363,0.27463810438176667,1.2982158829717074,9,360,Montipora_capitata_HIv3___RNAseq.g46378.t1/Montipora_capitata_HIv3___RNAseq.g44814.t1/Montipora_capitata_HIv3___RNAseq.g8971.t1/Montipora_capitata_HIv3___RNAseq.g42092.t1/Montipora_capitata_HIv3___RNAseq.g43161.t1a/Montipora_capitata_HIv3___RNAseq.g33449.t1/Montipora_capitata_HIv3___TS.g33523.t1/Montipora_capitata_HIv3___RNAseq.g14488.t1/Montipora_capitata_HIv3___TS.g47745.t1,0.732164171599744,cellular response to organic cyclic compound,BP
GO:0042581,specific granule,3/164,93/8363,0.2749652465491162,1.6787403335636757,3,93,Montipora_capitata_HIv3___RNAseq.g24942.t1/Montipora_capitata_HIv3___TS.g33523.t1/Montipora_capitata_HIv3___RNAseq.g14488.t1,0.732164171599744,specific granule,CC
GO:0043487,regulation of RNA stability,3/164,93/8363,0.2749652465491162,1.6787403335636757,3,93,Montipora_capitata_HIv3___RNAseq.g42608.t1/Montipora_capitata_HIv3___RNAseq.g18929.t1/Montipora_capitata_HIv3___TS.g47745.t1,0.732164171599744,regulation of RNA stability,BP
GO:0030278,regulation of ossification,4/164,136/8363,0.2772591552095901,1.5277180900863732,4,136,Montipora_capitata_HIv3___RNAseq.g6978.t1/Montipora_capitata_HIv3___RNAseq.g46378.t1/Montipora_capitata_HIv3___RNAseq.g44814.t1/Montipora_capitata_HIv3___RNAseq.g8971.t1,0.7363242094145144,regulation of ossification,BP
GO:0005102,signaling receptor binding,16/164,690/8363,0.2774554991996721,1.2069630963671623,16,690,Montipora_capitata_HIv3___TS.g33283.t2/Montipora_capitata_HIv3___RNAseq.g15043.t1/Montipora_capitata_HIv3___RNAseq.g5395.t1/Montipora_capitata_HIv3___RNAseq.g11548.t1/Montipora_capitata_HIv3___RNAseq.g3374.t1/Montipora_capitata_HIv3___RNAseq.g44960.t2/Montipora_capitata_HIv3___TS.g32048.t1/Montipora_capitata_HIv3___RNAseq.21467_t/Montipora_capitata_HIv3___RNAseq.g35008.t1/Montipora_capitata_HIv3___RNAseq.g44814.t1/Montipora_capitata_HIv3___RNAseq.g8971.t1/Montipora_capitata_HIv3___RNAseq.g30678.t1b/Montipora_capitata_HIv3___RNAseq.g15029.t1b/Montipora_capitata_HIv3___TS.g10359.t4b/Montipora_capitata_HIv3___RNAseq.g39706.t2/Montipora_capitata_HIv3___RNAseq.g44445.t1,0.7363242094145144,signaling receptor binding,MF
GO:0009913,epidermal cell differentiation,4/164,137/8363,0.2816418217889352,1.5160435002581316,4,137,Montipora_capitata_HIv3___RNAseq.g8971.t1/Montipora_capitata_HIv3___RNAseq.g14625.t1/Montipora_capitata_HIv3___TS.g10359.t4b/Montipora_capitata_HIv3___RNAseq.g39706.t2,0.7461862624024044,epidermal cell differentiation,BP
GO:0032838,plasma membrane bounded cell projection cytoplasm,4/164,138/8363,0.2860354541397379,1.5045465609407775,4,138,Montipora_capitata_HIv3___RNAseq.g36838.t1/Montipora_capitata_HIv3___RNAseq.g22865.t1/Montipora_capitata_HIv3___TS.g5595.t1/Montipora_capitata_HIv3___TS.g5653.t1,0.7565637761996068,plasma membrane bounded cell projection cytoplasm,CC
GO:0016740,transferase activity,31/164,1424/8363,0.28916864476351645,1.1388282252336637,31,1424,Montipora_capitata_HIv3___RNAseq.g6978.t1/Montipora_capitata_HIv3___RNAseq.g36845.t1/Montipora_capitata_HIv3___TS.g1118.t1/Montipora_capitata_HIv3___RNAseq.g35299.t1/Montipora_capitata_HIv3___RNAseq.g11548.t1/Montipora_capitata_HIv3___RNAseq.g36836.t1/Montipora_capitata_HIv3___RNAseq.g34092.t1/Montipora_capitata_HIv3___RNAseq.g3374.t1/Montipora_capitata_HIv3___RNAseq.g44960.t2/Montipora_capitata_HIv3___RNAseq.21467_t/Montipora_capitata_HIv3___RNAseq.g37193.t1/Montipora_capitata_HIv3___RNAseq.g12736.t1/Montipora_capitata_HIv3___RNAseq.g44539.t1/Montipora_capitata_HIv3___RNAseq.g44562.t1/Montipora_capitata_HIv3___RNAseq.g8971.t1/Montipora_capitata_HIv3___RNAseq.g30678.t1b/Montipora_capitata_HIv3___RNAseq.g15186.t1/Montipora_capitata_HIv3___TS.g6904.t1/Montipora_capitata_HIv3___RNAseq.g32149.t1/Montipora_capitata_HIv3___RNAseq.g37645.t1/Montipora_capitata_HIv3___RNAseq.g42092.t1/Montipora_capitata_HIv3___RNAseq.g22553.t1c/Montipora_capitata_HIv3___RNAseq.g9918.t1/Montipora_capitata_HIv3___RNAseq.g9060.t1/Montipora_capitata_HIv3___RNAseq.g23247.t1/Montipora_capitata_HIv3___RNAseq.g15188.t1/Montipora_capitata_HIv3___TS.g21293.t1/Montipora_capitata_HIv3___RNAseq.g28116.t1/Montipora_capitata_HIv3___RNAseq.g44719.t1/Montipora_capitata_HIv3___RNAseq.g8867.t2/Montipora_capitata_HIv3___RNAseq.g20763.t1,0.7609100900515536,transferase activity,MF
GO:0036094,small molecule binding,17/164,744/8363,0.289372231517605,1.188568284599205,17,744,Montipora_capitata_HIv3___TS.g33283.t2/Montipora_capitata_HIv3___RNAseq.g22865.t1/Montipora_capitata_HIv3___RNAseq.g14946.t1/Montipora_capitata_HIv3___RNAseq.g2640.t1a/Montipora_capitata_HIv3___RNAseq.g13129.t1/Montipora_capitata_HIv3___RNAseq.g12736.t1/Montipora_capitata_HIv3___RNAseq.g24524.t1/Montipora_capitata_HIv3___RNAseq.g46378.t1/Montipora_capitata_HIv3___RNAseq.g18698.t1/Montipora_capitata_HIv3___RNAseq.g43161.t1a/Montipora_capitata_HIv3___TS.g33523.t1/Montipora_capitata_HIv3___RNAseq.g39974.t1/Montipora_capitata_HIv3___RNAseq.g33997.t1/Montipora_capitata_HIv3___RNAseq.g9087.t1/Montipora_capitata_HIv3___RNAseq.g8867.t2/Montipora_capitata_HIv3___TS.g47745.t1/Montipora_capitata_HIv3___RNAseq.g37450.t2,0.7609100900515536,small molecule binding,MF
GO:0019725,cellular homeostasis,14/164,601/8363,0.28987556419010163,1.2102813401528103,14,601,Montipora_capitata_HIv3___TS.g33283.t2/Montipora_capitata_HIv3___RNAseq.g7741.t1/Montipora_capitata_HIv3___RNAseq.g33991.t1/Montipora_capitata_HIv3___TS.g27540.t1/Montipora_capitata_HIv3___RNAseq.g34092.t1/Montipora_capitata_HIv3___RNAseq.g13129.t1/Montipora_capitata_HIv3___RNAseq.g33992.t1/Montipora_capitata_HIv3___RNAseq.g38848.t1/Montipora_capitata_HIv3___RNAseq.g36907.t1/Montipora_capitata_HIv3___RNAseq.g668.t1/Montipora_capitata_HIv3___RNAseq.g24095.t1/Montipora_capitata_HIv3___RNAseq.g44814.t1/Montipora_capitata_HIv3___RNAseq.g8971.t1/Montipora_capitata_HIv3___RNAseq.g15029.t1b,0.7609100900515536,cellular homeostasis,BP
GO:0007584,response to nutrient,6/164,228/8363,0.28992078078373706,1.364449325648677,6,228,Montipora_capitata_HIv3___RNAseq.g15043.t1/Montipora_capitata_HIv3___RNAseq.g46378.t1/Montipora_capitata_HIv3___RNAseq.g33449.t1/Montipora_capitata_HIv3___TS.g33523.t1/Montipora_capitata_HIv3___RNAseq.g39974.t1/Montipora_capitata_HIv3___RNAseq.g14488.t1,0.7609100900515536,response to nutrient,BP
GO:1902105,regulation of leukocyte differentiation,4/164,139/8363,0.2904393546215329,1.4932186942051853,4,139,Montipora_capitata_HIv3___RNAseq.g44960.t2/Montipora_capitata_HIv3___RNAseq.21467_t/Montipora_capitata_HIv3___RNAseq.g8971.t1/Montipora_capitata_HIv3___RNAseq.g42740.t1,0.7609100900515536,regulation of leukocyte differentiation,BP
GO:0004540,RNA nuclease activity,3/164,96/8363,0.29103492417220733,1.623990042727752,3,96,Montipora_capitata_HIv3___RNAseq.g42608.t1/Montipora_capitata_HIv3___RNAseq.g4241.t1/Montipora_capitata_HIv3___RNAseq.g18929.t1,0.7609100900515536,RNA nuclease activity,MF
GO:0006937,regulation of muscle contraction,3/164,96/8363,0.29103492417220733,1.623990042727752,3,96,Montipora_capitata_HIv3___RNAseq.g34092.t1/Montipora_capitata_HIv3___RNAseq.g13129.t1/Montipora_capitata_HIv3___RNAseq.g14488.t1,0.7609100900515536,regulation of muscle contraction,BP
GO:0098657,import into cell,10/164,413/8363,0.2915908861699613,1.2561237949417106,10,413,Montipora_capitata_HIv3___RNAseq.g2640.t1a/Montipora_capitata_HIv3___RNAseq.g24139.t1/Montipora_capitata_HIv3___RNAseq.g38848.t1/Montipora_capitata_HIv3___RNAseq.g36907.t1/Montipora_capitata_HIv3___RNAseq.g24942.t1/Montipora_capitata_HIv3___RNAseq.g24095.t1/Montipora_capitata_HIv3___RNAseq.g18698.t1/Montipora_capitata_HIv3___RNAseq.g42740.t1/Montipora_capitata_HIv3___TS.g33523.t1/Montipora_capitata_HIv3___TS.g20607.t1,0.7611097637363957,import into cell,BP
GO:0016758,hexosyltransferase activity,4/164,140/8363,0.29485283099130644,1.4820575125812485,4,140,Montipora_capitata_HIv3___RNAseq.g36836.t1/Montipora_capitata_HIv3___RNAseq.g3374.t1/Montipora_capitata_HIv3___RNAseq.g37193.t1/Montipora_capitata_HIv3___RNAseq.g44539.t1,0.7683603329773454,hexosyltransferase activity,MF
GO:0055076,GO:0055076,3/164,97/8363,0.296407979968575,1.6065159856854117,3,97,Montipora_capitata_HIv3___RNAseq.g38848.t1/Montipora_capitata_HIv3___RNAseq.g36907.t1/Montipora_capitata_HIv3___RNAseq.g44814.t1,0.768626575506746,NA,NA
GO:0000077,DNA damage checkpoint signaling,3/164,97/8363,0.296407979968575,1.6065159856854117,3,97,Montipora_capitata_HIv3___RNAseq.g7741.t1/Montipora_capitata_HIv3___RNAseq.g14965.t1/Montipora_capitata_HIv3___RNAseq.g43161.t1a,0.768626575506746,DNA damage checkpoint signaling,BP
GO:0005903,brush border,3/164,97/8363,0.296407979968575,1.6065159856854117,3,97,Montipora_capitata_HIv3___RNAseq.g18698.t1/Montipora_capitata_HIv3___RNAseq.g33449.t1/Montipora_capitata_HIv3___TS.g33523.t1,0.768626575506746,brush border,CC
GO:0048754,branching morphogenesis of an epithelial tube,4/164,141/8363,0.29927519659723767,1.4710593585472334,4,141,Montipora_capitata_HIv3___RNAseq.g22865.t1/Montipora_capitata_HIv3___RNAseq.g36907.t1/Montipora_capitata_HIv3___RNAseq.g668.t1/Montipora_capitata_HIv3___RNAseq.g8971.t1,0.7735337736153358,branching morphogenesis of an epithelial tube,BP
GO:0030099,myeloid cell differentiation,4/164,141/8363,0.29927519659723767,1.4710593585472334,4,141,Montipora_capitata_HIv3___RNAseq.g44960.t2/Montipora_capitata_HIv3___RNAseq.21467_t/Montipora_capitata_HIv3___RNAseq.g44814.t1/Montipora_capitata_HIv3___RNAseq.g44445.t1,0.7735337736153358,myeloid cell differentiation,BP
GO:0048598,embryonic morphogenesis,15/164,654/8363,0.30087473854290564,1.1910111980288276,15,654,Montipora_capitata_HIv3___RNAseq.g2559.t1a/Montipora_capitata_HIv3___RNAseq.g7741.t1/Montipora_capitata_HIv3___RNAseq.g44960.t2/Montipora_capitata_HIv3___RNAseq.21467_t/Montipora_capitata_HIv3___RNAseq.g36907.t1/Montipora_capitata_HIv3___RNAseq.g35008.t1/Montipora_capitata_HIv3___RNAseq.g24942.t1/Montipora_capitata_HIv3___RNAseq.g44814.t1/Montipora_capitata_HIv3___RNAseq.g8971.t1/Montipora_capitata_HIv3___TS.g33523.t1/Montipora_capitata_HIv3___RNAseq.g28116.t1/Montipora_capitata_HIv3___TS.g10359.t4b/Montipora_capitata_HIv3___TS.g20607.t1/Montipora_capitata_HIv3___TS.g46192.t3/Montipora_capitata_HIv3___RNAseq.g50276.t1,0.7737260735094071,embryonic morphogenesis,BP
GO:0051403,stress-activated MAPK cascade,3/164,98/8363,0.30178729647279334,1.589409571666395,3,98,Montipora_capitata_HIv3___RNAseq.g44960.t2/Montipora_capitata_HIv3___RNAseq.21467_t/Montipora_capitata_HIv3___RNAseq.g8971.t1,0.7737260735094071,stress-activated MAPK cascade,BP
GO:0000187,GO:0000187,3/164,98/8363,0.30178729647279334,1.589409571666395,3,98,Montipora_capitata_HIv3___TS.g33283.t2/Montipora_capitata_HIv3___RNAseq.g44960.t2/Montipora_capitata_HIv3___RNAseq.21467_t,0.7737260735094071,NA,NA
GO:0008026,GO:0008026,3/164,98/8363,0.30178729647279334,1.589409571666395,3,98,Montipora_capitata_HIv3___RNAseq.g43161.t1a/Montipora_capitata_HIv3___RNAseq.g47955.t1/Montipora_capitata_HIv3___TS.g47745.t1,0.7737260735094071,NA,NA
GO:0070035,GO:0070035,3/164,98/8363,0.30178729647279334,1.589409571666395,3,98,Montipora_capitata_HIv3___RNAseq.g43161.t1a/Montipora_capitata_HIv3___RNAseq.g47955.t1/Montipora_capitata_HIv3___TS.g47745.t1,0.7737260735094071,NA,NA
GO:0044272,sulfur compound biosynthetic process,4/164,142/8363,0.30370577056423476,1.460220679761427,4,142,Montipora_capitata_HIv3___RNAseq.g34092.t1/Montipora_capitata_HIv3___TS.g21293.t1/Montipora_capitata_HIv3___RNAseq.g14956.t1/Montipora_capitata_HIv3___RNAseq.g14960.t1,0.7759764954412329,sulfur compound biosynthetic process,BP
GO:1904062,regulation of monoatomic cation transmembrane transport,4/164,142/8363,0.30370577056423476,1.460220679761427,4,142,Montipora_capitata_HIv3___RNAseq.g6978.t1/Montipora_capitata_HIv3___RNAseq.g24139.t1/Montipora_capitata_HIv3___RNAseq.g34092.t1/Montipora_capitata_HIv3___RNAseq.g24095.t1,0.7759764954412329,regulation of monoatomic cation transmembrane transport,BP
GO:0098660,inorganic ion transmembrane transport,9/164,371/8363,0.30413193457117005,1.2570089804342353,9,371,Montipora_capitata_HIv3___RNAseq.g24139.t1/Montipora_capitata_HIv3___RNAseq.g13129.t1/Montipora_capitata_HIv3___RNAseq.g38848.t1/Montipora_capitata_HIv3___RNAseq.g36907.t1/Montipora_capitata_HIv3___RNAseq.g668.t1/Montipora_capitata_HIv3___RNAseq.g20250.t1/Montipora_capitata_HIv3___RNAseq.g14155.t1/Montipora_capitata_HIv3___TS.g4674.t2b/Montipora_capitata_HIv3___RNAseq.g23366.t1,0.7759764954412329,inorganic ion transmembrane transport,BP
GO:0050769,positive regulation of neurogenesis,9/164,372/8363,0.3068523767528814,1.2533867254034108,9,372,Montipora_capitata_HIv3___RNAseq.g6978.t1/Montipora_capitata_HIv3___RNAseq.g5395.t1/Montipora_capitata_HIv3___RNAseq.g35008.t1/Montipora_capitata_HIv3___RNAseq.g24942.t1/Montipora_capitata_HIv3___RNAseq.g44814.t1/Montipora_capitata_HIv3___RNAseq.g8971.t1/Montipora_capitata_HIv3___RNAseq.g24020.t1/Montipora_capitata_HIv3___TS.g10359.t4b/Montipora_capitata_HIv3___RNAseq.g39706.t2,0.7812203620165754,positive regulation of neurogenesis,BP
GO:0019748,secondary metabolic process,3/164,99/8363,0.30717171134111093,1.5726593456827656,3,99,Montipora_capitata_HIv3___RNAseq.g34092.t1/Montipora_capitata_HIv3___RNAseq.g42740.t1/Montipora_capitata_HIv3___RNAseq.g9561.t1,0.7812203620165754,secondary metabolic process,BP
GO:0008589,regulation of smoothened signaling pathway,3/164,100/8363,0.31256008253266576,1.5562543285145924,3,100,Montipora_capitata_HIv3___RNAseq.g8971.t1/Montipora_capitata_HIv3___RNAseq.g22853.t1/Montipora_capitata_HIv3___TS.g46192.t3,0.791526324180888,regulation of smoothened signaling pathway,BP
GO:0048813,dendrite morphogenesis,4/164,144/8363,0.3125888500215866,1.439008043080998,4,144,Montipora_capitata_HIv3___RNAseq.g23734.t3/Montipora_capitata_HIv3___RNAseq.g35804.t1/Montipora_capitata_HIv3___RNAseq.g35720.t1/Montipora_capitata_HIv3___RNAseq.g39706.t2,0.791526324180888,dendrite morphogenesis,BP
GO:0019221,cytokine-mediated signaling pathway,5/164,189/8363,0.31272023015842265,1.3697282664535586,5,189,Montipora_capitata_HIv3___RNAseq.g11548.t1/Montipora_capitata_HIv3___RNAseq.g34092.t1/Montipora_capitata_HIv3___RNAseq.g44960.t2/Montipora_capitata_HIv3___RNAseq.21467_t/Montipora_capitata_HIv3___RNAseq.g44814.t1,0.791526324180888,cytokine-mediated signaling pathway,BP
GO:1903530,regulation of secretion by cell,10/164,422/8363,0.31462453329031004,1.2272699417641666,10,422,Montipora_capitata_HIv3___TS.g33283.t2/Montipora_capitata_HIv3___RNAseq.g7741.t1/Montipora_capitata_HIv3___RNAseq.g44960.t2/Montipora_capitata_HIv3___RNAseq.21467_t/Montipora_capitata_HIv3___RNAseq.g35008.t1/Montipora_capitata_HIv3___RNAseq.g24095.t1/Montipora_capitata_HIv3___RNAseq.g44814.t1/Montipora_capitata_HIv3___RNAseq.g8971.t1/Montipora_capitata_HIv3___RNAseq.g14488.t1/Montipora_capitata_HIv3___TS.g47745.t1,0.7942271792391435,regulation of secretion by cell,BP
GO:0048878,chemical homeostasis,16/164,709/8363,0.3150010123227286,1.1709128967536206,16,709,Montipora_capitata_HIv3___TS.g33283.t2/Montipora_capitata_HIv3___RNAseq.g7741.t1/Montipora_capitata_HIv3___RNAseq.g33991.t1/Montipora_capitata_HIv3___TS.g27540.t1/Montipora_capitata_HIv3___RNAseq.g34092.t1/Montipora_capitata_HIv3___RNAseq.g13129.t1/Montipora_capitata_HIv3___RNAseq.g33992.t1/Montipora_capitata_HIv3___RNAseq.g38848.t1/Montipora_capitata_HIv3___RNAseq.g36907.t1/Montipora_capitata_HIv3___RNAseq.g668.t1/Montipora_capitata_HIv3___RNAseq.g46378.t1/Montipora_capitata_HIv3___RNAseq.g24095.t1/Montipora_capitata_HIv3___RNAseq.g44814.t1/Montipora_capitata_HIv3___RNAseq.g8971.t1/Montipora_capitata_HIv3___RNAseq.g14155.t1/Montipora_capitata_HIv3___RNAseq.g15029.t1b,0.7942271792391435,chemical homeostasis,BP
GO:0044092,negative regulation of molecular function,13/164,565/8363,0.31528867228775076,1.1926367580329134,13,565,Montipora_capitata_HIv3___TS.g1118.t1/Montipora_capitata_HIv3___RNAseq.g5395.t1/Montipora_capitata_HIv3___RNAseq.g41637.t1/Montipora_capitata_HIv3___RNAseq.g11548.t1/Montipora_capitata_HIv3___RNAseq.g26580.t1/Montipora_capitata_HIv3___RNAseq.g34092.t1/Montipora_capitata_HIv3___TS.g32048.t1/Montipora_capitata_HIv3___RNAseq.g46378.t1/Montipora_capitata_HIv3___RNAseq.g32149.t1/Montipora_capitata_HIv3___RNAseq.g15029.t1b/Montipora_capitata_HIv3___RNAseq.g39706.t2/Montipora_capitata_HIv3___RNAseq.g44445.t1/Montipora_capitata_HIv3___RNAseq.g14488.t1,0.7942271792391435,negative regulation of molecular function,BP
GO:0008593,regulation of Notch signaling pathway,4/164,145/8363,0.3170400242031457,1.428627474813029,4,145,Montipora_capitata_HIv3___RNAseq.g3374.t1/Montipora_capitata_HIv3___RNAseq.g44960.t2/Montipora_capitata_HIv3___RNAseq.21467_t/Montipora_capitata_HIv3___RNAseq.g15188.t1,0.7973732462922223,regulation of Notch signaling pathway,BP
GO:0090316,positive regulation of intracellular protein transport,3/164,101/8363,0.3179512883992381,1.5401839914949857,3,101,Montipora_capitata_HIv3___RNAseq.g6978.t1/Montipora_capitata_HIv3___RNAseq.g5395.t1/Montipora_capitata_HIv3___RNAseq.g37193.t1,0.7983998333696057,positive regulation of intracellular protein transport,BP
GO:1901605,alpha-amino acid metabolic process,5/164,191/8363,0.32046065859382444,1.3546657150412724,5,191,Montipora_capitata_HIv3___RNAseq.g40427.t1a/Montipora_capitata_HIv3___RNAseq.g27709.t1/Montipora_capitata_HIv3___RNAseq.g33997.t1/Montipora_capitata_HIv3___RNAseq.g14488.t1/Montipora_capitata_HIv3___RNAseq.g37450.t2,0.8034298028252754,alpha-amino acid metabolic process,BP
GO:0006631,fatty acid metabolic process,6/164,238/8363,0.32438075495851754,1.3040216640604596,6,238,Montipora_capitata_HIv3___TS.g33283.t2/Montipora_capitata_HIv3___RNAseq.g37645.t1/Montipora_capitata_HIv3___RNAseq.g44719.t1/Montipora_capitata_HIv3___RNAseq.g9087.t1/Montipora_capitata_HIv3___RNAseq.g14956.t1/Montipora_capitata_HIv3___RNAseq.g14960.t1,0.8119751705349643,fatty acid metabolic process,BP
GO:0006811,monoatomic ion transport,16/164,714/8363,0.32512245507089416,1.1617521616019728,16,714,Montipora_capitata_HIv3___TS.g33283.t2/Montipora_capitata_HIv3___RNAseq.g24139.t1/Montipora_capitata_HIv3___TS.g32048.t1/Montipora_capitata_HIv3___RNAseq.g13129.t1/Montipora_capitata_HIv3___RNAseq.g38848.t1/Montipora_capitata_HIv3___RNAseq.g36907.t1/Montipora_capitata_HIv3___RNAseq.g668.t1/Montipora_capitata_HIv3___RNAseq.g46378.t1/Montipora_capitata_HIv3___RNAseq.g20250.t1/Montipora_capitata_HIv3___RNAseq.g41416.t2a/Montipora_capitata_HIv3___RNAseq.g14155.t1/Montipora_capitata_HIv3___TS.g4674.t2b/Montipora_capitata_HIv3___RNAseq.g42740.t1/Montipora_capitata_HIv3___TS.g33523.t1/Montipora_capitata_HIv3___RNAseq.g44445.t1/Montipora_capitata_HIv3___RNAseq.g23366.t1,0.8125501357441087,monoatomic ion transport,BP
GO:0001578,microtubule bundle formation,3/164,103/8363,0.3287378199310852,1.5090073553211598,3,103,Montipora_capitata_HIv3___RNAseq.g36838.t1/Montipora_capitata_HIv3___TS.g5595.t1/Montipora_capitata_HIv3___RNAseq.g15029.t1b,0.8140121006547009,microtubule bundle formation,BP
GO:0071466,cellular response to xenobiotic stimulus,3/164,103/8363,0.3287378199310852,1.5090073553211598,3,103,Montipora_capitata_HIv3___RNAseq.g34092.t1/Montipora_capitata_HIv3___RNAseq.g9561.t1/Montipora_capitata_HIv3___RNAseq.g14488.t1,0.8140121006547009,cellular response to xenobiotic stimulus,BP
GO:0061013,regulation of mRNA catabolic process,3/164,103/8363,0.3287378199310852,1.5090073553211598,3,103,Montipora_capitata_HIv3___RNAseq.g42608.t1/Montipora_capitata_HIv3___RNAseq.g18929.t1/Montipora_capitata_HIv3___TS.g47745.t1,0.8140121006547009,regulation of mRNA catabolic process,BP
GO:0003205,cardiac chamber development,3/164,103/8363,0.3287378199310852,1.5090073553211598,3,103,Montipora_capitata_HIv3___RNAseq.g7741.t1/Montipora_capitata_HIv3___RNAseq.g44814.t1/Montipora_capitata_HIv3___RNAseq.g8971.t1,0.8140121006547009,cardiac chamber development,BP
GO:0030522,intracellular receptor signaling pathway,3/164,103/8363,0.3287378199310852,1.5090073553211598,3,103,Montipora_capitata_HIv3___RNAseq.g44960.t2/Montipora_capitata_HIv3___RNAseq.21467_t/Montipora_capitata_HIv3___RNAseq.g46378.t1,0.8140121006547009,intracellular receptor signaling pathway,BP
GO:0016053,organic acid biosynthetic process,7/164,286/8363,0.32929790083195837,1.265625266853255,7,286,Montipora_capitata_HIv3___TS.g33283.t2/Montipora_capitata_HIv3___RNAseq.g40427.t1a/Montipora_capitata_HIv3___RNAseq.g34092.t1/Montipora_capitata_HIv3___RNAseq.g27709.t1/Montipora_capitata_HIv3___RNAseq.g46378.t1/Montipora_capitata_HIv3___RNAseq.g20771.t1/Montipora_capitata_HIv3___RNAseq.g37645.t1,0.8140121006547009,organic acid biosynthetic process,BP
GO:0046394,carboxylic acid biosynthetic process,7/164,286/8363,0.32929790083195837,1.265625266853255,7,286,Montipora_capitata_HIv3___TS.g33283.t2/Montipora_capitata_HIv3___RNAseq.g40427.t1a/Montipora_capitata_HIv3___RNAseq.g34092.t1/Montipora_capitata_HIv3___RNAseq.g27709.t1/Montipora_capitata_HIv3___RNAseq.g46378.t1/Montipora_capitata_HIv3___RNAseq.g20771.t1/Montipora_capitata_HIv3___RNAseq.g37645.t1,0.8140121006547009,carboxylic acid biosynthetic process,BP
GO:0005875,microtubule associated complex,4/164,148/8363,0.33042423188673575,1.3983510334934806,4,148,Montipora_capitata_HIv3___RNAseq.g36838.t1/Montipora_capitata_HIv3___TS.g5595.t1/Montipora_capitata_HIv3___RNAseq.g403.t1/Montipora_capitata_HIv3___TS.g5653.t1,0.8155260591045873,microtubule associated complex,CC
GO:0046434,organophosphate catabolic process,3/164,104/8363,0.33413100480395763,1.493887524343604,3,104,Montipora_capitata_HIv3___TS.g33283.t2/Montipora_capitata_HIv3___RNAseq.g6934.t1/Montipora_capitata_HIv3___RNAseq.g44719.t1,0.8205512914814351,organophosphate catabolic process,BP
GO:0022612,gland morphogenesis,4/164,149/8363,0.3348937204258324,1.3885373316541152,4,149,Montipora_capitata_HIv3___RNAseq.g35008.t1/Montipora_capitata_HIv3___RNAseq.g668.t1/Montipora_capitata_HIv3___RNAseq.g8971.t1/Montipora_capitata_HIv3___RNAseq.g14488.t1,0.8205512914814351,gland morphogenesis,BP
GO:0010035,response to inorganic substance,10/164,430/8363,0.3354486398873501,1.2026601126405378,10,430,Montipora_capitata_HIv3___RNAseq.g15043.t1/Montipora_capitata_HIv3___RNAseq.g44519.t1/Montipora_capitata_HIv3___RNAseq.g36907.t1/Montipora_capitata_HIv3___RNAseq.g46378.t1/Montipora_capitata_HIv3___RNAseq.g44814.t1/Montipora_capitata_HIv3___RNAseq.g14155.t1/Montipora_capitata_HIv3___TS.g4674.t2b/Montipora_capitata_HIv3___RNAseq.g43161.t1a/Montipora_capitata_HIv3___RNAseq.g39974.t1/Montipora_capitata_HIv3___RNAseq.g14488.t1,0.8205512914814351,response to inorganic substance,BP
GO:1901700,response to oxygen-containing compound,22/164,1012/8363,0.33559157482355906,1.128123994909193,22,1012,Montipora_capitata_HIv3___TS.g33283.t2/Montipora_capitata_HIv3___RNAseq.g6978.t1/Montipora_capitata_HIv3___RNAseq.g15043.t1/Montipora_capitata_HIv3___RNAseq.g5395.t1/Montipora_capitata_HIv3___RNAseq.g7741.t1/Montipora_capitata_HIv3___RNAseq.g2640.t1a/Montipora_capitata_HIv3___TS.g27540.t1/Montipora_capitata_HIv3___RNAseq.g34092.t1/Montipora_capitata_HIv3___RNAseq.g44519.t1/Montipora_capitata_HIv3___RNAseq.g44960.t2/Montipora_capitata_HIv3___RNAseq.21467_t/Montipora_capitata_HIv3___RNAseq.g46378.t1/Montipora_capitata_HIv3___RNAseq.g24942.t1/Montipora_capitata_HIv3___RNAseq.g44814.t1/Montipora_capitata_HIv3___RNAseq.g8971.t1/Montipora_capitata_HIv3___RNAseq.g43161.t1a/Montipora_capitata_HIv3___RNAseq.g33449.t1/Montipora_capitata_HIv3___TS.g33523.t1/Montipora_capitata_HIv3___RNAseq.g39974.t1/Montipora_capitata_HIv3___RNAseq.g44445.t1/Montipora_capitata_HIv3___RNAseq.g14488.t1/Montipora_capitata_HIv3___TS.g46192.t3,0.8205512914814351,response to oxygen-containing compound,BP
GO:0008610,lipid biosynthetic process,10/164,431/8363,0.3380712887013024,1.199649640746251,10,431,Montipora_capitata_HIv3___TS.g33283.t2/Montipora_capitata_HIv3___RNAseq.g6978.t1/Montipora_capitata_HIv3___RNAseq.g46378.t1/Montipora_capitata_HIv3___RNAseq.g24095.t1/Montipora_capitata_HIv3___RNAseq.g8971.t1/Montipora_capitata_HIv3___RNAseq.g37645.t1/Montipora_capitata_HIv3___RNAseq.g33449.t1/Montipora_capitata_HIv3___TS.g50674.t1/Montipora_capitata_HIv3___RNAseq.g8867.t2/Montipora_capitata_HIv3___RNAseq.g44445.t1,0.8205512914814351,lipid biosynthetic process,BP
GO:0001077,GO:0001077,4/164,150/8363,0.33936619795616724,1.3788580701285251,4,150,Montipora_capitata_HIv3___RNAseq.g7741.t1/Montipora_capitata_HIv3___RNAseq.g44814.t1/Montipora_capitata_HIv3___RNAseq.g44445.t1/Montipora_capitata_HIv3___TS.g46192.t3,0.8205512914814351,NA,NA
GO:0043270,positive regulation of monoatomic ion transport,4/164,150/8363,0.33936619795616724,1.3788580701285251,4,150,Montipora_capitata_HIv3___TS.g33283.t2/Montipora_capitata_HIv3___RNAseq.g24139.t1/Montipora_capitata_HIv3___RNAseq.g34092.t1/Montipora_capitata_HIv3___RNAseq.g24095.t1,0.8205512914814351,positive regulation of monoatomic ion transport,BP
GO:0010634,positive regulation of epithelial cell migration,3/164,105/8363,0.33952274281816697,1.4790618327753384,3,105,Montipora_capitata_HIv3___RNAseq.g6978.t1/Montipora_capitata_HIv3___RNAseq.g44814.t1/Montipora_capitata_HIv3___RNAseq.g8971.t1,0.8205512914814351,positive regulation of epithelial cell migration,BP
GO:0031570,DNA integrity checkpoint signaling,3/164,105/8363,0.33952274281816697,1.4790618327753384,3,105,Montipora_capitata_HIv3___RNAseq.g7741.t1/Montipora_capitata_HIv3___RNAseq.g14965.t1/Montipora_capitata_HIv3___RNAseq.g43161.t1a,0.8205512914814351,DNA integrity checkpoint signaling,BP
GO:0061062,regulation of nematode larval development,3/164,105/8363,0.33952274281816697,1.4790618327753384,3,105,Montipora_capitata_HIv3___RNAseq.g49962.t1/Montipora_capitata_HIv3___TS.g10359.t4b/Montipora_capitata_HIv3___RNAseq.g39706.t2,0.8205512914814351,regulation of nematode larval development,BP
GO:1900180,regulation of protein localization to nucleus,3/164,105/8363,0.33952274281816697,1.4790618327753384,3,105,Montipora_capitata_HIv3___RNAseq.g6978.t1/Montipora_capitata_HIv3___TS.g1118.t1/Montipora_capitata_HIv3___RNAseq.g5395.t1,0.8205512914814351,regulation of protein localization to nucleus,BP
GO:0006898,receptor-mediated endocytosis,3/164,105/8363,0.33952274281816697,1.4790618327753384,3,105,Montipora_capitata_HIv3___RNAseq.g2640.t1a/Montipora_capitata_HIv3___RNAseq.g38848.t1/Montipora_capitata_HIv3___TS.g33523.t1,0.8205512914814351,receptor-mediated endocytosis,BP
GO:0031644,regulation of nervous system process,3/164,105/8363,0.33952274281816697,1.4790618327753384,3,105,Montipora_capitata_HIv3___RNAseq.g13129.t1/Montipora_capitata_HIv3___RNAseq.g8971.t1/Montipora_capitata_HIv3___RNAseq.g23366.t1,0.8205512914814351,regulation of nervous system process,BP
GO:0009410,response to xenobiotic stimulus,5/164,196/8363,0.33990705695726336,1.3183983126405345,5,196,Montipora_capitata_HIv3___RNAseq.g5395.t1/Montipora_capitata_HIv3___RNAseq.g34092.t1/Montipora_capitata_HIv3___RNAseq.g39974.t1/Montipora_capitata_HIv3___RNAseq.g9561.t1/Montipora_capitata_HIv3___RNAseq.g14488.t1,0.8205512914814351,response to xenobiotic stimulus,BP
GO:0043167,ion binding,31/164,1459/8363,0.34066808400445103,1.1051954722590074,31,1459,Montipora_capitata_HIv3___TS.g33283.t2/Montipora_capitata_HIv3___RNAseq.g22865.t1/Montipora_capitata_HIv3___RNAseq.g34092.t1/Montipora_capitata_HIv3___RNAseq.g44519.t1/Montipora_capitata_HIv3___RNAseq.g44960.t2/Montipora_capitata_HIv3___TS.g32048.t1/Montipora_capitata_HIv3___RNAseq.21467_t/Montipora_capitata_HIv3___RNAseq.g13129.t1/Montipora_capitata_HIv3___RNAseq.g12736.t1/Montipora_capitata_HIv3___RNAseq.g46378.t1/Montipora_capitata_HIv3___RNAseq.g44814.t1/Montipora_capitata_HIv3___RNAseq.g18698.t1/Montipora_capitata_HIv3___RNAseq.g8971.t1/Montipora_capitata_HIv3___RNAseq.g9027.t1/Montipora_capitata_HIv3___RNAseq.g41416.t2a/Montipora_capitata_HIv3___RNAseq.g30678.t1b/Montipora_capitata_HIv3___RNAseq.g32149.t1/Montipora_capitata_HIv3___RNAseq.g37645.t1/Montipora_capitata_HIv3___RNAseq.g43161.t1a/Montipora_capitata_HIv3___RNAseq.g9918.t1/Montipora_capitata_HIv3___RNAseq.g33449.t1/Montipora_capitata_HIv3___TS.g33523.t1/Montipora_capitata_HIv3___RNAseq.g15188.t1/Montipora_capitata_HIv3___RNAseq.g33997.t1/Montipora_capitata_HIv3___RNAseq.g44719.t1/Montipora_capitata_HIv3___RNAseq.g9087.t1/Montipora_capitata_HIv3___RNAseq.g8867.t2/Montipora_capitata_HIv3___RNAseq.g44445.t1/Montipora_capitata_HIv3___RNAseq.g14488.t1/Montipora_capitata_HIv3___TS.g47745.t1/Montipora_capitata_HIv3___TS.g20607.t1,0.8205512914814351,ion binding,MF
GO:0042327,positive regulation of phosphorylation,12/164,528/8363,0.3407330189579494,1.1754642956853933,12,528,Montipora_capitata_HIv3___TS.g33283.t2/Montipora_capitata_HIv3___RNAseq.g6978.t1/Montipora_capitata_HIv3___RNAseq.g5395.t1/Montipora_capitata_HIv3___TS.g27540.t1/Montipora_capitata_HIv3___RNAseq.g44960.t2/Montipora_capitata_HIv3___RNAseq.21467_t/Montipora_capitata_HIv3___RNAseq.g35008.t1/Montipora_capitata_HIv3___RNAseq.g24095.t1/Montipora_capitata_HIv3___RNAseq.g44814.t1/Montipora_capitata_HIv3___RNAseq.g8971.t1/Montipora_capitata_HIv3___RNAseq.g14965.t1/Montipora_capitata_HIv3___TS.g10359.t4b,0.8205512914814351,positive regulation of phosphorylation,BP
GO:0044057,regulation of system process,8/164,337/8363,0.3413199525772822,1.2266821197811888,8,337,Montipora_capitata_HIv3___RNAseq.g34092.t1/Montipora_capitata_HIv3___RNAseq.g13129.t1/Montipora_capitata_HIv3___RNAseq.g44814.t1/Montipora_capitata_HIv3___RNAseq.g8971.t1/Montipora_capitata_HIv3___RNAseq.g49962.t1/Montipora_capitata_HIv3___RNAseq.g23366.t1/Montipora_capitata_HIv3___RNAseq.g14488.t1/Montipora_capitata_HIv3___RNAseq.g20763.t1,0.8207193405153741,regulation of system process,BP
GO:0043062,extracellular structure organization,5/164,197/8363,0.3438092509125881,1.3113689150556236,5,197,Montipora_capitata_HIv3___RNAseq.g44519.t1/Montipora_capitata_HIv3___RNAseq.g18698.t1/Montipora_capitata_HIv3___RNAseq.g15029.t1b/Montipora_capitata_HIv3___RNAseq.g39706.t2/Montipora_capitata_HIv3___RNAseq.g8867.t2,0.8242740228771005,extracellular structure organization,BP
GO:0006643,membrane lipid metabolic process,4/164,151/8363,0.34384104265878995,1.369310497204535,4,151,Montipora_capitata_HIv3___RNAseq.g6978.t1/Montipora_capitata_HIv3___TS.g44069.t1/Montipora_capitata_HIv3___RNAseq.g11214.t1/Montipora_capitata_HIv3___RNAseq.g44719.t1,0.8242740228771005,membrane lipid metabolic process,BP
GO:0030662,coated vesicle membrane,3/164,106/8363,0.3449120149845044,1.4645241853040638,3,106,Montipora_capitata_HIv3___RNAseq.g35008.t1/Montipora_capitata_HIv3___TS.g33523.t1/Montipora_capitata_HIv3___RNAseq.g39706.t2,0.8242740228771005,coated vesicle membrane,CC
GO:0042254,ribosome biogenesis,6/164,244/8363,0.3453433672796511,1.2701947864210514,6,244,Montipora_capitata_HIv3___RNAseq.g27546.t1/Montipora_capitata_HIv3___RNAseq.g403.t1/Montipora_capitata_HIv3___RNAseq.g47379.t1/Montipora_capitata_HIv3___RNAseq.g47955.t1/Montipora_capitata_HIv3___RNAseq.g18929.t1/Montipora_capitata_HIv3___RNAseq.g43111.t1,0.8242740228771005,ribosome biogenesis,BP
GO:0044281,small molecule metabolic process,29/164,1363/8363,0.345395226977487,1.1054887918420213,29,1363,Montipora_capitata_HIv3___TS.g33283.t2/Montipora_capitata_HIv3___RNAseq.g36845.t1/Montipora_capitata_HIv3___RNAseq.g40427.t1a/Montipora_capitata_HIv3___RNAseq.g33991.t1/Montipora_capitata_HIv3___RNAseq.g34092.t1/Montipora_capitata_HIv3___RNAseq.g44519.t1/Montipora_capitata_HIv3___RNAseq.g37193.t1/Montipora_capitata_HIv3___RNAseq.g33992.t1/Montipora_capitata_HIv3___RNAseq.g27709.t1/Montipora_capitata_HIv3___RNAseq.g46378.t1/Montipora_capitata_HIv3___RNAseq.g44814.t1/Montipora_capitata_HIv3___RNAseq.g8971.t1/Montipora_capitata_HIv3___RNAseq.g20771.t1/Montipora_capitata_HIv3___TS.g6904.t1/Montipora_capitata_HIv3___RNAseq.g37645.t1/Montipora_capitata_HIv3___RNAseq.g9060.t1/Montipora_capitata_HIv3___TS.g33523.t1/Montipora_capitata_HIv3___TS.g21293.t1/Montipora_capitata_HIv3___RNAseq.g33997.t1/Montipora_capitata_HIv3___RNAseq.g6934.t1/Montipora_capitata_HIv3___RNAseq.g9561.t1/Montipora_capitata_HIv3___RNAseq.g44719.t1/Montipora_capitata_HIv3___RNAseq.g9087.t1/Montipora_capitata_HIv3___RNAseq.g14956.t1/Montipora_capitata_HIv3___RNAseq.g8867.t2/Montipora_capitata_HIv3___RNAseq.g14960.t1/Montipora_capitata_HIv3___RNAseq.g14488.t1/Montipora_capitata_HIv3___RNAseq.g37450.t2/Montipora_capitata_HIv3___RNAseq.g20763.t1,0.8242740228771005,small molecule metabolic process,BP
GO:0048705,skeletal system morphogenesis,4/164,152/8363,0.34831763992693837,1.3598919360049515,4,152,Montipora_capitata_HIv3___RNAseq.g8971.t1/Montipora_capitata_HIv3___RNAseq.g42092.t1/Montipora_capitata_HIv3___RNAseq.g33449.t1/Montipora_capitata_HIv3___RNAseq.g50276.t1,0.8269284137243232,skeletal system morphogenesis,BP
GO:0001701,in utero embryonic development,6/164,245/8363,0.34885184492403687,1.2647220846598353,6,245,Montipora_capitata_HIv3___RNAseq.g5395.t1/Montipora_capitata_HIv3___RNAseq.g35008.t1/Montipora_capitata_HIv3___RNAseq.g44814.t1/Montipora_capitata_HIv3___RNAseq.g18698.t1/Montipora_capitata_HIv3___RNAseq.g8971.t1/Montipora_capitata_HIv3___RNAseq.g15188.t1,0.8269284137243232,in utero embryonic development,BP
GO:0035050,embryonic heart tube development,3/164,107/8363,0.35029782286618416,1.4502662518011469,3,107,Montipora_capitata_HIv3___RNAseq.g2559.t1a/Montipora_capitata_HIv3___RNAseq.g44814.t1/Montipora_capitata_HIv3___TS.g33523.t1,0.8269284137243232,embryonic heart tube development,BP
GO:1905330,regulation of morphogenesis of an epithelium,3/164,107/8363,0.35029782286618416,1.4502662518011469,3,107,Montipora_capitata_HIv3___RNAseq.g35008.t1/Montipora_capitata_HIv3___RNAseq.g8971.t1/Montipora_capitata_HIv3___RNAseq.g23247.t1,0.8269284137243232,regulation of morphogenesis of an epithelium,BP
GO:0072073,kidney epithelium development,3/164,107/8363,0.35029782286618416,1.4502662518011469,3,107,Montipora_capitata_HIv3___RNAseq.g18698.t1/Montipora_capitata_HIv3___RNAseq.g8971.t1/Montipora_capitata_HIv3___RNAseq.g14488.t1,0.8269284137243232,kidney epithelium development,BP
GO:0022618,protein-RNA complex assembly,5/164,199/8363,0.35162318378697477,1.2975275040417118,5,199,Montipora_capitata_HIv3___RNAseq.g26525.t1/Montipora_capitata_HIv3___RNAseq.g27546.t1/Montipora_capitata_HIv3___RNAseq.g47955.t1/Montipora_capitata_HIv3___RNAseq.g43111.t1/Montipora_capitata_HIv3___TS.g47745.t1,0.8269284137243232,protein-RNA complex assembly,BP
GO:0016462,pyrophosphatase activity,13/164,581/8363,0.35169562593209935,1.1566213546708992,13,581,Montipora_capitata_HIv3___RNAseq.g36838.t1/Montipora_capitata_HIv3___RNAseq.g15043.t1/Montipora_capitata_HIv3___RNAseq.g22865.t1/Montipora_capitata_HIv3___TS.g5595.t1/Montipora_capitata_HIv3___RNAseq.g42608.t1/Montipora_capitata_HIv3___RNAseq.g18698.t1/Montipora_capitata_HIv3___TS.g40519.t3/Montipora_capitata_HIv3___TS.g5653.t1/Montipora_capitata_HIv3___TS.g4674.t2b/Montipora_capitata_HIv3___RNAseq.g43161.t1a/Montipora_capitata_HIv3___RNAseq.g33449.t1/Montipora_capitata_HIv3___RNAseq.g47955.t1/Montipora_capitata_HIv3___TS.g47745.t1,0.8269284137243232,pyrophosphatase activity,MF
GO:0016817,"hydrolase activity, acting on acid anhydrides",13/164,581/8363,0.35169562593209935,1.1566213546708992,13,581,Montipora_capitata_HIv3___RNAseq.g36838.t1/Montipora_capitata_HIv3___RNAseq.g15043.t1/Montipora_capitata_HIv3___RNAseq.g22865.t1/Montipora_capitata_HIv3___TS.g5595.t1/Montipora_capitata_HIv3___RNAseq.g42608.t1/Montipora_capitata_HIv3___RNAseq.g18698.t1/Montipora_capitata_HIv3___TS.g40519.t3/Montipora_capitata_HIv3___TS.g5653.t1/Montipora_capitata_HIv3___TS.g4674.t2b/Montipora_capitata_HIv3___RNAseq.g43161.t1a/Montipora_capitata_HIv3___RNAseq.g33449.t1/Montipora_capitata_HIv3___RNAseq.g47955.t1/Montipora_capitata_HIv3___TS.g47745.t1,0.8269284137243232,"hydrolase activity, acting on acid anhydrides",MF
GO:0016818,"hydrolase activity, acting on acid anhydrides, in phosphorus-containing anhydrides",13/164,581/8363,0.35169562593209935,1.1566213546708992,13,581,Montipora_capitata_HIv3___RNAseq.g36838.t1/Montipora_capitata_HIv3___RNAseq.g15043.t1/Montipora_capitata_HIv3___RNAseq.g22865.t1/Montipora_capitata_HIv3___TS.g5595.t1/Montipora_capitata_HIv3___RNAseq.g42608.t1/Montipora_capitata_HIv3___RNAseq.g18698.t1/Montipora_capitata_HIv3___TS.g40519.t3/Montipora_capitata_HIv3___TS.g5653.t1/Montipora_capitata_HIv3___TS.g4674.t2b/Montipora_capitata_HIv3___RNAseq.g43161.t1a/Montipora_capitata_HIv3___RNAseq.g33449.t1/Montipora_capitata_HIv3___RNAseq.g47955.t1/Montipora_capitata_HIv3___TS.g47745.t1,0.8269284137243232,"hydrolase activity, acting on acid anhydrides, in phosphorus-containing anhydrides",MF
GO:0071396,cellular response to lipid,7/164,293/8363,0.35171813438180105,1.2335618606250294,7,293,Montipora_capitata_HIv3___RNAseq.g2640.t1a/Montipora_capitata_HIv3___RNAseq.g44960.t2/Montipora_capitata_HIv3___RNAseq.21467_t/Montipora_capitata_HIv3___RNAseq.g46378.t1/Montipora_capitata_HIv3___RNAseq.g44814.t1/Montipora_capitata_HIv3___RNAseq.g44445.t1/Montipora_capitata_HIv3___RNAseq.g14488.t1,0.8269284137243232,cellular response to lipid,BP
GO:2001020,GO:2001020,4/164,153/8363,0.3527953824707767,1.3506134670591252,4,153,Montipora_capitata_HIv3___TS.g1118.t1/Montipora_capitata_HIv3___RNAseq.g43161.t1a/Montipora_capitata_HIv3___RNAseq.g44445.t1/Montipora_capitata_HIv3___TS.g47745.t1,0.8282341301495897,NA,NA
GO:0031401,positive regulation of protein modification process,15/164,679/8363,0.35343050758098626,1.142381915436628,15,679,Montipora_capitata_HIv3___TS.g33283.t2/Montipora_capitata_HIv3___RNAseq.g6978.t1/Montipora_capitata_HIv3___RNAseq.g15043.t1/Montipora_capitata_HIv3___RNAseq.g5395.t1/Montipora_capitata_HIv3___RNAseq.g7741.t1/Montipora_capitata_HIv3___TS.g27540.t1/Montipora_capitata_HIv3___RNAseq.g44960.t2/Montipora_capitata_HIv3___RNAseq.21467_t/Montipora_capitata_HIv3___RNAseq.g36907.t1/Montipora_capitata_HIv3___RNAseq.g35008.t1/Montipora_capitata_HIv3___RNAseq.g24095.t1/Montipora_capitata_HIv3___RNAseq.g8971.t1/Montipora_capitata_HIv3___RNAseq.g30678.t1b/Montipora_capitata_HIv3___RNAseq.g14965.t1/Montipora_capitata_HIv3___TS.g10359.t4b,0.8284995798094906,positive regulation of protein modification process,BP
GO:0035239,tube morphogenesis,16/164,729/8363,0.35597273355415177,1.135030526502402,16,729,Montipora_capitata_HIv3___RNAseq.g2559.t1a/Montipora_capitata_HIv3___RNAseq.g22865.t1/Montipora_capitata_HIv3___RNAseq.g7741.t1/Montipora_capitata_HIv3___RNAseq.g44960.t2/Montipora_capitata_HIv3___RNAseq.21467_t/Montipora_capitata_HIv3___RNAseq.g36907.t1/Montipora_capitata_HIv3___RNAseq.g35008.t1/Montipora_capitata_HIv3___RNAseq.g668.t1/Montipora_capitata_HIv3___RNAseq.g44814.t1/Montipora_capitata_HIv3___RNAseq.g18698.t1/Montipora_capitata_HIv3___RNAseq.g8971.t1/Montipora_capitata_HIv3___RNAseq.g42092.t1/Montipora_capitata_HIv3___RNAseq.g9918.t1/Montipora_capitata_HIv3___TS.g33523.t1/Montipora_capitata_HIv3___RNAseq.g28116.t1/Montipora_capitata_HIv3___RNAseq.g18391.t1,0.8332282126112668,tube morphogenesis,BP
GO:0010632,regulation of epithelial cell migration,4/164,154/8363,0.35727367041565583,1.341444083073373,4,154,Montipora_capitata_HIv3___RNAseq.g6978.t1/Montipora_capitata_HIv3___RNAseq.g5395.t1/Montipora_capitata_HIv3___RNAseq.g44814.t1/Montipora_capitata_HIv3___RNAseq.g8971.t1,0.8350417009567686,regulation of epithelial cell migration,BP
GO:0008544,epidermis development,5/164,201/8363,0.35944708753763455,1.28396854681001,5,201,Montipora_capitata_HIv3___RNAseq.g8971.t1/Montipora_capitata_HIv3___RNAseq.g4457.t1/Montipora_capitata_HIv3___RNAseq.g14625.t1/Montipora_capitata_HIv3___TS.g10359.t4b/Montipora_capitata_HIv3___RNAseq.g39706.t2,0.8388860704738619,epidermis development,BP
GO:2000243,positive regulation of reproductive process,3/164,109/8363,0.36105515460251647,1.4225577702294174,3,109,Montipora_capitata_HIv3___RNAseq.g24942.t1/Montipora_capitata_HIv3___RNAseq.g49962.t1/Montipora_capitata_HIv3___RNAseq.g23464.t1,0.8393278996817821,positive regulation of reproductive process,BP
GO:0045637,regulation of myeloid cell differentiation,4/164,155/8363,0.3617519113940384,1.3323961341914865,4,155,Montipora_capitata_HIv3___RNAseq.g44960.t2/Montipora_capitata_HIv3___RNAseq.21467_t/Montipora_capitata_HIv3___RNAseq.g44814.t1/Montipora_capitata_HIv3___RNAseq.g8971.t1,0.8393278996817821,regulation of myeloid cell differentiation,BP
GO:0019932,second-messenger-mediated signaling,4/164,155/8363,0.3617519113940384,1.3323961341914865,4,155,Montipora_capitata_HIv3___RNAseq.g34092.t1/Montipora_capitata_HIv3___RNAseq.g11237.t1/Montipora_capitata_HIv3___RNAseq.g13129.t1/Montipora_capitata_HIv3___RNAseq.g39648.t1,0.8393278996817821,second-messenger-mediated signaling,BP
GO:0016032,viral process,4/164,155/8363,0.3617519113940384,1.3323961341914865,4,155,Montipora_capitata_HIv3___RNAseq.g26525.t1/Montipora_capitata_HIv3___RNAseq.g13857.t1/Montipora_capitata_HIv3___RNAseq.g39706.t2/Montipora_capitata_HIv3___TS.g47745.t1,0.8393278996817821,viral process,BP
GO:0001525,angiogenesis,4/164,156/8363,0.3662295206312347,1.3234672245990802,4,156,Montipora_capitata_HIv3___RNAseq.g35008.t1/Montipora_capitata_HIv3___RNAseq.g44814.t1/Montipora_capitata_HIv3___RNAseq.g8971.t1/Montipora_capitata_HIv3___RNAseq.g9918.t1,0.8476911548583377,angiogenesis,BP
GO:0008356,asymmetric cell division,3/164,110/8363,0.3664247840156394,1.4090920842411372,3,110,Montipora_capitata_HIv3___RNAseq.g26580.t1/Montipora_capitata_HIv3___RNAseq.g23247.t1/Montipora_capitata_HIv3___TS.g10359.t4b,0.8476911548583377,asymmetric cell division,BP
GO:0090407,organophosphate biosynthetic process,10/164,442/8363,0.367151015255557,1.1674542279999787,10,442,Montipora_capitata_HIv3___TS.g33283.t2/Montipora_capitata_HIv3___RNAseq.g24095.t1/Montipora_capitata_HIv3___RNAseq.g8971.t1/Montipora_capitata_HIv3___RNAseq.g33449.t1/Montipora_capitata_HIv3___TS.g50674.t1/Montipora_capitata_HIv3___RNAseq.g14956.t1/Montipora_capitata_HIv3___RNAseq.g8867.t2/Montipora_capitata_HIv3___RNAseq.g44445.t1/Montipora_capitata_HIv3___RNAseq.g14960.t1/Montipora_capitata_HIv3___RNAseq.g20763.t1,0.8481348780357626,organophosphate biosynthetic process,BP
GO:0016049,cell growth,4/164,157/8363,0.3707059210250858,1.3146550210693424,4,157,Montipora_capitata_HIv3___RNAseq.g35008.t1/Montipora_capitata_HIv3___RNAseq.g24942.t1/Montipora_capitata_HIv3___RNAseq.g8971.t1/Montipora_capitata_HIv3___TS.g47745.t1,0.8537473990191761,cell growth,BP
GO:0004518,nuclease activity,4/164,157/8363,0.3707059210250858,1.3146550210693424,4,157,Montipora_capitata_HIv3___RNAseq.g42608.t1/Montipora_capitata_HIv3___RNAseq.g4241.t1/Montipora_capitata_HIv3___RNAseq.g47955.t1/Montipora_capitata_HIv3___RNAseq.g18929.t1,0.8537473990191761,nuclease activity,MF
GO:0071902,positive regulation of protein serine/threonine kinase activity,5/164,204/8363,0.37119452131268527,1.2641410875306183,5,204,Montipora_capitata_HIv3___TS.g33283.t2/Montipora_capitata_HIv3___RNAseq.g44960.t2/Montipora_capitata_HIv3___RNAseq.21467_t/Montipora_capitata_HIv3___RNAseq.g35008.t1/Montipora_capitata_HIv3___RNAseq.g8971.t1,0.8537473990191761,positive regulation of protein serine/threonine kinase activity,BP
GO:0007264,small GTPase mediated signal transduction,4/164,158/8363,0.3751805432197439,1.3059572509254056,4,158,Montipora_capitata_HIv3___RNAseq.g6978.t1/Montipora_capitata_HIv3___RNAseq.g5395.t1/Montipora_capitata_HIv3___RNAseq.g22865.t1/Montipora_capitata_HIv3___RNAseq.g24942.t1,0.8587136018817053,small GTPase mediated signal transduction,BP
GO:1902533,positive regulation of intracellular signal transduction,12/164,543/8363,0.3768490020514083,1.1400339726603668,12,543,Montipora_capitata_HIv3___TS.g33283.t2/Montipora_capitata_HIv3___RNAseq.g6978.t1/Montipora_capitata_HIv3___TS.g27540.t1/Montipora_capitata_HIv3___RNAseq.g34092.t1/Montipora_capitata_HIv3___RNAseq.g44960.t2/Montipora_capitata_HIv3___RNAseq.21467_t/Montipora_capitata_HIv3___RNAseq.g35008.t1/Montipora_capitata_HIv3___RNAseq.g668.t1/Montipora_capitata_HIv3___RNAseq.g24095.t1/Montipora_capitata_HIv3___RNAseq.g8971.t1/Montipora_capitata_HIv3___TS.g10359.t4b/Montipora_capitata_HIv3___RNAseq.g44445.t1,0.8587136018817053,positive regulation of intracellular signal transduction,BP
GO:0070372,regulation of ERK1 and ERK2 cascade,3/164,112/8363,0.37714138658572693,1.3829020615939487,3,112,Montipora_capitata_HIv3___RNAseq.g5395.t1/Montipora_capitata_HIv3___TS.g27540.t1/Montipora_capitata_HIv3___RNAseq.g8971.t1,0.8587136018817053,regulation of ERK1 and ERK2 cascade,BP
GO:0031406,carboxylic acid binding,3/164,112/8363,0.37714138658572693,1.3829020615939487,3,112,Montipora_capitata_HIv3___TS.g33283.t2/Montipora_capitata_HIv3___RNAseq.g46378.t1/Montipora_capitata_HIv3___TS.g33523.t1,0.8587136018817053,carboxylic acid binding,MF
GO:0009749,response to glucose,3/164,112/8363,0.37714138658572693,1.3829020615939487,3,112,Montipora_capitata_HIv3___RNAseq.g7741.t1/Montipora_capitata_HIv3___RNAseq.g44814.t1/Montipora_capitata_HIv3___RNAseq.g14488.t1,0.8587136018817053,response to glucose,BP
GO:0006936,muscle contraction,3/164,112/8363,0.37714138658572693,1.3829020615939487,3,112,Montipora_capitata_HIv3___RNAseq.g13129.t1/Montipora_capitata_HIv3___RNAseq.g24095.t1/Montipora_capitata_HIv3___RNAseq.g14488.t1,0.8587136018817053,muscle contraction,BP
GO:0004386,helicase activity,3/164,112/8363,0.37714138658572693,1.3829020615939487,3,112,Montipora_capitata_HIv3___RNAseq.g43161.t1a/Montipora_capitata_HIv3___RNAseq.g47955.t1/Montipora_capitata_HIv3___TS.g47745.t1,0.8587136018817053,helicase activity,MF
GO:0005840,ribosome,4/164,159/8363,0.37965282567367764,1.2973717000820932,4,159,Montipora_capitata_HIv3___RNAseq.g27546.t1/Montipora_capitata_HIv3___RNAseq.g43111.t1/Montipora_capitata_HIv3___RNAseq.g11658.t1/Montipora_capitata_HIv3___TS.g47745.t1,0.8608155442493542,ribosome,CC
GO:0030001,metal ion transport,8/164,350/8363,0.3802301769791438,1.1781115802103101,8,350,Montipora_capitata_HIv3___RNAseq.g13129.t1/Montipora_capitata_HIv3___RNAseq.g38848.t1/Montipora_capitata_HIv3___RNAseq.g36907.t1/Montipora_capitata_HIv3___RNAseq.g668.t1/Montipora_capitata_HIv3___RNAseq.g46378.t1/Montipora_capitata_HIv3___RNAseq.g41416.t2a/Montipora_capitata_HIv3___RNAseq.g14155.t1/Montipora_capitata_HIv3___RNAseq.g42740.t1,0.8608155442493542,metal ion transport,BP
GO:0043269,regulation of monoatomic ion transport,7/164,302/8363,0.3807750202386112,1.1945732144987846,7,302,Montipora_capitata_HIv3___TS.g33283.t2/Montipora_capitata_HIv3___RNAseq.g6978.t1/Montipora_capitata_HIv3___RNAseq.g24139.t1/Montipora_capitata_HIv3___RNAseq.g34092.t1/Montipora_capitata_HIv3___RNAseq.g24095.t1/Montipora_capitata_HIv3___RNAseq.g8971.t1/Montipora_capitata_HIv3___RNAseq.g14488.t1,0.8608155442493542,regulation of monoatomic ion transport,BP
GO:0003712,transcription coregulator activity,7/164,302/8363,0.3807750202386112,1.1945732144987846,7,302,Montipora_capitata_HIv3___RNAseq.g26525.t1/Montipora_capitata_HIv3___RNAseq.g7741.t1/Montipora_capitata_HIv3___RNAseq.g44814.t1/Montipora_capitata_HIv3___RNAseq.g36935.t1/Montipora_capitata_HIv3___RNAseq.g41333.t1/Montipora_capitata_HIv3___RNAseq.g47955.t1/Montipora_capitata_HIv3___TS.g47745.t1,0.8608155442493542,transcription coregulator activity,MF
GO:0016485,protein processing,3/164,113/8363,0.3824865871690857,1.3701642035651143,3,113,Montipora_capitata_HIv3___RNAseq.g24942.t1/Montipora_capitata_HIv3___RNAseq.g20807.t2/Montipora_capitata_HIv3___RNAseq.g39706.t2,0.8608155442493542,protein processing,BP
GO:0030658,transport vesicle membrane,3/164,113/8363,0.3824865871690857,1.3701642035651143,3,113,Montipora_capitata_HIv3___TS.g33523.t1/Montipora_capitata_HIv3___RNAseq.g39706.t2/Montipora_capitata_HIv3___RNAseq.g23366.t1,0.8608155442493542,transport vesicle membrane,CC
GO:0043177,organic acid binding,3/164,113/8363,0.3824865871690857,1.3701642035651143,3,113,Montipora_capitata_HIv3___TS.g33283.t2/Montipora_capitata_HIv3___RNAseq.g46378.t1/Montipora_capitata_HIv3___TS.g33523.t1,0.8608155442493542,organic acid binding,MF
GO:0048546,digestive tract morphogenesis,3/164,113/8363,0.3824865871690857,1.3701642035651143,3,113,Montipora_capitata_HIv3___RNAseq.g44814.t1/Montipora_capitata_HIv3___RNAseq.g8971.t1/Montipora_capitata_HIv3___RNAseq.g28116.t1,0.8608155442493542,digestive tract morphogenesis,BP
GO:0044403,biological process involved in symbiotic interaction,5/164,207/8363,0.38294629756776566,1.2449025210347862,5,207,Montipora_capitata_HIv3___RNAseq.g26525.t1/Montipora_capitata_HIv3___RNAseq.g26580.t1/Montipora_capitata_HIv3___RNAseq.g13857.t1/Montipora_capitata_HIv3___RNAseq.g39706.t2/Montipora_capitata_HIv3___TS.g47745.t1,0.8608155442493542,biological process involved in symbiotic interaction,BP
GO:0007424,open tracheal system development,4/164,160/8363,0.38412221472205577,1.2888962111635347,4,160,Montipora_capitata_HIv3___RNAseq.g22865.t1/Montipora_capitata_HIv3___RNAseq.g36907.t1/Montipora_capitata_HIv3___RNAseq.g41333.t1/Montipora_capitata_HIv3___RNAseq.g15029.t1b,0.8610197101185064,open tracheal system development,BP
GO:0032872,regulation of stress-activated MAPK cascade,4/164,160/8363,0.38412221472205577,1.2888962111635347,4,160,Montipora_capitata_HIv3___RNAseq.g44960.t2/Montipora_capitata_HIv3___RNAseq.21467_t/Montipora_capitata_HIv3___RNAseq.g35008.t1/Montipora_capitata_HIv3___TS.g10359.t4b,0.8610197101185064,regulation of stress-activated MAPK cascade,BP
GO:0048592,eye morphogenesis,7/164,304/8363,0.387252147930471,1.1862299393462337,7,304,Montipora_capitata_HIv3___RNAseq.g5395.t1/Montipora_capitata_HIv3___RNAseq.g35008.t1/Montipora_capitata_HIv3___RNAseq.g24942.t1/Montipora_capitata_HIv3___RNAseq.g44814.t1/Montipora_capitata_HIv3___RNAseq.g8971.t1/Montipora_capitata_HIv3___TS.g10359.t4b/Montipora_capitata_HIv3___TS.g46192.t3,0.8668112253394322,eye morphogenesis,BP
GO:0046822,regulation of nucleocytoplasmic transport,3/164,114/8363,0.38782190577091225,1.357655841749326,3,114,Montipora_capitata_HIv3___RNAseq.g6978.t1/Montipora_capitata_HIv3___RNAseq.g5395.t1/Montipora_capitata_HIv3___TS.g47745.t1,0.8668638936034334,regulation of nucleocytoplasmic transport,BP
GO:0070302,regulation of stress-activated protein kinase signaling cascade,4/164,161/8363,0.388588164633636,1.2805286816932988,4,161,Montipora_capitata_HIv3___RNAseq.g44960.t2/Montipora_capitata_HIv3___RNAseq.21467_t/Montipora_capitata_HIv3___RNAseq.g35008.t1/Montipora_capitata_HIv3___TS.g10359.t4b,0.8673550172624196,regulation of stress-activated protein kinase signaling cascade,BP
GO:0051052,regulation of DNA metabolic process,7/164,305/8363,0.3904920897097543,1.1821002943999228,7,305,Montipora_capitata_HIv3___TS.g33283.t2/Montipora_capitata_HIv3___TS.g1118.t1/Montipora_capitata_HIv3___RNAseq.g42608.t1/Montipora_capitata_HIv3___RNAseq.g8971.t1/Montipora_capitata_HIv3___RNAseq.g43161.t1a/Montipora_capitata_HIv3___RNAseq.g18929.t1/Montipora_capitata_HIv3___TS.g47745.t1,0.8687602134294645,regulation of DNA metabolic process,BP
GO:0045944,positive regulation of transcription by RNA polymerase II,14/164,647/8363,0.39076458450355256,1.1155448500608998,14,647,Montipora_capitata_HIv3___TS.g33283.t2/Montipora_capitata_HIv3___RNAseq.g6978.t1/Montipora_capitata_HIv3___RNAseq.g26525.t1/Montipora_capitata_HIv3___RNAseq.g7741.t1/Montipora_capitata_HIv3___RNAseq.g44960.t2/Montipora_capitata_HIv3___RNAseq.21467_t/Montipora_capitata_HIv3___RNAseq.g45527.t1/Montipora_capitata_HIv3___RNAseq.g35008.t1/Montipora_capitata_HIv3___RNAseq.g44814.t1/Montipora_capitata_HIv3___RNAseq.g8971.t1/Montipora_capitata_HIv3___RNAseq.g41333.t1/Montipora_capitata_HIv3___RNAseq.g44445.t1/Montipora_capitata_HIv3___TS.g47745.t1/Montipora_capitata_HIv3___TS.g46192.t3,0.8687602134294645,positive regulation of transcription by RNA polymerase II,BP
GO:0001934,positive regulation of protein phosphorylation,11/164,500/8363,0.39145893089474776,1.1335473239505702,11,500,Montipora_capitata_HIv3___TS.g33283.t2/Montipora_capitata_HIv3___RNAseq.g6978.t1/Montipora_capitata_HIv3___RNAseq.g5395.t1/Montipora_capitata_HIv3___TS.g27540.t1/Montipora_capitata_HIv3___RNAseq.g44960.t2/Montipora_capitata_HIv3___RNAseq.21467_t/Montipora_capitata_HIv3___RNAseq.g35008.t1/Montipora_capitata_HIv3___RNAseq.g24095.t1/Montipora_capitata_HIv3___RNAseq.g8971.t1/Montipora_capitata_HIv3___RNAseq.g14965.t1/Montipora_capitata_HIv3___TS.g10359.t4b,0.8687602134294645,positive regulation of protein phosphorylation,BP
GO:0034765,regulation of monoatomic ion transmembrane transport,4/164,162/8363,0.39305013766230257,1.2722670623538632,4,162,Montipora_capitata_HIv3___RNAseq.g6978.t1/Montipora_capitata_HIv3___RNAseq.g24139.t1/Montipora_capitata_HIv3___RNAseq.g34092.t1/Montipora_capitata_HIv3___RNAseq.g24095.t1,0.8687602134294645,regulation of monoatomic ion transmembrane transport,BP
GO:0007093,mitotic cell cycle checkpoint signaling,3/164,115/8363,0.39314650624313385,1.345384612394368,3,115,Montipora_capitata_HIv3___RNAseq.g7741.t1/Montipora_capitata_HIv3___RNAseq.g14965.t1/Montipora_capitata_HIv3___RNAseq.g43161.t1a,0.8687602134294645,mitotic cell cycle checkpoint signaling,BP
GO:0008233,peptidase activity,7/164,306/8363,0.3937326541042764,1.1779982699559093,7,306,Montipora_capitata_HIv3___RNAseq.g23762.t1/Montipora_capitata_HIv3___RNAseq.g33991.t1/Montipora_capitata_HIv3___RNAseq.g33992.t1/Montipora_capitata_HIv3___RNAseq.g20771.t1/Montipora_capitata_HIv3___RNAseq.g20807.t2/Montipora_capitata_HIv3___RNAseq.g14625.t1/Montipora_capitata_HIv3___RNAseq.g39706.t2,0.8687602134294645,peptidase activity,MF
GO:0010038,response to metal ion,7/164,306/8363,0.3937326541042764,1.1779982699559093,7,306,Montipora_capitata_HIv3___RNAseq.g36907.t1/Montipora_capitata_HIv3___RNAseq.g46378.t1/Montipora_capitata_HIv3___RNAseq.g44814.t1/Montipora_capitata_HIv3___RNAseq.g14155.t1/Montipora_capitata_HIv3___TS.g4674.t2b/Montipora_capitata_HIv3___RNAseq.g39974.t1/Montipora_capitata_HIv3___RNAseq.g14488.t1,0.8687602134294645,response to metal ion,BP
GO:0033674,positive regulation of kinase activity,7/164,306/8363,0.3937326541042764,1.1779982699559093,7,306,Montipora_capitata_HIv3___TS.g33283.t2/Montipora_capitata_HIv3___RNAseq.g6978.t1/Montipora_capitata_HIv3___RNAseq.g44960.t2/Montipora_capitata_HIv3___RNAseq.21467_t/Montipora_capitata_HIv3___RNAseq.g35008.t1/Montipora_capitata_HIv3___RNAseq.g8971.t1/Montipora_capitata_HIv3___RNAseq.g14965.t1,0.8687602134294645,positive regulation of kinase activity,BP
GO:0006417,regulation of translation,6/164,258/8363,0.3946615774276113,1.1975291918274344,6,258,Montipora_capitata_HIv3___RNAseq.g7741.t1/Montipora_capitata_HIv3___RNAseq.g24942.t1/Montipora_capitata_HIv3___RNAseq.g47955.t1/Montipora_capitata_HIv3___RNAseq.g15188.t1/Montipora_capitata_HIv3___RNAseq.g41226.t1/Montipora_capitata_HIv3___TS.g47745.t1,0.8687602134294645,regulation of translation,BP
GO:0051606,detection of stimulus,5/164,210/8363,0.39469194321527656,1.2262269968440365,5,210,Montipora_capitata_HIv3___RNAseq.g15043.t1/Montipora_capitata_HIv3___RNAseq.g7741.t1/Montipora_capitata_HIv3___RNAseq.g668.t1/Montipora_capitata_HIv3___RNAseq.g20250.t1/Montipora_capitata_HIv3___RNAseq.g8867.t2,0.8687602134294645,detection of stimulus,BP
GO:0007166,cell surface receptor signaling pathway,20/164,947/8363,0.3973080728734483,1.0895561958635804,20,947,Montipora_capitata_HIv3___RNAseq.g6978.t1/Montipora_capitata_HIv3___RNAseq.g5395.t1/Montipora_capitata_HIv3___RNAseq.g22865.t1/Montipora_capitata_HIv3___RNAseq.g11548.t1/Montipora_capitata_HIv3___RNAseq.g7741.t1/Montipora_capitata_HIv3___RNAseq.g34092.t1/Montipora_capitata_HIv3___RNAseq.g3374.t1/Montipora_capitata_HIv3___RNAseq.g44960.t2/Montipora_capitata_HIv3___RNAseq.21467_t/Montipora_capitata_HIv3___RNAseq.g45527.t1/Montipora_capitata_HIv3___RNAseq.g35008.t1/Montipora_capitata_HIv3___RNAseq.g24942.t1/Montipora_capitata_HIv3___RNAseq.g24095.t1/Montipora_capitata_HIv3___RNAseq.g44814.t1/Montipora_capitata_HIv3___RNAseq.g18698.t1/Montipora_capitata_HIv3___RNAseq.g8971.t1/Montipora_capitata_HIv3___RNAseq.g42092.t1/Montipora_capitata_HIv3___RNAseq.g28116.t1/Montipora_capitata_HIv3___TS.g10359.t4b/Montipora_capitata_HIv3___RNAseq.g39706.t2,0.8695555383649912,cell surface receptor signaling pathway,BP
GO:0045834,positive regulation of lipid metabolic process,3/164,116/8363,0.3984595722823865,1.3333154533746387,3,116,Montipora_capitata_HIv3___RNAseq.g6978.t1/Montipora_capitata_HIv3___RNAseq.g24095.t1/Montipora_capitata_HIv3___RNAseq.g8971.t1,0.8695555383649912,positive regulation of lipid metabolic process,BP
GO:0048580,regulation of post-embryonic development,3/164,116/8363,0.3984595722823865,1.3333154533746387,3,116,Montipora_capitata_HIv3___RNAseq.g49962.t1/Montipora_capitata_HIv3___TS.g10359.t4b/Montipora_capitata_HIv3___RNAseq.g39706.t2,0.8695555383649912,regulation of post-embryonic development,BP
GO:0048489,synaptic vesicle transport,3/164,116/8363,0.3984595722823865,1.3333154533746387,3,116,Montipora_capitata_HIv3___RNAseq.g8971.t1/Montipora_capitata_HIv3___RNAseq.g42740.t1/Montipora_capitata_HIv3___RNAseq.g1174.t1,0.8695555383649912,synaptic vesicle transport,BP
GO:0097480,establishment of synaptic vesicle localization,3/164,116/8363,0.3984595722823865,1.3333154533746387,3,116,Montipora_capitata_HIv3___RNAseq.g8971.t1/Montipora_capitata_HIv3___RNAseq.g42740.t1/Montipora_capitata_HIv3___RNAseq.g1174.t1,0.8695555383649912,establishment of synaptic vesicle localization,BP
GO:1903829,positive regulation of protein localization,5/164,211/8363,0.3986040303625793,1.2201226912040315,5,211,Montipora_capitata_HIv3___RNAseq.g6978.t1/Montipora_capitata_HIv3___TS.g1118.t1/Montipora_capitata_HIv3___RNAseq.g5395.t1/Montipora_capitata_HIv3___RNAseq.g37193.t1/Montipora_capitata_HIv3___RNAseq.g15029.t1b,0.8695555383649912,positive regulation of protein localization,BP
GO:0014070,response to organic cyclic compound,14/164,651/8363,0.3997943694708699,1.1079501851064533,14,651,Montipora_capitata_HIv3___RNAseq.g15043.t1/Montipora_capitata_HIv3___RNAseq.g5395.t1/Montipora_capitata_HIv3___RNAseq.g46378.t1/Montipora_capitata_HIv3___RNAseq.g44814.t1/Montipora_capitata_HIv3___RNAseq.g8971.t1/Montipora_capitata_HIv3___RNAseq.g42092.t1/Montipora_capitata_HIv3___RNAseq.g43161.t1a/Montipora_capitata_HIv3___RNAseq.g33449.t1/Montipora_capitata_HIv3___TS.g33523.t1/Montipora_capitata_HIv3___RNAseq.g39974.t1/Montipora_capitata_HIv3___RNAseq.g47955.t1/Montipora_capitata_HIv3___RNAseq.g18391.t1/Montipora_capitata_HIv3___RNAseq.g14488.t1/Montipora_capitata_HIv3___TS.g47745.t1,0.8695555383649912,response to organic cyclic compound,BP
GO:0034248,regulation of amide metabolic process,7/164,308/8363,0.40021477041177966,1.1698759811996424,7,308,Montipora_capitata_HIv3___RNAseq.g7741.t1/Montipora_capitata_HIv3___RNAseq.g24942.t1/Montipora_capitata_HIv3___RNAseq.g24095.t1/Montipora_capitata_HIv3___RNAseq.g47955.t1/Montipora_capitata_HIv3___RNAseq.g15188.t1/Montipora_capitata_HIv3___RNAseq.g41226.t1/Montipora_capitata_HIv3___TS.g47745.t1,0.8695555383649912,regulation of amide metabolic process,BP
GO:0071900,regulation of protein serine/threonine kinase activity,7/164,308/8363,0.40021477041177966,1.1698759811996424,7,308,Montipora_capitata_HIv3___TS.g33283.t2/Montipora_capitata_HIv3___RNAseq.g5395.t1/Montipora_capitata_HIv3___RNAseq.g44960.t2/Montipora_capitata_HIv3___RNAseq.21467_t/Montipora_capitata_HIv3___RNAseq.g35008.t1/Montipora_capitata_HIv3___RNAseq.g8971.t1/Montipora_capitata_HIv3___RNAseq.g43161.t1a,0.8695555383649912,regulation of protein serine/threonine kinase activity,BP
GO:0009967,positive regulation of signal transduction,19/164,899/8363,0.40053251326074896,1.089841311092466,19,899,Montipora_capitata_HIv3___TS.g33283.t2/Montipora_capitata_HIv3___RNAseq.g6978.t1/Montipora_capitata_HIv3___RNAseq.g7741.t1/Montipora_capitata_HIv3___TS.g27540.t1/Montipora_capitata_HIv3___RNAseq.g34092.t1/Montipora_capitata_HIv3___RNAseq.g44960.t2/Montipora_capitata_HIv3___RNAseq.21467_t/Montipora_capitata_HIv3___RNAseq.g36907.t1/Montipora_capitata_HIv3___RNAseq.g35008.t1/Montipora_capitata_HIv3___RNAseq.g668.t1/Montipora_capitata_HIv3___RNAseq.g46378.t1/Montipora_capitata_HIv3___RNAseq.g24942.t1/Montipora_capitata_HIv3___RNAseq.g24095.t1/Montipora_capitata_HIv3___RNAseq.g44814.t1/Montipora_capitata_HIv3___RNAseq.g8971.t1/Montipora_capitata_HIv3___TS.g10359.t4b/Montipora_capitata_HIv3___RNAseq.g39706.t2/Montipora_capitata_HIv3___RNAseq.g22853.t1/Montipora_capitata_HIv3___RNAseq.g44445.t1,0.8695555383649912,positive regulation of signal transduction,BP
GO:0090150,establishment of protein localization to membrane,4/164,164/8363,0.40196004228489657,1.25605361260998,4,164,Montipora_capitata_HIv3___RNAseq.g668.t1/Montipora_capitata_HIv3___TS.g33523.t1/Montipora_capitata_HIv3___RNAseq.g15029.t1b/Montipora_capitata_HIv3___RNAseq.g11658.t1,0.8702736522593874,establishment of protein localization to membrane,BP
GO:0036464,cytoplasmic ribonucleoprotein granule,4/164,164/8363,0.40196004228489657,1.25605361260998,4,164,Montipora_capitata_HIv3___RNAseq.g42608.t1/Montipora_capitata_HIv3___RNAseq.g4241.t1/Montipora_capitata_HIv3___RNAseq.g47955.t1/Montipora_capitata_HIv3___TS.g47745.t1,0.8702736522593874,cytoplasmic ribonucleoprotein granule,CC
GO:0050795,regulation of behavior,5/164,212/8363,0.4025139359676351,1.2140773603338069,5,212,Montipora_capitata_HIv3___TS.g27540.t1/Montipora_capitata_HIv3___RNAseq.g24942.t1/Montipora_capitata_HIv3___RNAseq.g49962.t1/Montipora_capitata_HIv3___RNAseq.g23464.t1/Montipora_capitata_HIv3___RNAseq.g23366.t1,0.8702855809000501,regulation of behavior,BP
GO:0006470,protein dephosphorylation,3/164,117/8363,0.4037603072984518,1.3214580116309755,3,117,Montipora_capitata_HIv3___RNAseq.g15043.t1/Montipora_capitata_HIv3___RNAseq.g5395.t1/Montipora_capitata_HIv3___RNAseq.g46819.t1,0.8706081626122867,protein dephosphorylation,BP
GO:0097479,synaptic vesicle localization,3/164,117/8363,0.4037603072984518,1.3214580116309755,3,117,Montipora_capitata_HIv3___RNAseq.g8971.t1/Montipora_capitata_HIv3___RNAseq.g42740.t1/Montipora_capitata_HIv3___RNAseq.g1174.t1,0.8706081626122867,synaptic vesicle localization,BP
GO:0015318,inorganic molecular entity transmembrane transporter activity,9/164,407/8363,0.40465399835836297,1.1380742870724951,9,407,Montipora_capitata_HIv3___RNAseq.g24139.t1/Montipora_capitata_HIv3___RNAseq.g13129.t1/Montipora_capitata_HIv3___RNAseq.g49895.t2/Montipora_capitata_HIv3___RNAseq.g36907.t1/Montipora_capitata_HIv3___RNAseq.g668.t1/Montipora_capitata_HIv3___RNAseq.g20250.t1/Montipora_capitata_HIv3___RNAseq.g14155.t1/Montipora_capitata_HIv3___TS.g4674.t2b/Montipora_capitata_HIv3___RNAseq.g23366.t1,0.8713512827608167,inorganic molecular entity transmembrane transporter activity,MF
GO:0042592,homeostatic process,23/164,1102/8363,0.4076306431229883,1.0763957554419663,23,1102,Montipora_capitata_HIv3___TS.g33283.t2/Montipora_capitata_HIv3___RNAseq.g23734.t3/Montipora_capitata_HIv3___RNAseq.g35804.t1/Montipora_capitata_HIv3___RNAseq.g7741.t1/Montipora_capitata_HIv3___RNAseq.g33991.t1/Montipora_capitata_HIv3___TS.g27540.t1/Montipora_capitata_HIv3___RNAseq.g34092.t1/Montipora_capitata_HIv3___RNAseq.g44960.t2/Montipora_capitata_HIv3___RNAseq.21467_t/Montipora_capitata_HIv3___RNAseq.g13129.t1/Montipora_capitata_HIv3___RNAseq.g33992.t1/Montipora_capitata_HIv3___RNAseq.g38848.t1/Montipora_capitata_HIv3___RNAseq.g36907.t1/Montipora_capitata_HIv3___RNAseq.g668.t1/Montipora_capitata_HIv3___RNAseq.g46378.t1/Montipora_capitata_HIv3___RNAseq.g24095.t1/Montipora_capitata_HIv3___RNAseq.g44814.t1/Montipora_capitata_HIv3___RNAseq.g35720.t1/Montipora_capitata_HIv3___RNAseq.g8971.t1/Montipora_capitata_HIv3___RNAseq.g14155.t1/Montipora_capitata_HIv3___RNAseq.g43161.t1a/Montipora_capitata_HIv3___RNAseq.g15188.t1/Montipora_capitata_HIv3___RNAseq.g15029.t1b,0.874015334435198,homeostatic process,BP
GO:0009746,response to hexose,3/164,118/8363,0.4090479342741362,1.309806766218336,3,118,Montipora_capitata_HIv3___RNAseq.g7741.t1/Montipora_capitata_HIv3___RNAseq.g44814.t1/Montipora_capitata_HIv3___RNAseq.g14488.t1,0.874015334435198,response to hexose,BP
GO:0031098,stress-activated protein kinase signaling cascade,3/164,118/8363,0.4090479342741362,1.309806766218336,3,118,Montipora_capitata_HIv3___RNAseq.g44960.t2/Montipora_capitata_HIv3___RNAseq.21467_t/Montipora_capitata_HIv3___RNAseq.g8971.t1,0.874015334435198,stress-activated protein kinase signaling cascade,BP
GO:0000287,magnesium ion binding,3/164,118/8363,0.4090479342741362,1.309806766218336,3,118,Montipora_capitata_HIv3___RNAseq.g12736.t1/Montipora_capitata_HIv3___RNAseq.g37645.t1/Montipora_capitata_HIv3___RNAseq.g33449.t1,0.874015334435198,magnesium ion binding,MF
GO:0009948,anterior/posterior axis specification,4/164,166/8363,0.41084778795756627,1.2402404686924449,4,166,Montipora_capitata_HIv3___RNAseq.g35008.t1/Montipora_capitata_HIv3___RNAseq.g23247.t1/Montipora_capitata_HIv3___RNAseq.g28116.t1/Montipora_capitata_HIv3___TS.g46192.t3,0.874015334435198,anterior/posterior axis specification,BP
GO:0000302,response to reactive oxygen species,4/164,166/8363,0.41084778795756627,1.2402404686924449,4,166,Montipora_capitata_HIv3___RNAseq.g34092.t1/Montipora_capitata_HIv3___RNAseq.g44519.t1/Montipora_capitata_HIv3___RNAseq.g44814.t1/Montipora_capitata_HIv3___RNAseq.g14488.t1,0.874015334435198,response to reactive oxygen species,BP
GO:0042063,gliogenesis,4/164,166/8363,0.41084778795756627,1.2402404686924449,4,166,Montipora_capitata_HIv3___RNAseq.g7741.t1/Montipora_capitata_HIv3___RNAseq.g8971.t1/Montipora_capitata_HIv3___RNAseq.g4457.t1/Montipora_capitata_HIv3___TS.g46192.t3,0.874015334435198,gliogenesis,BP
GO:0030198,extracellular matrix organization,4/164,166/8363,0.41084778795756627,1.2402404686924449,4,166,Montipora_capitata_HIv3___RNAseq.g18698.t1/Montipora_capitata_HIv3___RNAseq.g15029.t1b/Montipora_capitata_HIv3___RNAseq.g39706.t2/Montipora_capitata_HIv3___RNAseq.g8867.t2,0.874015334435198,extracellular matrix organization,BP
GO:0000956,nuclear-transcribed mRNA catabolic process,4/164,166/8363,0.41084778795756627,1.2402404686924449,4,166,Montipora_capitata_HIv3___RNAseq.g42608.t1/Montipora_capitata_HIv3___RNAseq.g4241.t1/Montipora_capitata_HIv3___RNAseq.g18929.t1/Montipora_capitata_HIv3___RNAseq.g11658.t1,0.874015334435198,nuclear-transcribed mRNA catabolic process,BP
GO:0098797,plasma membrane protein complex,5/164,215/8363,0.41422693925920406,1.196286790845997,5,215,Montipora_capitata_HIv3___RNAseq.g11548.t1/Montipora_capitata_HIv3___RNAseq.g12807.t1/Montipora_capitata_HIv3___RNAseq.g44960.t2/Montipora_capitata_HIv3___RNAseq.21467_t/Montipora_capitata_HIv3___RNAseq.g35008.t1,0.8762291336201226,plasma membrane protein complex,CC
GO:0007041,lysosomal transport,3/164,119/8363,0.41432169561709176,1.2983563863940557,3,119,Montipora_capitata_HIv3___TS.g1118.t1/Montipora_capitata_HIv3___RNAseq.g42740.t1/Montipora_capitata_HIv3___TS.g20607.t1,0.8762291336201226,lysosomal transport,BP
GO:1901566,organonitrogen compound biosynthetic process,22/164,1056/8363,0.4147602120217429,1.0735807261813504,22,1056,Montipora_capitata_HIv3___RNAseq.g6978.t1/Montipora_capitata_HIv3___RNAseq.g40427.t1a/Montipora_capitata_HIv3___RNAseq.g36836.t1/Montipora_capitata_HIv3___RNAseq.g34092.t1/Montipora_capitata_HIv3___RNAseq.g3374.t1/Montipora_capitata_HIv3___RNAseq.g37193.t1/Montipora_capitata_HIv3___RNAseq.g27709.t1/Montipora_capitata_HIv3___RNAseq.g44814.t1/Montipora_capitata_HIv3___RNAseq.g20771.t1/Montipora_capitata_HIv3___RNAseq.g9918.t1/Montipora_capitata_HIv3___RNAseq.g15188.t1/Montipora_capitata_HIv3___TS.g21293.t1/Montipora_capitata_HIv3___RNAseq.g43111.t1/Montipora_capitata_HIv3___RNAseq.g41226.t1/Montipora_capitata_HIv3___RNAseq.g14956.t1/Montipora_capitata_HIv3___RNAseq.g39706.t2/Montipora_capitata_HIv3___RNAseq.g44445.t1/Montipora_capitata_HIv3___RNAseq.g14960.t1/Montipora_capitata_HIv3___RNAseq.g11658.t1/Montipora_capitata_HIv3___RNAseq.g14488.t1/Montipora_capitata_HIv3___RNAseq.g37450.t2/Montipora_capitata_HIv3___RNAseq.g20763.t1,0.8762291336201226,organonitrogen compound biosynthetic process,BP
GO:0065008,regulation of biological quality,50/164,2464/8363,0.4148684202974993,1.0510653968174068,50,2464,Montipora_capitata_HIv3___TS.g33283.t2/Montipora_capitata_HIv3___RNAseq.g6978.t1/Montipora_capitata_HIv3___RNAseq.g7992.t1/Montipora_capitata_HIv3___RNAseq.g23734.t3/Montipora_capitata_HIv3___RNAseq.g35804.t1/Montipora_capitata_HIv3___RNAseq.g5395.t1/Montipora_capitata_HIv3___RNAseq.g14946.t1/Montipora_capitata_HIv3___RNAseq.g7741.t1/Montipora_capitata_HIv3___TS.g29616.t1/Montipora_capitata_HIv3___RNAseq.g33991.t1/Montipora_capitata_HIv3___RNAseq.g26580.t1/Montipora_capitata_HIv3___TS.g27540.t1/Montipora_capitata_HIv3___RNAseq.g24139.t1/Montipora_capitata_HIv3___RNAseq.g34092.t1/Montipora_capitata_HIv3___RNAseq.g12596.t1/Montipora_capitata_HIv3___RNAseq.g44960.t2/Montipora_capitata_HIv3___RNAseq.g40983.t1/Montipora_capitata_HIv3___RNAseq.21467_t/Montipora_capitata_HIv3___RNAseq.g24836.t1/Montipora_capitata_HIv3___RNAseq.g13129.t1/Montipora_capitata_HIv3___RNAseq.g29879.t1b/Montipora_capitata_HIv3___RNAseq.g42608.t1/Montipora_capitata_HIv3___RNAseq.g33992.t1/Montipora_capitata_HIv3___RNAseq.g38848.t1/Montipora_capitata_HIv3___RNAseq.g45361.t1/Montipora_capitata_HIv3___RNAseq.g36907.t1/Montipora_capitata_HIv3___RNAseq.g668.t1/Montipora_capitata_HIv3___RNAseq.g46378.t1/Montipora_capitata_HIv3___RNAseq.g24942.t1/Montipora_capitata_HIv3___RNAseq.g24095.t1/Montipora_capitata_HIv3___RNAseq.g44814.t1/Montipora_capitata_HIv3___RNAseq.g20250.t1/Montipora_capitata_HIv3___RNAseq.g35720.t1/Montipora_capitata_HIv3___RNAseq.g8971.t1/Montipora_capitata_HIv3___RNAseq.g20771.t1/Montipora_capitata_HIv3___RNAseq.g14155.t1/Montipora_capitata_HIv3___RNAseq.g42092.t1/Montipora_capitata_HIv3___RNAseq.g42740.t1/Montipora_capitata_HIv3___RNAseq.g43161.t1a/Montipora_capitata_HIv3___RNAseq.g39974.t1/Montipora_capitata_HIv3___RNAseq.g15188.t1/Montipora_capitata_HIv3___RNAseq.g18929.t1/Montipora_capitata_HIv3___RNAseq.g33997.t1/Montipora_capitata_HIv3___RNAseq.g15029.t1b/Montipora_capitata_HIv3___RNAseq.g39706.t2/Montipora_capitata_HIv3___RNAseq.g44445.t1/Montipora_capitata_HIv3___RNAseq.g23366.t1/Montipora_capitata_HIv3___RNAseq.g14488.t1/Montipora_capitata_HIv3___TS.g47745.t1/Montipora_capitata_HIv3___RNAseq.g37450.t2,0.8762291336201226,regulation of biological quality,BP
GO:0043902,GO:0043902,4/164,167/8363,0.4152820928207812,1.2324794072690954,4,167,Montipora_capitata_HIv3___RNAseq.g44960.t2/Montipora_capitata_HIv3___RNAseq.21467_t/Montipora_capitata_HIv3___RNAseq.g14488.t1/Montipora_capitata_HIv3___TS.g47745.t1,0.8762291336201226,NA,NA
GO:0006915,apoptotic process,9/164,411/8363,0.4159920789584841,1.126174106685472,9,411,Montipora_capitata_HIv3___RNAseq.g11548.t1/Montipora_capitata_HIv3___TS.g28995.t1/Montipora_capitata_HIv3___RNAseq.g35008.t1/Montipora_capitata_HIv3___RNAseq.g24942.t1/Montipora_capitata_HIv3___RNAseq.g8971.t1/Montipora_capitata_HIv3___RNAseq.g32149.t1/Montipora_capitata_HIv3___RNAseq.g18929.t1/Montipora_capitata_HIv3___RNAseq.g44445.t1/Montipora_capitata_HIv3___RNAseq.g14488.t1,0.8762291336201226,apoptotic process,BP
GO:0005794,Golgi apparatus,19/164,907/8363,0.4161719622758187,1.078837847181037,19,907,Montipora_capitata_HIv3___RNAseq.g6978.t1/Montipora_capitata_HIv3___RNAseq.g22865.t1/Montipora_capitata_HIv3___RNAseq.g7739.t1/Montipora_capitata_HIv3___RNAseq.g3374.t1/Montipora_capitata_HIv3___RNAseq.g37193.t1/Montipora_capitata_HIv3___RNAseq.g44539.t1/Montipora_capitata_HIv3___RNAseq.g24524.t1/Montipora_capitata_HIv3___RNAseq.g35008.t1/Montipora_capitata_HIv3___RNAseq.g8971.t1/Montipora_capitata_HIv3___RNAseq.g14155.t1/Montipora_capitata_HIv3___RNAseq.g14965.t1/Montipora_capitata_HIv3___RNAseq.g42740.t1/Montipora_capitata_HIv3___RNAseq.g22553.t1c/Montipora_capitata_HIv3___TS.g33523.t1/Montipora_capitata_HIv3___RNAseq.g49962.t1/Montipora_capitata_HIv3___RNAseq.g39706.t2/Montipora_capitata_HIv3___RNAseq.g8867.t2/Montipora_capitata_HIv3___RNAseq.g44445.t1/Montipora_capitata_HIv3___RNAseq.g11658.t1,0.8762291336201226,Golgi apparatus,CC
GO:0140096,"catalytic activity, acting on a protein",26/164,1257/8363,0.41630546108983774,1.0664658075594682,26,1257,Montipora_capitata_HIv3___RNAseq.g6978.t1/Montipora_capitata_HIv3___TS.g1118.t1/Montipora_capitata_HIv3___RNAseq.g23762.t1/Montipora_capitata_HIv3___RNAseq.g5395.t1/Montipora_capitata_HIv3___RNAseq.g35299.t1/Montipora_capitata_HIv3___RNAseq.g11548.t1/Montipora_capitata_HIv3___RNAseq.g33991.t1/Montipora_capitata_HIv3___RNAseq.g46819.t1/Montipora_capitata_HIv3___RNAseq.g50691.t1/Montipora_capitata_HIv3___RNAseq.g3374.t1/Montipora_capitata_HIv3___RNAseq.g44960.t2/Montipora_capitata_HIv3___RNAseq.21467_t/Montipora_capitata_HIv3___RNAseq.g33992.t1/Montipora_capitata_HIv3___RNAseq.g44539.t1/Montipora_capitata_HIv3___RNAseq.g8971.t1/Montipora_capitata_HIv3___RNAseq.g20771.t1/Montipora_capitata_HIv3___RNAseq.g30678.t1b/Montipora_capitata_HIv3___RNAseq.g20807.t2/Montipora_capitata_HIv3___RNAseq.g15186.t1/Montipora_capitata_HIv3___RNAseq.g32149.t1/Montipora_capitata_HIv3___RNAseq.g22553.t1c/Montipora_capitata_HIv3___RNAseq.g23247.t1/Montipora_capitata_HIv3___RNAseq.g15188.t1/Montipora_capitata_HIv3___RNAseq.g28116.t1/Montipora_capitata_HIv3___RNAseq.g14625.t1/Montipora_capitata_HIv3___RNAseq.g39706.t2,0.8762291336201226,"catalytic activity, acting on a protein",MF
GO:0044419,biological process involved in interspecies interaction between organisms,5/164,216/8363,0.41812451501738934,1.1904690133045688,5,216,Montipora_capitata_HIv3___RNAseq.g26525.t1/Montipora_capitata_HIv3___RNAseq.g26580.t1/Montipora_capitata_HIv3___RNAseq.g13857.t1/Montipora_capitata_HIv3___RNAseq.g39706.t2/Montipora_capitata_HIv3___TS.g47745.t1,0.8788921924935058,biological process involved in interspecies interaction between organisms,BP
GO:0045666,positive regulation of neuron differentiation,7/164,314/8363,0.4196534178739726,1.1461440164549295,7,314,Montipora_capitata_HIv3___RNAseq.g6978.t1/Montipora_capitata_HIv3___RNAseq.g5395.t1/Montipora_capitata_HIv3___RNAseq.g24942.t1/Montipora_capitata_HIv3___RNAseq.g8971.t1/Montipora_capitata_HIv3___RNAseq.g24020.t1/Montipora_capitata_HIv3___TS.g10359.t4b/Montipora_capitata_HIv3___RNAseq.g39706.t2,0.8809391192671885,positive regulation of neuron differentiation,BP
GO:0071826,protein-RNA complex organization,5/164,217/8363,0.4220181281275396,1.184706116090944,5,217,Montipora_capitata_HIv3___RNAseq.g26525.t1/Montipora_capitata_HIv3___RNAseq.g27546.t1/Montipora_capitata_HIv3___RNAseq.g47955.t1/Montipora_capitata_HIv3___RNAseq.g43111.t1/Montipora_capitata_HIv3___TS.g47745.t1,0.8847328524945909,protein-RNA complex organization,BP
GO:0051270,GO:0051270,12/164,562/8363,0.42321121974682074,1.0979068245158161,12,562,Montipora_capitata_HIv3___RNAseq.g6978.t1/Montipora_capitata_HIv3___RNAseq.g23734.t3/Montipora_capitata_HIv3___RNAseq.g35804.t1/Montipora_capitata_HIv3___RNAseq.g5395.t1/Montipora_capitata_HIv3___RNAseq.g35008.t1/Montipora_capitata_HIv3___RNAseq.g44814.t1/Montipora_capitata_HIv3___RNAseq.g35720.t1/Montipora_capitata_HIv3___RNAseq.g18698.t1/Montipora_capitata_HIv3___RNAseq.g8971.t1/Montipora_capitata_HIv3___RNAseq.g15029.t1b/Montipora_capitata_HIv3___TS.g10359.t4b/Montipora_capitata_HIv3___RNAseq.g39706.t2,0.8851642971333423,NA,NA
GO:0010646,regulation of cell communication,39/164,1915/8363,0.42333944645507676,1.0515849016052026,39,1915,Montipora_capitata_HIv3___TS.g33283.t2/Montipora_capitata_HIv3___RNAseq.g6978.t1/Montipora_capitata_HIv3___RNAseq.g7992.t1/Montipora_capitata_HIv3___RNAseq.g2559.t1a/Montipora_capitata_HIv3___RNAseq.g23734.t3/Montipora_capitata_HIv3___RNAseq.g35804.t1/Montipora_capitata_HIv3___RNAseq.g5395.t1/Montipora_capitata_HIv3___RNAseq.g23733.t1/Montipora_capitata_HIv3___RNAseq.g7741.t1/Montipora_capitata_HIv3___TS.g29616.t1/Montipora_capitata_HIv3___TS.g27540.t1/Montipora_capitata_HIv3___RNAseq.g34092.t1/Montipora_capitata_HIv3___RNAseq.g12596.t1/Montipora_capitata_HIv3___RNAseq.g3374.t1/Montipora_capitata_HIv3___RNAseq.g44960.t2/Montipora_capitata_HIv3___RNAseq.21467_t/Montipora_capitata_HIv3___RNAseq.g29879.t1b/Montipora_capitata_HIv3___RNAseq.g35718.t1/Montipora_capitata_HIv3___RNAseq.g36907.t1/Montipora_capitata_HIv3___RNAseq.g45527.t1/Montipora_capitata_HIv3___RNAseq.g35008.t1/Montipora_capitata_HIv3___RNAseq.g668.t1/Montipora_capitata_HIv3___RNAseq.g46378.t1/Montipora_capitata_HIv3___RNAseq.g24942.t1/Montipora_capitata_HIv3___RNAseq.g24095.t1/Montipora_capitata_HIv3___RNAseq.g44814.t1/Montipora_capitata_HIv3___RNAseq.g35720.t1/Montipora_capitata_HIv3___RNAseq.g8971.t1/Montipora_capitata_HIv3___RNAseq.g32149.t1/Montipora_capitata_HIv3___TS.g33523.t1/Montipora_capitata_HIv3___RNAseq.g15188.t1/Montipora_capitata_HIv3___RNAseq.g4457.t1/Montipora_capitata_HIv3___TS.g10359.t4b/Montipora_capitata_HIv3___RNAseq.g39706.t2/Montipora_capitata_HIv3___RNAseq.g22853.t1/Montipora_capitata_HIv3___RNAseq.g44445.t1/Montipora_capitata_HIv3___RNAseq.g23366.t1/Montipora_capitata_HIv3___RNAseq.g14488.t1/Montipora_capitata_HIv3___TS.g46192.t3,0.8851642971333423,regulation of cell communication,BP
GO:2001242,regulation of intrinsic apoptotic signaling pathway,3/164,121/8363,0.42482468721794997,1.2760378030743815,3,121,Montipora_capitata_HIv3___RNAseq.g44814.t1/Montipora_capitata_HIv3___RNAseq.g15188.t1/Montipora_capitata_HIv3___RNAseq.g44445.t1,0.8871010244932719,regulation of intrinsic apoptotic signaling pathway,BP
GO:0051347,positive regulation of transferase activity,8/164,365/8363,0.4254463253328511,1.1264637486806843,8,365,Montipora_capitata_HIv3___TS.g33283.t2/Montipora_capitata_HIv3___RNAseq.g6978.t1/Montipora_capitata_HIv3___TS.g1118.t1/Montipora_capitata_HIv3___RNAseq.g44960.t2/Montipora_capitata_HIv3___RNAseq.21467_t/Montipora_capitata_HIv3___RNAseq.g35008.t1/Montipora_capitata_HIv3___RNAseq.g8971.t1/Montipora_capitata_HIv3___RNAseq.g14965.t1,0.8872316929083242,positive regulation of transferase activity,BP
GO:0016050,vesicle organization,6/164,267/8363,0.4263744391187845,1.1549318053562398,6,267,Montipora_capitata_HIv3___RNAseq.g42740.t1/Montipora_capitata_HIv3___RNAseq.g1174.t1/Montipora_capitata_HIv3___TS.g33523.t1/Montipora_capitata_HIv3___RNAseq.g49962.t1/Montipora_capitata_HIv3___RNAseq.g15029.t1b/Montipora_capitata_HIv3___TS.g20607.t1,0.8880003082434527,vesicle organization,BP
GO:0007167,enzyme-linked receptor protein signaling pathway,9/164,415/8363,0.42732891357991953,1.1145043774061543,9,415,Montipora_capitata_HIv3___RNAseq.g6978.t1/Montipora_capitata_HIv3___RNAseq.g5395.t1/Montipora_capitata_HIv3___RNAseq.g24942.t1/Montipora_capitata_HIv3___RNAseq.g44814.t1/Montipora_capitata_HIv3___RNAseq.g18698.t1/Montipora_capitata_HIv3___RNAseq.g8971.t1/Montipora_capitata_HIv3___RNAseq.g42092.t1/Montipora_capitata_HIv3___RNAseq.g28116.t1/Montipora_capitata_HIv3___RNAseq.g39706.t2,0.8888217376819559,enzyme-linked receptor protein signaling pathway,BP
GO:0001501,skeletal system development,6/164,269/8363,0.43339739680208944,1.1458615999136035,6,269,Montipora_capitata_HIv3___RNAseq.g7741.t1/Montipora_capitata_HIv3___RNAseq.g44814.t1/Montipora_capitata_HIv3___RNAseq.g8971.t1/Montipora_capitata_HIv3___RNAseq.g42092.t1/Montipora_capitata_HIv3___RNAseq.g33449.t1/Montipora_capitata_HIv3___RNAseq.g50276.t1,0.9002639642996282,skeletal system development,BP
GO:0044089,positive regulation of cellular component biogenesis,8/164,368/8363,0.43448107212416687,1.116650595495074,8,368,Montipora_capitata_HIv3___RNAseq.g23734.t3/Montipora_capitata_HIv3___RNAseq.g35804.t1/Montipora_capitata_HIv3___RNAseq.g403.t1/Montipora_capitata_HIv3___RNAseq.g24942.t1/Montipora_capitata_HIv3___RNAseq.g35720.t1/Montipora_capitata_HIv3___RNAseq.g15029.t1b/Montipora_capitata_HIv3___RNAseq.g39706.t2/Montipora_capitata_HIv3___TS.g47745.t1,0.9013352437399385,positive regulation of cellular component biogenesis,BP
GO:0016874,ligase activity,3/164,123/8363,0.43526360376565587,1.254463120356977,3,123,Montipora_capitata_HIv3___RNAseq.g40427.t1a/Montipora_capitata_HIv3___RNAseq.g14956.t1/Montipora_capitata_HIv3___RNAseq.g14960.t1,0.9015988101973822,ligase activity,MF
GO:0032879,regulation of localization,32/164,1571/8363,0.4366150300996618,1.0490877298111918,32,1571,Montipora_capitata_HIv3___TS.g33283.t2/Montipora_capitata_HIv3___RNAseq.g6978.t1/Montipora_capitata_HIv3___TS.g1118.t1/Montipora_capitata_HIv3___RNAseq.g23734.t3/Montipora_capitata_HIv3___RNAseq.g35804.t1/Montipora_capitata_HIv3___RNAseq.g5395.t1/Montipora_capitata_HIv3___RNAseq.g7741.t1/Montipora_capitata_HIv3___RNAseq.g24139.t1/Montipora_capitata_HIv3___RNAseq.g34092.t1/Montipora_capitata_HIv3___RNAseq.g44960.t2/Montipora_capitata_HIv3___RNAseq.21467_t/Montipora_capitata_HIv3___RNAseq.g37193.t1/Montipora_capitata_HIv3___RNAseq.g42608.t1/Montipora_capitata_HIv3___RNAseq.g45361.t1/Montipora_capitata_HIv3___RNAseq.g35008.t1/Montipora_capitata_HIv3___RNAseq.g24942.t1/Montipora_capitata_HIv3___RNAseq.g24095.t1/Montipora_capitata_HIv3___RNAseq.g44814.t1/Montipora_capitata_HIv3___RNAseq.g35720.t1/Montipora_capitata_HIv3___RNAseq.g18698.t1/Montipora_capitata_HIv3___RNAseq.g8971.t1/Montipora_capitata_HIv3___RNAseq.g14155.t1/Montipora_capitata_HIv3___RNAseq.g42740.t1/Montipora_capitata_HIv3___RNAseq.g49962.t1/Montipora_capitata_HIv3___RNAseq.g8270.t1/Montipora_capitata_HIv3___RNAseq.g15029.t1b/Montipora_capitata_HIv3___TS.g10359.t4b/Montipora_capitata_HIv3___RNAseq.g41226.t1/Montipora_capitata_HIv3___RNAseq.g39706.t2/Montipora_capitata_HIv3___RNAseq.g14488.t1/Montipora_capitata_HIv3___TS.g47745.t1/Montipora_capitata_HIv3___TS.g20607.t1,0.9015988101973822,regulation of localization,BP
GO:0019216,regulation of lipid metabolic process,6/164,270/8363,0.4369039958669553,1.1413780264011237,6,270,Montipora_capitata_HIv3___RNAseq.g6978.t1/Montipora_capitata_HIv3___RNAseq.g46378.t1/Montipora_capitata_HIv3___RNAseq.g24095.t1/Montipora_capitata_HIv3___RNAseq.g8971.t1/Montipora_capitata_HIv3___RNAseq.g41333.t1/Montipora_capitata_HIv3___RNAseq.g15029.t1b,0.9015988101973822,regulation of lipid metabolic process,BP
GO:0044445,GO:0044445,4/164,172/8363,0.43733862252882383,1.1950599163699684,4,172,Montipora_capitata_HIv3___RNAseq.g27546.t1/Montipora_capitata_HIv3___RNAseq.g1174.t1/Montipora_capitata_HIv3___RNAseq.g43111.t1/Montipora_capitata_HIv3___RNAseq.g11658.t1,0.9015988101973822,NA,NA
GO:0048667,cell morphogenesis involved in neuron differentiation,11/164,518/8363,0.43744869807938513,1.0907309759304593,11,518,Montipora_capitata_HIv3___RNAseq.g23734.t3/Montipora_capitata_HIv3___RNAseq.g35804.t1/Montipora_capitata_HIv3___RNAseq.g35008.t1/Montipora_capitata_HIv3___RNAseq.g24942.t1/Montipora_capitata_HIv3___RNAseq.g35720.t1/Montipora_capitata_HIv3___RNAseq.g8971.t1/Montipora_capitata_HIv3___RNAseq.g24020.t1/Montipora_capitata_HIv3___RNAseq.g39706.t2/Montipora_capitata_HIv3___TS.g47745.t1/Montipora_capitata_HIv3___RNAseq.g37450.t2/Montipora_capitata_HIv3___TS.g46192.t3,0.9015988101973822,cell morphogenesis involved in neuron differentiation,BP
GO:0044798,GO:0044798,3/164,124/8363,0.44045734163940164,1.2439432166934579,3,124,Montipora_capitata_HIv3___RNAseq.g7741.t1/Montipora_capitata_HIv3___RNAseq.g45527.t1/Montipora_capitata_HIv3___RNAseq.g44814.t1,0.9031895641862886,NA,NA
GO:1901681,sulfur compound binding,3/164,124/8363,0.44045734163940164,1.2439432166934579,3,124,Montipora_capitata_HIv3___RNAseq.g34092.t1/Montipora_capitata_HIv3___RNAseq.g44519.t1/Montipora_capitata_HIv3___RNAseq.g8971.t1,0.9031895641862886,sulfur compound binding,MF
GO:0034284,response to monosaccharide,3/164,124/8363,0.44045734163940164,1.2439432166934579,3,124,Montipora_capitata_HIv3___RNAseq.g7741.t1/Montipora_capitata_HIv3___RNAseq.g44814.t1/Montipora_capitata_HIv3___RNAseq.g14488.t1,0.9031895641862886,response to monosaccharide,BP
GO:0002366,leukocyte activation involved in immune response,8/164,370/8363,0.44049698971656415,1.1101943236592227,8,370,Montipora_capitata_HIv3___RNAseq.g23734.t3/Montipora_capitata_HIv3___RNAseq.g35804.t1/Montipora_capitata_HIv3___RNAseq.g44519.t1/Montipora_capitata_HIv3___RNAseq.g24942.t1/Montipora_capitata_HIv3___RNAseq.g35720.t1/Montipora_capitata_HIv3___RNAseq.g18698.t1/Montipora_capitata_HIv3___TS.g33523.t1/Montipora_capitata_HIv3___RNAseq.g14488.t1,0.9031895641862886,leukocyte activation involved in immune response,BP
GO:0051962,positive regulation of nervous system development,9/164,420/8363,0.44148432216661093,1.100230949783641,9,420,Montipora_capitata_HIv3___RNAseq.g6978.t1/Montipora_capitata_HIv3___RNAseq.g5395.t1/Montipora_capitata_HIv3___RNAseq.g35008.t1/Montipora_capitata_HIv3___RNAseq.g24942.t1/Montipora_capitata_HIv3___RNAseq.g44814.t1/Montipora_capitata_HIv3___RNAseq.g8971.t1/Montipora_capitata_HIv3___RNAseq.g24020.t1/Montipora_capitata_HIv3___TS.g10359.t4b/Montipora_capitata_HIv3___RNAseq.g39706.t2,0.9033704619409658,positive regulation of nervous system development,BP
GO:0035770,ribonucleoprotein granule,4/164,173/8363,0.4417236789326966,1.1878417005524242,4,173,Montipora_capitata_HIv3___RNAseq.g42608.t1/Montipora_capitata_HIv3___RNAseq.g4241.t1/Montipora_capitata_HIv3___RNAseq.g47955.t1/Montipora_capitata_HIv3___TS.g47745.t1,0.9033704619409658,ribonucleoprotein granule,CC
GO:0060271,cilium assembly,7/164,322/8363,0.44549078050277147,1.1159075655919597,7,322,Montipora_capitata_HIv3___RNAseq.g36838.t1/Montipora_capitata_HIv3___RNAseq.g22865.t1/Montipora_capitata_HIv3___TS.g5595.t1/Montipora_capitata_HIv3___RNAseq.g3374.t1/Montipora_capitata_HIv3___RNAseq.g8971.t1/Montipora_capitata_HIv3___TS.g5653.t1/Montipora_capitata_HIv3___TS.g4674.t2b,0.9051524543894668,cilium assembly,BP
GO:1901991,negative regulation of mitotic cell cycle phase transition,3/164,125/8363,0.44563306705119765,1.233595759972387,3,125,Montipora_capitata_HIv3___RNAseq.g7741.t1/Montipora_capitata_HIv3___RNAseq.g14965.t1/Montipora_capitata_HIv3___RNAseq.g43161.t1a,0.9051524543894668,negative regulation of mitotic cell cycle phase transition,BP
GO:0016747,"acyltransferase activity, transferring groups other than amino-acyl groups",3/164,125/8363,0.44563306705119765,1.233595759972387,3,125,Montipora_capitata_HIv3___RNAseq.g44562.t1/Montipora_capitata_HIv3___RNAseq.g9918.t1/Montipora_capitata_HIv3___RNAseq.g44719.t1,0.9051524543894668,"acyltransferase activity, transferring groups other than amino-acyl groups",MF
GO:0010001,glial cell differentiation,3/164,125/8363,0.44563306705119765,1.233595759972387,3,125,Montipora_capitata_HIv3___RNAseq.g7741.t1/Montipora_capitata_HIv3___RNAseq.g8971.t1/Montipora_capitata_HIv3___TS.g46192.t3,0.9051524543894668,glial cell differentiation,BP
GO:0010608,post-transcriptional regulation of gene expression,8/164,372/8363,0.44650557476908137,1.1038085414867924,8,372,Montipora_capitata_HIv3___RNAseq.g7741.t1/Montipora_capitata_HIv3___RNAseq.g42608.t1/Montipora_capitata_HIv3___RNAseq.g24942.t1/Montipora_capitata_HIv3___RNAseq.g47955.t1/Montipora_capitata_HIv3___RNAseq.g15188.t1/Montipora_capitata_HIv3___RNAseq.g18929.t1/Montipora_capitata_HIv3___RNAseq.g41226.t1/Montipora_capitata_HIv3___TS.g47745.t1,0.9051524543894668,post-transcriptional regulation of gene expression,BP
GO:0002263,cell activation involved in immune response,8/164,372/8363,0.44650557476908137,1.1038085414867924,8,372,Montipora_capitata_HIv3___RNAseq.g23734.t3/Montipora_capitata_HIv3___RNAseq.g35804.t1/Montipora_capitata_HIv3___RNAseq.g44519.t1/Montipora_capitata_HIv3___RNAseq.g24942.t1/Montipora_capitata_HIv3___RNAseq.g35720.t1/Montipora_capitata_HIv3___RNAseq.g18698.t1/Montipora_capitata_HIv3___TS.g33523.t1/Montipora_capitata_HIv3___RNAseq.g14488.t1,0.9051524543894668,cell activation involved in immune response,BP
GO:0023051,regulation of signaling,39/164,1931/8363,0.446587505851892,1.0400531439630565,39,1931,Montipora_capitata_HIv3___TS.g33283.t2/Montipora_capitata_HIv3___RNAseq.g6978.t1/Montipora_capitata_HIv3___RNAseq.g7992.t1/Montipora_capitata_HIv3___RNAseq.g2559.t1a/Montipora_capitata_HIv3___RNAseq.g23734.t3/Montipora_capitata_HIv3___RNAseq.g35804.t1/Montipora_capitata_HIv3___RNAseq.g5395.t1/Montipora_capitata_HIv3___RNAseq.g23733.t1/Montipora_capitata_HIv3___RNAseq.g7741.t1/Montipora_capitata_HIv3___TS.g29616.t1/Montipora_capitata_HIv3___TS.g27540.t1/Montipora_capitata_HIv3___RNAseq.g34092.t1/Montipora_capitata_HIv3___RNAseq.g12596.t1/Montipora_capitata_HIv3___RNAseq.g3374.t1/Montipora_capitata_HIv3___RNAseq.g44960.t2/Montipora_capitata_HIv3___RNAseq.21467_t/Montipora_capitata_HIv3___RNAseq.g29879.t1b/Montipora_capitata_HIv3___RNAseq.g35718.t1/Montipora_capitata_HIv3___RNAseq.g36907.t1/Montipora_capitata_HIv3___RNAseq.g45527.t1/Montipora_capitata_HIv3___RNAseq.g35008.t1/Montipora_capitata_HIv3___RNAseq.g668.t1/Montipora_capitata_HIv3___RNAseq.g46378.t1/Montipora_capitata_HIv3___RNAseq.g24942.t1/Montipora_capitata_HIv3___RNAseq.g24095.t1/Montipora_capitata_HIv3___RNAseq.g44814.t1/Montipora_capitata_HIv3___RNAseq.g35720.t1/Montipora_capitata_HIv3___RNAseq.g8971.t1/Montipora_capitata_HIv3___RNAseq.g32149.t1/Montipora_capitata_HIv3___TS.g33523.t1/Montipora_capitata_HIv3___RNAseq.g15188.t1/Montipora_capitata_HIv3___RNAseq.g4457.t1/Montipora_capitata_HIv3___TS.g10359.t4b/Montipora_capitata_HIv3___RNAseq.g39706.t2/Montipora_capitata_HIv3___RNAseq.g22853.t1/Montipora_capitata_HIv3___RNAseq.g44445.t1/Montipora_capitata_HIv3___RNAseq.g23366.t1/Montipora_capitata_HIv3___RNAseq.g14488.t1/Montipora_capitata_HIv3___TS.g46192.t3,0.9051524543894668,regulation of signaling,BP
GO:0044444,GO:0044444,110/164,5542/8363,0.44899391567697716,1.0376408588125725,110,5542,Montipora_capitata_HIv3___TS.g33283.t2/Montipora_capitata_HIv3___RNAseq.g6978.t1/Montipora_capitata_HIv3___RNAseq.g36845.t1/Montipora_capitata_HIv3___RNAseq.g7992.t1/Montipora_capitata_HIv3___TS.g1118.t1/Montipora_capitata_HIv3___RNAseq.g36838.t1/Montipora_capitata_HIv3___RNAseq.g23734.t3/Montipora_capitata_HIv3___RNAseq.g26525.t1/Montipora_capitata_HIv3___RNAseq.g35804.t1/Montipora_capitata_HIv3___RNAseq.g15043.t1/Montipora_capitata_HIv3___RNAseq.g40427.t1a/Montipora_capitata_HIv3___RNAseq.g23762.t1/Montipora_capitata_HIv3___TS.g44069.t1/Montipora_capitata_HIv3___RNAseq.g5395.t1/Montipora_capitata_HIv3___RNAseq.g22865.t1/Montipora_capitata_HIv3___RNAseq.g35299.t1/Montipora_capitata_HIv3___RNAseq.g11548.t1/Montipora_capitata_HIv3___RNAseq.g7741.t1/Montipora_capitata_HIv3___TS.g29616.t1/Montipora_capitata_HIv3___RNAseq.g7739.t1/Montipora_capitata_HIv3___RNAseq.g26580.t1/Montipora_capitata_HIv3___RNAseq.g2640.t1a/Montipora_capitata_HIv3___TS.g5595.t1/Montipora_capitata_HIv3___RNAseq.g36836.t1/Montipora_capitata_HIv3___RNAseq.g27546.t1/Montipora_capitata_HIv3___RNAseq.g24139.t1/Montipora_capitata_HIv3___RNAseq.g34092.t1/Montipora_capitata_HIv3___RNAseq.g44519.t1/Montipora_capitata_HIv3___RNAseq.g46819.t1/Montipora_capitata_HIv3___RNAseq.g12596.t1/Montipora_capitata_HIv3___RNAseq.g50691.t1/Montipora_capitata_HIv3___RNAseq.g3374.t1/Montipora_capitata_HIv3___RNAseq.g44960.t2/Montipora_capitata_HIv3___RNAseq.21467_t/Montipora_capitata_HIv3___RNAseq.g9026.t1/Montipora_capitata_HIv3___RNAseq.g37193.t1/Montipora_capitata_HIv3___RNAseq.g29879.t1b/Montipora_capitata_HIv3___RNAseq.g42608.t1/Montipora_capitata_HIv3___RNAseq.g39887.t1/Montipora_capitata_HIv3___RNAseq.g12736.t1/Montipora_capitata_HIv3___TS.g40937.t3b/Montipora_capitata_HIv3___RNAseq.g38848.t1/Montipora_capitata_HIv3___RNAseq.g44539.t1/Montipora_capitata_HIv3___RNAseq.g403.t1/Montipora_capitata_HIv3___RNAseq.g24524.t1/Montipora_capitata_HIv3___RNAseq.g13857.t1/Montipora_capitata_HIv3___RNAseq.g36907.t1/Montipora_capitata_HIv3___RNAseq.g35008.t1/Montipora_capitata_HIv3___RNAseq.g40982.t1a/Montipora_capitata_HIv3___RNAseq.g46378.t1/Montipora_capitata_HIv3___RNAseq.g24942.t1/Montipora_capitata_HIv3___RNAseq.g24095.t1/Montipora_capitata_HIv3___RNAseq.g44814.t1/Montipora_capitata_HIv3___RNAseq.g35720.t1/Montipora_capitata_HIv3___RNAseq.g18698.t1/Montipora_capitata_HIv3___RNAseq.g14515.t1/Montipora_capitata_HIv3___RNAseq.g8971.t1/Montipora_capitata_HIv3___RNAseq.g41416.t2a/Montipora_capitata_HIv3___RNAseq.g30678.t1b/Montipora_capitata_HIv3___RNAseq.g20807.t2/Montipora_capitata_HIv3___TS.g5653.t1/Montipora_capitata_HIv3___TS.g6904.t1/Montipora_capitata_HIv3___RNAseq.g14155.t1/Montipora_capitata_HIv3___RNAseq.g40991.t1/Montipora_capitata_HIv3___RNAseq.g14965.t1/Montipora_capitata_HIv3___TS.g4674.t2b/Montipora_capitata_HIv3___RNAseq.g30434.t1/Montipora_capitata_HIv3___RNAseq.g42740.t1/Montipora_capitata_HIv3___RNAseq.g43161.t1a/Montipora_capitata_HIv3___RNAseq.g22553.t1c/Montipora_capitata_HIv3___RNAseq.g41333.t1/Montipora_capitata_HIv3___RNAseq.g9918.t1/Montipora_capitata_HIv3___RNAseq.g33449.t1/Montipora_capitata_HIv3___RNAseq.g22408.t1/Montipora_capitata_HIv3___RNAseq.g9060.t1/Montipora_capitata_HIv3___RNAseq.g1174.t1/Montipora_capitata_HIv3___RNAseq.g23247.t1/Montipora_capitata_HIv3___TS.g33523.t1/Montipora_capitata_HIv3___RNAseq.g39974.t1/Montipora_capitata_HIv3___RNAseq.g4241.t1/Montipora_capitata_HIv3___RNAseq.g47955.t1/Montipora_capitata_HIv3___RNAseq.g15188.t1/Montipora_capitata_HIv3___RNAseq.g49962.t1/Montipora_capitata_HIv3___RNAseq.g11214.t1/Montipora_capitata_HIv3___RNAseq.g18929.t1/Montipora_capitata_HIv3___TS.g50674.t1/Montipora_capitata_HIv3___RNAseq.g43111.t1/Montipora_capitata_HIv3___RNAseq.g33997.t1/Montipora_capitata_HIv3___RNAseq.g9561.t1/Montipora_capitata_HIv3___RNAseq.g15029.t1b/Montipora_capitata_HIv3___TS.g21895.t1/Montipora_capitata_HIv3___RNAseq.g44719.t1/Montipora_capitata_HIv3___RNAseq.g9087.t1/Montipora_capitata_HIv3___RNAseq.g14625.t1/Montipora_capitata_HIv3___RNAseq.g41226.t1/Montipora_capitata_HIv3___RNAseq.g14956.t1/Montipora_capitata_HIv3___RNAseq.g39706.t2/Montipora_capitata_HIv3___RNAseq.g8867.t2/Montipora_capitata_HIv3___RNAseq.g22853.t1/Montipora_capitata_HIv3___RNAseq.g44445.t1/Montipora_capitata_HIv3___RNAseq.g14960.t1/Montipora_capitata_HIv3___TS.g32614.t2/Montipora_capitata_HIv3___RNAseq.g23366.t1/Montipora_capitata_HIv3___RNAseq.g18391.t1/Montipora_capitata_HIv3___RNAseq.g11658.t1/Montipora_capitata_HIv3___RNAseq.g14488.t1/Montipora_capitata_HIv3___TS.g47745.t1/Montipora_capitata_HIv3___RNAseq.g37450.t2/Montipora_capitata_HIv3___RNAseq.g20763.t1/Montipora_capitata_HIv3___TS.g20607.t1,0.9064385669650031,NA,NA
GO:0034762,regulation of transmembrane transport,5/164,224/8363,0.44913414179357436,1.145839320740763,5,224,Montipora_capitata_HIv3___TS.g33283.t2/Montipora_capitata_HIv3___RNAseq.g6978.t1/Montipora_capitata_HIv3___RNAseq.g24139.t1/Montipora_capitata_HIv3___RNAseq.g34092.t1/Montipora_capitata_HIv3___RNAseq.g24095.t1,0.9064385669650031,regulation of transmembrane transport,BP
GO:0071310,cellular response to organic substance,25/164,1226/8363,0.4494330586473624,1.0479903104850432,25,1226,Montipora_capitata_HIv3___TS.g33283.t2/Montipora_capitata_HIv3___RNAseq.g6978.t1/Montipora_capitata_HIv3___RNAseq.g5395.t1/Montipora_capitata_HIv3___RNAseq.g11548.t1/Montipora_capitata_HIv3___RNAseq.g7741.t1/Montipora_capitata_HIv3___RNAseq.g2640.t1a/Montipora_capitata_HIv3___TS.g27540.t1/Montipora_capitata_HIv3___RNAseq.g34092.t1/Montipora_capitata_HIv3___RNAseq.g50691.t1/Montipora_capitata_HIv3___RNAseq.g44960.t2/Montipora_capitata_HIv3___RNAseq.21467_t/Montipora_capitata_HIv3___RNAseq.g46378.t1/Montipora_capitata_HIv3___RNAseq.g24942.t1/Montipora_capitata_HIv3___RNAseq.g44814.t1/Montipora_capitata_HIv3___RNAseq.g8971.t1/Montipora_capitata_HIv3___RNAseq.g42092.t1/Montipora_capitata_HIv3___RNAseq.g43161.t1a/Montipora_capitata_HIv3___RNAseq.g33449.t1/Montipora_capitata_HIv3___TS.g33523.t1/Montipora_capitata_HIv3___RNAseq.g15188.t1/Montipora_capitata_HIv3___RNAseq.g39706.t2/Montipora_capitata_HIv3___RNAseq.g44445.t1/Montipora_capitata_HIv3___RNAseq.g14488.t1/Montipora_capitata_HIv3___TS.g47745.t1/Montipora_capitata_HIv3___TS.g46192.t3,0.9064385669650031,cellular response to organic substance,BP
GO:0032787,monocarboxylic acid metabolic process,8/164,373/8363,0.44950671216222904,1.1006418869063128,8,373,Montipora_capitata_HIv3___TS.g33283.t2/Montipora_capitata_HIv3___RNAseq.g46378.t1/Montipora_capitata_HIv3___RNAseq.g44814.t1/Montipora_capitata_HIv3___RNAseq.g37645.t1/Montipora_capitata_HIv3___RNAseq.g44719.t1/Montipora_capitata_HIv3___RNAseq.g9087.t1/Montipora_capitata_HIv3___RNAseq.g14956.t1/Montipora_capitata_HIv3___RNAseq.g14960.t1,0.9064385669650031,monocarboxylic acid metabolic process,BP
GO:0005798,Golgi-associated vesicle,3/164,126/8363,0.45079015365253605,1.2234165444589722,3,126,Montipora_capitata_HIv3___RNAseq.g42740.t1/Montipora_capitata_HIv3___TS.g33523.t1/Montipora_capitata_HIv3___RNAseq.g39706.t2,0.9078730632570745,Golgi-associated vesicle,CC
GO:0030855,epithelial cell differentiation,11/164,524/8363,0.4527719083663584,1.0771256600252104,11,524,Montipora_capitata_HIv3___RNAseq.g7741.t1/Montipora_capitata_HIv3___RNAseq.g24942.t1/Montipora_capitata_HIv3___RNAseq.g44814.t1/Montipora_capitata_HIv3___RNAseq.g18698.t1/Montipora_capitata_HIv3___RNAseq.g8971.t1/Montipora_capitata_HIv3___RNAseq.g41333.t1/Montipora_capitata_HIv3___RNAseq.g9060.t1/Montipora_capitata_HIv3___RNAseq.g14625.t1/Montipora_capitata_HIv3___TS.g10359.t4b/Montipora_capitata_HIv3___RNAseq.g39706.t2/Montipora_capitata_HIv3___TS.g20607.t1,0.910708515307238,epithelial cell differentiation,BP
GO:0008289,lipid binding,7/164,325/8363,0.45513698939331404,1.104955087777417,7,325,Montipora_capitata_HIv3___TS.g44069.t1/Montipora_capitata_HIv3___RNAseq.g46378.t1/Montipora_capitata_HIv3___RNAseq.g18698.t1/Montipora_capitata_HIv3___RNAseq.g11214.t1/Montipora_capitata_HIv3___RNAseq.g44719.t1/Montipora_capitata_HIv3___RNAseq.g8867.t2/Montipora_capitata_HIv3___TS.g20607.t1,0.9138830309025899,lipid binding,MF
GO:0006897,endocytosis,8/164,375/8363,0.45550187614615545,1.0943603543452303,8,375,Montipora_capitata_HIv3___RNAseq.g2640.t1a/Montipora_capitata_HIv3___RNAseq.g38848.t1/Montipora_capitata_HIv3___RNAseq.g24942.t1/Montipora_capitata_HIv3___RNAseq.g24095.t1/Montipora_capitata_HIv3___RNAseq.g18698.t1/Montipora_capitata_HIv3___RNAseq.g42740.t1/Montipora_capitata_HIv3___TS.g33523.t1/Montipora_capitata_HIv3___TS.g20607.t1,0.9138830309025899,endocytosis,BP
GO:0048568,embryonic organ development,8/164,376/8363,0.4584955861412934,1.0912452024847512,8,376,Montipora_capitata_HIv3___RNAseq.g2559.t1a/Montipora_capitata_HIv3___RNAseq.g35008.t1/Montipora_capitata_HIv3___RNAseq.g44814.t1/Montipora_capitata_HIv3___RNAseq.g8971.t1/Montipora_capitata_HIv3___TS.g33523.t1/Montipora_capitata_HIv3___TS.g10359.t4b/Montipora_capitata_HIv3___TS.g46192.t3/Montipora_capitata_HIv3___RNAseq.g50276.t1,0.9187278979876674,embryonic organ development,BP
GO:0009792,embryo development ending in birth or egg hatching,16/164,778/8363,0.45959423965842494,1.0551278812762053,16,778,Montipora_capitata_HIv3___RNAseq.g5395.t1/Montipora_capitata_HIv3___RNAseq.g7741.t1/Montipora_capitata_HIv3___RNAseq.g44960.t2/Montipora_capitata_HIv3___RNAseq.21467_t/Montipora_capitata_HIv3___RNAseq.g13857.t1/Montipora_capitata_HIv3___RNAseq.g35008.t1/Montipora_capitata_HIv3___RNAseq.g44814.t1/Montipora_capitata_HIv3___RNAseq.g18698.t1/Montipora_capitata_HIv3___RNAseq.g8971.t1/Montipora_capitata_HIv3___RNAseq.g42740.t1/Montipora_capitata_HIv3___RNAseq.g33449.t1/Montipora_capitata_HIv3___TS.g33523.t1/Montipora_capitata_HIv3___RNAseq.g47955.t1/Montipora_capitata_HIv3___RNAseq.g15188.t1/Montipora_capitata_HIv3___TS.g46192.t3/Montipora_capitata_HIv3___RNAseq.g50276.t1,0.9197680433012867,embryo development ending in birth or egg hatching,BP
GO:0045597,positive regulation of cell differentiation,13/164,628/8363,0.46168641640823316,1.061685409738578,13,628,Montipora_capitata_HIv3___RNAseq.g6978.t1/Montipora_capitata_HIv3___RNAseq.g5395.t1/Montipora_capitata_HIv3___RNAseq.g44960.t2/Montipora_capitata_HIv3___RNAseq.21467_t/Montipora_capitata_HIv3___RNAseq.g35008.t1/Montipora_capitata_HIv3___RNAseq.g46378.t1/Montipora_capitata_HIv3___RNAseq.g24942.t1/Montipora_capitata_HIv3___RNAseq.g44814.t1/Montipora_capitata_HIv3___RNAseq.g8971.t1/Montipora_capitata_HIv3___RNAseq.g24020.t1/Montipora_capitata_HIv3___RNAseq.g42740.t1/Montipora_capitata_HIv3___TS.g10359.t4b/Montipora_capitata_HIv3___RNAseq.g39706.t2,0.9216306199243598,positive regulation of cell differentiation,BP
GO:0060341,regulation of cellular localization,13/164,628/8363,0.46168641640823316,1.061685409738578,13,628,Montipora_capitata_HIv3___TS.g33283.t2/Montipora_capitata_HIv3___RNAseq.g6978.t1/Montipora_capitata_HIv3___TS.g1118.t1/Montipora_capitata_HIv3___RNAseq.g5395.t1/Montipora_capitata_HIv3___RNAseq.g34092.t1/Montipora_capitata_HIv3___RNAseq.g37193.t1/Montipora_capitata_HIv3___RNAseq.g24942.t1/Montipora_capitata_HIv3___RNAseq.g24095.t1/Montipora_capitata_HIv3___RNAseq.g44814.t1/Montipora_capitata_HIv3___RNAseq.g49962.t1/Montipora_capitata_HIv3___RNAseq.g15029.t1b/Montipora_capitata_HIv3___RNAseq.g39706.t2/Montipora_capitata_HIv3___TS.g47745.t1,0.9216306199243598,regulation of cellular localization,BP
GO:0060562,epithelial tube morphogenesis,12/164,578/8363,0.4623428766176093,1.064691452033117,12,578,Montipora_capitata_HIv3___RNAseq.g2559.t1a/Montipora_capitata_HIv3___RNAseq.g22865.t1/Montipora_capitata_HIv3___RNAseq.g7741.t1/Montipora_capitata_HIv3___RNAseq.g44960.t2/Montipora_capitata_HIv3___RNAseq.21467_t/Montipora_capitata_HIv3___RNAseq.g36907.t1/Montipora_capitata_HIv3___RNAseq.g668.t1/Montipora_capitata_HIv3___RNAseq.g44814.t1/Montipora_capitata_HIv3___RNAseq.g8971.t1/Montipora_capitata_HIv3___TS.g33523.t1/Montipora_capitata_HIv3___RNAseq.g28116.t1/Montipora_capitata_HIv3___RNAseq.g18391.t1,0.9217815894373693,epithelial tube morphogenesis,BP
GO:1903508,GO:1903508,18/164,881/8363,0.4641806960756003,1.0480226283130885,18,881,Montipora_capitata_HIv3___TS.g33283.t2/Montipora_capitata_HIv3___RNAseq.g6978.t1/Montipora_capitata_HIv3___TS.g1118.t1/Montipora_capitata_HIv3___RNAseq.g26525.t1/Montipora_capitata_HIv3___RNAseq.g7741.t1/Montipora_capitata_HIv3___RNAseq.g44960.t2/Montipora_capitata_HIv3___RNAseq.21467_t/Montipora_capitata_HIv3___RNAseq.g403.t1/Montipora_capitata_HIv3___RNAseq.g45527.t1/Montipora_capitata_HIv3___RNAseq.g35008.t1/Montipora_capitata_HIv3___RNAseq.g44814.t1/Montipora_capitata_HIv3___RNAseq.g8971.t1/Montipora_capitata_HIv3___RNAseq.g36935.t1/Montipora_capitata_HIv3___RNAseq.g43161.t1a/Montipora_capitata_HIv3___RNAseq.g41333.t1/Montipora_capitata_HIv3___RNAseq.g44445.t1/Montipora_capitata_HIv3___TS.g47745.t1/Montipora_capitata_HIv3___TS.g46192.t3,0.9223967856910182,NA,NA
GO:0016482,cytosolic transport,3/164,129/8363,0.466143585942584,1.1938482872656362,3,129,Montipora_capitata_HIv3___RNAseq.g14155.t1/Montipora_capitata_HIv3___RNAseq.g15029.t1b/Montipora_capitata_HIv3___TS.g20607.t1,0.9223967856910182,cytosolic transport,BP
GO:0031012,extracellular matrix,3/164,129/8363,0.466143585942584,1.1938482872656362,3,129,Montipora_capitata_HIv3___RNAseq.g34092.t1/Montipora_capitata_HIv3___RNAseq.g33449.t1/Montipora_capitata_HIv3___RNAseq.g44445.t1,0.9223967856910182,extracellular matrix,CC
GO:1902680,positive regulation of RNA biosynthetic process,18/164,882/8363,0.46619317586558184,1.0466665296536712,18,882,Montipora_capitata_HIv3___TS.g33283.t2/Montipora_capitata_HIv3___RNAseq.g6978.t1/Montipora_capitata_HIv3___TS.g1118.t1/Montipora_capitata_HIv3___RNAseq.g26525.t1/Montipora_capitata_HIv3___RNAseq.g7741.t1/Montipora_capitata_HIv3___RNAseq.g44960.t2/Montipora_capitata_HIv3___RNAseq.21467_t/Montipora_capitata_HIv3___RNAseq.g403.t1/Montipora_capitata_HIv3___RNAseq.g45527.t1/Montipora_capitata_HIv3___RNAseq.g35008.t1/Montipora_capitata_HIv3___RNAseq.g44814.t1/Montipora_capitata_HIv3___RNAseq.g8971.t1/Montipora_capitata_HIv3___RNAseq.g36935.t1/Montipora_capitata_HIv3___RNAseq.g43161.t1a/Montipora_capitata_HIv3___RNAseq.g41333.t1/Montipora_capitata_HIv3___RNAseq.g44445.t1/Montipora_capitata_HIv3___TS.g47745.t1/Montipora_capitata_HIv3___TS.g46192.t3,0.9223967856910182,positive regulation of RNA biosynthetic process,BP
GO:0048471,perinuclear region of cytoplasm,10/164,479/8363,0.4662112569215586,1.070275216243354,10,479,Montipora_capitata_HIv3___RNAseq.g15043.t1/Montipora_capitata_HIv3___RNAseq.g5395.t1/Montipora_capitata_HIv3___RNAseq.g44960.t2/Montipora_capitata_HIv3___RNAseq.21467_t/Montipora_capitata_HIv3___RNAseq.g35008.t1/Montipora_capitata_HIv3___RNAseq.g24942.t1/Montipora_capitata_HIv3___RNAseq.g8971.t1/Montipora_capitata_HIv3___RNAseq.g41416.t2a/Montipora_capitata_HIv3___RNAseq.g49962.t1/Montipora_capitata_HIv3___RNAseq.g15029.t1b,0.9223967856910182,perinuclear region of cytoplasm,CC
GO:0099568,cytoplasmic region,8/164,379/8363,0.4674593544869401,1.0820005932395729,8,379,Montipora_capitata_HIv3___RNAseq.g6978.t1/Montipora_capitata_HIv3___RNAseq.g36838.t1/Montipora_capitata_HIv3___RNAseq.g22865.t1/Montipora_capitata_HIv3___TS.g5595.t1/Montipora_capitata_HIv3___RNAseq.g403.t1/Montipora_capitata_HIv3___RNAseq.g18698.t1/Montipora_capitata_HIv3___RNAseq.g8971.t1/Montipora_capitata_HIv3___TS.g5653.t1,0.9223967856910182,cytoplasmic region,CC
GO:0016358,dendrite development,4/164,179/8363,0.4678135099402253,1.146264631600561,4,179,Montipora_capitata_HIv3___RNAseq.g23734.t3/Montipora_capitata_HIv3___RNAseq.g35804.t1/Montipora_capitata_HIv3___RNAseq.g35720.t1/Montipora_capitata_HIv3___RNAseq.g39706.t2,0.9223967856910182,dendrite development,BP
GO:0006402,mRNA catabolic process,4/164,179/8363,0.4678135099402253,1.146264631600561,4,179,Montipora_capitata_HIv3___RNAseq.g42608.t1/Montipora_capitata_HIv3___RNAseq.g4241.t1/Montipora_capitata_HIv3___RNAseq.g18929.t1/Montipora_capitata_HIv3___RNAseq.g11658.t1,0.9223967856910182,mRNA catabolic process,BP
GO:0071944,cell periphery,41/164,2047/8363,0.46788242752442954,1.0290774046799558,41,2047,Montipora_capitata_HIv3___RNAseq.g6978.t1/Montipora_capitata_HIv3___RNAseq.g5395.t1/Montipora_capitata_HIv3___RNAseq.g11548.t1/Montipora_capitata_HIv3___RNAseq.g26580.t1/Montipora_capitata_HIv3___RNAseq.g2640.t1a/Montipora_capitata_HIv3___TS.g27540.t1/Montipora_capitata_HIv3___RNAseq.g24139.t1/Montipora_capitata_HIv3___RNAseq.g12807.t1/Montipora_capitata_HIv3___RNAseq.g11237.t1/Montipora_capitata_HIv3___RNAseq.g44960.t2/Montipora_capitata_HIv3___RNAseq.g40983.t1/Montipora_capitata_HIv3___RNAseq.21467_t/Montipora_capitata_HIv3___RNAseq.g24836.t1/Montipora_capitata_HIv3___RNAseq.g13129.t1/Montipora_capitata_HIv3___RNAseq.g38848.t1/Montipora_capitata_HIv3___RNAseq.g39648.t1/Montipora_capitata_HIv3___RNAseq.g49895.t2/Montipora_capitata_HIv3___RNAseq.g403.t1/Montipora_capitata_HIv3___RNAseq.g36907.t1/Montipora_capitata_HIv3___RNAseq.g35008.t1/Montipora_capitata_HIv3___RNAseq.g668.t1/Montipora_capitata_HIv3___RNAseq.g46378.t1/Montipora_capitata_HIv3___RNAseq.g44814.t1/Montipora_capitata_HIv3___RNAseq.g20250.t1/Montipora_capitata_HIv3___RNAseq.g18698.t1/Montipora_capitata_HIv3___RNAseq.g8971.t1/Montipora_capitata_HIv3___RNAseq.g20771.t1/Montipora_capitata_HIv3___RNAseq.g41416.t2a/Montipora_capitata_HIv3___RNAseq.g20807.t2/Montipora_capitata_HIv3___RNAseq.g40991.t1/Montipora_capitata_HIv3___TS.g4674.t2b/Montipora_capitata_HIv3___RNAseq.g33449.t1/Montipora_capitata_HIv3___TS.g33523.t1/Montipora_capitata_HIv3___RNAseq.g33997.t1/Montipora_capitata_HIv3___RNAseq.g6934.t1/Montipora_capitata_HIv3___RNAseq.g28116.t1/Montipora_capitata_HIv3___RNAseq.g4457.t1/Montipora_capitata_HIv3___RNAseq.g39706.t2/Montipora_capitata_HIv3___RNAseq.g8867.t2/Montipora_capitata_HIv3___RNAseq.g44445.t1/Montipora_capitata_HIv3___RNAseq.g23366.t1,0.9223967856910182,cell periphery,CC
GO:0005886,plasma membrane,39/164,1946/8363,0.46846865415912886,1.0294181754546647,39,1946,Montipora_capitata_HIv3___RNAseq.g6978.t1/Montipora_capitata_HIv3___RNAseq.g5395.t1/Montipora_capitata_HIv3___RNAseq.g11548.t1/Montipora_capitata_HIv3___RNAseq.g26580.t1/Montipora_capitata_HIv3___RNAseq.g2640.t1a/Montipora_capitata_HIv3___TS.g27540.t1/Montipora_capitata_HIv3___RNAseq.g24139.t1/Montipora_capitata_HIv3___RNAseq.g12807.t1/Montipora_capitata_HIv3___RNAseq.g11237.t1/Montipora_capitata_HIv3___RNAseq.g44960.t2/Montipora_capitata_HIv3___RNAseq.g40983.t1/Montipora_capitata_HIv3___RNAseq.21467_t/Montipora_capitata_HIv3___RNAseq.g24836.t1/Montipora_capitata_HIv3___RNAseq.g13129.t1/Montipora_capitata_HIv3___RNAseq.g38848.t1/Montipora_capitata_HIv3___RNAseq.g39648.t1/Montipora_capitata_HIv3___RNAseq.g49895.t2/Montipora_capitata_HIv3___RNAseq.g36907.t1/Montipora_capitata_HIv3___RNAseq.g35008.t1/Montipora_capitata_HIv3___RNAseq.g668.t1/Montipora_capitata_HIv3___RNAseq.g46378.t1/Montipora_capitata_HIv3___RNAseq.g44814.t1/Montipora_capitata_HIv3___RNAseq.g20250.t1/Montipora_capitata_HIv3___RNAseq.g8971.t1/Montipora_capitata_HIv3___RNAseq.g20771.t1/Montipora_capitata_HIv3___RNAseq.g41416.t2a/Montipora_capitata_HIv3___RNAseq.g20807.t2/Montipora_capitata_HIv3___RNAseq.g40991.t1/Montipora_capitata_HIv3___TS.g4674.t2b/Montipora_capitata_HIv3___RNAseq.g33449.t1/Montipora_capitata_HIv3___TS.g33523.t1/Montipora_capitata_HIv3___RNAseq.g33997.t1/Montipora_capitata_HIv3___RNAseq.g6934.t1/Montipora_capitata_HIv3___RNAseq.g28116.t1/Montipora_capitata_HIv3___RNAseq.g4457.t1/Montipora_capitata_HIv3___RNAseq.g39706.t2/Montipora_capitata_HIv3___RNAseq.g8867.t2/Montipora_capitata_HIv3___RNAseq.g44445.t1/Montipora_capitata_HIv3___RNAseq.g23366.t1,0.9224066428666718,plasma membrane,CC
GO:0051049,regulation of transport,21/164,1035/8363,0.46906002175014005,1.0405745484406954,21,1035,Montipora_capitata_HIv3___TS.g33283.t2/Montipora_capitata_HIv3___RNAseq.g6978.t1/Montipora_capitata_HIv3___RNAseq.g5395.t1/Montipora_capitata_HIv3___RNAseq.g7741.t1/Montipora_capitata_HIv3___RNAseq.g24139.t1/Montipora_capitata_HIv3___RNAseq.g34092.t1/Montipora_capitata_HIv3___RNAseq.g44960.t2/Montipora_capitata_HIv3___RNAseq.21467_t/Montipora_capitata_HIv3___RNAseq.g37193.t1/Montipora_capitata_HIv3___RNAseq.g45361.t1/Montipora_capitata_HIv3___RNAseq.g35008.t1/Montipora_capitata_HIv3___RNAseq.g24942.t1/Montipora_capitata_HIv3___RNAseq.g24095.t1/Montipora_capitata_HIv3___RNAseq.g44814.t1/Montipora_capitata_HIv3___RNAseq.g8971.t1/Montipora_capitata_HIv3___RNAseq.g49962.t1/Montipora_capitata_HIv3___RNAseq.g15029.t1b/Montipora_capitata_HIv3___RNAseq.g41226.t1/Montipora_capitata_HIv3___RNAseq.g14488.t1/Montipora_capitata_HIv3___TS.g47745.t1/Montipora_capitata_HIv3___TS.g20607.t1,0.9224265855235096,regulation of transport,BP
GO:0090501,GO:0090501,3/164,130/8363,0.4712202108352196,1.1843026085024149,3,130,Montipora_capitata_HIv3___RNAseq.g42608.t1/Montipora_capitata_HIv3___RNAseq.g4241.t1/Montipora_capitata_HIv3___RNAseq.g18929.t1,0.9234966614799827,NA,NA
GO:0098862,cluster of actin-based cell projections,3/164,130/8363,0.4712202108352196,1.1843026085024149,3,130,Montipora_capitata_HIv3___RNAseq.g18698.t1/Montipora_capitata_HIv3___RNAseq.g33449.t1/Montipora_capitata_HIv3___TS.g33523.t1,0.9234966614799827,cluster of actin-based cell projections,CC
GO:0030133,transport vesicle,6/164,280/8363,0.4717324605355645,1.098333184160299,6,280,Montipora_capitata_HIv3___RNAseq.g5395.t1/Montipora_capitata_HIv3___RNAseq.g9026.t1/Montipora_capitata_HIv3___RNAseq.g8971.t1/Montipora_capitata_HIv3___TS.g33523.t1/Montipora_capitata_HIv3___RNAseq.g39706.t2/Montipora_capitata_HIv3___RNAseq.g23366.t1,0.9234966614799827,transport vesicle,CC
GO:0043086,negative regulation of catalytic activity,8/164,381/8363,0.47341919586018477,1.075920245858381,8,381,Montipora_capitata_HIv3___TS.g1118.t1/Montipora_capitata_HIv3___RNAseq.g5395.t1/Montipora_capitata_HIv3___RNAseq.g41637.t1/Montipora_capitata_HIv3___TS.g32048.t1/Montipora_capitata_HIv3___RNAseq.g46378.t1/Montipora_capitata_HIv3___RNAseq.g15029.t1b/Montipora_capitata_HIv3___RNAseq.g39706.t2/Montipora_capitata_HIv3___RNAseq.g14488.t1,0.9234966614799827,negative regulation of catalytic activity,BP
GO:0044782,cilium organization,7/164,331/8363,0.4743297794106168,1.0836531763153519,7,331,Montipora_capitata_HIv3___RNAseq.g36838.t1/Montipora_capitata_HIv3___RNAseq.g22865.t1/Montipora_capitata_HIv3___TS.g5595.t1/Montipora_capitata_HIv3___RNAseq.g3374.t1/Montipora_capitata_HIv3___RNAseq.g8971.t1/Montipora_capitata_HIv3___TS.g5653.t1/Montipora_capitata_HIv3___TS.g4674.t2b,0.9234966614799827,cilium organization,BP
GO:0010720,positive regulation of cell development,9/164,432/8363,0.47528823166907297,1.067421763638485,9,432,Montipora_capitata_HIv3___RNAseq.g6978.t1/Montipora_capitata_HIv3___RNAseq.g5395.t1/Montipora_capitata_HIv3___RNAseq.g35008.t1/Montipora_capitata_HIv3___RNAseq.g24942.t1/Montipora_capitata_HIv3___RNAseq.g44814.t1/Montipora_capitata_HIv3___RNAseq.g8971.t1/Montipora_capitata_HIv3___RNAseq.g24020.t1/Montipora_capitata_HIv3___TS.g10359.t4b/Montipora_capitata_HIv3___RNAseq.g39706.t2,0.9234966614799827,positive regulation of cell development,BP
GO:0045893,positive regulation of DNA-templated transcription,17/164,836/8363,0.4753950388460979,1.0420918238200396,17,836,Montipora_capitata_HIv3___TS.g33283.t2/Montipora_capitata_HIv3___RNAseq.g6978.t1/Montipora_capitata_HIv3___TS.g1118.t1/Montipora_capitata_HIv3___RNAseq.g26525.t1/Montipora_capitata_HIv3___RNAseq.g7741.t1/Montipora_capitata_HIv3___RNAseq.g44960.t2/Montipora_capitata_HIv3___RNAseq.21467_t/Montipora_capitata_HIv3___RNAseq.g403.t1/Montipora_capitata_HIv3___RNAseq.g45527.t1/Montipora_capitata_HIv3___RNAseq.g35008.t1/Montipora_capitata_HIv3___RNAseq.g44814.t1/Montipora_capitata_HIv3___RNAseq.g8971.t1/Montipora_capitata_HIv3___RNAseq.g43161.t1a/Montipora_capitata_HIv3___RNAseq.g41333.t1/Montipora_capitata_HIv3___RNAseq.g44445.t1/Montipora_capitata_HIv3___TS.g47745.t1/Montipora_capitata_HIv3___TS.g46192.t3,0.9234966614799827,positive regulation of DNA-templated transcription,BP
GO:0010008,endosome membrane,5/164,231/8363,0.4759280909779313,1.1093799285684716,5,231,Montipora_capitata_HIv3___RNAseq.g2640.t1a/Montipora_capitata_HIv3___RNAseq.g44960.t2/Montipora_capitata_HIv3___RNAseq.21467_t/Montipora_capitata_HIv3___RNAseq.g35008.t1/Montipora_capitata_HIv3___TS.g20607.t1,0.9234966614799827,endosome membrane,CC
GO:0042303,molting cycle,3/164,131/8363,0.4762753311374105,1.174906069553069,3,131,Montipora_capitata_HIv3___RNAseq.g35008.t1/Montipora_capitata_HIv3___RNAseq.g8971.t1/Montipora_capitata_HIv3___RNAseq.g4457.t1,0.9234966614799827,molting cycle,BP
GO:0050796,regulation of insulin secretion,3/164,131/8363,0.4762753311374105,1.174906069553069,3,131,Montipora_capitata_HIv3___RNAseq.g7741.t1/Montipora_capitata_HIv3___RNAseq.g24095.t1/Montipora_capitata_HIv3___RNAseq.g44814.t1,0.9234966614799827,regulation of insulin secretion,BP
GO:0016311,dephosphorylation,4/164,181/8363,0.47641630375025423,1.1330319404667701,4,181,Montipora_capitata_HIv3___RNAseq.g15043.t1/Montipora_capitata_HIv3___RNAseq.g5395.t1/Montipora_capitata_HIv3___RNAseq.g46819.t1/Montipora_capitata_HIv3___RNAseq.g33449.t1,0.9234966614799827,dephosphorylation,BP
GO:0080134,regulation of response to stress,16/164,786/8363,0.47658712397738234,1.0430380497593295,16,786,Montipora_capitata_HIv3___TS.g1118.t1/Montipora_capitata_HIv3___RNAseq.g11548.t1/Montipora_capitata_HIv3___RNAseq.g44960.t2/Montipora_capitata_HIv3___RNAseq.21467_t/Montipora_capitata_HIv3___RNAseq.g35008.t1/Montipora_capitata_HIv3___RNAseq.g24095.t1/Montipora_capitata_HIv3___RNAseq.g44814.t1/Montipora_capitata_HIv3___RNAseq.g18698.t1/Montipora_capitata_HIv3___RNAseq.g30678.t1b/Montipora_capitata_HIv3___RNAseq.g24020.t1/Montipora_capitata_HIv3___RNAseq.g43161.t1a/Montipora_capitata_HIv3___RNAseq.g15188.t1/Montipora_capitata_HIv3___TS.g10359.t4b/Montipora_capitata_HIv3___RNAseq.g44445.t1/Montipora_capitata_HIv3___RNAseq.g14488.t1/Montipora_capitata_HIv3___TS.g47745.t1,0.9234966614799827,regulation of response to stress,BP
GO:0001101,response to acid chemical,6/164,282/8363,0.4786340675199495,1.0900933087672748,6,282,Montipora_capitata_HIv3___RNAseq.g15043.t1/Montipora_capitata_HIv3___RNAseq.g5395.t1/Montipora_capitata_HIv3___RNAseq.g46378.t1/Montipora_capitata_HIv3___RNAseq.g44814.t1/Montipora_capitata_HIv3___TS.g33523.t1/Montipora_capitata_HIv3___RNAseq.g14488.t1,0.9239334274302314,response to acid chemical,BP
GO:0044212,GO:0044212,8/164,383/8363,0.47936482419512183,1.0699048800662299,8,383,Montipora_capitata_HIv3___RNAseq.g7741.t1/Montipora_capitata_HIv3___RNAseq.g45527.t1/Montipora_capitata_HIv3___RNAseq.g44814.t1/Montipora_capitata_HIv3___RNAseq.g36935.t1/Montipora_capitata_HIv3___RNAseq.g40991.t1/Montipora_capitata_HIv3___RNAseq.g42092.t1/Montipora_capitata_HIv3___TS.g47745.t1/Montipora_capitata_HIv3___TS.g46192.t3,0.9239334274302314,NA,NA
GO:0120031,plasma membrane bounded cell projection assembly,8/164,383/8363,0.47936482419512183,1.0699048800662299,8,383,Montipora_capitata_HIv3___RNAseq.g36838.t1/Montipora_capitata_HIv3___RNAseq.g22865.t1/Montipora_capitata_HIv3___TS.g5595.t1/Montipora_capitata_HIv3___RNAseq.g3374.t1/Montipora_capitata_HIv3___RNAseq.g24942.t1/Montipora_capitata_HIv3___RNAseq.g8971.t1/Montipora_capitata_HIv3___TS.g5653.t1/Montipora_capitata_HIv3___TS.g4674.t2b,0.9239334274302314,plasma membrane bounded cell projection assembly,BP
GO:2000241,regulation of reproductive process,5/164,232/8363,0.47972346830656,1.1043538791169951,5,232,Montipora_capitata_HIv3___RNAseq.g24942.t1/Montipora_capitata_HIv3___RNAseq.g8971.t1/Montipora_capitata_HIv3___RNAseq.g37645.t1/Montipora_capitata_HIv3___RNAseq.g49962.t1/Montipora_capitata_HIv3___RNAseq.g23464.t1,0.9239334274302314,regulation of reproductive process,BP
GO:0090305,nucleic acid phosphodiester bond hydrolysis,5/164,232/8363,0.47972346830656,1.1043538791169951,5,232,Montipora_capitata_HIv3___TS.g28995.t1/Montipora_capitata_HIv3___RNAseq.g42608.t1/Montipora_capitata_HIv3___RNAseq.g4241.t1/Montipora_capitata_HIv3___RNAseq.g47955.t1/Montipora_capitata_HIv3___RNAseq.g18929.t1,0.9239334274302314,nucleic acid phosphodiester bond hydrolysis,BP
GO:0006954,inflammatory response,3/164,132/8363,0.4813084254249955,1.1656552012012775,3,132,Montipora_capitata_HIv3___RNAseq.g44814.t1/Montipora_capitata_HIv3___TS.g33523.t1/Montipora_capitata_HIv3___RNAseq.g44445.t1,0.9247414904957239,inflammatory response,BP
GO:0050821,protein stabilization,3/164,132/8363,0.4813084254249955,1.1656552012012775,3,132,Montipora_capitata_HIv3___RNAseq.g7741.t1/Montipora_capitata_HIv3___RNAseq.g26580.t1/Montipora_capitata_HIv3___RNAseq.g15188.t1,0.9247414904957239,protein stabilization,BP
GO:0070887,cellular response to chemical stimulus,30/164,1500/8363,0.4846042851769716,1.0248238292763987,30,1500,Montipora_capitata_HIv3___TS.g33283.t2/Montipora_capitata_HIv3___RNAseq.g6978.t1/Montipora_capitata_HIv3___RNAseq.g5395.t1/Montipora_capitata_HIv3___RNAseq.g11548.t1/Montipora_capitata_HIv3___RNAseq.g7741.t1/Montipora_capitata_HIv3___RNAseq.g2640.t1a/Montipora_capitata_HIv3___TS.g27540.t1/Montipora_capitata_HIv3___RNAseq.g34092.t1/Montipora_capitata_HIv3___RNAseq.g44519.t1/Montipora_capitata_HIv3___RNAseq.g50691.t1/Montipora_capitata_HIv3___RNAseq.g44960.t2/Montipora_capitata_HIv3___RNAseq.21467_t/Montipora_capitata_HIv3___RNAseq.g46378.t1/Montipora_capitata_HIv3___RNAseq.g24942.t1/Montipora_capitata_HIv3___RNAseq.g44814.t1/Montipora_capitata_HIv3___RNAseq.g8971.t1/Montipora_capitata_HIv3___RNAseq.g37645.t1/Montipora_capitata_HIv3___RNAseq.g42092.t1/Montipora_capitata_HIv3___RNAseq.g43161.t1a/Montipora_capitata_HIv3___RNAseq.g33449.t1/Montipora_capitata_HIv3___TS.g33523.t1/Montipora_capitata_HIv3___RNAseq.g15188.t1/Montipora_capitata_HIv3___RNAseq.g33997.t1/Montipora_capitata_HIv3___RNAseq.g9561.t1/Montipora_capitata_HIv3___TS.g10359.t4b/Montipora_capitata_HIv3___RNAseq.g39706.t2/Montipora_capitata_HIv3___RNAseq.g44445.t1/Montipora_capitata_HIv3___RNAseq.g14488.t1/Montipora_capitata_HIv3___TS.g47745.t1/Montipora_capitata_HIv3___TS.g46192.t3,0.9299480055330762,cellular response to chemical stimulus,BP
GO:0007635,chemosensory behavior,3/164,133/8363,0.48631898901564885,1.1565466408509233,3,133,Montipora_capitata_HIv3___TS.g32048.t1/Montipora_capitata_HIv3___RNAseq.g1174.t1/Montipora_capitata_HIv3___RNAseq.g23366.t1,0.9309295733140089,chemosensory behavior,BP
GO:0045807,positive regulation of endocytosis,3/164,133/8363,0.48631898901564885,1.1565466408509233,3,133,Montipora_capitata_HIv3___RNAseq.g5395.t1/Montipora_capitata_HIv3___RNAseq.g24942.t1/Montipora_capitata_HIv3___TS.g20607.t1,0.9309295733140089,positive regulation of endocytosis,BP
GO:0031647,regulation of protein stability,5/164,234/8363,0.48728714739665424,1.0944269995332478,5,234,Montipora_capitata_HIv3___RNAseq.g6978.t1/Montipora_capitata_HIv3___RNAseq.g7741.t1/Montipora_capitata_HIv3___RNAseq.g26580.t1/Montipora_capitata_HIv3___RNAseq.g8971.t1/Montipora_capitata_HIv3___RNAseq.g15188.t1,0.9309295733140089,regulation of protein stability,BP
GO:0043549,regulation of kinase activity,10/164,487/8363,0.4874707113674437,1.0512254782708088,10,487,Montipora_capitata_HIv3___TS.g33283.t2/Montipora_capitata_HIv3___RNAseq.g6978.t1/Montipora_capitata_HIv3___RNAseq.g5395.t1/Montipora_capitata_HIv3___RNAseq.g44960.t2/Montipora_capitata_HIv3___RNAseq.21467_t/Montipora_capitata_HIv3___RNAseq.g35008.t1/Montipora_capitata_HIv3___RNAseq.g8971.t1/Montipora_capitata_HIv3___RNAseq.g14965.t1/Montipora_capitata_HIv3___RNAseq.g43161.t1a/Montipora_capitata_HIv3___RNAseq.g15029.t1b,0.9309295733140089,regulation of kinase activity,BP
GO:0001067,transcription regulatory region nucleic acid binding,8/164,386/8363,0.48825403174033777,1.0610701983112691,8,386,Montipora_capitata_HIv3___RNAseq.g7741.t1/Montipora_capitata_HIv3___RNAseq.g45527.t1/Montipora_capitata_HIv3___RNAseq.g44814.t1/Montipora_capitata_HIv3___RNAseq.g36935.t1/Montipora_capitata_HIv3___RNAseq.g40991.t1/Montipora_capitata_HIv3___RNAseq.g42092.t1/Montipora_capitata_HIv3___TS.g47745.t1/Montipora_capitata_HIv3___TS.g46192.t3,0.9309295733140089,transcription regulatory region nucleic acid binding,MF
GO:0000904,GO:0000904,12/164,589/8363,0.48908620777458134,1.0428788543723326,12,589,Montipora_capitata_HIv3___RNAseq.g23734.t3/Montipora_capitata_HIv3___RNAseq.g35804.t1/Montipora_capitata_HIv3___RNAseq.g35008.t1/Montipora_capitata_HIv3___RNAseq.g24942.t1/Montipora_capitata_HIv3___RNAseq.g35720.t1/Montipora_capitata_HIv3___RNAseq.g8971.t1/Montipora_capitata_HIv3___RNAseq.g24020.t1/Montipora_capitata_HIv3___RNAseq.g39706.t2/Montipora_capitata_HIv3___TS.g47745.t1/Montipora_capitata_HIv3___RNAseq.g37450.t2/Montipora_capitata_HIv3___TS.g20607.t1/Montipora_capitata_HIv3___TS.g46192.t3,0.9309295733140089,NA,NA
GO:0030135,coated vesicle,4/164,184/8363,0.4892219685846777,1.1137341937408356,4,184,Montipora_capitata_HIv3___RNAseq.g35008.t1/Montipora_capitata_HIv3___RNAseq.g42740.t1/Montipora_capitata_HIv3___TS.g33523.t1/Montipora_capitata_HIv3___RNAseq.g39706.t2,0.9309295733140089,coated vesicle,CC
GO:0048812,neuron projection morphogenesis,11/164,539/8363,0.4908557794821261,1.0445347908043636,11,539,Montipora_capitata_HIv3___RNAseq.g23734.t3/Montipora_capitata_HIv3___RNAseq.g35804.t1/Montipora_capitata_HIv3___RNAseq.g35008.t1/Montipora_capitata_HIv3___RNAseq.g24942.t1/Montipora_capitata_HIv3___RNAseq.g35720.t1/Montipora_capitata_HIv3___RNAseq.g8971.t1/Montipora_capitata_HIv3___RNAseq.g24020.t1/Montipora_capitata_HIv3___RNAseq.g6934.t1/Montipora_capitata_HIv3___RNAseq.g39706.t2/Montipora_capitata_HIv3___TS.g47745.t1/Montipora_capitata_HIv3___TS.g46192.t3,0.9311943029173957,neuron projection morphogenesis,BP
GO:1903706,regulation of hemopoiesis,5/164,235/8363,0.4910549084046315,1.0895283140643492,5,235,Montipora_capitata_HIv3___RNAseq.g44960.t2/Montipora_capitata_HIv3___RNAseq.21467_t/Montipora_capitata_HIv3___RNAseq.g44814.t1/Montipora_capitata_HIv3___RNAseq.g8971.t1/Montipora_capitata_HIv3___RNAseq.g42740.t1,0.9311943029173957,regulation of hemopoiesis,BP
GO:0045860,positive regulation of protein kinase activity,6/164,286/8363,0.4923588536630922,1.0739670322559076,6,286,Montipora_capitata_HIv3___TS.g33283.t2/Montipora_capitata_HIv3___RNAseq.g44960.t2/Montipora_capitata_HIv3___RNAseq.21467_t/Montipora_capitata_HIv3___RNAseq.g35008.t1/Montipora_capitata_HIv3___RNAseq.g8971.t1/Montipora_capitata_HIv3___RNAseq.g14965.t1,0.9311943029173957,positive regulation of protein kinase activity,BP
GO:0051247,positive regulation of protein metabolic process,20/164,997/8363,0.49306055545323013,1.0266693828031066,20,997,Montipora_capitata_HIv3___TS.g33283.t2/Montipora_capitata_HIv3___RNAseq.g6978.t1/Montipora_capitata_HIv3___RNAseq.g15043.t1/Montipora_capitata_HIv3___RNAseq.g5395.t1/Montipora_capitata_HIv3___RNAseq.g7741.t1/Montipora_capitata_HIv3___TS.g27540.t1/Montipora_capitata_HIv3___RNAseq.g44960.t2/Montipora_capitata_HIv3___RNAseq.21467_t/Montipora_capitata_HIv3___RNAseq.g36907.t1/Montipora_capitata_HIv3___RNAseq.g35008.t1/Montipora_capitata_HIv3___RNAseq.g24942.t1/Montipora_capitata_HIv3___RNAseq.g24095.t1/Montipora_capitata_HIv3___RNAseq.g8971.t1/Montipora_capitata_HIv3___RNAseq.g30678.t1b/Montipora_capitata_HIv3___RNAseq.g14965.t1/Montipora_capitata_HIv3___RNAseq.g42092.t1/Montipora_capitata_HIv3___RNAseq.g23247.t1/Montipora_capitata_HIv3___TS.g10359.t4b/Montipora_capitata_HIv3___RNAseq.g39706.t2/Montipora_capitata_HIv3___TS.g47745.t1,0.9311943029173957,positive regulation of protein metabolic process,BP
GO:0120039,plasma membrane bounded cell projection morphogenesis,11/164,540/8363,0.4933776079543305,1.042423443464676,11,540,Montipora_capitata_HIv3___RNAseq.g23734.t3/Montipora_capitata_HIv3___RNAseq.g35804.t1/Montipora_capitata_HIv3___RNAseq.g35008.t1/Montipora_capitata_HIv3___RNAseq.g24942.t1/Montipora_capitata_HIv3___RNAseq.g35720.t1/Montipora_capitata_HIv3___RNAseq.g8971.t1/Montipora_capitata_HIv3___RNAseq.g24020.t1/Montipora_capitata_HIv3___RNAseq.g6934.t1/Montipora_capitata_HIv3___RNAseq.g39706.t2/Montipora_capitata_HIv3___TS.g47745.t1/Montipora_capitata_HIv3___TS.g46192.t3,0.9311943029173957,plasma membrane bounded cell projection morphogenesis,BP
GO:0071103,DNA conformation change,4/164,185/8363,0.49346280897533423,1.1074437470312803,4,185,Montipora_capitata_HIv3___RNAseq.g43161.t1a/Montipora_capitata_HIv3___RNAseq.g47955.t1/Montipora_capitata_HIv3___RNAseq.g15140.t1/Montipora_capitata_HIv3___TS.g47745.t1,0.9311943029173957,DNA conformation change,BP
GO:0030031,cell projection assembly,8/164,388/8363,0.49415899181443235,1.0552121917275938,8,388,Montipora_capitata_HIv3___RNAseq.g36838.t1/Montipora_capitata_HIv3___RNAseq.g22865.t1/Montipora_capitata_HIv3___TS.g5595.t1/Montipora_capitata_HIv3___RNAseq.g3374.t1/Montipora_capitata_HIv3___RNAseq.g24942.t1/Montipora_capitata_HIv3___RNAseq.g8971.t1/Montipora_capitata_HIv3___TS.g5653.t1/Montipora_capitata_HIv3___TS.g4674.t2b,0.9311943029173957,cell projection assembly,BP
GO:0032270,GO:0032270,19/164,947/8363,0.4946419643096185,1.0266727325135647,19,947,Montipora_capitata_HIv3___TS.g33283.t2/Montipora_capitata_HIv3___RNAseq.g6978.t1/Montipora_capitata_HIv3___RNAseq.g15043.t1/Montipora_capitata_HIv3___RNAseq.g5395.t1/Montipora_capitata_HIv3___RNAseq.g7741.t1/Montipora_capitata_HIv3___TS.g27540.t1/Montipora_capitata_HIv3___RNAseq.g44960.t2/Montipora_capitata_HIv3___RNAseq.21467_t/Montipora_capitata_HIv3___RNAseq.g36907.t1/Montipora_capitata_HIv3___RNAseq.g35008.t1/Montipora_capitata_HIv3___RNAseq.g24942.t1/Montipora_capitata_HIv3___RNAseq.g24095.t1/Montipora_capitata_HIv3___RNAseq.g8971.t1/Montipora_capitata_HIv3___RNAseq.g30678.t1b/Montipora_capitata_HIv3___RNAseq.g14965.t1/Montipora_capitata_HIv3___RNAseq.g23247.t1/Montipora_capitata_HIv3___TS.g10359.t4b/Montipora_capitata_HIv3___RNAseq.g39706.t2/Montipora_capitata_HIv3___TS.g47745.t1,0.9311943029173957,NA,NA
GO:0030182,neuron differentiation,19/164,947/8363,0.4946419643096185,1.0266727325135647,19,947,Montipora_capitata_HIv3___RNAseq.g23734.t3/Montipora_capitata_HIv3___RNAseq.g35804.t1/Montipora_capitata_HIv3___RNAseq.g5395.t1/Montipora_capitata_HIv3___RNAseq.g22865.t1/Montipora_capitata_HIv3___RNAseq.g7741.t1/Montipora_capitata_HIv3___RNAseq.g35008.t1/Montipora_capitata_HIv3___RNAseq.g24942.t1/Montipora_capitata_HIv3___RNAseq.g44814.t1/Montipora_capitata_HIv3___RNAseq.g35720.t1/Montipora_capitata_HIv3___RNAseq.g8971.t1/Montipora_capitata_HIv3___RNAseq.g24020.t1/Montipora_capitata_HIv3___RNAseq.g1174.t1/Montipora_capitata_HIv3___TS.g33523.t1/Montipora_capitata_HIv3___RNAseq.g6934.t1/Montipora_capitata_HIv3___TS.g10359.t4b/Montipora_capitata_HIv3___RNAseq.g39706.t2/Montipora_capitata_HIv3___TS.g47745.t1/Montipora_capitata_HIv3___RNAseq.g37450.t2/Montipora_capitata_HIv3___TS.g46192.t3,0.9311943029173957,neuron differentiation,BP
GO:0009888,tissue development,29/164,1456/8363,0.4956446759110432,1.0194284761277193,29,1456,Montipora_capitata_HIv3___RNAseq.g2559.t1a/Montipora_capitata_HIv3___RNAseq.g22865.t1/Montipora_capitata_HIv3___RNAseq.g7741.t1/Montipora_capitata_HIv3___RNAseq.g44960.t2/Montipora_capitata_HIv3___RNAseq.21467_t/Montipora_capitata_HIv3___RNAseq.g13857.t1/Montipora_capitata_HIv3___RNAseq.g36907.t1/Montipora_capitata_HIv3___RNAseq.g35008.t1/Montipora_capitata_HIv3___RNAseq.g668.t1/Montipora_capitata_HIv3___RNAseq.g46378.t1/Montipora_capitata_HIv3___RNAseq.g24942.t1/Montipora_capitata_HIv3___RNAseq.g44814.t1/Montipora_capitata_HIv3___RNAseq.g18698.t1/Montipora_capitata_HIv3___RNAseq.g8971.t1/Montipora_capitata_HIv3___TS.g4674.t2b/Montipora_capitata_HIv3___RNAseq.g42092.t1/Montipora_capitata_HIv3___RNAseq.g41333.t1/Montipora_capitata_HIv3___RNAseq.g33449.t1/Montipora_capitata_HIv3___RNAseq.g9060.t1/Montipora_capitata_HIv3___TS.g33523.t1/Montipora_capitata_HIv3___RNAseq.g28116.t1/Montipora_capitata_HIv3___RNAseq.g4457.t1/Montipora_capitata_HIv3___RNAseq.g14625.t1/Montipora_capitata_HIv3___TS.g10359.t4b/Montipora_capitata_HIv3___RNAseq.g39706.t2/Montipora_capitata_HIv3___RNAseq.g18391.t1/Montipora_capitata_HIv3___RNAseq.g14488.t1/Montipora_capitata_HIv3___TS.g20607.t1/Montipora_capitata_HIv3___TS.g46192.t3,0.9319764225957649,tissue development,BP
GO:0046488,phosphatidylinositol metabolic process,3/164,135/8363,0.49627058775982646,1.1387435027813195,3,135,Montipora_capitata_HIv3___TS.g33283.t2/Montipora_capitata_HIv3___RNAseq.g8971.t1/Montipora_capitata_HIv3___RNAseq.g8867.t2,0.9320490210353191,phosphatidylinositol metabolic process,BP
GO:0022613,ribonucleoprotein complex biogenesis,8/164,389/8363,0.4971046924419109,1.0523063390271743,8,389,Montipora_capitata_HIv3___RNAseq.g26525.t1/Montipora_capitata_HIv3___RNAseq.g27546.t1/Montipora_capitata_HIv3___RNAseq.g403.t1/Montipora_capitata_HIv3___RNAseq.g47379.t1/Montipora_capitata_HIv3___RNAseq.g47955.t1/Montipora_capitata_HIv3___RNAseq.g18929.t1/Montipora_capitata_HIv3___RNAseq.g43111.t1/Montipora_capitata_HIv3___TS.g47745.t1,0.9320526593364247,ribonucleoprotein complex biogenesis,BP
GO:0019901,protein kinase binding,9/164,440/8363,0.4976040859722285,1.046519372995655,9,440,Montipora_capitata_HIv3___RNAseq.g5395.t1/Montipora_capitata_HIv3___RNAseq.g11548.t1/Montipora_capitata_HIv3___RNAseq.g44960.t2/Montipora_capitata_HIv3___RNAseq.21467_t/Montipora_capitata_HIv3___RNAseq.g35008.t1/Montipora_capitata_HIv3___RNAseq.g668.t1/Montipora_capitata_HIv3___RNAseq.g24095.t1/Montipora_capitata_HIv3___RNAseq.g44814.t1/Montipora_capitata_HIv3___TS.g10359.t4b,0.9320526593364247,protein kinase binding,MF
GO:0005773,vacuole,10/164,491/8363,0.49803443926735236,1.0419391272109897,10,491,Montipora_capitata_HIv3___RNAseq.g6978.t1/Montipora_capitata_HIv3___TS.g1118.t1/Montipora_capitata_HIv3___RNAseq.g24139.t1/Montipora_capitata_HIv3___RNAseq.g44519.t1/Montipora_capitata_HIv3___RNAseq.g8971.t1/Montipora_capitata_HIv3___RNAseq.g1174.t1/Montipora_capitata_HIv3___RNAseq.g15029.t1b/Montipora_capitata_HIv3___RNAseq.g44719.t1/Montipora_capitata_HIv3___RNAseq.g14488.t1/Montipora_capitata_HIv3___TS.g20607.t1,0.9320526593364247,vacuole,CC
GO:0048858,cell projection morphogenesis,11/164,543/8363,0.5009267078698925,1.0361372586837692,11,543,Montipora_capitata_HIv3___RNAseq.g23734.t3/Montipora_capitata_HIv3___RNAseq.g35804.t1/Montipora_capitata_HIv3___RNAseq.g35008.t1/Montipora_capitata_HIv3___RNAseq.g24942.t1/Montipora_capitata_HIv3___RNAseq.g35720.t1/Montipora_capitata_HIv3___RNAseq.g8971.t1/Montipora_capitata_HIv3___RNAseq.g24020.t1/Montipora_capitata_HIv3___RNAseq.g6934.t1/Montipora_capitata_HIv3___RNAseq.g39706.t2/Montipora_capitata_HIv3___TS.g47745.t1/Montipora_capitata_HIv3___TS.g46192.t3,0.9343139369600156,cell projection morphogenesis,BP
GO:0034250,positive regulation of amide metabolic process,3/164,136/8363,0.5012106952609595,1.1300426974761415,3,136,Montipora_capitata_HIv3___RNAseq.g7741.t1/Montipora_capitata_HIv3___RNAseq.g24095.t1/Montipora_capitata_HIv3___TS.g47745.t1,0.9343139369600156,positive regulation of amide metabolic process,BP
GO:0045926,negative regulation of growth,5/164,238/8363,0.5022987280333036,1.075084808421632,5,238,Montipora_capitata_HIv3___RNAseq.g44519.t1/Montipora_capitata_HIv3___RNAseq.g46378.t1/Montipora_capitata_HIv3___RNAseq.g44814.t1/Montipora_capitata_HIv3___RNAseq.g8971.t1/Montipora_capitata_HIv3___RNAseq.g28116.t1,0.9343139369600156,negative regulation of growth,BP
GO:0060627,regulation of vesicle-mediated transport,8/164,391/8363,0.5029818389082377,1.0465403507773947,8,391,Montipora_capitata_HIv3___RNAseq.g6978.t1/Montipora_capitata_HIv3___RNAseq.g5395.t1/Montipora_capitata_HIv3___RNAseq.g24942.t1/Montipora_capitata_HIv3___RNAseq.g24095.t1/Montipora_capitata_HIv3___RNAseq.g49962.t1/Montipora_capitata_HIv3___RNAseq.g15029.t1b/Montipora_capitata_HIv3___RNAseq.g41226.t1/Montipora_capitata_HIv3___TS.g20607.t1,0.9343139369600156,regulation of vesicle-mediated transport,BP
GO:0031175,neuron projection development,13/164,646/8363,0.5036976066503963,1.0290347485601887,13,646,Montipora_capitata_HIv3___RNAseq.g23734.t3/Montipora_capitata_HIv3___RNAseq.g35804.t1/Montipora_capitata_HIv3___RNAseq.g35008.t1/Montipora_capitata_HIv3___RNAseq.g24942.t1/Montipora_capitata_HIv3___RNAseq.g35720.t1/Montipora_capitata_HIv3___RNAseq.g8971.t1/Montipora_capitata_HIv3___RNAseq.g24020.t1/Montipora_capitata_HIv3___RNAseq.g1174.t1/Montipora_capitata_HIv3___TS.g33523.t1/Montipora_capitata_HIv3___RNAseq.g6934.t1/Montipora_capitata_HIv3___RNAseq.g39706.t2/Montipora_capitata_HIv3___TS.g47745.t1/Montipora_capitata_HIv3___TS.g46192.t3,0.9343139369600156,neuron projection development,BP
GO:0032868,response to insulin,4/164,188/8363,0.5060973940756933,1.0889704399647229,4,188,Montipora_capitata_HIv3___TS.g33283.t2/Montipora_capitata_HIv3___RNAseq.g46378.t1/Montipora_capitata_HIv3___RNAseq.g24942.t1/Montipora_capitata_HIv3___RNAseq.g44814.t1,0.9343139369600156,response to insulin,BP
GO:1901988,negative regulation of cell cycle phase transition,3/164,137/8363,0.5061264163088408,1.1214717377977308,3,137,Montipora_capitata_HIv3___RNAseq.g7741.t1/Montipora_capitata_HIv3___RNAseq.g14965.t1/Montipora_capitata_HIv3___RNAseq.g43161.t1a,0.9343139369600156,negative regulation of cell cycle phase transition,BP
GO:0007265,Ras protein signal transduction,3/164,137/8363,0.5061264163088408,1.1214717377977308,3,137,Montipora_capitata_HIv3___RNAseq.g6978.t1/Montipora_capitata_HIv3___RNAseq.g5395.t1/Montipora_capitata_HIv3___RNAseq.g24942.t1,0.9343139369600156,Ras protein signal transduction,BP
GO:0003012,muscle system process,3/164,137/8363,0.5061264163088408,1.1214717377977308,3,137,Montipora_capitata_HIv3___RNAseq.g13129.t1/Montipora_capitata_HIv3___RNAseq.g24095.t1/Montipora_capitata_HIv3___RNAseq.g14488.t1,0.9343139369600156,muscle system process,BP
GO:0017111,ribonucleoside triphosphate phosphatase activity,11/164,546/8363,0.5084493311647944,1.0299219505989323,11,546,Montipora_capitata_HIv3___RNAseq.g36838.t1/Montipora_capitata_HIv3___RNAseq.g15043.t1/Montipora_capitata_HIv3___RNAseq.g22865.t1/Montipora_capitata_HIv3___TS.g5595.t1/Montipora_capitata_HIv3___RNAseq.g18698.t1/Montipora_capitata_HIv3___TS.g40519.t3/Montipora_capitata_HIv3___TS.g5653.t1/Montipora_capitata_HIv3___TS.g4674.t2b/Montipora_capitata_HIv3___RNAseq.g43161.t1a/Montipora_capitata_HIv3___RNAseq.g47955.t1/Montipora_capitata_HIv3___TS.g47745.t1,0.9343139369600156,ribonucleoside triphosphate phosphatase activity,MF
GO:0031667,response to nutrient levels,10/164,495/8363,0.5085452018345482,1.0328067086703068,10,495,Montipora_capitata_HIv3___RNAseq.g6978.t1/Montipora_capitata_HIv3___RNAseq.g15043.t1/Montipora_capitata_HIv3___RNAseq.g13129.t1/Montipora_capitata_HIv3___RNAseq.g46378.t1/Montipora_capitata_HIv3___RNAseq.g44814.t1/Montipora_capitata_HIv3___RNAseq.g8971.t1/Montipora_capitata_HIv3___RNAseq.g33449.t1/Montipora_capitata_HIv3___TS.g33523.t1/Montipora_capitata_HIv3___RNAseq.g39974.t1/Montipora_capitata_HIv3___RNAseq.g14488.t1,0.9343139369600156,response to nutrient levels,BP
GO:0043408,regulation of MAPK cascade,8/164,393/8363,0.5088390674729983,1.0408345544251394,8,393,Montipora_capitata_HIv3___TS.g33283.t2/Montipora_capitata_HIv3___RNAseq.g5395.t1/Montipora_capitata_HIv3___TS.g27540.t1/Montipora_capitata_HIv3___RNAseq.g44960.t2/Montipora_capitata_HIv3___RNAseq.21467_t/Montipora_capitata_HIv3___RNAseq.g35008.t1/Montipora_capitata_HIv3___RNAseq.g8971.t1/Montipora_capitata_HIv3___TS.g10359.t4b,0.9343139369600156,regulation of MAPK cascade,BP
GO:0002274,myeloid leukocyte activation,7/164,342/8363,0.5090589020462197,1.0466518062154875,7,342,Montipora_capitata_HIv3___RNAseq.g44519.t1/Montipora_capitata_HIv3___RNAseq.g44960.t2/Montipora_capitata_HIv3___RNAseq.21467_t/Montipora_capitata_HIv3___RNAseq.g24942.t1/Montipora_capitata_HIv3___RNAseq.g18698.t1/Montipora_capitata_HIv3___TS.g33523.t1/Montipora_capitata_HIv3___RNAseq.g14488.t1,0.9343139369600156,myeloid leukocyte activation,BP
GO:0005769,early endosome,5/164,240/8363,0.5097425212797932,1.06566106433534,5,240,Montipora_capitata_HIv3___RNAseq.g35008.t1/Montipora_capitata_HIv3___RNAseq.g1174.t1/Montipora_capitata_HIv3___RNAseq.g15029.t1b/Montipora_capitata_HIv3___RNAseq.g39706.t2/Montipora_capitata_HIv3___TS.g20607.t1,0.9343139369600156,early endosome,CC
GO:0001228,"DNA-binding transcription activator activity, RNA polymerase II-specific",4/164,189/8363,0.5102785219441744,1.082944402803859,4,189,Montipora_capitata_HIv3___RNAseq.g7741.t1/Montipora_capitata_HIv3___RNAseq.g44814.t1/Montipora_capitata_HIv3___RNAseq.g44445.t1/Montipora_capitata_HIv3___TS.g46192.t3,0.9343139369600156,"DNA-binding transcription activator activity, RNA polymerase II-specific",MF
GO:0009152,purine ribonucleotide biosynthetic process,3/164,138/8363,0.511017326579265,1.1130277371295423,3,138,Montipora_capitata_HIv3___RNAseq.g14956.t1/Montipora_capitata_HIv3___RNAseq.g14960.t1/Montipora_capitata_HIv3___RNAseq.g20763.t1,0.9343139369600156,purine ribonucleotide biosynthetic process,BP
GO:0009581,detection of external stimulus,3/164,138/8363,0.511017326579265,1.1130277371295423,3,138,Montipora_capitata_HIv3___RNAseq.g668.t1/Montipora_capitata_HIv3___RNAseq.g20250.t1/Montipora_capitata_HIv3___RNAseq.g8867.t2,0.9343139369600156,detection of external stimulus,BP
GO:0005874,microtubule,3/164,138/8363,0.511017326579265,1.1130277371295423,3,138,Montipora_capitata_HIv3___RNAseq.g22865.t1/Montipora_capitata_HIv3___RNAseq.g403.t1/Montipora_capitata_HIv3___TS.g21895.t1,0.9343139369600156,microtubule,CC
GO:0044391,ribosomal subunit,3/164,138/8363,0.511017326579265,1.1130277371295423,3,138,Montipora_capitata_HIv3___RNAseq.g27546.t1/Montipora_capitata_HIv3___RNAseq.g43111.t1/Montipora_capitata_HIv3___RNAseq.g11658.t1,0.9343139369600156,ribosomal subunit,CC
GO:0031514,motile cilium,3/164,138/8363,0.511017326579265,1.1130277371295423,3,138,Montipora_capitata_HIv3___TS.g5595.t1/Montipora_capitata_HIv3___RNAseq.g12807.t1/Montipora_capitata_HIv3___RNAseq.g44814.t1,0.9343139369600156,motile cilium,CC
GO:0050896,response to stimulus,80/164,4064/8363,0.5120339757637153,1.0076014467878895,80,4064,Montipora_capitata_HIv3___TS.g33283.t2/Montipora_capitata_HIv3___RNAseq.g6978.t1/Montipora_capitata_HIv3___RNAseq.g7992.t1/Montipora_capitata_HIv3___TS.g1118.t1/Montipora_capitata_HIv3___RNAseq.g23734.t3/Montipora_capitata_HIv3___RNAseq.g26525.t1/Montipora_capitata_HIv3___RNAseq.g35804.t1/Montipora_capitata_HIv3___RNAseq.g15043.t1/Montipora_capitata_HIv3___RNAseq.g5395.t1/Montipora_capitata_HIv3___RNAseq.g22865.t1/Montipora_capitata_HIv3___RNAseq.g11548.t1/Montipora_capitata_HIv3___RNAseq.g7741.t1/Montipora_capitata_HIv3___TS.g29616.t1/Montipora_capitata_HIv3___RNAseq.g2640.t1a/Montipora_capitata_HIv3___TS.g27540.t1/Montipora_capitata_HIv3___RNAseq.g24139.t1/Montipora_capitata_HIv3___RNAseq.g34092.t1/Montipora_capitata_HIv3___RNAseq.g44519.t1/Montipora_capitata_HIv3___RNAseq.g12596.t1/Montipora_capitata_HIv3___RNAseq.g50691.t1/Montipora_capitata_HIv3___RNAseq.g11237.t1/Montipora_capitata_HIv3___RNAseq.g3374.t1/Montipora_capitata_HIv3___RNAseq.g44960.t2/Montipora_capitata_HIv3___TS.g32048.t1/Montipora_capitata_HIv3___RNAseq.21467_t/Montipora_capitata_HIv3___RNAseq.g13129.t1/Montipora_capitata_HIv3___RNAseq.g29879.t1b/Montipora_capitata_HIv3___RNAseq.g42608.t1/Montipora_capitata_HIv3___RNAseq.g38848.t1/Montipora_capitata_HIv3___RNAseq.g39648.t1/Montipora_capitata_HIv3___RNAseq.g49895.t2/Montipora_capitata_HIv3___RNAseq.g36907.t1/Montipora_capitata_HIv3___RNAseq.g45527.t1/Montipora_capitata_HIv3___RNAseq.g35008.t1/Montipora_capitata_HIv3___RNAseq.g668.t1/Montipora_capitata_HIv3___RNAseq.g46378.t1/Montipora_capitata_HIv3___RNAseq.g24942.t1/Montipora_capitata_HIv3___RNAseq.g24095.t1/Montipora_capitata_HIv3___RNAseq.g44814.t1/Montipora_capitata_HIv3___RNAseq.g20250.t1/Montipora_capitata_HIv3___RNAseq.g35720.t1/Montipora_capitata_HIv3___RNAseq.g18698.t1/Montipora_capitata_HIv3___RNAseq.g8971.t1/Montipora_capitata_HIv3___RNAseq.g30678.t1b/Montipora_capitata_HIv3___TS.g40519.t3/Montipora_capitata_HIv3___RNAseq.g15186.t1/Montipora_capitata_HIv3___RNAseq.g14155.t1/Montipora_capitata_HIv3___RNAseq.g14965.t1/Montipora_capitata_HIv3___TS.g4674.t2b/Montipora_capitata_HIv3___RNAseq.g32149.t1/Montipora_capitata_HIv3___RNAseq.g24020.t1/Montipora_capitata_HIv3___RNAseq.g37645.t1/Montipora_capitata_HIv3___RNAseq.g42092.t1/Montipora_capitata_HIv3___RNAseq.g42740.t1/Montipora_capitata_HIv3___RNAseq.g43161.t1a/Montipora_capitata_HIv3___RNAseq.g33449.t1/Montipora_capitata_HIv3___RNAseq.g1174.t1/Montipora_capitata_HIv3___TS.g33523.t1/Montipora_capitata_HIv3___RNAseq.g39974.t1/Montipora_capitata_HIv3___RNAseq.g47955.t1/Montipora_capitata_HIv3___RNAseq.g15188.t1/Montipora_capitata_HIv3___RNAseq.g18929.t1/Montipora_capitata_HIv3___RNAseq.g33997.t1/Montipora_capitata_HIv3___RNAseq.g6934.t1/Montipora_capitata_HIv3___RNAseq.g28116.t1/Montipora_capitata_HIv3___RNAseq.g9561.t1/Montipora_capitata_HIv3___TS.g10359.t4b/Montipora_capitata_HIv3___RNAseq.g15140.t1/Montipora_capitata_HIv3___RNAseq.g39706.t2/Montipora_capitata_HIv3___RNAseq.g26867.t1/Montipora_capitata_HIv3___RNAseq.g8867.t2/Montipora_capitata_HIv3___RNAseq.g12947.t1/Montipora_capitata_HIv3___RNAseq.g44445.t1/Montipora_capitata_HIv3___RNAseq.g23366.t1/Montipora_capitata_HIv3___RNAseq.g18391.t1/Montipora_capitata_HIv3___RNAseq.g11658.t1/Montipora_capitata_HIv3___RNAseq.g14488.t1/Montipora_capitata_HIv3___TS.g47745.t1/Montipora_capitata_HIv3___RNAseq.g37450.t2/Montipora_capitata_HIv3___TS.g46192.t3,0.9350954194902373,response to stimulus,BP
GO:0016787,hydrolase activity,31/164,1569/8363,0.5135296762930506,1.009468534582752,31,1569,Montipora_capitata_HIv3___TS.g33283.t2/Montipora_capitata_HIv3___RNAseq.g36838.t1/Montipora_capitata_HIv3___RNAseq.g15043.t1/Montipora_capitata_HIv3___RNAseq.g23762.t1/Montipora_capitata_HIv3___RNAseq.g5395.t1/Montipora_capitata_HIv3___RNAseq.g22865.t1/Montipora_capitata_HIv3___RNAseq.g33991.t1/Montipora_capitata_HIv3___TS.g5595.t1/Montipora_capitata_HIv3___RNAseq.g46819.t1/Montipora_capitata_HIv3___RNAseq.g42608.t1/Montipora_capitata_HIv3___RNAseq.g33992.t1/Montipora_capitata_HIv3___RNAseq.g24095.t1/Montipora_capitata_HIv3___RNAseq.g18698.t1/Montipora_capitata_HIv3___RNAseq.g14515.t1/Montipora_capitata_HIv3___RNAseq.g9027.t1/Montipora_capitata_HIv3___RNAseq.g20771.t1/Montipora_capitata_HIv3___TS.g40519.t3/Montipora_capitata_HIv3___RNAseq.g20807.t2/Montipora_capitata_HIv3___TS.g5653.t1/Montipora_capitata_HIv3___TS.g4674.t2b/Montipora_capitata_HIv3___RNAseq.g43161.t1a/Montipora_capitata_HIv3___RNAseq.g33449.t1/Montipora_capitata_HIv3___RNAseq.g4241.t1/Montipora_capitata_HIv3___RNAseq.g47955.t1/Montipora_capitata_HIv3___RNAseq.g18929.t1/Montipora_capitata_HIv3___RNAseq.g6934.t1/Montipora_capitata_HIv3___RNAseq.g44719.t1/Montipora_capitata_HIv3___RNAseq.g14625.t1/Montipora_capitata_HIv3___RNAseq.g39706.t2/Montipora_capitata_HIv3___RNAseq.g14488.t1/Montipora_capitata_HIv3___TS.g47745.t1,0.9356643979390481,hydrolase activity,MF
GO:0098805,GO:0098805,17/164,855/8363,0.5143786522388515,1.0158374894119224,17,855,Montipora_capitata_HIv3___RNAseq.g6978.t1/Montipora_capitata_HIv3___RNAseq.g2640.t1a/Montipora_capitata_HIv3___RNAseq.g24139.t1/Montipora_capitata_HIv3___RNAseq.g44960.t2/Montipora_capitata_HIv3___RNAseq.21467_t/Montipora_capitata_HIv3___RNAseq.g38848.t1/Montipora_capitata_HIv3___RNAseq.g35008.t1/Montipora_capitata_HIv3___RNAseq.g46378.t1/Montipora_capitata_HIv3___TS.g4674.t2b/Montipora_capitata_HIv3___RNAseq.g1174.t1/Montipora_capitata_HIv3___TS.g33523.t1/Montipora_capitata_HIv3___TS.g21895.t1/Montipora_capitata_HIv3___RNAseq.g39706.t2/Montipora_capitata_HIv3___RNAseq.g44445.t1/Montipora_capitata_HIv3___RNAseq.g23366.t1/Montipora_capitata_HIv3___RNAseq.g14488.t1/Montipora_capitata_HIv3___TS.g20607.t1,0.9356643979390481,NA,NA
GO:0010959,regulation of metal ion transport,4/164,190/8363,0.5144439248355112,1.0769832463746964,4,190,Montipora_capitata_HIv3___TS.g33283.t2/Montipora_capitata_HIv3___RNAseq.g6978.t1/Montipora_capitata_HIv3___RNAseq.g34092.t1/Montipora_capitata_HIv3___RNAseq.g24095.t1,0.9356643979390481,regulation of metal ion transport,BP
GO:0046903,secretion,14/164,702/8363,0.5149807120475537,1.0189343420422103,14,702,Montipora_capitata_HIv3___TS.g33283.t2/Montipora_capitata_HIv3___RNAseq.g44519.t1/Montipora_capitata_HIv3___RNAseq.g13129.t1/Montipora_capitata_HIv3___RNAseq.g46378.t1/Montipora_capitata_HIv3___RNAseq.g24942.t1/Montipora_capitata_HIv3___RNAseq.g44814.t1/Montipora_capitata_HIv3___RNAseq.g18698.t1/Montipora_capitata_HIv3___RNAseq.g20807.t2/Montipora_capitata_HIv3___TS.g4674.t2b/Montipora_capitata_HIv3___RNAseq.g42740.t1/Montipora_capitata_HIv3___TS.g33523.t1/Montipora_capitata_HIv3___RNAseq.g15029.t1b/Montipora_capitata_HIv3___RNAseq.g39706.t2/Montipora_capitata_HIv3___RNAseq.g14488.t1,0.9356643979390481,secretion,BP
GO:0032869,cellular response to insulin stimulus,3/164,139/8363,0.5158830171371563,1.1047078937935455,3,139,Montipora_capitata_HIv3___TS.g33283.t2/Montipora_capitata_HIv3___RNAseq.g24942.t1/Montipora_capitata_HIv3___RNAseq.g44814.t1,0.9356643979390481,cellular response to insulin stimulus,BP
GO:0016746,acyltransferase activity,3/164,139/8363,0.5158830171371563,1.1047078937935455,3,139,Montipora_capitata_HIv3___RNAseq.g44562.t1/Montipora_capitata_HIv3___RNAseq.g9918.t1/Montipora_capitata_HIv3___RNAseq.g44719.t1,0.9356643979390481,acyltransferase activity,MF
GO:0005215,transporter activity,13/164,652/8363,0.5175539736238677,1.0185619970597768,13,652,Montipora_capitata_HIv3___TS.g44069.t1/Montipora_capitata_HIv3___RNAseq.g24139.t1/Montipora_capitata_HIv3___RNAseq.g13129.t1/Montipora_capitata_HIv3___RNAseq.g49895.t2/Montipora_capitata_HIv3___RNAseq.g36907.t1/Montipora_capitata_HIv3___RNAseq.g668.t1/Montipora_capitata_HIv3___RNAseq.g20250.t1/Montipora_capitata_HIv3___RNAseq.g14155.t1/Montipora_capitata_HIv3___TS.g4674.t2b/Montipora_capitata_HIv3___RNAseq.g42740.t1/Montipora_capitata_HIv3___RNAseq.g11214.t1/Montipora_capitata_HIv3___RNAseq.g44445.t1/Montipora_capitata_HIv3___RNAseq.g23366.t1,0.9360125535552684,transporter activity,MF
GO:0010647,positive regulation of cell communication,20/164,1010/8363,0.5177832084205147,1.0113629816181753,20,1010,Montipora_capitata_HIv3___TS.g33283.t2/Montipora_capitata_HIv3___RNAseq.g6978.t1/Montipora_capitata_HIv3___RNAseq.g5395.t1/Montipora_capitata_HIv3___RNAseq.g7741.t1/Montipora_capitata_HIv3___TS.g27540.t1/Montipora_capitata_HIv3___RNAseq.g34092.t1/Montipora_capitata_HIv3___RNAseq.g44960.t2/Montipora_capitata_HIv3___RNAseq.21467_t/Montipora_capitata_HIv3___RNAseq.g36907.t1/Montipora_capitata_HIv3___RNAseq.g35008.t1/Montipora_capitata_HIv3___RNAseq.g668.t1/Montipora_capitata_HIv3___RNAseq.g46378.t1/Montipora_capitata_HIv3___RNAseq.g24942.t1/Montipora_capitata_HIv3___RNAseq.g24095.t1/Montipora_capitata_HIv3___RNAseq.g44814.t1/Montipora_capitata_HIv3___RNAseq.g8971.t1/Montipora_capitata_HIv3___TS.g10359.t4b/Montipora_capitata_HIv3___RNAseq.g39706.t2/Montipora_capitata_HIv3___RNAseq.g22853.t1/Montipora_capitata_HIv3___RNAseq.g44445.t1,0.9360125535552684,positive regulation of cell communication,BP
GO:0051301,cell division,7/164,345/8363,0.5184039193329524,1.0369614100348683,7,345,Montipora_capitata_HIv3___RNAseq.g22865.t1/Montipora_capitata_HIv3___RNAseq.g26580.t1/Montipora_capitata_HIv3___RNAseq.g8971.t1/Montipora_capitata_HIv3___RNAseq.g23247.t1/Montipora_capitata_HIv3___RNAseq.g15029.t1b/Montipora_capitata_HIv3___TS.g21895.t1/Montipora_capitata_HIv3___TS.g10359.t4b,0.9360125535552684,cell division,BP
GO:0120035,regulation of plasma membrane bounded cell projection organization,11/164,550/8363,0.5184341742754133,1.0217431470293805,11,550,Montipora_capitata_HIv3___RNAseq.g6978.t1/Montipora_capitata_HIv3___RNAseq.g23734.t3/Montipora_capitata_HIv3___RNAseq.g35804.t1/Montipora_capitata_HIv3___RNAseq.g5395.t1/Montipora_capitata_HIv3___RNAseq.g24942.t1/Montipora_capitata_HIv3___RNAseq.g35720.t1/Montipora_capitata_HIv3___RNAseq.g8971.t1/Montipora_capitata_HIv3___RNAseq.g24020.t1/Montipora_capitata_HIv3___RNAseq.g15029.t1b/Montipora_capitata_HIv3___TS.g10359.t4b/Montipora_capitata_HIv3___RNAseq.g39706.t2,0.9360125535552684,regulation of plasma membrane bounded cell projection organization,BP
GO:0000578,embryonic axis specification,3/164,140/8363,0.5207230942060437,1.0965064078388957,3,140,Montipora_capitata_HIv3___RNAseq.g35008.t1/Montipora_capitata_HIv3___RNAseq.g28116.t1/Montipora_capitata_HIv3___TS.g46192.t3,0.9390767619374901,embryonic axis specification,BP
GO:0071375,cellular response to peptide hormone stimulus,4/164,192/8363,0.5227263504071373,1.065251575680879,4,192,Montipora_capitata_HIv3___TS.g33283.t2/Montipora_capitata_HIv3___RNAseq.g24942.t1/Montipora_capitata_HIv3___RNAseq.g44814.t1/Montipora_capitata_HIv3___RNAseq.g14488.t1,0.9416194303020737,cellular response to peptide hormone stimulus,BP
GO:0043603,amide metabolic process,12/164,604/8363,0.5251124819149127,1.0144469095381046,12,604,Montipora_capitata_HIv3___RNAseq.g40427.t1a/Montipora_capitata_HIv3___RNAseq.g34092.t1/Montipora_capitata_HIv3___RNAseq.g37645.t1/Montipora_capitata_HIv3___TS.g33523.t1/Montipora_capitata_HIv3___RNAseq.g43111.t1/Montipora_capitata_HIv3___RNAseq.g44719.t1/Montipora_capitata_HIv3___RNAseq.g41226.t1/Montipora_capitata_HIv3___RNAseq.g14956.t1/Montipora_capitata_HIv3___RNAseq.g39706.t2/Montipora_capitata_HIv3___RNAseq.g14960.t1/Montipora_capitata_HIv3___RNAseq.g11658.t1/Montipora_capitata_HIv3___RNAseq.g14488.t1,0.9434700259869854,amide metabolic process,BP
GO:0001700,embryonic development via the syncytial blastoderm,3/164,141/8363,0.5255371789366698,1.0884192863626236,3,141,Montipora_capitata_HIv3___RNAseq.g44960.t2/Montipora_capitata_HIv3___RNAseq.21467_t/Montipora_capitata_HIv3___RNAseq.g47955.t1,0.9434700259869854,embryonic development via the syncytial blastoderm,BP
GO:0071695,anatomical structure maturation,3/164,141/8363,0.5255371789366698,1.0884192863626236,3,141,Montipora_capitata_HIv3___RNAseq.g44814.t1/Montipora_capitata_HIv3___RNAseq.g8971.t1/Montipora_capitata_HIv3___RNAseq.g15029.t1b,0.9434700259869854,anatomical structure maturation,BP
GO:0045732,positive regulation of protein catabolic process,4/164,193/8363,0.5268427895460783,1.0595476321262114,4,193,Montipora_capitata_HIv3___RNAseq.g30678.t1b/Montipora_capitata_HIv3___RNAseq.g42092.t1/Montipora_capitata_HIv3___RNAseq.g23247.t1/Montipora_capitata_HIv3___RNAseq.g39706.t2,0.9436789018167341,positive regulation of protein catabolic process,BP
GO:0000982,GO:0000982,4/164,193/8363,0.5268427895460783,1.0595476321262114,4,193,Montipora_capitata_HIv3___RNAseq.g7741.t1/Montipora_capitata_HIv3___RNAseq.g44814.t1/Montipora_capitata_HIv3___RNAseq.g44445.t1/Montipora_capitata_HIv3___TS.g46192.t3,0.9436789018167341,NA,NA
GO:0023056,positive regulation of signaling,20/164,1016/8363,0.5291141338127863,1.0044339844520749,20,1016,Montipora_capitata_HIv3___TS.g33283.t2/Montipora_capitata_HIv3___RNAseq.g6978.t1/Montipora_capitata_HIv3___RNAseq.g5395.t1/Montipora_capitata_HIv3___RNAseq.g7741.t1/Montipora_capitata_HIv3___TS.g27540.t1/Montipora_capitata_HIv3___RNAseq.g34092.t1/Montipora_capitata_HIv3___RNAseq.g44960.t2/Montipora_capitata_HIv3___RNAseq.21467_t/Montipora_capitata_HIv3___RNAseq.g36907.t1/Montipora_capitata_HIv3___RNAseq.g35008.t1/Montipora_capitata_HIv3___RNAseq.g668.t1/Montipora_capitata_HIv3___RNAseq.g46378.t1/Montipora_capitata_HIv3___RNAseq.g24942.t1/Montipora_capitata_HIv3___RNAseq.g24095.t1/Montipora_capitata_HIv3___RNAseq.g44814.t1/Montipora_capitata_HIv3___RNAseq.g8971.t1/Montipora_capitata_HIv3___TS.g10359.t4b/Montipora_capitata_HIv3___RNAseq.g39706.t2/Montipora_capitata_HIv3___RNAseq.g22853.t1/Montipora_capitata_HIv3___RNAseq.g44445.t1,0.9456467726815777,positive regulation of signaling,BP
GO:0042127,regulation of cell population proliferation,18/164,914/8363,0.5300643536559452,1.004876642694543,18,914,Montipora_capitata_HIv3___TS.g33283.t2/Montipora_capitata_HIv3___RNAseq.g6978.t1/Montipora_capitata_HIv3___RNAseq.g7741.t1/Montipora_capitata_HIv3___RNAseq.g44960.t2/Montipora_capitata_HIv3___RNAseq.21467_t/Montipora_capitata_HIv3___RNAseq.g36907.t1/Montipora_capitata_HIv3___RNAseq.g35008.t1/Montipora_capitata_HIv3___RNAseq.g46378.t1/Montipora_capitata_HIv3___RNAseq.g44814.t1/Montipora_capitata_HIv3___RNAseq.g8971.t1/Montipora_capitata_HIv3___RNAseq.g15186.t1/Montipora_capitata_HIv3___RNAseq.g37645.t1/Montipora_capitata_HIv3___RNAseq.g43161.t1a/Montipora_capitata_HIv3___RNAseq.g9918.t1/Montipora_capitata_HIv3___TS.g33523.t1/Montipora_capitata_HIv3___RNAseq.g14488.t1/Montipora_capitata_HIv3___TS.g47745.t1/Montipora_capitata_HIv3___RNAseq.g20763.t1,0.9456467726815777,regulation of cell population proliferation,BP
GO:0006164,purine nucleotide biosynthetic process,3/164,142/8363,0.5303249071749239,1.0804486161913587,3,142,Montipora_capitata_HIv3___RNAseq.g14956.t1/Montipora_capitata_HIv3___RNAseq.g14960.t1/Montipora_capitata_HIv3___RNAseq.g20763.t1,0.9456467726815777,purine nucleotide biosynthetic process,BP
GO:0016055,Wnt signaling pathway,3/164,142/8363,0.5303249071749239,1.0804486161913587,3,142,Montipora_capitata_HIv3___RNAseq.g7741.t1/Montipora_capitata_HIv3___RNAseq.g35008.t1/Montipora_capitata_HIv3___TS.g10359.t4b,0.9456467726815777,Wnt signaling pathway,BP
GO:0009636,response to toxic substance,9/164,453/8363,0.5333086124054278,1.014167485546586,9,453,Montipora_capitata_HIv3___RNAseq.g5395.t1/Montipora_capitata_HIv3___RNAseq.g34092.t1/Montipora_capitata_HIv3___RNAseq.g44519.t1/Montipora_capitata_HIv3___RNAseq.g44814.t1/Montipora_capitata_HIv3___RNAseq.g8971.t1/Montipora_capitata_HIv3___RNAseq.g37645.t1/Montipora_capitata_HIv3___RNAseq.g33997.t1/Montipora_capitata_HIv3___RNAseq.g18391.t1/Montipora_capitata_HIv3___RNAseq.g14488.t1,0.9466904901748888,response to toxic substance,BP
GO:0071417,cellular response to organonitrogen compound,7/164,350/8363,0.5338384582275916,1.0211897715855647,7,350,Montipora_capitata_HIv3___TS.g33283.t2/Montipora_capitata_HIv3___RNAseq.g24942.t1/Montipora_capitata_HIv3___RNAseq.g44814.t1/Montipora_capitata_HIv3___RNAseq.g8971.t1/Montipora_capitata_HIv3___RNAseq.g43161.t1a/Montipora_capitata_HIv3___TS.g33523.t1/Montipora_capitata_HIv3___RNAseq.g14488.t1,0.9466904901748888,cellular response to organonitrogen compound,BP
GO:0003674,molecular_function,139/164,7077/8363,0.5341516866142343,1.0105440471198068,139,7077,Montipora_capitata_HIv3___TS.g33283.t2/Montipora_capitata_HIv3___RNAseq.g6978.t1/Montipora_capitata_HIv3___RNAseq.g36845.t1/Montipora_capitata_HIv3___RNAseq.g7992.t1/Montipora_capitata_HIv3___TS.g1118.t1/Montipora_capitata_HIv3___RNAseq.g36838.t1/Montipora_capitata_HIv3___RNAseq.g23734.t3/Montipora_capitata_HIv3___RNAseq.g26525.t1/Montipora_capitata_HIv3___RNAseq.g35804.t1/Montipora_capitata_HIv3___TS.g10979.t1/Montipora_capitata_HIv3___RNAseq.g15043.t1/Montipora_capitata_HIv3___RNAseq.g40427.t1a/Montipora_capitata_HIv3___RNAseq.g23762.t1/Montipora_capitata_HIv3___TS.g44069.t1/Montipora_capitata_HIv3___RNAseq.g5395.t1/Montipora_capitata_HIv3___RNAseq.g22865.t1/Montipora_capitata_HIv3___RNAseq.g46820.t1/Montipora_capitata_HIv3___RNAseq.g35299.t1/Montipora_capitata_HIv3___RNAseq.g14946.t1/Montipora_capitata_HIv3___RNAseq.g23733.t1/Montipora_capitata_HIv3___RNAseq.g11548.t1/Montipora_capitata_HIv3___RNAseq.g7741.t1/Montipora_capitata_HIv3___TS.g29616.t1/Montipora_capitata_HIv3___RNAseq.g33991.t1/Montipora_capitata_HIv3___RNAseq.g26580.t1/Montipora_capitata_HIv3___RNAseq.g2640.t1a/Montipora_capitata_HIv3___TS.g5595.t1/Montipora_capitata_HIv3___RNAseq.g36836.t1/Montipora_capitata_HIv3___RNAseq.g27546.t1/Montipora_capitata_HIv3___TS.g27540.t1/Montipora_capitata_HIv3___RNAseq.g24139.t1/Montipora_capitata_HIv3___RNAseq.g34092.t1/Montipora_capitata_HIv3___RNAseq.g44519.t1/Montipora_capitata_HIv3___RNAseq.g46819.t1/Montipora_capitata_HIv3___RNAseq.g12596.t1/Montipora_capitata_HIv3___RNAseq.g50691.t1/Montipora_capitata_HIv3___RNAseq.g11237.t1/Montipora_capitata_HIv3___RNAseq.g3374.t1/Montipora_capitata_HIv3___RNAseq.g44960.t2/Montipora_capitata_HIv3___TS.g32048.t1/Montipora_capitata_HIv3___RNAseq.g40983.t1/Montipora_capitata_HIv3___RNAseq.21467_t/Montipora_capitata_HIv3___RNAseq.g24836.t1/Montipora_capitata_HIv3___RNAseq.g13129.t1/Montipora_capitata_HIv3___RNAseq.g37193.t1/Montipora_capitata_HIv3___RNAseq.g29879.t1b/Montipora_capitata_HIv3___RNAseq.g42608.t1/Montipora_capitata_HIv3___RNAseq.g39887.t1/Montipora_capitata_HIv3___RNAseq.g12736.t1/Montipora_capitata_HIv3___RNAseq.g35718.t1/Montipora_capitata_HIv3___RNAseq.g33992.t1/Montipora_capitata_HIv3___RNAseq.g38848.t1/Montipora_capitata_HIv3___RNAseq.g27709.t1/Montipora_capitata_HIv3___RNAseq.g39648.t1/Montipora_capitata_HIv3___RNAseq.g44539.t1/Montipora_capitata_HIv3___RNAseq.g49895.t2/Montipora_capitata_HIv3___RNAseq.g403.t1/Montipora_capitata_HIv3___RNAseq.g24524.t1/Montipora_capitata_HIv3___RNAseq.g13857.t1/Montipora_capitata_HIv3___RNAseq.g36907.t1/Montipora_capitata_HIv3___RNAseq.g45527.t1/Montipora_capitata_HIv3___RNAseq.g35008.t1/Montipora_capitata_HIv3___RNAseq.g668.t1/Montipora_capitata_HIv3___RNAseq.g40982.t1a/Montipora_capitata_HIv3___RNAseq.g46378.t1/Montipora_capitata_HIv3___RNAseq.g44562.t1/Montipora_capitata_HIv3___RNAseq.g24942.t1/Montipora_capitata_HIv3___RNAseq.g24095.t1/Montipora_capitata_HIv3___RNAseq.g44814.t1/Montipora_capitata_HIv3___RNAseq.g20250.t1/Montipora_capitata_HIv3___RNAseq.g35720.t1/Montipora_capitata_HIv3___RNAseq.g18698.t1/Montipora_capitata_HIv3___RNAseq.g14515.t1/Montipora_capitata_HIv3___RNAseq.g8971.t1/Montipora_capitata_HIv3___RNAseq.g9027.t1/Montipora_capitata_HIv3___RNAseq.g20771.t1/Montipora_capitata_HIv3___RNAseq.g41416.t2a/Montipora_capitata_HIv3___RNAseq.g30678.t1b/Montipora_capitata_HIv3___RNAseq.g18395.t1/Montipora_capitata_HIv3___TS.g40519.t3/Montipora_capitata_HIv3___RNAseq.g20807.t2/Montipora_capitata_HIv3___RNAseq.g15186.t1/Montipora_capitata_HIv3___RNAseq.g36935.t1/Montipora_capitata_HIv3___TS.g5653.t1/Montipora_capitata_HIv3___RNAseq.g28405.t2/Montipora_capitata_HIv3___TS.g6904.t1/Montipora_capitata_HIv3___RNAseq.g14155.t1/Montipora_capitata_HIv3___RNAseq.g40991.t1/Montipora_capitata_HIv3___RNAseq.g14965.t1/Montipora_capitata_HIv3___TS.g4674.t2b/Montipora_capitata_HIv3___RNAseq.g32149.t1/Montipora_capitata_HIv3___RNAseq.g37645.t1/Montipora_capitata_HIv3___RNAseq.g42092.t1/Montipora_capitata_HIv3___RNAseq.g42740.t1/Montipora_capitata_HIv3___RNAseq.g43161.t1a/Montipora_capitata_HIv3___RNAseq.g22553.t1c/Montipora_capitata_HIv3___RNAseq.g41333.t1/Montipora_capitata_HIv3___RNAseq.g9918.t1/Montipora_capitata_HIv3___RNAseq.g33449.t1/Montipora_capitata_HIv3___RNAseq.g9060.t1/Montipora_capitata_HIv3___RNAseq.g1174.t1/Montipora_capitata_HIv3___RNAseq.g23247.t1/Montipora_capitata_HIv3___TS.g33523.t1/Montipora_capitata_HIv3___RNAseq.g39974.t1/Montipora_capitata_HIv3___RNAseq.g4241.t1/Montipora_capitata_HIv3___RNAseq.g47955.t1/Montipora_capitata_HIv3___RNAseq.g15188.t1/Montipora_capitata_HIv3___RNAseq.g49962.t1/Montipora_capitata_HIv3___RNAseq.g11214.t1/Montipora_capitata_HIv3___RNAseq.g18929.t1/Montipora_capitata_HIv3___TS.g21293.t1/Montipora_capitata_HIv3___RNAseq.g43111.t1/Montipora_capitata_HIv3___RNAseq.g33997.t1/Montipora_capitata_HIv3___RNAseq.g6934.t1/Montipora_capitata_HIv3___RNAseq.g28116.t1/Montipora_capitata_HIv3___RNAseq.g9561.t1/Montipora_capitata_HIv3___RNAseq.g15029.t1b/Montipora_capitata_HIv3___RNAseq.g4457.t1/Montipora_capitata_HIv3___TS.g21895.t1/Montipora_capitata_HIv3___RNAseq.g44719.t1/Montipora_capitata_HIv3___RNAseq.g9087.t1/Montipora_capitata_HIv3___RNAseq.g14625.t1/Montipora_capitata_HIv3___TS.g10359.t4b/Montipora_capitata_HIv3___RNAseq.g15140.t1/Montipora_capitata_HIv3___RNAseq.g41226.t1/Montipora_capitata_HIv3___RNAseq.g14956.t1/Montipora_capitata_HIv3___RNAseq.g39706.t2/Montipora_capitata_HIv3___RNAseq.g8867.t2/Montipora_capitata_HIv3___RNAseq.g44445.t1/Montipora_capitata_HIv3___RNAseq.g14960.t1/Montipora_capitata_HIv3___RNAseq.g23366.t1/Montipora_capitata_HIv3___RNAseq.g18391.t1/Montipora_capitata_HIv3___RNAseq.g11658.t1/Montipora_capitata_HIv3___RNAseq.g14488.t1/Montipora_capitata_HIv3___TS.g47745.t1/Montipora_capitata_HIv3___RNAseq.g37450.t2/Montipora_capitata_HIv3___RNAseq.g20763.t1/Montipora_capitata_HIv3___TS.g20607.t1/Montipora_capitata_HIv3___TS.g46192.t3,0.9466904901748888,molecular_function,MF
GO:0007017,microtubule-based process,12/164,608/8363,0.5346031630851777,1.0071083522607593,12,608,Montipora_capitata_HIv3___RNAseq.g36838.t1/Montipora_capitata_HIv3___RNAseq.g22865.t1/Montipora_capitata_HIv3___RNAseq.g26580.t1/Montipora_capitata_HIv3___TS.g5595.t1/Montipora_capitata_HIv3___RNAseq.g39887.t1/Montipora_capitata_HIv3___RNAseq.g44814.t1/Montipora_capitata_HIv3___TS.g5653.t1/Montipora_capitata_HIv3___RNAseq.g42740.t1/Montipora_capitata_HIv3___RNAseq.g1174.t1/Montipora_capitata_HIv3___RNAseq.g15029.t1b/Montipora_capitata_HIv3___TS.g21895.t1/Montipora_capitata_HIv3___TS.g10359.t4b,0.9466904901748888,microtubule-based process,BP
GO:0032147,activation of protein kinase activity,4/164,195/8363,0.5350247183846373,1.0481832957265362,4,195,Montipora_capitata_HIv3___TS.g33283.t2/Montipora_capitata_HIv3___RNAseq.g44960.t2/Montipora_capitata_HIv3___RNAseq.21467_t/Montipora_capitata_HIv3___RNAseq.g14965.t1,0.9466904901748888,activation of protein kinase activity,BP
GO:0009582,detection of abiotic stimulus,3/164,143/8363,0.535085929229285,1.0725919860353994,3,143,Montipora_capitata_HIv3___RNAseq.g668.t1/Montipora_capitata_HIv3___RNAseq.g20250.t1/Montipora_capitata_HIv3___RNAseq.g8867.t2,0.9466904901748888,detection of abiotic stimulus,BP
GO:0010770,positive regulation of cell morphogenesis,3/164,143/8363,0.535085929229285,1.0725919860353994,3,143,Montipora_capitata_HIv3___RNAseq.g24942.t1/Montipora_capitata_HIv3___TS.g10359.t4b/Montipora_capitata_HIv3___RNAseq.g39706.t2,0.9466904901748888,positive regulation of cell morphogenesis,BP
GO:0009058,biosynthetic process,43/164,2197/8363,0.5362474056146364,0.9973182559591016,43,2197,Montipora_capitata_HIv3___TS.g33283.t2/Montipora_capitata_HIv3___RNAseq.g6978.t1/Montipora_capitata_HIv3___RNAseq.g36845.t1/Montipora_capitata_HIv3___RNAseq.g40427.t1a/Montipora_capitata_HIv3___RNAseq.g7741.t1/Montipora_capitata_HIv3___RNAseq.g36836.t1/Montipora_capitata_HIv3___RNAseq.g34092.t1/Montipora_capitata_HIv3___RNAseq.g44519.t1/Montipora_capitata_HIv3___RNAseq.g3374.t1/Montipora_capitata_HIv3___RNAseq.g37193.t1/Montipora_capitata_HIv3___RNAseq.g12736.t1/Montipora_capitata_HIv3___RNAseq.g27709.t1/Montipora_capitata_HIv3___RNAseq.g44539.t1/Montipora_capitata_HIv3___RNAseq.g45527.t1/Montipora_capitata_HIv3___RNAseq.g46378.t1/Montipora_capitata_HIv3___RNAseq.g24095.t1/Montipora_capitata_HIv3___RNAseq.g44814.t1/Montipora_capitata_HIv3___RNAseq.g8971.t1/Montipora_capitata_HIv3___RNAseq.g20771.t1/Montipora_capitata_HIv3___RNAseq.g30678.t1b/Montipora_capitata_HIv3___TS.g6904.t1/Montipora_capitata_HIv3___RNAseq.g40991.t1/Montipora_capitata_HIv3___RNAseq.g14965.t1/Montipora_capitata_HIv3___RNAseq.g37645.t1/Montipora_capitata_HIv3___RNAseq.g42740.t1/Montipora_capitata_HIv3___RNAseq.g43161.t1a/Montipora_capitata_HIv3___RNAseq.g9918.t1/Montipora_capitata_HIv3___RNAseq.g33449.t1/Montipora_capitata_HIv3___RNAseq.g15188.t1/Montipora_capitata_HIv3___TS.g50674.t1/Montipora_capitata_HIv3___TS.g21293.t1/Montipora_capitata_HIv3___RNAseq.g43111.t1/Montipora_capitata_HIv3___RNAseq.g41226.t1/Montipora_capitata_HIv3___RNAseq.g14956.t1/Montipora_capitata_HIv3___RNAseq.g39706.t2/Montipora_capitata_HIv3___RNAseq.g8867.t2/Montipora_capitata_HIv3___RNAseq.g44445.t1/Montipora_capitata_HIv3___RNAseq.g14960.t1/Montipora_capitata_HIv3___RNAseq.g11658.t1/Montipora_capitata_HIv3___RNAseq.g14488.t1/Montipora_capitata_HIv3___RNAseq.g37450.t2/Montipora_capitata_HIv3___RNAseq.g20763.t1/Montipora_capitata_HIv3___TS.g46192.t3,0.9476889005684052,biosynthetic process,BP
GO:0031344,regulation of cell projection organization,11/164,558/8363,0.5382279292993826,1.0057469251132092,11,558,Montipora_capitata_HIv3___RNAseq.g6978.t1/Montipora_capitata_HIv3___RNAseq.g23734.t3/Montipora_capitata_HIv3___RNAseq.g35804.t1/Montipora_capitata_HIv3___RNAseq.g5395.t1/Montipora_capitata_HIv3___RNAseq.g24942.t1/Montipora_capitata_HIv3___RNAseq.g35720.t1/Montipora_capitata_HIv3___RNAseq.g8971.t1/Montipora_capitata_HIv3___RNAseq.g24020.t1/Montipora_capitata_HIv3___RNAseq.g15029.t1b/Montipora_capitata_HIv3___TS.g10359.t4b/Montipora_capitata_HIv3___RNAseq.g39706.t2,0.9492547943598442,regulation of cell projection organization,BP
GO:1901698,response to nitrogen compound,15/164,764/8363,0.538329751054732,1.0013349666791371,15,764,Montipora_capitata_HIv3___TS.g33283.t2/Montipora_capitata_HIv3___RNAseq.g15043.t1/Montipora_capitata_HIv3___RNAseq.g5395.t1/Montipora_capitata_HIv3___TS.g27540.t1/Montipora_capitata_HIv3___RNAseq.g46378.t1/Montipora_capitata_HIv3___RNAseq.g24942.t1/Montipora_capitata_HIv3___RNAseq.g44814.t1/Montipora_capitata_HIv3___RNAseq.g8971.t1/Montipora_capitata_HIv3___RNAseq.g43161.t1a/Montipora_capitata_HIv3___TS.g33523.t1/Montipora_capitata_HIv3___RNAseq.g47955.t1/Montipora_capitata_HIv3___RNAseq.g15188.t1/Montipora_capitata_HIv3___RNAseq.g11658.t1/Montipora_capitata_HIv3___RNAseq.g14488.t1/Montipora_capitata_HIv3___TS.g47745.t1,0.9492547943598442,response to nitrogen compound,BP
GO:0051234,establishment of localization,50/164,2558/8363,0.5409564757377603,0.9952361715334899,50,2558,Montipora_capitata_HIv3___TS.g33283.t2/Montipora_capitata_HIv3___RNAseq.g6978.t1/Montipora_capitata_HIv3___TS.g1118.t1/Montipora_capitata_HIv3___RNAseq.g36838.t1/Montipora_capitata_HIv3___RNAseq.g26525.t1/Montipora_capitata_HIv3___RNAseq.g15043.t1/Montipora_capitata_HIv3___TS.g44069.t1/Montipora_capitata_HIv3___RNAseq.g22865.t1/Montipora_capitata_HIv3___RNAseq.g2640.t1a/Montipora_capitata_HIv3___RNAseq.g24139.t1/Montipora_capitata_HIv3___RNAseq.g44519.t1/Montipora_capitata_HIv3___TS.g32048.t1/Montipora_capitata_HIv3___RNAseq.g13129.t1/Montipora_capitata_HIv3___RNAseq.g38848.t1/Montipora_capitata_HIv3___RNAseq.g49895.t2/Montipora_capitata_HIv3___RNAseq.g45361.t1/Montipora_capitata_HIv3___RNAseq.g13857.t1/Montipora_capitata_HIv3___RNAseq.g36907.t1/Montipora_capitata_HIv3___RNAseq.g668.t1/Montipora_capitata_HIv3___RNAseq.g46378.t1/Montipora_capitata_HIv3___RNAseq.g24942.t1/Montipora_capitata_HIv3___RNAseq.g24095.t1/Montipora_capitata_HIv3___RNAseq.g44814.t1/Montipora_capitata_HIv3___RNAseq.g20250.t1/Montipora_capitata_HIv3___RNAseq.g12548.t1/Montipora_capitata_HIv3___RNAseq.g18698.t1/Montipora_capitata_HIv3___RNAseq.g8971.t1/Montipora_capitata_HIv3___RNAseq.g41416.t2a/Montipora_capitata_HIv3___RNAseq.g20807.t2/Montipora_capitata_HIv3___RNAseq.g14155.t1/Montipora_capitata_HIv3___TS.g4674.t2b/Montipora_capitata_HIv3___RNAseq.g40284.t1/Montipora_capitata_HIv3___RNAseq.g42740.t1/Montipora_capitata_HIv3___RNAseq.g22408.t1/Montipora_capitata_HIv3___RNAseq.g1174.t1/Montipora_capitata_HIv3___RNAseq.g23247.t1/Montipora_capitata_HIv3___TS.g33523.t1/Montipora_capitata_HIv3___RNAseq.g15188.t1/Montipora_capitata_HIv3___RNAseq.g49962.t1/Montipora_capitata_HIv3___RNAseq.g11214.t1/Montipora_capitata_HIv3___RNAseq.g15029.t1b/Montipora_capitata_HIv3___TS.g21895.t1/Montipora_capitata_HIv3___TS.g10359.t4b/Montipora_capitata_HIv3___RNAseq.g41226.t1/Montipora_capitata_HIv3___RNAseq.g39706.t2/Montipora_capitata_HIv3___RNAseq.g44445.t1/Montipora_capitata_HIv3___RNAseq.g23366.t1/Montipora_capitata_HIv3___RNAseq.g11658.t1/Montipora_capitata_HIv3___RNAseq.g14488.t1/Montipora_capitata_HIv3___TS.g20607.t1,0.9528278878976976,establishment of localization,BP
GO:0009991,response to extracellular stimulus,10/164,508/8363,0.5422626815058316,1.0041461136351144,10,508,Montipora_capitata_HIv3___RNAseq.g6978.t1/Montipora_capitata_HIv3___RNAseq.g15043.t1/Montipora_capitata_HIv3___RNAseq.g13129.t1/Montipora_capitata_HIv3___RNAseq.g46378.t1/Montipora_capitata_HIv3___RNAseq.g44814.t1/Montipora_capitata_HIv3___RNAseq.g8971.t1/Montipora_capitata_HIv3___RNAseq.g33449.t1/Montipora_capitata_HIv3___TS.g33523.t1/Montipora_capitata_HIv3___RNAseq.g39974.t1/Montipora_capitata_HIv3___RNAseq.g14488.t1,0.9533299283797847,response to extracellular stimulus,BP
GO:0006790,sulfur compound metabolic process,6/164,301/8363,0.5426939035504799,1.0174650174339255,6,301,Montipora_capitata_HIv3___RNAseq.g34092.t1/Montipora_capitata_HIv3___RNAseq.g37193.t1/Montipora_capitata_HIv3___RNAseq.g37645.t1/Montipora_capitata_HIv3___TS.g21293.t1/Montipora_capitata_HIv3___RNAseq.g14956.t1/Montipora_capitata_HIv3___RNAseq.g14960.t1,0.9533299283797847,sulfur compound metabolic process,BP
GO:0000075,cell cycle checkpoint signaling,3/164,145/8363,0.5445265269358781,1.0572797755452186,3,145,Montipora_capitata_HIv3___RNAseq.g7741.t1/Montipora_capitata_HIv3___RNAseq.g14965.t1/Montipora_capitata_HIv3___RNAseq.g43161.t1a,0.9533299283797847,cell cycle checkpoint signaling,BP
GO:0022839,monoatomic ion gated channel activity,3/164,145/8363,0.5445265269358781,1.0572797755452186,3,145,Montipora_capitata_HIv3___RNAseq.g13129.t1/Montipora_capitata_HIv3___RNAseq.g20250.t1/Montipora_capitata_HIv3___RNAseq.g23366.t1,0.9533299283797847,monoatomic ion gated channel activity,MF
GO:0046883,regulation of hormone secretion,4/164,198/8363,0.5471662552623748,1.0315784656615417,4,198,Montipora_capitata_HIv3___RNAseq.g7741.t1/Montipora_capitata_HIv3___RNAseq.g24095.t1/Montipora_capitata_HIv3___RNAseq.g44814.t1/Montipora_capitata_HIv3___RNAseq.g8971.t1,0.9533299283797847,regulation of hormone secretion,BP
GO:0019220,regulation of phosphate metabolic process,18/164,923/8363,0.547722214064592,0.9936584434587616,18,923,Montipora_capitata_HIv3___TS.g33283.t2/Montipora_capitata_HIv3___RNAseq.g6978.t1/Montipora_capitata_HIv3___RNAseq.g15043.t1/Montipora_capitata_HIv3___RNAseq.g5395.t1/Montipora_capitata_HIv3___RNAseq.g41637.t1/Montipora_capitata_HIv3___TS.g27540.t1/Montipora_capitata_HIv3___RNAseq.g44960.t2/Montipora_capitata_HIv3___RNAseq.21467_t/Montipora_capitata_HIv3___RNAseq.g37193.t1/Montipora_capitata_HIv3___RNAseq.g36907.t1/Montipora_capitata_HIv3___RNAseq.g35008.t1/Montipora_capitata_HIv3___RNAseq.g24095.t1/Montipora_capitata_HIv3___RNAseq.g44814.t1/Montipora_capitata_HIv3___RNAseq.g8971.t1/Montipora_capitata_HIv3___RNAseq.g14965.t1/Montipora_capitata_HIv3___RNAseq.g43161.t1a/Montipora_capitata_HIv3___RNAseq.g15029.t1b/Montipora_capitata_HIv3___TS.g10359.t4b,0.9533299283797847,regulation of phosphate metabolic process,BP
GO:0051174,regulation of phosphorus metabolic process,18/164,923/8363,0.547722214064592,0.9936584434587616,18,923,Montipora_capitata_HIv3___TS.g33283.t2/Montipora_capitata_HIv3___RNAseq.g6978.t1/Montipora_capitata_HIv3___RNAseq.g15043.t1/Montipora_capitata_HIv3___RNAseq.g5395.t1/Montipora_capitata_HIv3___RNAseq.g41637.t1/Montipora_capitata_HIv3___TS.g27540.t1/Montipora_capitata_HIv3___RNAseq.g44960.t2/Montipora_capitata_HIv3___RNAseq.21467_t/Montipora_capitata_HIv3___RNAseq.g37193.t1/Montipora_capitata_HIv3___RNAseq.g36907.t1/Montipora_capitata_HIv3___RNAseq.g35008.t1/Montipora_capitata_HIv3___RNAseq.g24095.t1/Montipora_capitata_HIv3___RNAseq.g44814.t1/Montipora_capitata_HIv3___RNAseq.g8971.t1/Montipora_capitata_HIv3___RNAseq.g14965.t1/Montipora_capitata_HIv3___RNAseq.g43161.t1a/Montipora_capitata_HIv3___RNAseq.g15029.t1b/Montipora_capitata_HIv3___TS.g10359.t4b,0.9533299283797847,regulation of phosphorus metabolic process,BP
GO:0009260,ribonucleotide biosynthetic process,3/164,146/8363,0.5492054734217199,1.04975052496522,3,146,Montipora_capitata_HIv3___RNAseq.g14956.t1/Montipora_capitata_HIv3___RNAseq.g14960.t1/Montipora_capitata_HIv3___RNAseq.g20763.t1,0.9533299283797847,ribonucleotide biosynthetic process,BP
GO:0004857,enzyme inhibitor activity,3/164,146/8363,0.5492054734217199,1.04975052496522,3,146,Montipora_capitata_HIv3___TS.g1118.t1/Montipora_capitata_HIv3___TS.g32048.t1/Montipora_capitata_HIv3___RNAseq.g39706.t2,0.9533299283797847,enzyme inhibitor activity,MF
GO:0007034,vacuolar transport,3/164,146/8363,0.5492054734217199,1.04975052496522,3,146,Montipora_capitata_HIv3___TS.g1118.t1/Montipora_capitata_HIv3___RNAseq.g42740.t1/Montipora_capitata_HIv3___TS.g20607.t1,0.9533299283797847,vacuolar transport,BP
GO:0005730,nucleolus,13/164,666/8363,0.5494738517938536,0.9948790413203079,13,666,Montipora_capitata_HIv3___RNAseq.g27546.t1/Montipora_capitata_HIv3___RNAseq.g403.t1/Montipora_capitata_HIv3___RNAseq.g8971.t1/Montipora_capitata_HIv3___RNAseq.g9338.t1/Montipora_capitata_HIv3___RNAseq.g40991.t1/Montipora_capitata_HIv3___RNAseq.g47379.t1/Montipora_capitata_HIv3___RNAseq.g43161.t1a/Montipora_capitata_HIv3___RNAseq.g41333.t1/Montipora_capitata_HIv3___RNAseq.g47955.t1/Montipora_capitata_HIv3___RNAseq.g18929.t1/Montipora_capitata_HIv3___RNAseq.g43111.t1/Montipora_capitata_HIv3___RNAseq.g44445.t1/Montipora_capitata_HIv3___TS.g47745.t1,0.9533299283797847,nucleolus,CC
GO:0006810,transport,48/164,2463/8363,0.5505696221278451,0.991046212449938,48,2463,Montipora_capitata_HIv3___TS.g33283.t2/Montipora_capitata_HIv3___RNAseq.g6978.t1/Montipora_capitata_HIv3___TS.g1118.t1/Montipora_capitata_HIv3___RNAseq.g36838.t1/Montipora_capitata_HIv3___RNAseq.g26525.t1/Montipora_capitata_HIv3___RNAseq.g15043.t1/Montipora_capitata_HIv3___TS.g44069.t1/Montipora_capitata_HIv3___RNAseq.g22865.t1/Montipora_capitata_HIv3___RNAseq.g2640.t1a/Montipora_capitata_HIv3___RNAseq.g24139.t1/Montipora_capitata_HIv3___RNAseq.g44519.t1/Montipora_capitata_HIv3___TS.g32048.t1/Montipora_capitata_HIv3___RNAseq.g13129.t1/Montipora_capitata_HIv3___RNAseq.g38848.t1/Montipora_capitata_HIv3___RNAseq.g49895.t2/Montipora_capitata_HIv3___RNAseq.g45361.t1/Montipora_capitata_HIv3___RNAseq.g13857.t1/Montipora_capitata_HIv3___RNAseq.g36907.t1/Montipora_capitata_HIv3___RNAseq.g668.t1/Montipora_capitata_HIv3___RNAseq.g46378.t1/Montipora_capitata_HIv3___RNAseq.g24942.t1/Montipora_capitata_HIv3___RNAseq.g24095.t1/Montipora_capitata_HIv3___RNAseq.g44814.t1/Montipora_capitata_HIv3___RNAseq.g20250.t1/Montipora_capitata_HIv3___RNAseq.g12548.t1/Montipora_capitata_HIv3___RNAseq.g18698.t1/Montipora_capitata_HIv3___RNAseq.g8971.t1/Montipora_capitata_HIv3___RNAseq.g41416.t2a/Montipora_capitata_HIv3___RNAseq.g20807.t2/Montipora_capitata_HIv3___RNAseq.g14155.t1/Montipora_capitata_HIv3___TS.g4674.t2b/Montipora_capitata_HIv3___RNAseq.g40284.t1/Montipora_capitata_HIv3___RNAseq.g42740.t1/Montipora_capitata_HIv3___RNAseq.g22408.t1/Montipora_capitata_HIv3___RNAseq.g1174.t1/Montipora_capitata_HIv3___TS.g33523.t1/Montipora_capitata_HIv3___RNAseq.g15188.t1/Montipora_capitata_HIv3___RNAseq.g49962.t1/Montipora_capitata_HIv3___RNAseq.g11214.t1/Montipora_capitata_HIv3___RNAseq.g15029.t1b/Montipora_capitata_HIv3___TS.g21895.t1/Montipora_capitata_HIv3___RNAseq.g41226.t1/Montipora_capitata_HIv3___RNAseq.g39706.t2/Montipora_capitata_HIv3___RNAseq.g44445.t1/Montipora_capitata_HIv3___RNAseq.g23366.t1/Montipora_capitata_HIv3___RNAseq.g11658.t1/Montipora_capitata_HIv3___RNAseq.g14488.t1/Montipora_capitata_HIv3___TS.g20607.t1,0.9533299283797847,transport,BP
GO:0018130,heterocycle biosynthetic process,19/164,976/8363,0.5506266352734837,0.9915909502468243,19,976,Montipora_capitata_HIv3___RNAseq.g36845.t1/Montipora_capitata_HIv3___RNAseq.g40427.t1a/Montipora_capitata_HIv3___RNAseq.g7741.t1/Montipora_capitata_HIv3___RNAseq.g34092.t1/Montipora_capitata_HIv3___RNAseq.g12736.t1/Montipora_capitata_HIv3___RNAseq.g45527.t1/Montipora_capitata_HIv3___RNAseq.g44814.t1/Montipora_capitata_HIv3___RNAseq.g30678.t1b/Montipora_capitata_HIv3___TS.g6904.t1/Montipora_capitata_HIv3___RNAseq.g40991.t1/Montipora_capitata_HIv3___RNAseq.g42740.t1/Montipora_capitata_HIv3___RNAseq.g43161.t1a/Montipora_capitata_HIv3___TS.g21293.t1/Montipora_capitata_HIv3___RNAseq.g14956.t1/Montipora_capitata_HIv3___RNAseq.g44445.t1/Montipora_capitata_HIv3___RNAseq.g14960.t1/Montipora_capitata_HIv3___RNAseq.g37450.t2/Montipora_capitata_HIv3___RNAseq.g20763.t1/Montipora_capitata_HIv3___TS.g46192.t3,0.9533299283797847,heterocycle biosynthetic process,BP
GO:0051240,positive regulation of multicellular organismal process,21/164,1079/8363,0.5507145993526703,0.9911901753308769,21,1079,Montipora_capitata_HIv3___RNAseq.g6978.t1/Montipora_capitata_HIv3___RNAseq.g5395.t1/Montipora_capitata_HIv3___RNAseq.g34092.t1/Montipora_capitata_HIv3___RNAseq.g44519.t1/Montipora_capitata_HIv3___RNAseq.g44960.t2/Montipora_capitata_HIv3___RNAseq.21467_t/Montipora_capitata_HIv3___RNAseq.g35008.t1/Montipora_capitata_HIv3___RNAseq.g46378.t1/Montipora_capitata_HIv3___RNAseq.g24942.t1/Montipora_capitata_HIv3___RNAseq.g44814.t1/Montipora_capitata_HIv3___RNAseq.g8971.t1/Montipora_capitata_HIv3___RNAseq.g32149.t1/Montipora_capitata_HIv3___RNAseq.g24020.t1/Montipora_capitata_HIv3___RNAseq.g42740.t1/Montipora_capitata_HIv3___RNAseq.g49962.t1/Montipora_capitata_HIv3___RNAseq.g23464.t1/Montipora_capitata_HIv3___TS.g10359.t4b/Montipora_capitata_HIv3___RNAseq.g39706.t2/Montipora_capitata_HIv3___TS.g47745.t1/Montipora_capitata_HIv3___RNAseq.g20763.t1/Montipora_capitata_HIv3___TS.g46192.t3,0.9533299283797847,positive regulation of multicellular organismal process,BP
GO:0032990,cell part morphogenesis,11/164,564/8363,0.5528986548001396,0.99405569494355694,11,564,Montipora_capitata_HIv3___RNAseq.g23734.t3/Montipora_capitata_HIv3___RNAseq.g35804.t1/Montipora_capitata_HIv3___RNAseq.g35008.t1/Montipora_capitata_HIv3___RNAseq.g24942.t1/Montipora_capitata_HIv3___RNAseq.g35720.t1/Montipora_capitata_HIv3___RNAseq.g8971.t1/Montipora_capitata_HIv3___RNAseq.g24020.t1/Montipora_capitata_HIv3___RNAseq.g6934.t1/Montipora_capitata_HIv3___RNAseq.g39706.t2/Montipora_capitata_HIv3___TS.g47745.t1/Montipora_capitata_HIv3___TS.g46192.t3,0.9533299283797847,cell part morphogenesis,BP
GO:0009798,axis specification,5/164,252/8363,0.5534192850180806,1.012400535486931,5,252,Montipora_capitata_HIv3___RNAseq.g35008.t1/Montipora_capitata_HIv3___RNAseq.g23247.t1/Montipora_capitata_HIv3___RNAseq.g28116.t1/Montipora_capitata_HIv3___TS.g10359.t4b/Montipora_capitata_HIv3___TS.g46192.t3,0.9533299283797847,axis specification,BP
GO:0072522,purine-containing compound biosynthetic process,3/164,147/8363,0.5538564549251175,1.0423263718047446,3,147,Montipora_capitata_HIv3___RNAseq.g14956.t1/Montipora_capitata_HIv3___RNAseq.g14960.t1/Montipora_capitata_HIv3___RNAseq.g20763.t1,0.9533299283797847,purine-containing compound biosynthetic process,BP
GO:0043473,pigmentation,3/164,147/8363,0.5538564549251175,1.0423263718047446,3,147,Montipora_capitata_HIv3___RNAseq.g34092.t1/Montipora_capitata_HIv3___RNAseq.g42740.t1/Montipora_capitata_HIv3___RNAseq.g1174.t1,0.9533299283797847,pigmentation,BP
GO:0006486,protein glycosylation,3/164,147/8363,0.5538564549251175,1.0423263718047446,3,147,Montipora_capitata_HIv3___RNAseq.g36836.t1/Montipora_capitata_HIv3___RNAseq.g3374.t1/Montipora_capitata_HIv3___RNAseq.g15188.t1,0.9533299283797847,protein glycosylation,BP
GO:0043413,macromolecule glycosylation,3/164,147/8363,0.5538564549251175,1.0423263718047446,3,147,Montipora_capitata_HIv3___RNAseq.g36836.t1/Montipora_capitata_HIv3___RNAseq.g3374.t1/Montipora_capitata_HIv3___RNAseq.g15188.t1,0.9533299283797847,macromolecule glycosylation,BP
GO:0198738,cell-cell signaling by wnt,3/164,147/8363,0.5538564549251175,1.0423263718047446,3,147,Montipora_capitata_HIv3___RNAseq.g7741.t1/Montipora_capitata_HIv3___RNAseq.g35008.t1/Montipora_capitata_HIv3___TS.g10359.t4b,0.9533299283797847,cell-cell signaling by wnt,BP
GO:0003677,DNA binding,15/164,772/8363,0.5552719095622267,0.9896901795637395,15,772,Montipora_capitata_HIv3___RNAseq.g26525.t1/Montipora_capitata_HIv3___RNAseq.g7741.t1/Montipora_capitata_HIv3___RNAseq.g27546.t1/Montipora_capitata_HIv3___RNAseq.g45527.t1/Montipora_capitata_HIv3___RNAseq.g44814.t1/Montipora_capitata_HIv3___TS.g40519.t3/Montipora_capitata_HIv3___RNAseq.g36935.t1/Montipora_capitata_HIv3___RNAseq.g40991.t1/Montipora_capitata_HIv3___RNAseq.g14965.t1/Montipora_capitata_HIv3___RNAseq.g42092.t1/Montipora_capitata_HIv3___RNAseq.g43161.t1a/Montipora_capitata_HIv3___RNAseq.g18929.t1/Montipora_capitata_HIv3___RNAseq.g15140.t1/Montipora_capitata_HIv3___TS.g47745.t1/Montipora_capitata_HIv3___TS.g46192.t3,0.9547307914141429,DNA binding,MF
GO:0032386,regulation of intracellular transport,6/164,306/8363,0.5590014382248869,0.9998804399808704,6,306,Montipora_capitata_HIv3___RNAseq.g6978.t1/Montipora_capitata_HIv3___RNAseq.g5395.t1/Montipora_capitata_HIv3___RNAseq.g37193.t1/Montipora_capitata_HIv3___RNAseq.g49962.t1/Montipora_capitata_HIv3___RNAseq.g15029.t1b/Montipora_capitata_HIv3___TS.g47745.t1,0.9577770557501184,regulation of intracellular transport,BP
GO:0009101,glycoprotein biosynthetic process,4/164,201/8363,0.5591441872515102,1.015483011358645,4,201,Montipora_capitata_HIv3___RNAseq.g36836.t1/Montipora_capitata_HIv3___RNAseq.g3374.t1/Montipora_capitata_HIv3___RNAseq.g37193.t1/Montipora_capitata_HIv3___RNAseq.g15188.t1,0.9577770557501184,glycoprotein biosynthetic process,BP
GO:0050678,regulation of epithelial cell proliferation,4/164,201/8363,0.5591441872515102,1.015483011358645,4,201,Montipora_capitata_HIv3___RNAseq.g6978.t1/Montipora_capitata_HIv3___RNAseq.g44814.t1/Montipora_capitata_HIv3___RNAseq.g8971.t1/Montipora_capitata_HIv3___RNAseq.g14488.t1,0.9577770557501184,regulation of epithelial cell proliferation,BP
GO:0031984,organelle subcompartment,19/164,981/8363,0.5601111471555131,0.9857565116546955,19,981,Montipora_capitata_HIv3___RNAseq.g6978.t1/Montipora_capitata_HIv3___RNAseq.g5395.t1/Montipora_capitata_HIv3___RNAseq.g22865.t1/Montipora_capitata_HIv3___RNAseq.g7739.t1/Montipora_capitata_HIv3___RNAseq.g36836.t1/Montipora_capitata_HIv3___RNAseq.g50691.t1/Montipora_capitata_HIv3___RNAseq.g3374.t1/Montipora_capitata_HIv3___RNAseq.g37193.t1/Montipora_capitata_HIv3___RNAseq.g44539.t1/Montipora_capitata_HIv3___RNAseq.g24524.t1/Montipora_capitata_HIv3___RNAseq.g14155.t1/Montipora_capitata_HIv3___RNAseq.g42740.t1/Montipora_capitata_HIv3___TS.g33523.t1/Montipora_capitata_HIv3___RNAseq.g39974.t1/Montipora_capitata_HIv3___RNAseq.g15188.t1/Montipora_capitata_HIv3___RNAseq.g49962.t1/Montipora_capitata_HIv3___RNAseq.g9561.t1/Montipora_capitata_HIv3___RNAseq.g39706.t2/Montipora_capitata_HIv3___RNAseq.g8867.t2,0.9577770557501184,organelle subcompartment,CC
GO:0097367,carbohydrate derivative binding,11/164,567/8363,0.5601719182259681,0.9883047885066596,11,567,Montipora_capitata_HIv3___TS.g44069.t1/Montipora_capitata_HIv3___RNAseq.g22865.t1/Montipora_capitata_HIv3___RNAseq.g44519.t1/Montipora_capitata_HIv3___RNAseq.g13129.t1/Montipora_capitata_HIv3___RNAseq.g12736.t1/Montipora_capitata_HIv3___RNAseq.g18698.t1/Montipora_capitata_HIv3___RNAseq.g8971.t1/Montipora_capitata_HIv3___RNAseq.g43161.t1a/Montipora_capitata_HIv3___RNAseq.g11214.t1/Montipora_capitata_HIv3___RNAseq.g33997.t1/Montipora_capitata_HIv3___TS.g47745.t1,0.9577770557501184,carbohydrate derivative binding,MF
GO:0001709,cell fate determination,3/164,149/8363,0.5630734125635368,1.0277850821877228,3,149,Montipora_capitata_HIv3___RNAseq.g8971.t1/Montipora_capitata_HIv3___RNAseq.g28116.t1/Montipora_capitata_HIv3___TS.g46192.t3,0.9577770557501184,cell fate determination,BP
GO:0001894,tissue homeostasis,3/164,149/8363,0.5630734125635368,1.0277850821877228,3,149,Montipora_capitata_HIv3___RNAseq.g44960.t2/Montipora_capitata_HIv3___RNAseq.21467_t/Montipora_capitata_HIv3___RNAseq.g44814.t1,0.9577770557501184,tissue homeostasis,BP
GO:0022838,GO:0022838,4/164,202/8363,0.5630993878532402,1.0102272276295168,4,202,Montipora_capitata_HIv3___RNAseq.g13129.t1/Montipora_capitata_HIv3___RNAseq.g49895.t2/Montipora_capitata_HIv3___RNAseq.g20250.t1/Montipora_capitata_HIv3___RNAseq.g23366.t1,0.9577770557501184,NA,NA
GO:0009612,response to mechanical stimulus,4/164,202/8363,0.5630993878532402,1.0102272276295168,4,202,Montipora_capitata_HIv3___RNAseq.g668.t1/Montipora_capitata_HIv3___RNAseq.g44814.t1/Montipora_capitata_HIv3___RNAseq.g20250.t1/Montipora_capitata_HIv3___RNAseq.g23366.t1,0.9577770557501184,response to mechanical stimulus,BP
GO:0072359,circulatory system development,11/164,569/8363,0.5649963915115301,0.9845051824035418,11,569,Montipora_capitata_HIv3___RNAseq.g2559.t1a/Montipora_capitata_HIv3___RNAseq.g7741.t1/Montipora_capitata_HIv3___RNAseq.g3374.t1/Montipora_capitata_HIv3___RNAseq.g35008.t1/Montipora_capitata_HIv3___RNAseq.g44814.t1/Montipora_capitata_HIv3___RNAseq.g18698.t1/Montipora_capitata_HIv3___RNAseq.g8971.t1/Montipora_capitata_HIv3___RNAseq.g42092.t1/Montipora_capitata_HIv3___RNAseq.g9918.t1/Montipora_capitata_HIv3___TS.g33523.t1/Montipora_capitata_HIv3___TS.g10359.t4b,0.9577770557501184,circulatory system development,BP
GO:0120036,plasma membrane bounded cell projection organization,19/164,984/8363,0.5657722379946134,0.9822847976539845,19,984,Montipora_capitata_HIv3___RNAseq.g36838.t1/Montipora_capitata_HIv3___RNAseq.g23734.t3/Montipora_capitata_HIv3___RNAseq.g35804.t1/Montipora_capitata_HIv3___RNAseq.g22865.t1/Montipora_capitata_HIv3___TS.g5595.t1/Montipora_capitata_HIv3___RNAseq.g3374.t1/Montipora_capitata_HIv3___RNAseq.g35008.t1/Montipora_capitata_HIv3___RNAseq.g24942.t1/Montipora_capitata_HIv3___RNAseq.g35720.t1/Montipora_capitata_HIv3___RNAseq.g8971.t1/Montipora_capitata_HIv3___TS.g5653.t1/Montipora_capitata_HIv3___TS.g4674.t2b/Montipora_capitata_HIv3___RNAseq.g24020.t1/Montipora_capitata_HIv3___RNAseq.g1174.t1/Montipora_capitata_HIv3___TS.g33523.t1/Montipora_capitata_HIv3___RNAseq.g6934.t1/Montipora_capitata_HIv3___RNAseq.g39706.t2/Montipora_capitata_HIv3___TS.g47745.t1/Montipora_capitata_HIv3___TS.g46192.t3,0.9577770557501184,plasma membrane bounded cell projection organization,BP
GO:0099513,polymeric cytoskeletal fiber,4/164,203/8363,0.5670355021478589,1.0050248165433382,4,203,Montipora_capitata_HIv3___RNAseq.g22865.t1/Montipora_capitata_HIv3___RNAseq.g403.t1/Montipora_capitata_HIv3___RNAseq.g18698.t1/Montipora_capitata_HIv3___TS.g21895.t1,0.9577770557501184,polymeric cytoskeletal fiber,CC
GO:0031329,regulation of cellular catabolic process,12/164,622/8363,0.5673330356539652,0.9821848103488979,12,622,Montipora_capitata_HIv3___RNAseq.g6978.t1/Montipora_capitata_HIv3___TS.g1118.t1/Montipora_capitata_HIv3___RNAseq.g46819.t1/Montipora_capitata_HIv3___RNAseq.g44960.t2/Montipora_capitata_HIv3___RNAseq.21467_t/Montipora_capitata_HIv3___RNAseq.g42608.t1/Montipora_capitata_HIv3___RNAseq.g44814.t1/Montipora_capitata_HIv3___RNAseq.g30678.t1b/Montipora_capitata_HIv3___RNAseq.g18929.t1/Montipora_capitata_HIv3___RNAseq.g15029.t1b/Montipora_capitata_HIv3___RNAseq.g39706.t2/Montipora_capitata_HIv3___TS.g47745.t1,0.9577770557501184,regulation of cellular catabolic process,BP
GO:0046390,ribose phosphate biosynthetic process,3/164,150/8363,0.567638865922871,1.020663951767307,3,150,Montipora_capitata_HIv3___RNAseq.g14956.t1/Montipora_capitata_HIv3___RNAseq.g14960.t1/Montipora_capitata_HIv3___RNAseq.g20763.t1,0.9577770557501184,ribose phosphate biosynthetic process,BP
GO:0009743,response to carbohydrate,3/164,150/8363,0.567638865922871,1.020663951767307,3,150,Montipora_capitata_HIv3___RNAseq.g7741.t1/Montipora_capitata_HIv3___RNAseq.g44814.t1/Montipora_capitata_HIv3___RNAseq.g14488.t1,0.9577770557501184,response to carbohydrate,BP
GO:0099003,vesicle-mediated transport in synapse,3/164,150/8363,0.567638865922871,1.020663951767307,3,150,Montipora_capitata_HIv3___RNAseq.g8971.t1/Montipora_capitata_HIv3___RNAseq.g42740.t1/Montipora_capitata_HIv3___RNAseq.g1174.t1,0.9577770557501184,vesicle-mediated transport in synapse,BP
GO:0009887,animal organ morphogenesis,19/164,985/8363,0.5676541057099146,0.9811323395804066,19,985,Montipora_capitata_HIv3___RNAseq.g2559.t1a/Montipora_capitata_HIv3___RNAseq.g5395.t1/Montipora_capitata_HIv3___RNAseq.g7741.t1/Montipora_capitata_HIv3___RNAseq.g44960.t2/Montipora_capitata_HIv3___RNAseq.21467_t/Montipora_capitata_HIv3___RNAseq.g36907.t1/Montipora_capitata_HIv3___RNAseq.g35008.t1/Montipora_capitata_HIv3___RNAseq.g668.t1/Montipora_capitata_HIv3___RNAseq.g24942.t1/Montipora_capitata_HIv3___RNAseq.g44814.t1/Montipora_capitata_HIv3___RNAseq.g8971.t1/Montipora_capitata_HIv3___RNAseq.g42092.t1/Montipora_capitata_HIv3___RNAseq.g33449.t1/Montipora_capitata_HIv3___TS.g33523.t1/Montipora_capitata_HIv3___TS.g10359.t4b/Montipora_capitata_HIv3___RNAseq.g18391.t1/Montipora_capitata_HIv3___RNAseq.g14488.t1/Montipora_capitata_HIv3___TS.g46192.t3/Montipora_capitata_HIv3___RNAseq.g50276.t1,0.9577770557501184,animal organ morphogenesis,BP
GO:0031399,regulation of protein modification process,20/164,1037/8363,0.5682293606074618,0.9808273333126496,20,1037,Montipora_capitata_HIv3___TS.g33283.t2/Montipora_capitata_HIv3___RNAseq.g6978.t1/Montipora_capitata_HIv3___TS.g1118.t1/Montipora_capitata_HIv3___RNAseq.g15043.t1/Montipora_capitata_HIv3___RNAseq.g5395.t1/Montipora_capitata_HIv3___RNAseq.g7741.t1/Montipora_capitata_HIv3___TS.g27540.t1/Montipora_capitata_HIv3___RNAseq.g44960.t2/Montipora_capitata_HIv3___RNAseq.21467_t/Montipora_capitata_HIv3___RNAseq.g37193.t1/Montipora_capitata_HIv3___RNAseq.g36907.t1/Montipora_capitata_HIv3___RNAseq.g35008.t1/Montipora_capitata_HIv3___RNAseq.g24095.t1/Montipora_capitata_HIv3___RNAseq.g8971.t1/Montipora_capitata_HIv3___RNAseq.g30678.t1b/Montipora_capitata_HIv3___RNAseq.g14965.t1/Montipora_capitata_HIv3___RNAseq.g42740.t1/Montipora_capitata_HIv3___RNAseq.g43161.t1a/Montipora_capitata_HIv3___RNAseq.g15029.t1b/Montipora_capitata_HIv3___TS.g10359.t4b,0.9577770557501184,regulation of protein modification process,BP
GO:1901576,organic substance biosynthetic process,42/164,2169/8363,0.5685103884792764,0.9827706360398494,42,2169,Montipora_capitata_HIv3___TS.g33283.t2/Montipora_capitata_HIv3___RNAseq.g6978.t1/Montipora_capitata_HIv3___RNAseq.g36845.t1/Montipora_capitata_HIv3___RNAseq.g40427.t1a/Montipora_capitata_HIv3___RNAseq.g7741.t1/Montipora_capitata_HIv3___RNAseq.g36836.t1/Montipora_capitata_HIv3___RNAseq.g34092.t1/Montipora_capitata_HIv3___RNAseq.g3374.t1/Montipora_capitata_HIv3___RNAseq.g37193.t1/Montipora_capitata_HIv3___RNAseq.g12736.t1/Montipora_capitata_HIv3___RNAseq.g27709.t1/Montipora_capitata_HIv3___RNAseq.g44539.t1/Montipora_capitata_HIv3___RNAseq.g45527.t1/Montipora_capitata_HIv3___RNAseq.g46378.t1/Montipora_capitata_HIv3___RNAseq.g24095.t1/Montipora_capitata_HIv3___RNAseq.g44814.t1/Montipora_capitata_HIv3___RNAseq.g8971.t1/Montipora_capitata_HIv3___RNAseq.g20771.t1/Montipora_capitata_HIv3___RNAseq.g30678.t1b/Montipora_capitata_HIv3___TS.g6904.t1/Montipora_capitata_HIv3___RNAseq.g40991.t1/Montipora_capitata_HIv3___RNAseq.g14965.t1/Montipora_capitata_HIv3___RNAseq.g37645.t1/Montipora_capitata_HIv3___RNAseq.g42740.t1/Montipora_capitata_HIv3___RNAseq.g43161.t1a/Montipora_capitata_HIv3___RNAseq.g9918.t1/Montipora_capitata_HIv3___RNAseq.g33449.t1/Montipora_capitata_HIv3___RNAseq.g15188.t1/Montipora_capitata_HIv3___TS.g50674.t1/Montipora_capitata_HIv3___TS.g21293.t1/Montipora_capitata_HIv3___RNAseq.g43111.t1/Montipora_capitata_HIv3___RNAseq.g41226.t1/Montipora_capitata_HIv3___RNAseq.g14956.t1/Montipora_capitata_HIv3___RNAseq.g39706.t2/Montipora_capitata_HIv3___RNAseq.g8867.t2/Montipora_capitata_HIv3___RNAseq.g44445.t1/Montipora_capitata_HIv3___RNAseq.g14960.t1/Montipora_capitata_HIv3___RNAseq.g11658.t1/Montipora_capitata_HIv3___RNAseq.g14488.t1/Montipora_capitata_HIv3___RNAseq.g37450.t2/Montipora_capitata_HIv3___RNAseq.g20763.t1/Montipora_capitata_HIv3___TS.g46192.t3,0.9577770557501184,organic substance biosynthetic process,BP
GO:0051338,regulation of transferase activity,11/164,571/8363,0.569800695275533,0.9807326983200593,11,571,Montipora_capitata_HIv3___TS.g33283.t2/Montipora_capitata_HIv3___RNAseq.g6978.t1/Montipora_capitata_HIv3___TS.g1118.t1/Montipora_capitata_HIv3___RNAseq.g5395.t1/Montipora_capitata_HIv3___RNAseq.g44960.t2/Montipora_capitata_HIv3___RNAseq.21467_t/Montipora_capitata_HIv3___RNAseq.g35008.t1/Montipora_capitata_HIv3___RNAseq.g8971.t1/Montipora_capitata_HIv3___RNAseq.g14965.t1/Montipora_capitata_HIv3___RNAseq.g43161.t1a/Montipora_capitata_HIv3___RNAseq.g15029.t1b,0.9589328774149214,regulation of transferase activity,BP
GO:0040014,regulation of multicellular organism growth,3/164,151/8363,0.5721753082863325,1.0136399265589944,3,151,Montipora_capitata_HIv3___RNAseq.g8971.t1/Montipora_capitata_HIv3___RNAseq.g28116.t1/Montipora_capitata_HIv3___RNAseq.g37450.t2,0.9594370374236685,regulation of multicellular organism growth,BP
GO:0090276,regulation of peptide hormone secretion,3/164,151/8363,0.5721753082863325,1.0136399265589944,3,151,Montipora_capitata_HIv3___RNAseq.g7741.t1/Montipora_capitata_HIv3___RNAseq.g24095.t1/Montipora_capitata_HIv3___RNAseq.g44814.t1,0.9594370374236685,regulation of peptide hormone secretion,BP
GO:0000139,Golgi membrane,7/164,363/8363,0.573030566112394,0.9822714046516497,7,363,Montipora_capitata_HIv3___RNAseq.g22865.t1/Montipora_capitata_HIv3___RNAseq.g3374.t1/Montipora_capitata_HIv3___RNAseq.g37193.t1/Montipora_capitata_HIv3___RNAseq.g14155.t1/Montipora_capitata_HIv3___TS.g33523.t1/Montipora_capitata_HIv3___RNAseq.g39706.t2/Montipora_capitata_HIv3___RNAseq.g8867.t2,0.9594370374236685,Golgi membrane,CC
GO:0042330,taxis,8/164,416/8363,0.5744381502543432,0.9792632624835905,8,416,Montipora_capitata_HIv3___TS.g33283.t2/Montipora_capitata_HIv3___RNAseq.g15043.t1/Montipora_capitata_HIv3___RNAseq.g35008.t1/Montipora_capitata_HIv3___RNAseq.g24942.t1/Montipora_capitata_HIv3___RNAseq.g24020.t1/Montipora_capitata_HIv3___RNAseq.g28116.t1/Montipora_capitata_HIv3___RNAseq.g12947.t1/Montipora_capitata_HIv3___TS.g46192.t3,0.9594370374236685,taxis,BP
GO:0000978,RNA polymerase II cis-regulatory region sequence-specific DNA binding,4/164,205/8363,0.5748496451630485,0.9947767392529312,4,205,Montipora_capitata_HIv3___RNAseq.g7741.t1/Montipora_capitata_HIv3___RNAseq.g44814.t1/Montipora_capitata_HIv3___TS.g47745.t1/Montipora_capitata_HIv3___TS.g46192.t3,0.9594370374236685,RNA polymerase II cis-regulatory region sequence-specific DNA binding,MF
GO:0006401,RNA catabolic process,4/164,205/8363,0.5748496451630485,0.9947767392529312,4,205,Montipora_capitata_HIv3___RNAseq.g42608.t1/Montipora_capitata_HIv3___RNAseq.g4241.t1/Montipora_capitata_HIv3___RNAseq.g18929.t1/Montipora_capitata_HIv3___RNAseq.g11658.t1,0.9594370374236685,RNA catabolic process,BP
GO:0030030,cell projection organization,19/164,989/8363,0.5751547773289809,0.976546209893989,19,989,Montipora_capitata_HIv3___RNAseq.g36838.t1/Montipora_capitata_HIv3___RNAseq.g23734.t3/Montipora_capitata_HIv3___RNAseq.g35804.t1/Montipora_capitata_HIv3___RNAseq.g22865.t1/Montipora_capitata_HIv3___TS.g5595.t1/Montipora_capitata_HIv3___RNAseq.g3374.t1/Montipora_capitata_HIv3___RNAseq.g35008.t1/Montipora_capitata_HIv3___RNAseq.g24942.t1/Montipora_capitata_HIv3___RNAseq.g35720.t1/Montipora_capitata_HIv3___RNAseq.g8971.t1/Montipora_capitata_HIv3___TS.g5653.t1/Montipora_capitata_HIv3___TS.g4674.t2b/Montipora_capitata_HIv3___RNAseq.g24020.t1/Montipora_capitata_HIv3___RNAseq.g1174.t1/Montipora_capitata_HIv3___TS.g33523.t1/Montipora_capitata_HIv3___RNAseq.g6934.t1/Montipora_capitata_HIv3___RNAseq.g39706.t2/Montipora_capitata_HIv3___TS.g47745.t1/Montipora_capitata_HIv3___TS.g46192.t3,0.9594370374236685,cell projection organization,BP
GO:0030659,cytoplasmic vesicle membrane,7/164,364/8363,0.5759834691527672,0.979395370654865,7,364,Montipora_capitata_HIv3___RNAseq.g38848.t1/Montipora_capitata_HIv3___RNAseq.g35008.t1/Montipora_capitata_HIv3___TS.g4674.t2b/Montipora_capitata_HIv3___TS.g33523.t1/Montipora_capitata_HIv3___RNAseq.g33997.t1/Montipora_capitata_HIv3___RNAseq.g39706.t2/Montipora_capitata_HIv3___RNAseq.g23366.t1,0.9594370374236685,cytoplasmic vesicle membrane,CC
GO:0022836,gated channel activity,3/164,152/8363,0.5766825096626962,1.0067111439273346,3,152,Montipora_capitata_HIv3___RNAseq.g13129.t1/Montipora_capitata_HIv3___RNAseq.g20250.t1/Montipora_capitata_HIv3___RNAseq.g23366.t1,0.9594370374236685,gated channel activity,MF
GO:0043604,amide biosynthetic process,8/164,417/8363,0.5772047839029362,0.9767438593343616,8,417,Montipora_capitata_HIv3___RNAseq.g40427.t1a/Montipora_capitata_HIv3___RNAseq.g43111.t1/Montipora_capitata_HIv3___RNAseq.g41226.t1/Montipora_capitata_HIv3___RNAseq.g14956.t1/Montipora_capitata_HIv3___RNAseq.g39706.t2/Montipora_capitata_HIv3___RNAseq.g14960.t1/Montipora_capitata_HIv3___RNAseq.g11658.t1/Montipora_capitata_HIv3___RNAseq.g14488.t1,0.9594370374236685,amide biosynthetic process,BP
GO:2001233,regulation of apoptotic signaling pathway,5/164,259/8363,0.5780207506459999,0.9836348442922995,5,259,Montipora_capitata_HIv3___RNAseq.g24095.t1/Montipora_capitata_HIv3___RNAseq.g44814.t1/Montipora_capitata_HIv3___RNAseq.g8971.t1/Montipora_capitata_HIv3___RNAseq.g15188.t1/Montipora_capitata_HIv3___RNAseq.g44445.t1,0.9594370374236685,regulation of apoptotic signaling pathway,BP
GO:0043010,camera-type eye development,5/164,259/8363,0.5780207506459999,0.9836348442922995,5,259,Montipora_capitata_HIv3___RNAseq.g35008.t1/Montipora_capitata_HIv3___RNAseq.g44814.t1/Montipora_capitata_HIv3___RNAseq.g8971.t1/Montipora_capitata_HIv3___TS.g10359.t4b/Montipora_capitata_HIv3___TS.g46192.t3,0.9594370374236685,camera-type eye development,BP
GO:0045930,negative regulation of mitotic cell cycle,4/164,206/8363,0.5787272775611345,0.9897289325491615,4,206,Montipora_capitata_HIv3___RNAseq.g7741.t1/Montipora_capitata_HIv3___RNAseq.g8971.t1/Montipora_capitata_HIv3___RNAseq.g14965.t1/Montipora_capitata_HIv3___RNAseq.g43161.t1a,0.9594370374236685,negative regulation of mitotic cell cycle,BP
GO:1903311,regulation of mRNA metabolic process,4/164,206/8363,0.5787272775611345,0.9897289325491615,4,206,Montipora_capitata_HIv3___RNAseq.g42608.t1/Montipora_capitata_HIv3___RNAseq.g12736.t1/Montipora_capitata_HIv3___RNAseq.g18929.t1/Montipora_capitata_HIv3___TS.g47745.t1,0.9594370374236685,regulation of mRNA metabolic process,BP
GO:1901564,organonitrogen compound metabolic process,65/164,3354/8363,0.5791686716142875,0.9801586094009933,65,3354,Montipora_capitata_HIv3___TS.g33283.t2/Montipora_capitata_HIv3___RNAseq.g6978.t1/Montipora_capitata_HIv3___TS.g1118.t1/Montipora_capitata_HIv3___RNAseq.g15043.t1/Montipora_capitata_HIv3___RNAseq.g40427.t1a/Montipora_capitata_HIv3___RNAseq.g23762.t1/Montipora_capitata_HIv3___TS.g44069.t1/Montipora_capitata_HIv3___RNAseq.g5395.t1/Montipora_capitata_HIv3___RNAseq.g35299.t1/Montipora_capitata_HIv3___RNAseq.g11548.t1/Montipora_capitata_HIv3___RNAseq.g33991.t1/Montipora_capitata_HIv3___RNAseq.g36836.t1/Montipora_capitata_HIv3___RNAseq.g34092.t1/Montipora_capitata_HIv3___RNAseq.g46819.t1/Montipora_capitata_HIv3___RNAseq.g3374.t1/Montipora_capitata_HIv3___RNAseq.g44960.t2/Montipora_capitata_HIv3___TS.g32048.t1/Montipora_capitata_HIv3___RNAseq.g40983.t1/Montipora_capitata_HIv3___RNAseq.21467_t/Montipora_capitata_HIv3___RNAseq.g24836.t1/Montipora_capitata_HIv3___RNAseq.g37193.t1/Montipora_capitata_HIv3___RNAseq.g33992.t1/Montipora_capitata_HIv3___RNAseq.g27709.t1/Montipora_capitata_HIv3___RNAseq.g44562.t1/Montipora_capitata_HIv3___RNAseq.g24942.t1/Montipora_capitata_HIv3___RNAseq.g24095.t1/Montipora_capitata_HIv3___RNAseq.g44814.t1/Montipora_capitata_HIv3___RNAseq.g8971.t1/Montipora_capitata_HIv3___RNAseq.g20771.t1/Montipora_capitata_HIv3___RNAseq.g30678.t1b/Montipora_capitata_HIv3___RNAseq.g20807.t2/Montipora_capitata_HIv3___RNAseq.g15186.t1/Montipora_capitata_HIv3___RNAseq.g40991.t1/Montipora_capitata_HIv3___RNAseq.g14965.t1/Montipora_capitata_HIv3___RNAseq.g32149.t1/Montipora_capitata_HIv3___RNAseq.g37645.t1/Montipora_capitata_HIv3___RNAseq.g42092.t1/Montipora_capitata_HIv3___RNAseq.g42740.t1/Montipora_capitata_HIv3___RNAseq.g22553.t1c/Montipora_capitata_HIv3___RNAseq.g9918.t1/Montipora_capitata_HIv3___RNAseq.g9060.t1/Montipora_capitata_HIv3___RNAseq.g1174.t1/Montipora_capitata_HIv3___RNAseq.g23247.t1/Montipora_capitata_HIv3___TS.g33523.t1/Montipora_capitata_HIv3___RNAseq.g39974.t1/Montipora_capitata_HIv3___RNAseq.g15188.t1/Montipora_capitata_HIv3___RNAseq.g11214.t1/Montipora_capitata_HIv3___TS.g21293.t1/Montipora_capitata_HIv3___RNAseq.g43111.t1/Montipora_capitata_HIv3___RNAseq.g33997.t1/Montipora_capitata_HIv3___RNAseq.g6934.t1/Montipora_capitata_HIv3___RNAseq.g28116.t1/Montipora_capitata_HIv3___RNAseq.g9561.t1/Montipora_capitata_HIv3___RNAseq.g44719.t1/Montipora_capitata_HIv3___RNAseq.g14625.t1/Montipora_capitata_HIv3___RNAseq.g41226.t1/Montipora_capitata_HIv3___RNAseq.g14956.t1/Montipora_capitata_HIv3___RNAseq.g39706.t2/Montipora_capitata_HIv3___RNAseq.g8867.t2/Montipora_capitata_HIv3___RNAseq.g44445.t1/Montipora_capitata_HIv3___RNAseq.g14960.t1/Montipora_capitata_HIv3___RNAseq.g11658.t1/Montipora_capitata_HIv3___RNAseq.g14488.t1/Montipora_capitata_HIv3___RNAseq.g37450.t2/Montipora_capitata_HIv3___RNAseq.g20763.t1,0.9594370374236685,organonitrogen compound metabolic process,BP
GO:0006887,exocytosis,9/164,471/8363,0.5812104124645883,0.9723950972802897,9,471,Montipora_capitata_HIv3___RNAseq.g44519.t1/Montipora_capitata_HIv3___RNAseq.g24942.t1/Montipora_capitata_HIv3___RNAseq.g18698.t1/Montipora_capitata_HIv3___RNAseq.g20807.t2/Montipora_capitata_HIv3___TS.g4674.t2b/Montipora_capitata_HIv3___RNAseq.g42740.t1/Montipora_capitata_HIv3___TS.g33523.t1/Montipora_capitata_HIv3___RNAseq.g15029.t1b/Montipora_capitata_HIv3___RNAseq.g14488.t1,0.961815354099376,exocytosis,BP
GO:0009953,dorsal/ventral pattern formation,4/164,207/8363,0.5825850308614964,0.9847308491259715,4,207,Montipora_capitata_HIv3___RNAseq.g35008.t1/Montipora_capitata_HIv3___RNAseq.g8971.t1/Montipora_capitata_HIv3___TS.g4674.t2b/Montipora_capitata_HIv3___TS.g46192.t3,0.9624124739582628,dorsal/ventral pattern formation,BP
GO:0002009,morphogenesis of an epithelium,14/164,734/8363,0.5846632225330852,0.9695026670974112,14,734,Montipora_capitata_HIv3___RNAseq.g2559.t1a/Montipora_capitata_HIv3___RNAseq.g22865.t1/Montipora_capitata_HIv3___RNAseq.g7741.t1/Montipora_capitata_HIv3___RNAseq.g44960.t2/Montipora_capitata_HIv3___RNAseq.21467_t/Montipora_capitata_HIv3___RNAseq.g36907.t1/Montipora_capitata_HIv3___RNAseq.g35008.t1/Montipora_capitata_HIv3___RNAseq.g668.t1/Montipora_capitata_HIv3___RNAseq.g44814.t1/Montipora_capitata_HIv3___RNAseq.g8971.t1/Montipora_capitata_HIv3___TS.g33523.t1/Montipora_capitata_HIv3___RNAseq.g28116.t1/Montipora_capitata_HIv3___TS.g10359.t4b/Montipora_capitata_HIv3___RNAseq.g18391.t1,0.9624124739582628,morphogenesis of an epithelium,BP
GO:1901699,cellular response to nitrogen compound,8/164,420/8363,0.5854562532185158,0.9692590036327082,8,420,Montipora_capitata_HIv3___TS.g33283.t2/Montipora_capitata_HIv3___RNAseq.g24942.t1/Montipora_capitata_HIv3___RNAseq.g44814.t1/Montipora_capitata_HIv3___RNAseq.g8971.t1/Montipora_capitata_HIv3___RNAseq.g43161.t1a/Montipora_capitata_HIv3___TS.g33523.t1/Montipora_capitata_HIv3___RNAseq.g14488.t1/Montipora_capitata_HIv3___TS.g47745.t1,0.9624124739582628,cellular response to nitrogen compound,BP
GO:0046890,regulation of lipid biosynthetic process,3/164,154/8363,0.5856083299904592,0.9931314957033325,3,154,Montipora_capitata_HIv3___RNAseq.g46378.t1/Montipora_capitata_HIv3___RNAseq.g24095.t1/Montipora_capitata_HIv3___RNAseq.g8971.t1,0.9624124739582628,regulation of lipid biosynthetic process,BP
GO:0042593,glucose homeostasis,3/164,154/8363,0.5856083299904592,0.9931314957033325,3,154,Montipora_capitata_HIv3___RNAseq.g7741.t1/Montipora_capitata_HIv3___RNAseq.g44814.t1/Montipora_capitata_HIv3___RNAseq.g8971.t1,0.9624124739582628,glucose homeostasis,BP
GO:0033554,cellular response to stress,24/164,1254/8363,0.5860180986456136,0.9712892869100261,24,1254,Montipora_capitata_HIv3___RNAseq.g6978.t1/Montipora_capitata_HIv3___TS.g1118.t1/Montipora_capitata_HIv3___RNAseq.g7741.t1/Montipora_capitata_HIv3___RNAseq.g44519.t1/Montipora_capitata_HIv3___RNAseq.g50691.t1/Montipora_capitata_HIv3___RNAseq.g44960.t2/Montipora_capitata_HIv3___RNAseq.21467_t/Montipora_capitata_HIv3___RNAseq.g38848.t1/Montipora_capitata_HIv3___RNAseq.g668.t1/Montipora_capitata_HIv3___RNAseq.g24095.t1/Montipora_capitata_HIv3___RNAseq.g44814.t1/Montipora_capitata_HIv3___RNAseq.g8971.t1/Montipora_capitata_HIv3___RNAseq.g30678.t1b/Montipora_capitata_HIv3___TS.g40519.t3/Montipora_capitata_HIv3___RNAseq.g15186.t1/Montipora_capitata_HIv3___RNAseq.g14965.t1/Montipora_capitata_HIv3___RNAseq.g43161.t1a/Montipora_capitata_HIv3___TS.g33523.t1/Montipora_capitata_HIv3___RNAseq.g47955.t1/Montipora_capitata_HIv3___RNAseq.g15188.t1/Montipora_capitata_HIv3___TS.g10359.t4b/Montipora_capitata_HIv3___RNAseq.g26867.t1/Montipora_capitata_HIv3___RNAseq.g14488.t1/Montipora_capitata_HIv3___TS.g47745.t1,0.9624124739582628,cellular response to stress,BP
GO:0015267,channel activity,4/164,208/8363,0.5864227235775931,0.9797817578950906,4,208,Montipora_capitata_HIv3___RNAseq.g13129.t1/Montipora_capitata_HIv3___RNAseq.g49895.t2/Montipora_capitata_HIv3___RNAseq.g20250.t1/Montipora_capitata_HIv3___RNAseq.g23366.t1,0.9624124739582628,channel activity,MF
GO:0022803,passive transmembrane transporter activity,4/164,208/8363,0.5864227235775931,0.9797817578950906,4,208,Montipora_capitata_HIv3___RNAseq.g13129.t1/Montipora_capitata_HIv3___RNAseq.g49895.t2/Montipora_capitata_HIv3___RNAseq.g20250.t1/Montipora_capitata_HIv3___RNAseq.g23366.t1,0.9624124739582628,passive transmembrane transporter activity,MF
GO:0016192,vesicle-mediated transport,22/164,1153/8363,0.5904750057507823,0.9682076566608372,22,1153,Montipora_capitata_HIv3___RNAseq.g6978.t1/Montipora_capitata_HIv3___TS.g1118.t1/Montipora_capitata_HIv3___RNAseq.g22865.t1/Montipora_capitata_HIv3___RNAseq.g2640.t1a/Montipora_capitata_HIv3___RNAseq.g44519.t1/Montipora_capitata_HIv3___RNAseq.g38848.t1/Montipora_capitata_HIv3___RNAseq.g24942.t1/Montipora_capitata_HIv3___RNAseq.g24095.t1/Montipora_capitata_HIv3___RNAseq.g12548.t1/Montipora_capitata_HIv3___RNAseq.g18698.t1/Montipora_capitata_HIv3___RNAseq.g8971.t1/Montipora_capitata_HIv3___RNAseq.g20807.t2/Montipora_capitata_HIv3___RNAseq.g14155.t1/Montipora_capitata_HIv3___TS.g4674.t2b/Montipora_capitata_HIv3___RNAseq.g40284.t1/Montipora_capitata_HIv3___RNAseq.g42740.t1/Montipora_capitata_HIv3___RNAseq.g22408.t1/Montipora_capitata_HIv3___RNAseq.g1174.t1/Montipora_capitata_HIv3___TS.g33523.t1/Montipora_capitata_HIv3___RNAseq.g15029.t1b/Montipora_capitata_HIv3___RNAseq.g14488.t1/Montipora_capitata_HIv3___TS.g20607.t1,0.967524276765389,vesicle-mediated transport,BP
GO:0002446,neutrophil mediated immunity,6/164,316/8363,0.590791306057791,0.9663981894763227,6,316,Montipora_capitata_HIv3___TS.g33283.t2/Montipora_capitata_HIv3___RNAseq.g44519.t1/Montipora_capitata_HIv3___RNAseq.g24942.t1/Montipora_capitata_HIv3___RNAseq.g18698.t1/Montipora_capitata_HIv3___TS.g33523.t1/Montipora_capitata_HIv3___RNAseq.g14488.t1,0.967524276765389,neutrophil mediated immunity,BP
GO:0019900,kinase binding,9/164,475/8363,0.5915637539775425,0.9635507880843908,9,475,Montipora_capitata_HIv3___RNAseq.g5395.t1/Montipora_capitata_HIv3___RNAseq.g11548.t1/Montipora_capitata_HIv3___RNAseq.g44960.t2/Montipora_capitata_HIv3___RNAseq.21467_t/Montipora_capitata_HIv3___RNAseq.g35008.t1/Montipora_capitata_HIv3___RNAseq.g668.t1/Montipora_capitata_HIv3___RNAseq.g24095.t1/Montipora_capitata_HIv3___RNAseq.g44814.t1/Montipora_capitata_HIv3___TS.g10359.t4b,0.967524276765389,kinase binding,MF
GO:0044249,cellular biosynthetic process,41/164,2135/8363,0.592454281411682,0.9718135108903421,41,2135,Montipora_capitata_HIv3___TS.g33283.t2/Montipora_capitata_HIv3___RNAseq.g6978.t1/Montipora_capitata_HIv3___RNAseq.g36845.t1/Montipora_capitata_HIv3___RNAseq.g40427.t1a/Montipora_capitata_HIv3___RNAseq.g7741.t1/Montipora_capitata_HIv3___RNAseq.g36836.t1/Montipora_capitata_HIv3___RNAseq.g34092.t1/Montipora_capitata_HIv3___RNAseq.g3374.t1/Montipora_capitata_HIv3___RNAseq.g37193.t1/Montipora_capitata_HIv3___RNAseq.g12736.t1/Montipora_capitata_HIv3___RNAseq.g27709.t1/Montipora_capitata_HIv3___RNAseq.g45527.t1/Montipora_capitata_HIv3___RNAseq.g46378.t1/Montipora_capitata_HIv3___RNAseq.g24095.t1/Montipora_capitata_HIv3___RNAseq.g44814.t1/Montipora_capitata_HIv3___RNAseq.g8971.t1/Montipora_capitata_HIv3___RNAseq.g20771.t1/Montipora_capitata_HIv3___RNAseq.g30678.t1b/Montipora_capitata_HIv3___TS.g6904.t1/Montipora_capitata_HIv3___RNAseq.g40991.t1/Montipora_capitata_HIv3___RNAseq.g14965.t1/Montipora_capitata_HIv3___RNAseq.g37645.t1/Montipora_capitata_HIv3___RNAseq.g42740.t1/Montipora_capitata_HIv3___RNAseq.g43161.t1a/Montipora_capitata_HIv3___RNAseq.g9918.t1/Montipora_capitata_HIv3___RNAseq.g33449.t1/Montipora_capitata_HIv3___RNAseq.g15188.t1/Montipora_capitata_HIv3___TS.g50674.t1/Montipora_capitata_HIv3___TS.g21293.t1/Montipora_capitata_HIv3___RNAseq.g43111.t1/Montipora_capitata_HIv3___RNAseq.g41226.t1/Montipora_capitata_HIv3___RNAseq.g14956.t1/Montipora_capitata_HIv3___RNAseq.g39706.t2/Montipora_capitata_HIv3___RNAseq.g8867.t2/Montipora_capitata_HIv3___RNAseq.g44445.t1/Montipora_capitata_HIv3___RNAseq.g14960.t1/Montipora_capitata_HIv3___RNAseq.g11658.t1/Montipora_capitata_HIv3___RNAseq.g14488.t1/Montipora_capitata_HIv3___RNAseq.g37450.t2/Montipora_capitata_HIv3___RNAseq.g20763.t1/Montipora_capitata_HIv3___TS.g46192.t3,0.967524276765389,cellular biosynthetic process,BP
GO:0090596,sensory organ morphogenesis,7/164,370/8363,0.5934988160789214,0.9624718317138323,7,370,Montipora_capitata_HIv3___RNAseq.g5395.t1/Montipora_capitata_HIv3___RNAseq.g35008.t1/Montipora_capitata_HIv3___RNAseq.g24942.t1/Montipora_capitata_HIv3___RNAseq.g44814.t1/Montipora_capitata_HIv3___RNAseq.g8971.t1/Montipora_capitata_HIv3___TS.g10359.t4b/Montipora_capitata_HIv3___TS.g46192.t3,0.967524276765389,sensory organ morphogenesis,BP
GO:0000790,GO:0000790,4/164,210/8363,0.5940372339150137,0.9700276986212727,4,210,Montipora_capitata_HIv3___RNAseq.g26525.t1/Montipora_capitata_HIv3___RNAseq.g45527.t1/Montipora_capitata_HIv3___TS.g32614.t2/Montipora_capitata_HIv3___TS.g47745.t1,0.967524276765389,NA,NA
GO:0046777,protein autophosphorylation,3/164,156/8363,0.5944147258010424,0.9799073461564684,3,156,Montipora_capitata_HIv3___RNAseq.g6978.t1/Montipora_capitata_HIv3___RNAseq.g8971.t1/Montipora_capitata_HIv3___RNAseq.g28116.t1,0.967524276765389,protein autophosphorylation,BP
GO:0070085,glycosylation,3/164,156/8363,0.5944147258010424,0.9799073461564684,3,156,Montipora_capitata_HIv3___RNAseq.g36836.t1/Montipora_capitata_HIv3___RNAseq.g3374.t1/Montipora_capitata_HIv3___RNAseq.g15188.t1,0.967524276765389,glycosylation,BP
GO:0044440,GO:0044440,5/164,264/8363,0.5951549980608098,0.9640408482746559,5,264,Montipora_capitata_HIv3___RNAseq.g2640.t1a/Montipora_capitata_HIv3___RNAseq.g44960.t2/Montipora_capitata_HIv3___RNAseq.21467_t/Montipora_capitata_HIv3___RNAseq.g35008.t1/Montipora_capitata_HIv3___TS.g20607.t1,0.9675692290074311,NA,NA
GO:0051254,positive regulation of RNA metabolic process,18/164,948/8363,0.5956617118716195,0.9636341348956367,18,948,Montipora_capitata_HIv3___TS.g33283.t2/Montipora_capitata_HIv3___RNAseq.g6978.t1/Montipora_capitata_HIv3___TS.g1118.t1/Montipora_capitata_HIv3___RNAseq.g26525.t1/Montipora_capitata_HIv3___RNAseq.g7741.t1/Montipora_capitata_HIv3___RNAseq.g44960.t2/Montipora_capitata_HIv3___RNAseq.21467_t/Montipora_capitata_HIv3___RNAseq.g403.t1/Montipora_capitata_HIv3___RNAseq.g45527.t1/Montipora_capitata_HIv3___RNAseq.g35008.t1/Montipora_capitata_HIv3___RNAseq.g44814.t1/Montipora_capitata_HIv3___RNAseq.g8971.t1/Montipora_capitata_HIv3___RNAseq.g36935.t1/Montipora_capitata_HIv3___RNAseq.g43161.t1a/Montipora_capitata_HIv3___RNAseq.g41333.t1/Montipora_capitata_HIv3___RNAseq.g44445.t1/Montipora_capitata_HIv3___TS.g47745.t1/Montipora_capitata_HIv3___TS.g46192.t3,0.9675692290074311,positive regulation of RNA metabolic process,BP
GO:0048565,digestive tract development,4/164,211/8363,0.5978137209401817,0.9652213383376849,4,211,Montipora_capitata_HIv3___RNAseq.g44814.t1/Montipora_capitata_HIv3___RNAseq.g8971.t1/Montipora_capitata_HIv3___RNAseq.g28116.t1/Montipora_capitata_HIv3___RNAseq.g14488.t1,0.968273919612227,digestive tract development,BP
GO:0010506,regulation of autophagy,5/164,265/8363,0.5985360523878983,0.9602124645007539,5,265,Montipora_capitata_HIv3___RNAseq.g6978.t1/Montipora_capitata_HIv3___RNAseq.g44960.t2/Montipora_capitata_HIv3___RNAseq.21467_t/Montipora_capitata_HIv3___RNAseq.g44814.t1/Montipora_capitata_HIv3___RNAseq.g15029.t1b,0.968273919612227,regulation of autophagy,BP
GO:0009100,glycoprotein metabolic process,5/164,265/8363,0.5985360523878983,0.9602124645007539,5,265,Montipora_capitata_HIv3___RNAseq.g36836.t1/Montipora_capitata_HIv3___RNAseq.g3374.t1/Montipora_capitata_HIv3___RNAseq.g37193.t1/Montipora_capitata_HIv3___RNAseq.g44814.t1/Montipora_capitata_HIv3___RNAseq.g15188.t1,0.968273919612227,glycoprotein metabolic process,BP
GO:0098794,postsynapse,5/164,265/8363,0.5985360523878983,0.9602124645007539,5,265,Montipora_capitata_HIv3___RNAseq.g23734.t3/Montipora_capitata_HIv3___RNAseq.g35804.t1/Montipora_capitata_HIv3___RNAseq.g24942.t1/Montipora_capitata_HIv3___RNAseq.g35720.t1/Montipora_capitata_HIv3___RNAseq.g23366.t1,0.968273919612227,postsynapse,CC
GO:0030100,regulation of endocytosis,4/164,212/8363,0.6015694860358078,0.9604611851026964,4,212,Montipora_capitata_HIv3___RNAseq.g6978.t1/Montipora_capitata_HIv3___RNAseq.g5395.t1/Montipora_capitata_HIv3___RNAseq.g24942.t1/Montipora_capitata_HIv3___TS.g20607.t1,0.9697265891605817,regulation of endocytosis,BP
GO:0010243,response to organonitrogen compound,13/164,690/8363,0.6024301488867183,0.9565609649377205,13,690,Montipora_capitata_HIv3___TS.g33283.t2/Montipora_capitata_HIv3___RNAseq.g15043.t1/Montipora_capitata_HIv3___RNAseq.g5395.t1/Montipora_capitata_HIv3___TS.g27540.t1/Montipora_capitata_HIv3___RNAseq.g46378.t1/Montipora_capitata_HIv3___RNAseq.g24942.t1/Montipora_capitata_HIv3___RNAseq.g44814.t1/Montipora_capitata_HIv3___RNAseq.g8971.t1/Montipora_capitata_HIv3___RNAseq.g43161.t1a/Montipora_capitata_HIv3___TS.g33523.t1/Montipora_capitata_HIv3___RNAseq.g15188.t1/Montipora_capitata_HIv3___RNAseq.g11658.t1/Montipora_capitata_HIv3___RNAseq.g14488.t1,0.9697265891605817,response to organonitrogen compound,BP
GO:0009894,regulation of catabolic process,13/164,690/8363,0.6024301488867183,0.9565609649377205,13,690,Montipora_capitata_HIv3___RNAseq.g6978.t1/Montipora_capitata_HIv3___TS.g1118.t1/Montipora_capitata_HIv3___RNAseq.g46819.t1/Montipora_capitata_HIv3___RNAseq.g44960.t2/Montipora_capitata_HIv3___RNAseq.21467_t/Montipora_capitata_HIv3___RNAseq.g42608.t1/Montipora_capitata_HIv3___RNAseq.g44814.t1/Montipora_capitata_HIv3___RNAseq.g30678.t1b/Montipora_capitata_HIv3___RNAseq.g42092.t1/Montipora_capitata_HIv3___RNAseq.g18929.t1/Montipora_capitata_HIv3___RNAseq.g15029.t1b/Montipora_capitata_HIv3___RNAseq.g39706.t2/Montipora_capitata_HIv3___TS.g47745.t1,0.9697265891605817,regulation of catabolic process,BP
GO:0008021,synaptic vesicle,3/164,158/8363,0.6031002794590385,0.9670244134095178,3,158,Montipora_capitata_HIv3___RNAseq.g5395.t1/Montipora_capitata_HIv3___RNAseq.g9026.t1/Montipora_capitata_HIv3___RNAseq.g23366.t1,0.9697265891605817,synaptic vesicle,CC
GO:0046530,photoreceptor cell differentiation,3/164,158/8363,0.6031002794590385,0.9670244134095178,3,158,Montipora_capitata_HIv3___RNAseq.g5395.t1/Montipora_capitata_HIv3___RNAseq.g22865.t1/Montipora_capitata_HIv3___TS.g46192.t3,0.9697265891605817,photoreceptor cell differentiation,BP
GO:0007498,mesoderm development,3/164,158/8363,0.6031002794590385,0.9670244134095178,3,158,Montipora_capitata_HIv3___RNAseq.g13857.t1/Montipora_capitata_HIv3___RNAseq.g36907.t1/Montipora_capitata_HIv3___RNAseq.g8971.t1,0.9697265891605817,mesoderm development,BP
GO:0051604,protein maturation,3/164,159/8363,0.6073973458779878,0.9607068028500694,3,159,Montipora_capitata_HIv3___RNAseq.g24942.t1/Montipora_capitata_HIv3___RNAseq.g20807.t2/Montipora_capitata_HIv3___RNAseq.g39706.t2,0.9743064273682756,protein maturation,BP
GO:0033500,carbohydrate homeostasis,3/164,159/8363,0.6073973458779878,0.9607068028500694,3,159,Montipora_capitata_HIv3___RNAseq.g7741.t1/Montipora_capitata_HIv3___RNAseq.g44814.t1/Montipora_capitata_HIv3___RNAseq.g8971.t1,0.9743064273682756,carbohydrate homeostasis,BP
GO:0051246,regulation of protein metabolic process,30/164,1579/8363,0.6088974064887787,0.9611333920869527,30,1579,Montipora_capitata_HIv3___TS.g33283.t2/Montipora_capitata_HIv3___RNAseq.g6978.t1/Montipora_capitata_HIv3___TS.g1118.t1/Montipora_capitata_HIv3___RNAseq.g15043.t1/Montipora_capitata_HIv3___RNAseq.g5395.t1/Montipora_capitata_HIv3___RNAseq.g11548.t1/Montipora_capitata_HIv3___RNAseq.g7741.t1/Montipora_capitata_HIv3___TS.g27540.t1/Montipora_capitata_HIv3___RNAseq.g44960.t2/Montipora_capitata_HIv3___TS.g32048.t1/Montipora_capitata_HIv3___RNAseq.21467_t/Montipora_capitata_HIv3___RNAseq.g37193.t1/Montipora_capitata_HIv3___RNAseq.g36907.t1/Montipora_capitata_HIv3___RNAseq.g35008.t1/Montipora_capitata_HIv3___RNAseq.g24942.t1/Montipora_capitata_HIv3___RNAseq.g24095.t1/Montipora_capitata_HIv3___RNAseq.g8971.t1/Montipora_capitata_HIv3___RNAseq.g30678.t1b/Montipora_capitata_HIv3___RNAseq.g14965.t1/Montipora_capitata_HIv3___RNAseq.g42092.t1/Montipora_capitata_HIv3___RNAseq.g42740.t1/Montipora_capitata_HIv3___RNAseq.g43161.t1a/Montipora_capitata_HIv3___TS.g33523.t1/Montipora_capitata_HIv3___RNAseq.g47955.t1/Montipora_capitata_HIv3___RNAseq.g15188.t1/Montipora_capitata_HIv3___RNAseq.g15029.t1b/Montipora_capitata_HIv3___TS.g10359.t4b/Montipora_capitata_HIv3___RNAseq.g41226.t1/Montipora_capitata_HIv3___RNAseq.g39706.t2/Montipora_capitata_HIv3___TS.g47745.t1,0.9743064273682756,regulation of protein metabolic process,BP
GO:0000987,cis-regulatory region sequence-specific DNA binding,4/164,214/8363,0.6090182583171577,0.9510768598460523,4,214,Montipora_capitata_HIv3___RNAseq.g7741.t1/Montipora_capitata_HIv3___RNAseq.g44814.t1/Montipora_capitata_HIv3___TS.g47745.t1/Montipora_capitata_HIv3___TS.g46192.t3,0.9743064273682756,cis-regulatory region sequence-specific DNA binding,MF
GO:0051650,establishment of vesicle localization,4/164,214/8363,0.6090182583171577,0.9510768598460523,4,214,Montipora_capitata_HIv3___RNAseq.g8971.t1/Montipora_capitata_HIv3___RNAseq.g42740.t1/Montipora_capitata_HIv3___RNAseq.g1174.t1/Montipora_capitata_HIv3___TS.g33523.t1,0.9743064273682756,establishment of vesicle localization,BP
GO:0002444,myeloid leukocyte mediated immunity,6/164,323/8363,0.6123318741196948,0.9442218578444174,6,323,Montipora_capitata_HIv3___TS.g33283.t2/Montipora_capitata_HIv3___RNAseq.g44519.t1/Montipora_capitata_HIv3___RNAseq.g24942.t1/Montipora_capitata_HIv3___RNAseq.g18698.t1/Montipora_capitata_HIv3___TS.g33523.t1/Montipora_capitata_HIv3___RNAseq.g14488.t1,0.9786210314480922,myeloid leukocyte mediated immunity,BP
GO:0048037,GO:0048037,5/164,270/8363,0.6152050084816908,0.9415038609579472,5,270,Montipora_capitata_HIv3___RNAseq.g34092.t1/Montipora_capitata_HIv3___RNAseq.g46378.t1/Montipora_capitata_HIv3___RNAseq.g33997.t1/Montipora_capitata_HIv3___RNAseq.g9087.t1/Montipora_capitata_HIv3___RNAseq.g37450.t2,0.9801592310153701,NA,NA
GO:0045931,positive regulation of mitotic cell cycle,3/164,161/8363,0.6158993620319184,0.9483114556526919,3,161,Montipora_capitata_HIv3___RNAseq.g8971.t1/Montipora_capitata_HIv3___RNAseq.g32149.t1/Montipora_capitata_HIv3___RNAseq.g23247.t1,0.9801592310153701,positive regulation of mitotic cell cycle,BP
GO:2001252,positive regulation of chromosome organization,3/164,161/8363,0.6158993620319184,0.9483114556526919,3,161,Montipora_capitata_HIv3___RNAseq.g6978.t1/Montipora_capitata_HIv3___RNAseq.g23247.t1/Montipora_capitata_HIv3___TS.g47745.t1,0.9801592310153701,positive regulation of chromosome organization,BP
GO:0006302,double-strand break repair,3/164,161/8363,0.6158993620319184,0.9483114556526919,3,161,Montipora_capitata_HIv3___TS.g1118.t1/Montipora_capitata_HIv3___RNAseq.g43161.t1a/Montipora_capitata_HIv3___RNAseq.g47955.t1,0.9801592310153701,double-strand break repair,BP
GO:1901653,cellular response to peptide,4/164,216/8363,0.6163824275698421,0.9418695674859274,4,216,Montipora_capitata_HIv3___TS.g33283.t2/Montipora_capitata_HIv3___RNAseq.g24942.t1/Montipora_capitata_HIv3___RNAseq.g44814.t1/Montipora_capitata_HIv3___RNAseq.g14488.t1,0.9801592310153701,cellular response to peptide,BP
GO:0010638,positive regulation of organelle organization,8/164,432/8363,0.6176922614873298,0.9403783766866446,8,432,Montipora_capitata_HIv3___RNAseq.g6978.t1/Montipora_capitata_HIv3___RNAseq.g5395.t1/Montipora_capitata_HIv3___RNAseq.g24942.t1/Montipora_capitata_HIv3___RNAseq.g24095.t1/Montipora_capitata_HIv3___RNAseq.g44814.t1/Montipora_capitata_HIv3___RNAseq.g23247.t1/Montipora_capitata_HIv3___RNAseq.g15029.t1b/Montipora_capitata_HIv3___TS.g47745.t1,0.9812588778582507,positive regulation of organelle organization,BP
GO:0000902,cell morphogenesis,13/164,698/8363,0.6194764335618423,0.9443843814860414,13,698,Montipora_capitata_HIv3___RNAseq.g23734.t3/Montipora_capitata_HIv3___RNAseq.g35804.t1/Montipora_capitata_HIv3___RNAseq.g35008.t1/Montipora_capitata_HIv3___RNAseq.g24942.t1/Montipora_capitata_HIv3___RNAseq.g35720.t1/Montipora_capitata_HIv3___RNAseq.g8971.t1/Montipora_capitata_HIv3___RNAseq.g24020.t1/Montipora_capitata_HIv3___RNAseq.g6934.t1/Montipora_capitata_HIv3___RNAseq.g39706.t2/Montipora_capitata_HIv3___TS.g47745.t1/Montipora_capitata_HIv3___RNAseq.g37450.t2/Montipora_capitata_HIv3___TS.g20607.t1/Montipora_capitata_HIv3___TS.g46192.t3,0.9821408684318396,cell morphogenesis,BP
GO:0042578,phosphoric ester hydrolase activity,4/164,217/8363,0.6200324613621858,0.9373307505249482,4,217,Montipora_capitata_HIv3___RNAseq.g5395.t1/Montipora_capitata_HIv3___RNAseq.g46819.t1/Montipora_capitata_HIv3___RNAseq.g33449.t1/Montipora_capitata_HIv3___RNAseq.g6934.t1,0.9821408684318396,phosphoric ester hydrolase activity,MF
GO:0048863,stem cell differentiation,3/164,162/8363,0.620104064378515,0.9422307022150685,3,162,Montipora_capitata_HIv3___RNAseq.g44814.t1/Montipora_capitata_HIv3___RNAseq.g8971.t1/Montipora_capitata_HIv3___TS.g33523.t1,0.9821408684318396,stem cell differentiation,BP
GO:0010033,response to organic substance,32/164,1692/8363,0.6228154349397177,0.9549341486261994,32,1692,Montipora_capitata_HIv3___TS.g33283.t2/Montipora_capitata_HIv3___RNAseq.g6978.t1/Montipora_capitata_HIv3___RNAseq.g15043.t1/Montipora_capitata_HIv3___RNAseq.g5395.t1/Montipora_capitata_HIv3___RNAseq.g11548.t1/Montipora_capitata_HIv3___RNAseq.g7741.t1/Montipora_capitata_HIv3___RNAseq.g2640.t1a/Montipora_capitata_HIv3___TS.g27540.t1/Montipora_capitata_HIv3___RNAseq.g34092.t1/Montipora_capitata_HIv3___RNAseq.g50691.t1/Montipora_capitata_HIv3___RNAseq.g44960.t2/Montipora_capitata_HIv3___RNAseq.21467_t/Montipora_capitata_HIv3___RNAseq.g35008.t1/Montipora_capitata_HIv3___RNAseq.g46378.t1/Montipora_capitata_HIv3___RNAseq.g24942.t1/Montipora_capitata_HIv3___RNAseq.g44814.t1/Montipora_capitata_HIv3___RNAseq.g8971.t1/Montipora_capitata_HIv3___RNAseq.g42092.t1/Montipora_capitata_HIv3___RNAseq.g43161.t1a/Montipora_capitata_HIv3___RNAseq.g33449.t1/Montipora_capitata_HIv3___TS.g33523.t1/Montipora_capitata_HIv3___RNAseq.g39974.t1/Montipora_capitata_HIv3___RNAseq.g47955.t1/Montipora_capitata_HIv3___RNAseq.g15188.t1/Montipora_capitata_HIv3___RNAseq.g39706.t2/Montipora_capitata_HIv3___RNAseq.g44445.t1/Montipora_capitata_HIv3___RNAseq.g18391.t1/Montipora_capitata_HIv3___RNAseq.g11658.t1/Montipora_capitata_HIv3___RNAseq.g14488.t1/Montipora_capitata_HIv3___TS.g47745.t1/Montipora_capitata_HIv3___RNAseq.g37450.t2/Montipora_capitata_HIv3___TS.g46192.t3,0.9838418928401812,response to organic substance,BP
GO:0034774,secretory granule lumen,4/164,218/8363,0.6236609665289023,0.9328343453418183,4,218,Montipora_capitata_HIv3___RNAseq.g44519.t1/Montipora_capitata_HIv3___RNAseq.g24942.t1/Montipora_capitata_HIv3___TS.g33523.t1/Montipora_capitata_HIv3___RNAseq.g14488.t1,0.9838418928401812,secretory granule lumen,CC
GO:1901362,organic cyclic compound biosynthetic process,20/164,1068/8363,0.623873106462502,0.9477038690634263,20,1068,Montipora_capitata_HIv3___RNAseq.g36845.t1/Montipora_capitata_HIv3___RNAseq.g40427.t1a/Montipora_capitata_HIv3___RNAseq.g7741.t1/Montipora_capitata_HIv3___RNAseq.g34092.t1/Montipora_capitata_HIv3___RNAseq.g12736.t1/Montipora_capitata_HIv3___RNAseq.g45527.t1/Montipora_capitata_HIv3___RNAseq.g46378.t1/Montipora_capitata_HIv3___RNAseq.g44814.t1/Montipora_capitata_HIv3___RNAseq.g30678.t1b/Montipora_capitata_HIv3___TS.g6904.t1/Montipora_capitata_HIv3___RNAseq.g40991.t1/Montipora_capitata_HIv3___RNAseq.g42740.t1/Montipora_capitata_HIv3___RNAseq.g43161.t1a/Montipora_capitata_HIv3___TS.g21293.t1/Montipora_capitata_HIv3___RNAseq.g14956.t1/Montipora_capitata_HIv3___RNAseq.g44445.t1/Montipora_capitata_HIv3___RNAseq.g14960.t1/Montipora_capitata_HIv3___RNAseq.g37450.t2/Montipora_capitata_HIv3___RNAseq.g20763.t1/Montipora_capitata_HIv3___TS.g46192.t3,0.9838418928401812,organic cyclic compound biosynthetic process,BP
GO:0016020,membrane,65/164,3391/8363,0.6241605506336274,0.9619502399517295,65,3391,Montipora_capitata_HIv3___RNAseq.g6978.t1/Montipora_capitata_HIv3___RNAseq.g36845.t1/Montipora_capitata_HIv3___TS.g44069.t1/Montipora_capitata_HIv3___RNAseq.g5395.t1/Montipora_capitata_HIv3___RNAseq.g22865.t1/Montipora_capitata_HIv3___RNAseq.g11548.t1/Montipora_capitata_HIv3___RNAseq.g26580.t1/Montipora_capitata_HIv3___RNAseq.g2640.t1a/Montipora_capitata_HIv3___RNAseq.g36836.t1/Montipora_capitata_HIv3___TS.g27540.t1/Montipora_capitata_HIv3___RNAseq.g24139.t1/Montipora_capitata_HIv3___RNAseq.g12807.t1/Montipora_capitata_HIv3___RNAseq.g34092.t1/Montipora_capitata_HIv3___RNAseq.g50691.t1/Montipora_capitata_HIv3___RNAseq.g11237.t1/Montipora_capitata_HIv3___RNAseq.g3374.t1/Montipora_capitata_HIv3___RNAseq.g44960.t2/Montipora_capitata_HIv3___RNAseq.g40983.t1/Montipora_capitata_HIv3___RNAseq.21467_t/Montipora_capitata_HIv3___RNAseq.g24836.t1/Montipora_capitata_HIv3___RNAseq.g13129.t1/Montipora_capitata_HIv3___RNAseq.g9026.t1/Montipora_capitata_HIv3___RNAseq.g37193.t1/Montipora_capitata_HIv3___RNAseq.g38848.t1/Montipora_capitata_HIv3___RNAseq.g39648.t1/Montipora_capitata_HIv3___RNAseq.g49895.t2/Montipora_capitata_HIv3___RNAseq.g13857.t1/Montipora_capitata_HIv3___RNAseq.g36907.t1/Montipora_capitata_HIv3___RNAseq.g35008.t1/Montipora_capitata_HIv3___RNAseq.g668.t1/Montipora_capitata_HIv3___RNAseq.g40982.t1a/Montipora_capitata_HIv3___RNAseq.g46378.t1/Montipora_capitata_HIv3___RNAseq.g24095.t1/Montipora_capitata_HIv3___RNAseq.g44814.t1/Montipora_capitata_HIv3___RNAseq.g20250.t1/Montipora_capitata_HIv3___RNAseq.g14515.t1/Montipora_capitata_HIv3___RNAseq.g8971.t1/Montipora_capitata_HIv3___RNAseq.g20771.t1/Montipora_capitata_HIv3___RNAseq.g41416.t2a/Montipora_capitata_HIv3___RNAseq.g20807.t2/Montipora_capitata_HIv3___TS.g6904.t1/Montipora_capitata_HIv3___RNAseq.g14155.t1/Montipora_capitata_HIv3___RNAseq.g40991.t1/Montipora_capitata_HIv3___TS.g4674.t2b/Montipora_capitata_HIv3___RNAseq.g42740.t1/Montipora_capitata_HIv3___RNAseq.g33449.t1/Montipora_capitata_HIv3___RNAseq.g1174.t1/Montipora_capitata_HIv3___TS.g33523.t1/Montipora_capitata_HIv3___RNAseq.g39974.t1/Montipora_capitata_HIv3___RNAseq.g15188.t1/Montipora_capitata_HIv3___RNAseq.g11214.t1/Montipora_capitata_HIv3___RNAseq.g33997.t1/Montipora_capitata_HIv3___RNAseq.g6934.t1/Montipora_capitata_HIv3___RNAseq.g28116.t1/Montipora_capitata_HIv3___RNAseq.g9561.t1/Montipora_capitata_HIv3___RNAseq.g4457.t1/Montipora_capitata_HIv3___TS.g21895.t1/Montipora_capitata_HIv3___RNAseq.g41226.t1/Montipora_capitata_HIv3___RNAseq.g39706.t2/Montipora_capitata_HIv3___RNAseq.g8867.t2/Montipora_capitata_HIv3___RNAseq.g44445.t1/Montipora_capitata_HIv3___RNAseq.g23366.t1/Montipora_capitata_HIv3___RNAseq.g14488.t1/Montipora_capitata_HIv3___TS.g20607.t1/Montipora_capitata_HIv3___RNAseq.g50276.t1,0.9838418928401812,membrane,CC
GO:0016791,phosphatase activity,3/164,163/8363,0.624277748008861,0.9362259471901123,3,163,Montipora_capitata_HIv3___RNAseq.g5395.t1/Montipora_capitata_HIv3___RNAseq.g46819.t1/Montipora_capitata_HIv3___RNAseq.g33449.t1,0.9838418928401812,phosphatase activity,MF
GO:0043168,anion binding,17/164,912/8363,0.6262031489513684,0.9437781789691752,17,912,Montipora_capitata_HIv3___TS.g33283.t2/Montipora_capitata_HIv3___RNAseq.g22865.t1/Montipora_capitata_HIv3___RNAseq.g34092.t1/Montipora_capitata_HIv3___RNAseq.g44519.t1/Montipora_capitata_HIv3___TS.g32048.t1/Montipora_capitata_HIv3___RNAseq.g13129.t1/Montipora_capitata_HIv3___RNAseq.g12736.t1/Montipora_capitata_HIv3___RNAseq.g46378.t1/Montipora_capitata_HIv3___RNAseq.g18698.t1/Montipora_capitata_HIv3___RNAseq.g8971.t1/Montipora_capitata_HIv3___RNAseq.g43161.t1a/Montipora_capitata_HIv3___TS.g33523.t1/Montipora_capitata_HIv3___RNAseq.g33997.t1/Montipora_capitata_HIv3___RNAseq.g44719.t1/Montipora_capitata_HIv3___RNAseq.g9087.t1/Montipora_capitata_HIv3___TS.g47745.t1/Montipora_capitata_HIv3___TS.g20607.t1,0.9846429723001967,anion binding,MF
GO:0006812,monoatomic cation transport,9/164,489/8363,0.6268419273813857,0.9337560080761265,9,489,Montipora_capitata_HIv3___RNAseq.g24139.t1/Montipora_capitata_HIv3___RNAseq.g13129.t1/Montipora_capitata_HIv3___RNAseq.g38848.t1/Montipora_capitata_HIv3___RNAseq.g36907.t1/Montipora_capitata_HIv3___RNAseq.g668.t1/Montipora_capitata_HIv3___RNAseq.g46378.t1/Montipora_capitata_HIv3___RNAseq.g41416.t2a/Montipora_capitata_HIv3___RNAseq.g14155.t1/Montipora_capitata_HIv3___RNAseq.g42740.t1,0.9846429723001967,monoatomic cation transport,BP
GO:0006066,alcohol metabolic process,4/164,219/8363,0.6272678292347189,0.9283797602453918,4,219,Montipora_capitata_HIv3___RNAseq.g46378.t1/Montipora_capitata_HIv3___RNAseq.g8971.t1/Montipora_capitata_HIv3___RNAseq.g6934.t1/Montipora_capitata_HIv3___RNAseq.g37450.t2,0.9846429723001967,alcohol metabolic process,BP
GO:0035690,GO:0035690,4/164,219/8363,0.6272678292347189,0.9283797602453918,4,219,Montipora_capitata_HIv3___RNAseq.g44814.t1/Montipora_capitata_HIv3___RNAseq.g43161.t1a/Montipora_capitata_HIv3___TS.g33523.t1/Montipora_capitata_HIv3___RNAseq.g14488.t1,0.9846429723001967,NA,NA
GO:0048589,developmental growth,8/164,436/8363,0.6281470742552931,0.9311112539578266,8,436,Montipora_capitata_HIv3___RNAseq.g35008.t1/Montipora_capitata_HIv3___RNAseq.g668.t1/Montipora_capitata_HIv3___RNAseq.g24942.t1/Montipora_capitata_HIv3___RNAseq.g8971.t1/Montipora_capitata_HIv3___RNAseq.g33449.t1/Montipora_capitata_HIv3___RNAseq.g39974.t1/Montipora_capitata_HIv3___RNAseq.g15188.t1/Montipora_capitata_HIv3___TS.g47745.t1,0.9850488209912551,developmental growth,BP
GO:0008380,RNA splicing,6/164,329/8363,0.6302945906491941,0.9259784303475146,6,329,Montipora_capitata_HIv3___RNAseq.g26525.t1/Montipora_capitata_HIv3___RNAseq.g12736.t1/Montipora_capitata_HIv3___RNAseq.g18395.t1/Montipora_capitata_HIv3___RNAseq.g47955.t1/Montipora_capitata_HIv3___TS.g28908.t1/Montipora_capitata_HIv3___TS.g47745.t1,0.9851106620825498,RNA splicing,BP
GO:0016071,mRNA metabolic process,10/164,544/8363,0.6307535132483233,0.9320792272864,10,544,Montipora_capitata_HIv3___RNAseq.g26525.t1/Montipora_capitata_HIv3___RNAseq.g42608.t1/Montipora_capitata_HIv3___RNAseq.g12736.t1/Montipora_capitata_HIv3___RNAseq.g44814.t1/Montipora_capitata_HIv3___RNAseq.g18395.t1/Montipora_capitata_HIv3___RNAseq.g4241.t1/Montipora_capitata_HIv3___RNAseq.g47955.t1/Montipora_capitata_HIv3___RNAseq.g18929.t1/Montipora_capitata_HIv3___RNAseq.g11658.t1/Montipora_capitata_HIv3___TS.g47745.t1,0.9851106620825498,mRNA metabolic process,BP
GO:0051648,vesicle localization,4/164,220/8363,0.6308529413222759,0.9239664144996006,4,220,Montipora_capitata_HIv3___RNAseq.g8971.t1/Montipora_capitata_HIv3___RNAseq.g42740.t1/Montipora_capitata_HIv3___RNAseq.g1174.t1/Montipora_capitata_HIv3___TS.g33523.t1,0.9851106620825498,vesicle localization,BP
GO:0012505,endomembrane system,47/164,2473/8363,0.6310906418567519,0.9559372297877344,47,2473,Montipora_capitata_HIv3___TS.g33283.t2/Montipora_capitata_HIv3___RNAseq.g6978.t1/Montipora_capitata_HIv3___RNAseq.g5395.t1/Montipora_capitata_HIv3___RNAseq.g22865.t1/Montipora_capitata_HIv3___RNAseq.g7739.t1/Montipora_capitata_HIv3___RNAseq.g2640.t1a/Montipora_capitata_HIv3___RNAseq.g36836.t1/Montipora_capitata_HIv3___RNAseq.g24139.t1/Montipora_capitata_HIv3___RNAseq.g34092.t1/Montipora_capitata_HIv3___RNAseq.g44519.t1/Montipora_capitata_HIv3___RNAseq.g50691.t1/Montipora_capitata_HIv3___RNAseq.g3374.t1/Montipora_capitata_HIv3___RNAseq.g44960.t2/Montipora_capitata_HIv3___RNAseq.21467_t/Montipora_capitata_HIv3___RNAseq.g9026.t1/Montipora_capitata_HIv3___RNAseq.g37193.t1/Montipora_capitata_HIv3___RNAseq.g12736.t1/Montipora_capitata_HIv3___RNAseq.g44539.t1/Montipora_capitata_HIv3___RNAseq.g24524.t1/Montipora_capitata_HIv3___RNAseq.g13857.t1/Montipora_capitata_HIv3___RNAseq.g36907.t1/Montipora_capitata_HIv3___RNAseq.g35008.t1/Montipora_capitata_HIv3___RNAseq.g24942.t1/Montipora_capitata_HIv3___RNAseq.g14515.t1/Montipora_capitata_HIv3___RNAseq.g8971.t1/Montipora_capitata_HIv3___RNAseq.g15186.t1/Montipora_capitata_HIv3___RNAseq.g14155.t1/Montipora_capitata_HIv3___RNAseq.g14965.t1/Montipora_capitata_HIv3___TS.g4674.t2b/Montipora_capitata_HIv3___RNAseq.g42740.t1/Montipora_capitata_HIv3___RNAseq.g22553.t1c/Montipora_capitata_HIv3___RNAseq.g1174.t1/Montipora_capitata_HIv3___TS.g33523.t1/Montipora_capitata_HIv3___RNAseq.g39974.t1/Montipora_capitata_HIv3___RNAseq.g15188.t1/Montipora_capitata_HIv3___RNAseq.g49962.t1/Montipora_capitata_HIv3___RNAseq.g9561.t1/Montipora_capitata_HIv3___RNAseq.g15029.t1b/Montipora_capitata_HIv3___RNAseq.g14625.t1/Montipora_capitata_HIv3___RNAseq.g41226.t1/Montipora_capitata_HIv3___RNAseq.g39706.t2/Montipora_capitata_HIv3___RNAseq.g8867.t2/Montipora_capitata_HIv3___RNAseq.g44445.t1/Montipora_capitata_HIv3___RNAseq.g23366.t1/Montipora_capitata_HIv3___RNAseq.g11658.t1/Montipora_capitata_HIv3___RNAseq.g14488.t1/Montipora_capitata_HIv3___TS.g20607.t1,0.9851106620825498,endomembrane system,CC
GO:0045862,positive regulation of proteolysis,5/164,275/8363,0.6314693079989869,0.92348803253181,5,275,Montipora_capitata_HIv3___RNAseq.g24942.t1/Montipora_capitata_HIv3___RNAseq.g8971.t1/Montipora_capitata_HIv3___RNAseq.g30678.t1b/Montipora_capitata_HIv3___RNAseq.g23247.t1/Montipora_capitata_HIv3___RNAseq.g39706.t2,0.9851106620825498,positive regulation of proteolysis,BP
GO:0008202,steroid metabolic process,3/164,165/8363,0.6325316727549579,0.9244388037395808,3,165,Montipora_capitata_HIv3___RNAseq.g46378.t1/Montipora_capitata_HIv3___RNAseq.g8971.t1/Montipora_capitata_HIv3___RNAseq.g42092.t1,0.9851106620825498,steroid metabolic process,BP
GO:0051346,negative regulation of hydrolase activity,3/164,165/8363,0.6325316727549579,0.9244388037395808,3,165,Montipora_capitata_HIv3___RNAseq.g41637.t1/Montipora_capitata_HIv3___TS.g32048.t1/Montipora_capitata_HIv3___RNAseq.g39706.t2,0.9851106620825498,negative regulation of hydrolase activity,BP
GO:1901652,response to peptide,6/164,330/8363,0.6332418710700902,0.9230035347325112,6,330,Montipora_capitata_HIv3___TS.g33283.t2/Montipora_capitata_HIv3___TS.g27540.t1/Montipora_capitata_HIv3___RNAseq.g46378.t1/Montipora_capitata_HIv3___RNAseq.g24942.t1/Montipora_capitata_HIv3___RNAseq.g44814.t1/Montipora_capitata_HIv3___RNAseq.g14488.t1,0.9852470939830335,response to peptide,BP
GO:0098588,bounding membrane of organelle,20/164,1074/8363,0.6342851579031727,0.9415172682173841,20,1074,Montipora_capitata_HIv3___RNAseq.g6978.t1/Montipora_capitata_HIv3___RNAseq.g22865.t1/Montipora_capitata_HIv3___RNAseq.g2640.t1a/Montipora_capitata_HIv3___RNAseq.g24139.t1/Montipora_capitata_HIv3___RNAseq.g3374.t1/Montipora_capitata_HIv3___RNAseq.g44960.t2/Montipora_capitata_HIv3___RNAseq.21467_t/Montipora_capitata_HIv3___RNAseq.g37193.t1/Montipora_capitata_HIv3___RNAseq.g38848.t1/Montipora_capitata_HIv3___RNAseq.g35008.t1/Montipora_capitata_HIv3___RNAseq.g46378.t1/Montipora_capitata_HIv3___RNAseq.g14155.t1/Montipora_capitata_HIv3___TS.g4674.t2b/Montipora_capitata_HIv3___RNAseq.g1174.t1/Montipora_capitata_HIv3___TS.g33523.t1/Montipora_capitata_HIv3___RNAseq.g39706.t2/Montipora_capitata_HIv3___RNAseq.g8867.t2/Montipora_capitata_HIv3___RNAseq.g23366.t1/Montipora_capitata_HIv3___RNAseq.g14488.t1/Montipora_capitata_HIv3___TS.g20607.t1,0.9852470939830335,bounding membrane of organelle,CC
GO:0048666,neuron development,15/164,811/8363,0.634481745463554,0.9362693918909453,15,811,Montipora_capitata_HIv3___RNAseq.g23734.t3/Montipora_capitata_HIv3___RNAseq.g35804.t1/Montipora_capitata_HIv3___RNAseq.g22865.t1/Montipora_capitata_HIv3___RNAseq.g35008.t1/Montipora_capitata_HIv3___RNAseq.g24942.t1/Montipora_capitata_HIv3___RNAseq.g35720.t1/Montipora_capitata_HIv3___RNAseq.g8971.t1/Montipora_capitata_HIv3___RNAseq.g24020.t1/Montipora_capitata_HIv3___RNAseq.g1174.t1/Montipora_capitata_HIv3___TS.g33523.t1/Montipora_capitata_HIv3___RNAseq.g6934.t1/Montipora_capitata_HIv3___RNAseq.g39706.t2/Montipora_capitata_HIv3___TS.g47745.t1/Montipora_capitata_HIv3___RNAseq.g37450.t2/Montipora_capitata_HIv3___TS.g46192.t3,0.9852470939830335,neuron development,BP
GO:0004175,endopeptidase activity,3/164,166/8363,0.6366117442542965,0.9186536873081249,3,166,Montipora_capitata_HIv3___RNAseq.g20807.t2/Montipora_capitata_HIv3___RNAseq.g14625.t1/Montipora_capitata_HIv3___RNAseq.g39706.t2,0.9875420015436587,endopeptidase activity,MF
GO:0048545,response to steroid hormone,4/164,222/8363,0.6379575089231552,0.9152611713838049,4,222,Montipora_capitata_HIv3___RNAseq.g44814.t1/Montipora_capitata_HIv3___RNAseq.g33449.t1/Montipora_capitata_HIv3___RNAseq.g39974.t1/Montipora_capitata_HIv3___RNAseq.g14488.t1,0.9875420015436587,response to steroid hormone,BP
GO:0012506,vesicle membrane,7/164,386/8363,0.6383787825125922,0.9199612875230625,7,386,Montipora_capitata_HIv3___RNAseq.g38848.t1/Montipora_capitata_HIv3___RNAseq.g35008.t1/Montipora_capitata_HIv3___TS.g4674.t2b/Montipora_capitata_HIv3___TS.g33523.t1/Montipora_capitata_HIv3___RNAseq.g33997.t1/Montipora_capitata_HIv3___RNAseq.g39706.t2/Montipora_capitata_HIv3___RNAseq.g23366.t1,0.9875420015436587,vesicle membrane,CC
GO:0030425,dendrite,8/164,440/8363,0.6384487042115903,0.9220156821332255,8,440,Montipora_capitata_HIv3___RNAseq.g23734.t3/Montipora_capitata_HIv3___RNAseq.g35804.t1/Montipora_capitata_HIv3___RNAseq.g5395.t1/Montipora_capitata_HIv3___RNAseq.g24942.t1/Montipora_capitata_HIv3___RNAseq.g35720.t1/Montipora_capitata_HIv3___RNAseq.g20807.t2/Montipora_capitata_HIv3___RNAseq.g12947.t1/Montipora_capitata_HIv3___RNAseq.g23366.t1,0.9875420015436587,dendrite,CC
GO:0097447,dendritic tree,8/164,441/8363,0.6409996780037741,0.919768036997699,8,441,Montipora_capitata_HIv3___RNAseq.g23734.t3/Montipora_capitata_HIv3___RNAseq.g35804.t1/Montipora_capitata_HIv3___RNAseq.g5395.t1/Montipora_capitata_HIv3___RNAseq.g24942.t1/Montipora_capitata_HIv3___RNAseq.g35720.t1/Montipora_capitata_HIv3___RNAseq.g20807.t2/Montipora_capitata_HIv3___RNAseq.g12947.t1/Montipora_capitata_HIv3___RNAseq.g23366.t1,0.9905223846075847,dendritic tree,CC
GO:0042221,response to chemical,45/164,2379/8363,0.6426999525762993,0.9502471235298866,45,2379,Montipora_capitata_HIv3___TS.g33283.t2/Montipora_capitata_HIv3___RNAseq.g6978.t1/Montipora_capitata_HIv3___RNAseq.g15043.t1/Montipora_capitata_HIv3___RNAseq.g5395.t1/Montipora_capitata_HIv3___RNAseq.g11548.t1/Montipora_capitata_HIv3___RNAseq.g7741.t1/Montipora_capitata_HIv3___RNAseq.g2640.t1a/Montipora_capitata_HIv3___TS.g27540.t1/Montipora_capitata_HIv3___RNAseq.g24139.t1/Montipora_capitata_HIv3___RNAseq.g34092.t1/Montipora_capitata_HIv3___RNAseq.g44519.t1/Montipora_capitata_HIv3___RNAseq.g50691.t1/Montipora_capitata_HIv3___RNAseq.g44960.t2/Montipora_capitata_HIv3___TS.g32048.t1/Montipora_capitata_HIv3___RNAseq.21467_t/Montipora_capitata_HIv3___RNAseq.g36907.t1/Montipora_capitata_HIv3___RNAseq.g35008.t1/Montipora_capitata_HIv3___RNAseq.g46378.t1/Montipora_capitata_HIv3___RNAseq.g24942.t1/Montipora_capitata_HIv3___RNAseq.g44814.t1/Montipora_capitata_HIv3___RNAseq.g8971.t1/Montipora_capitata_HIv3___RNAseq.g14155.t1/Montipora_capitata_HIv3___TS.g4674.t2b/Montipora_capitata_HIv3___RNAseq.g24020.t1/Montipora_capitata_HIv3___RNAseq.g37645.t1/Montipora_capitata_HIv3___RNAseq.g42092.t1/Montipora_capitata_HIv3___RNAseq.g43161.t1a/Montipora_capitata_HIv3___RNAseq.g33449.t1/Montipora_capitata_HIv3___RNAseq.g1174.t1/Montipora_capitata_HIv3___TS.g33523.t1/Montipora_capitata_HIv3___RNAseq.g39974.t1/Montipora_capitata_HIv3___RNAseq.g47955.t1/Montipora_capitata_HIv3___RNAseq.g15188.t1/Montipora_capitata_HIv3___RNAseq.g33997.t1/Montipora_capitata_HIv3___RNAseq.g9561.t1/Montipora_capitata_HIv3___TS.g10359.t4b/Montipora_capitata_HIv3___RNAseq.g39706.t2/Montipora_capitata_HIv3___RNAseq.g44445.t1/Montipora_capitata_HIv3___RNAseq.g23366.t1/Montipora_capitata_HIv3___RNAseq.g18391.t1/Montipora_capitata_HIv3___RNAseq.g11658.t1/Montipora_capitata_HIv3___RNAseq.g14488.t1/Montipora_capitata_HIv3___TS.g47745.t1/Montipora_capitata_HIv3___RNAseq.g37450.t2/Montipora_capitata_HIv3___TS.g46192.t3,0.9918348861014759,response to chemical,BP
GO:0015075,monoatomic ion transmembrane transporter activity,8/164,442/8363,0.6435407525442874,0.9175307458763999,8,442,Montipora_capitata_HIv3___RNAseq.g24139.t1/Montipora_capitata_HIv3___RNAseq.g13129.t1/Montipora_capitata_HIv3___RNAseq.g36907.t1/Montipora_capitata_HIv3___RNAseq.g668.t1/Montipora_capitata_HIv3___RNAseq.g20250.t1/Montipora_capitata_HIv3___RNAseq.g14155.t1/Montipora_capitata_HIv3___TS.g4674.t2b/Montipora_capitata_HIv3___RNAseq.g23366.t1,0.9918348861014759,monoatomic ion transmembrane transporter activity,MF
GO:0050662,GO:0050662,3/164,168/8363,0.6446777499926887,0.9072937929753163,3,168,Montipora_capitata_HIv3___RNAseq.g33997.t1/Montipora_capitata_HIv3___RNAseq.g9087.t1/Montipora_capitata_HIv3___RNAseq.g37450.t2,0.9918348861014759,NA,NA
GO:0000151,ubiquitin ligase complex,4/164,224/8363,0.6449739145915079,0.906714179789464,4,224,Montipora_capitata_HIv3___RNAseq.g26580.t1/Montipora_capitata_HIv3___RNAseq.g30678.t1b/Montipora_capitata_HIv3___RNAseq.g23247.t1/Montipora_capitata_HIv3___RNAseq.g15188.t1,0.9918348861014759,ubiquitin ligase complex,CC
GO:0060205,cytoplasmic vesicle lumen,4/164,224/8363,0.6449739145915079,0.906714179789464,4,224,Montipora_capitata_HIv3___RNAseq.g44519.t1/Montipora_capitata_HIv3___RNAseq.g24942.t1/Montipora_capitata_HIv3___TS.g33523.t1/Montipora_capitata_HIv3___RNAseq.g14488.t1,0.9918348861014759,cytoplasmic vesicle lumen,CC
GO:0007369,gastrulation,4/164,225/8363,0.6484488443546441,0.9024986859008226,4,225,Montipora_capitata_HIv3___RNAseq.g36907.t1/Montipora_capitata_HIv3___RNAseq.g8971.t1/Montipora_capitata_HIv3___RNAseq.g28116.t1/Montipora_capitata_HIv3___TS.g46192.t3,0.9952498220414123,gastrulation,BP
GO:0055123,digestive system development,4/164,225/8363,0.6484488443546441,0.9024986859008226,4,225,Montipora_capitata_HIv3___RNAseq.g44814.t1/Montipora_capitata_HIv3___RNAseq.g8971.t1/Montipora_capitata_HIv3___RNAseq.g28116.t1/Montipora_capitata_HIv3___RNAseq.g14488.t1,0.9952498220414123,digestive system development,BP
GO:0070482,response to oxygen levels,5/164,281/8363,0.6504344063182597,0.902730498898279,5,281,Montipora_capitata_HIv3___RNAseq.g7741.t1/Montipora_capitata_HIv3___RNAseq.g44814.t1/Montipora_capitata_HIv3___TS.g4674.t2b/Montipora_capitata_HIv3___RNAseq.g39974.t1/Montipora_capitata_HIv3___RNAseq.g14488.t1,0.9973150137344179,response to oxygen levels,BP
GO:0003700,DNA-binding transcription factor activity,9/164,499/8363,0.6510512629041316,0.9135159432265104,9,499,Montipora_capitata_HIv3___TS.g10979.t1/Montipora_capitata_HIv3___RNAseq.g7741.t1/Montipora_capitata_HIv3___RNAseq.g45527.t1/Montipora_capitata_HIv3___RNAseq.g44814.t1/Montipora_capitata_HIv3___RNAseq.g36935.t1/Montipora_capitata_HIv3___RNAseq.g28405.t2/Montipora_capitata_HIv3___RNAseq.g40991.t1/Montipora_capitata_HIv3___RNAseq.g44445.t1/Montipora_capitata_HIv3___TS.g46192.t3,0.9973150137344179,DNA-binding transcription factor activity,MF
GO:0060548,GO:0060548,12/164,661/8363,0.6532842561739896,0.9184216241745322,12,661,Montipora_capitata_HIv3___RNAseq.g6978.t1/Montipora_capitata_HIv3___RNAseq.g7741.t1/Montipora_capitata_HIv3___RNAseq.g44519.t1/Montipora_capitata_HIv3___RNAseq.g44960.t2/Montipora_capitata_HIv3___RNAseq.21467_t/Montipora_capitata_HIv3___RNAseq.g36907.t1/Montipora_capitata_HIv3___RNAseq.g44814.t1/Montipora_capitata_HIv3___RNAseq.g8971.t1/Montipora_capitata_HIv3___RNAseq.g43161.t1a/Montipora_capitata_HIv3___RNAseq.g15188.t1/Montipora_capitata_HIv3___TS.g10359.t4b/Montipora_capitata_HIv3___RNAseq.g14488.t1,0.9993059372962507,NA,NA
GO:0070382,exocytic vesicle,3/164,171/8363,0.6565406120455433,0.8907610203343683,3,171,Montipora_capitata_HIv3___RNAseq.g5395.t1/Montipora_capitata_HIv3___RNAseq.g9026.t1/Montipora_capitata_HIv3___RNAseq.g23366.t1,0.9993059372962507,exocytic vesicle,CC
GO:0006364,rRNA processing,3/164,171/8363,0.6565406120455433,0.8907610203343683,3,171,Montipora_capitata_HIv3___RNAseq.g403.t1/Montipora_capitata_HIv3___RNAseq.g47379.t1/Montipora_capitata_HIv3___RNAseq.g18929.t1,0.9993059372962507,rRNA processing,BP
GO:0000166,nucleotide binding,10/164,556/8363,0.658238296336422,0.9101677008234532,10,556,Montipora_capitata_HIv3___RNAseq.g22865.t1/Montipora_capitata_HIv3___RNAseq.g13129.t1/Montipora_capitata_HIv3___RNAseq.g12736.t1/Montipora_capitata_HIv3___RNAseq.g24524.t1/Montipora_capitata_HIv3___RNAseq.g18698.t1/Montipora_capitata_HIv3___RNAseq.g43161.t1a/Montipora_capitata_HIv3___RNAseq.g33997.t1/Montipora_capitata_HIv3___RNAseq.g9087.t1/Montipora_capitata_HIv3___TS.g47745.t1/Montipora_capitata_HIv3___RNAseq.g37450.t2,0.9993059372962507,nucleotide binding,MF
GO:0045859,regulation of protein kinase activity,8/164,448/8363,0.6585760346251623,0.9043204810376365,8,448,Montipora_capitata_HIv3___TS.g33283.t2/Montipora_capitata_HIv3___RNAseq.g5395.t1/Montipora_capitata_HIv3___RNAseq.g44960.t2/Montipora_capitata_HIv3___RNAseq.21467_t/Montipora_capitata_HIv3___RNAseq.g35008.t1/Montipora_capitata_HIv3___RNAseq.g8971.t1/Montipora_capitata_HIv3___RNAseq.g14965.t1/Montipora_capitata_HIv3___RNAseq.g43161.t1a,0.9993059372962507,regulation of protein kinase activity,BP
GO:0031983,vesicle lumen,4/164,228/8363,0.658739647218166,0.8900779983761736,4,228,Montipora_capitata_HIv3___RNAseq.g44519.t1/Montipora_capitata_HIv3___RNAseq.g24942.t1/Montipora_capitata_HIv3___TS.g33523.t1/Montipora_capitata_HIv3___RNAseq.g14488.t1,0.9993059372962507,vesicle lumen,CC
GO:0051130,positive regulation of cellular component organization,16/164,877/8363,0.6591045143803216,0.9213675393986518,16,877,Montipora_capitata_HIv3___RNAseq.g6978.t1/Montipora_capitata_HIv3___RNAseq.g23734.t3/Montipora_capitata_HIv3___RNAseq.g35804.t1/Montipora_capitata_HIv3___RNAseq.g5395.t1/Montipora_capitata_HIv3___RNAseq.g24942.t1/Montipora_capitata_HIv3___RNAseq.g24095.t1/Montipora_capitata_HIv3___RNAseq.g44814.t1/Montipora_capitata_HIv3___RNAseq.g35720.t1/Montipora_capitata_HIv3___RNAseq.g8971.t1/Montipora_capitata_HIv3___RNAseq.g24020.t1/Montipora_capitata_HIv3___RNAseq.g23247.t1/Montipora_capitata_HIv3___RNAseq.g15029.t1b/Montipora_capitata_HIv3___TS.g10359.t4b/Montipora_capitata_HIv3___RNAseq.g39706.t2/Montipora_capitata_HIv3___TS.g47745.t1/Montipora_capitata_HIv3___TS.g20607.t1,0.9993059372962507,positive regulation of cellular component organization,BP
GO:0007165,signal transduction,35/164,1874/8363,0.659626852075822,0.9383496282071004,35,1874,Montipora_capitata_HIv3___TS.g33283.t2/Montipora_capitata_HIv3___RNAseq.g6978.t1/Montipora_capitata_HIv3___RNAseq.g5395.t1/Montipora_capitata_HIv3___RNAseq.g22865.t1/Montipora_capitata_HIv3___RNAseq.g11548.t1/Montipora_capitata_HIv3___RNAseq.g7741.t1/Montipora_capitata_HIv3___RNAseq.g2640.t1a/Montipora_capitata_HIv3___TS.g27540.t1/Montipora_capitata_HIv3___RNAseq.g34092.t1/Montipora_capitata_HIv3___RNAseq.g50691.t1/Montipora_capitata_HIv3___RNAseq.g11237.t1/Montipora_capitata_HIv3___RNAseq.g3374.t1/Montipora_capitata_HIv3___RNAseq.g44960.t2/Montipora_capitata_HIv3___RNAseq.21467_t/Montipora_capitata_HIv3___RNAseq.g13129.t1/Montipora_capitata_HIv3___RNAseq.g39648.t1/Montipora_capitata_HIv3___RNAseq.g45527.t1/Montipora_capitata_HIv3___RNAseq.g35008.t1/Montipora_capitata_HIv3___RNAseq.g46378.t1/Montipora_capitata_HIv3___RNAseq.g24942.t1/Montipora_capitata_HIv3___RNAseq.g24095.t1/Montipora_capitata_HIv3___RNAseq.g44814.t1/Montipora_capitata_HIv3___RNAseq.g18698.t1/Montipora_capitata_HIv3___RNAseq.g8971.t1/Montipora_capitata_HIv3___RNAseq.g32149.t1/Montipora_capitata_HIv3___RNAseq.g42092.t1/Montipora_capitata_HIv3___TS.g33523.t1/Montipora_capitata_HIv3___RNAseq.g15188.t1/Montipora_capitata_HIv3___RNAseq.g6934.t1/Montipora_capitata_HIv3___RNAseq.g28116.t1/Montipora_capitata_HIv3___TS.g10359.t4b/Montipora_capitata_HIv3___RNAseq.g39706.t2/Montipora_capitata_HIv3___RNAseq.g8867.t2/Montipora_capitata_HIv3___RNAseq.g44445.t1/Montipora_capitata_HIv3___RNAseq.g23366.t1,0.9993059372962507,signal transduction,BP
GO:0070011,GO:0070011,5/164,284/8363,0.6596857835566481,0.8926864669491772,5,284,Montipora_capitata_HIv3___RNAseq.g23762.t1/Montipora_capitata_HIv3___RNAseq.g20771.t1/Montipora_capitata_HIv3___RNAseq.g20807.t2/Montipora_capitata_HIv3___RNAseq.g14625.t1/Montipora_capitata_HIv3___RNAseq.g39706.t2,0.9993059372962507,NA,NA
GO:0006928,GO:0006928,20/164,1089/8363,0.6597319491337805,0.9263536780290184,20,1089,Montipora_capitata_HIv3___TS.g33283.t2/Montipora_capitata_HIv3___RNAseq.g36838.t1/Montipora_capitata_HIv3___RNAseq.g22865.t1/Montipora_capitata_HIv3___TS.g5595.t1/Montipora_capitata_HIv3___RNAseq.g44519.t1/Montipora_capitata_HIv3___RNAseq.g36907.t1/Montipora_capitata_HIv3___RNAseq.g35008.t1/Montipora_capitata_HIv3___RNAseq.g24942.t1/Montipora_capitata_HIv3___RNAseq.g44814.t1/Montipora_capitata_HIv3___RNAseq.g18698.t1/Montipora_capitata_HIv3___RNAseq.g8971.t1/Montipora_capitata_HIv3___TS.g5653.t1/Montipora_capitata_HIv3___RNAseq.g24020.t1/Montipora_capitata_HIv3___RNAseq.g42740.t1/Montipora_capitata_HIv3___RNAseq.g1174.t1/Montipora_capitata_HIv3___TS.g33523.t1/Montipora_capitata_HIv3___RNAseq.g28116.t1/Montipora_capitata_HIv3___RNAseq.g4457.t1/Montipora_capitata_HIv3___TS.g10359.t4b/Montipora_capitata_HIv3___TS.g46192.t3,0.9993059372962507,NA,NA
GO:0050954,sensory perception of mechanical stimulus,3/164,172/8363,0.6604317716227631,0.8853805145275747,3,172,Montipora_capitata_HIv3___RNAseq.g668.t1/Montipora_capitata_HIv3___RNAseq.g8971.t1/Montipora_capitata_HIv3___RNAseq.g12947.t1,0.9993059372962507,sensory perception of mechanical stimulus,BP
GO:1901265,nucleoside phosphate binding,10/164,557/8363,0.6604772486308466,0.9083851118049181,10,557,Montipora_capitata_HIv3___RNAseq.g22865.t1/Montipora_capitata_HIv3___RNAseq.g13129.t1/Montipora_capitata_HIv3___RNAseq.g12736.t1/Montipora_capitata_HIv3___RNAseq.g24524.t1/Montipora_capitata_HIv3___RNAseq.g18698.t1/Montipora_capitata_HIv3___RNAseq.g43161.t1a/Montipora_capitata_HIv3___RNAseq.g33997.t1/Montipora_capitata_HIv3___RNAseq.g9087.t1/Montipora_capitata_HIv3___TS.g47745.t1/Montipora_capitata_HIv3___RNAseq.g37450.t2,0.9993059372962507,nucleoside phosphate binding,MF
GO:0140110,transcription regulator activity,13/164,718/8363,0.6605368167761607,0.9151507635573879,13,718,Montipora_capitata_HIv3___RNAseq.g26525.t1/Montipora_capitata_HIv3___TS.g10979.t1/Montipora_capitata_HIv3___RNAseq.g7741.t1/Montipora_capitata_HIv3___RNAseq.g45527.t1/Montipora_capitata_HIv3___RNAseq.g44814.t1/Montipora_capitata_HIv3___RNAseq.g36935.t1/Montipora_capitata_HIv3___RNAseq.g28405.t2/Montipora_capitata_HIv3___RNAseq.g40991.t1/Montipora_capitata_HIv3___RNAseq.g41333.t1/Montipora_capitata_HIv3___RNAseq.g47955.t1/Montipora_capitata_HIv3___RNAseq.g44445.t1/Montipora_capitata_HIv3___TS.g47745.t1/Montipora_capitata_HIv3___TS.g46192.t3,0.9993059372962507,transcription regulator activity,MF
GO:1901654,response to ketone,3/164,173/8363,0.6642913261996467,0.8800633002813578,3,173,Montipora_capitata_HIv3___RNAseq.g46378.t1/Montipora_capitata_HIv3___RNAseq.g39974.t1/Montipora_capitata_HIv3___RNAseq.g14488.t1,0.999912854140822,response to ketone,BP
GO:0045165,cell fate commitment,7/164,396/8363,0.664963405360867,0.8951675131539498,7,396,Montipora_capitata_HIv3___RNAseq.g5395.t1/Montipora_capitata_HIv3___RNAseq.g26580.t1/Montipora_capitata_HIv3___RNAseq.g44814.t1/Montipora_capitata_HIv3___RNAseq.g8971.t1/Montipora_capitata_HIv3___RNAseq.g28116.t1/Montipora_capitata_HIv3___TS.g10359.t4b/Montipora_capitata_HIv3___TS.g46192.t3,0.999912854140822,cell fate commitment,BP
GO:0043434,response to peptide hormone,5/164,286/8363,0.6657664525981289,0.8861095692304163,5,286,Montipora_capitata_HIv3___TS.g33283.t2/Montipora_capitata_HIv3___RNAseq.g46378.t1/Montipora_capitata_HIv3___RNAseq.g24942.t1/Montipora_capitata_HIv3___RNAseq.g44814.t1/Montipora_capitata_HIv3___RNAseq.g14488.t1,0.999912854140822,response to peptide hormone,BP
GO:0140097,"catalytic activity, acting on DNA",3/164,174/8363,0.6681192627930669,0.8748082673748409,3,174,Montipora_capitata_HIv3___RNAseq.g43161.t1a/Montipora_capitata_HIv3___RNAseq.g47955.t1/Montipora_capitata_HIv3___TS.g47745.t1,0.999912854140822,"catalytic activity, acting on DNA",MF
GO:0072330,monocarboxylic acid biosynthetic process,3/164,175/8363,0.6719155759450857,0.8696143314020722,3,175,Montipora_capitata_HIv3___TS.g33283.t2/Montipora_capitata_HIv3___RNAseq.g46378.t1/Montipora_capitata_HIv3___RNAseq.g37645.t1,0.999912854140822,monocarboxylic acid biosynthetic process,BP
GO:0010948,negative regulation of cell cycle process,4/164,232/8363,0.6721457695896623,0.8740254514972249,4,232,Montipora_capitata_HIv3___RNAseq.g7741.t1/Montipora_capitata_HIv3___RNAseq.g8971.t1/Montipora_capitata_HIv3___RNAseq.g14965.t1/Montipora_capitata_HIv3___RNAseq.g43161.t1a,0.999912854140822,negative regulation of cell cycle process,BP
GO:0008406,gonad development,4/164,232/8363,0.6721457695896623,0.8740254514972249,4,232,Montipora_capitata_HIv3___RNAseq.g36907.t1/Montipora_capitata_HIv3___RNAseq.g35008.t1/Montipora_capitata_HIv3___RNAseq.g8971.t1/Montipora_capitata_HIv3___RNAseq.g42092.t1,0.999912854140822,gonad development,BP
GO:0000785,chromatin,6/164,344/8363,0.6730508538551531,0.8832028758500102,6,344,Montipora_capitata_HIv3___RNAseq.g26525.t1/Montipora_capitata_HIv3___RNAseq.g45527.t1/Montipora_capitata_HIv3___RNAseq.g18929.t1/Montipora_capitata_HIv3___RNAseq.g15140.t1/Montipora_capitata_HIv3___TS.g32614.t2/Montipora_capitata_HIv3___TS.g47745.t1,0.999912854140822,chromatin,CC
GO:0005764,lysosome,7/164,400/8363,0.6752631004690315,0.8856031963617718,7,400,Montipora_capitata_HIv3___TS.g1118.t1/Montipora_capitata_HIv3___RNAseq.g24139.t1/Montipora_capitata_HIv3___RNAseq.g44519.t1/Montipora_capitata_HIv3___RNAseq.g8971.t1/Montipora_capitata_HIv3___RNAseq.g1174.t1/Montipora_capitata_HIv3___RNAseq.g44719.t1/Montipora_capitata_HIv3___RNAseq.g14488.t1,0.999912854140822,lysosome,CC
GO:0001666,response to hypoxia,4/164,233/8363,0.6754407190789531,0.8700999242288078,4,233,Montipora_capitata_HIv3___RNAseq.g7741.t1/Montipora_capitata_HIv3___RNAseq.g44814.t1/Montipora_capitata_HIv3___TS.g4674.t2b/Montipora_capitata_HIv3___RNAseq.g14488.t1,0.999912854140822,response to hypoxia,BP
GO:0040007,growth,8/164,455/8363,0.6756483532099442,0.8893565660186603,8,455,Montipora_capitata_HIv3___RNAseq.g35008.t1/Montipora_capitata_HIv3___RNAseq.g668.t1/Montipora_capitata_HIv3___RNAseq.g24942.t1/Montipora_capitata_HIv3___RNAseq.g8971.t1/Montipora_capitata_HIv3___RNAseq.g33449.t1/Montipora_capitata_HIv3___RNAseq.g39974.t1/Montipora_capitata_HIv3___RNAseq.g15188.t1/Montipora_capitata_HIv3___TS.g47745.t1,0.999912854140822,growth,BP
GO:0016604,nuclear body,8/164,455/8363,0.6756483532099442,0.8893565660186603,8,455,Montipora_capitata_HIv3___RNAseq.g12736.t1/Montipora_capitata_HIv3___RNAseq.g44814.t1/Montipora_capitata_HIv3___RNAseq.g9027.t1/Montipora_capitata_HIv3___RNAseq.g30678.t1b/Montipora_capitata_HIv3___RNAseq.g15186.t1/Montipora_capitata_HIv3___RNAseq.g43161.t1a/Montipora_capitata_HIv3___RNAseq.g47955.t1/Montipora_capitata_HIv3___TS.g47745.t1,0.999912854140822,nuclear body,CC
GO:0005509,calcium ion binding,3/164,176/8363,0.6756802675369473,0.8644804330260633,3,176,Montipora_capitata_HIv3___TS.g33283.t2/Montipora_capitata_HIv3___RNAseq.g37645.t1/Montipora_capitata_HIv3___RNAseq.g44445.t1,0.999912854140822,calcium ion binding,MF
GO:0001505,regulation of neurotransmitter levels,5/164,290/8363,0.6777170939787115,0.8732326436218024,5,290,Montipora_capitata_HIv3___RNAseq.g24139.t1/Montipora_capitata_HIv3___RNAseq.g20771.t1/Montipora_capitata_HIv3___RNAseq.g23366.t1/Montipora_capitata_HIv3___RNAseq.g14488.t1/Montipora_capitata_HIv3___RNAseq.g37450.t2,0.999912854140822,regulation of neurotransmitter levels,BP
GO:0009790,embryo development,22/164,1206/8363,0.6781410846120639,0.9179187020459494,22,1206,Montipora_capitata_HIv3___RNAseq.g2559.t1a/Montipora_capitata_HIv3___RNAseq.g5395.t1/Montipora_capitata_HIv3___RNAseq.g7741.t1/Montipora_capitata_HIv3___RNAseq.g44960.t2/Montipora_capitata_HIv3___RNAseq.21467_t/Montipora_capitata_HIv3___RNAseq.g13857.t1/Montipora_capitata_HIv3___RNAseq.g36907.t1/Montipora_capitata_HIv3___RNAseq.g35008.t1/Montipora_capitata_HIv3___RNAseq.g24942.t1/Montipora_capitata_HIv3___RNAseq.g44814.t1/Montipora_capitata_HIv3___RNAseq.g18698.t1/Montipora_capitata_HIv3___RNAseq.g8971.t1/Montipora_capitata_HIv3___RNAseq.g42740.t1/Montipora_capitata_HIv3___RNAseq.g33449.t1/Montipora_capitata_HIv3___TS.g33523.t1/Montipora_capitata_HIv3___RNAseq.g47955.t1/Montipora_capitata_HIv3___RNAseq.g15188.t1/Montipora_capitata_HIv3___RNAseq.g28116.t1/Montipora_capitata_HIv3___TS.g10359.t4b/Montipora_capitata_HIv3___TS.g20607.t1/Montipora_capitata_HIv3___TS.g46192.t3/Montipora_capitata_HIv3___RNAseq.g50276.t1,0.999912854140822,embryo development,BP
GO:0045137,development of primary sexual characteristics,4/164,234/8363,0.678712955108211,0.866208526695471,4,234,Montipora_capitata_HIv3___RNAseq.g36907.t1/Montipora_capitata_HIv3___RNAseq.g35008.t1/Montipora_capitata_HIv3___RNAseq.g8971.t1/Montipora_capitata_HIv3___RNAseq.g42092.t1,0.999912854140822,development of primary sexual characteristics,BP
GO:0052548,regulation of endopeptidase activity,3/164,177/8363,0.6794133466054351,0.8594055372585516,3,177,Montipora_capitata_HIv3___TS.g32048.t1/Montipora_capitata_HIv3___RNAseq.g24942.t1/Montipora_capitata_HIv3___RNAseq.g39706.t2,0.999912854140822,regulation of endopeptidase activity,BP
GO:0033157,regulation of intracellular protein transport,3/164,177/8363,0.6794133466054351,0.8594055372585516,3,177,Montipora_capitata_HIv3___RNAseq.g6978.t1/Montipora_capitata_HIv3___RNAseq.g5395.t1/Montipora_capitata_HIv3___RNAseq.g37193.t1,0.999912854140822,regulation of intracellular protein transport,BP
GO:0048729,tissue morphogenesis,14/164,783/8363,0.682596574688259,0.9017783324247672,14,783,Montipora_capitata_HIv3___RNAseq.g2559.t1a/Montipora_capitata_HIv3___RNAseq.g22865.t1/Montipora_capitata_HIv3___RNAseq.g7741.t1/Montipora_capitata_HIv3___RNAseq.g44960.t2/Montipora_capitata_HIv3___RNAseq.21467_t/Montipora_capitata_HIv3___RNAseq.g36907.t1/Montipora_capitata_HIv3___RNAseq.g35008.t1/Montipora_capitata_HIv3___RNAseq.g668.t1/Montipora_capitata_HIv3___RNAseq.g44814.t1/Montipora_capitata_HIv3___RNAseq.g8971.t1/Montipora_capitata_HIv3___TS.g33523.t1/Montipora_capitata_HIv3___RNAseq.g28116.t1/Montipora_capitata_HIv3___TS.g10359.t4b/Montipora_capitata_HIv3___RNAseq.g18391.t1,0.999912854140822,tissue morphogenesis,BP
GO:0015631,tubulin binding,3/164,178/8363,0.6831148291616156,0.854388632764445,3,178,Montipora_capitata_HIv3___RNAseq.g22865.t1/Montipora_capitata_HIv3___RNAseq.g403.t1/Montipora_capitata_HIv3___RNAseq.g15029.t1b,0.999912854140822,tubulin binding,MF
GO:0030054,cell junction,6/164,348/8363,0.6839122614511574,0.872429626773628,6,348,Montipora_capitata_HIv3___RNAseq.g6978.t1/Montipora_capitata_HIv3___RNAseq.g5395.t1/Montipora_capitata_HIv3___RNAseq.g42608.t1/Montipora_capitata_HIv3___RNAseq.g35008.t1/Montipora_capitata_HIv3___RNAseq.g24942.t1/Montipora_capitata_HIv3___RNAseq.g18698.t1,0.999912854140822,cell junction,CC
GO:0044441,GO:0044441,6/164,348/8363,0.6839122614511574,0.872429626773628,6,348,Montipora_capitata_HIv3___RNAseq.g36838.t1/Montipora_capitata_HIv3___RNAseq.g2559.t1a/Montipora_capitata_HIv3___RNAseq.g22865.t1/Montipora_capitata_HIv3___TS.g5595.t1/Montipora_capitata_HIv3___RNAseq.g12807.t1/Montipora_capitata_HIv3___TS.g5653.t1,0.999912854140822,NA,NA
GO:0051260,protein homooligomerization,3/164,179/8363,0.6867847380119804,0.8494287311899771,3,179,Montipora_capitata_HIv3___RNAseq.g38848.t1/Montipora_capitata_HIv3___RNAseq.g43161.t1a/Montipora_capitata_HIv3___RNAseq.g14488.t1,0.999912854140822,protein homooligomerization,BP
GO:0035556,intracellular signal transduction,14/164,786/8363,0.6881585462196389,0.8979109028259313,14,786,Montipora_capitata_HIv3___TS.g33283.t2/Montipora_capitata_HIv3___RNAseq.g6978.t1/Montipora_capitata_HIv3___RNAseq.g5395.t1/Montipora_capitata_HIv3___RNAseq.g22865.t1/Montipora_capitata_HIv3___RNAseq.g7741.t1/Montipora_capitata_HIv3___RNAseq.g34092.t1/Montipora_capitata_HIv3___RNAseq.g11237.t1/Montipora_capitata_HIv3___RNAseq.g44960.t2/Montipora_capitata_HIv3___RNAseq.21467_t/Montipora_capitata_HIv3___RNAseq.g13129.t1/Montipora_capitata_HIv3___RNAseq.g39648.t1/Montipora_capitata_HIv3___RNAseq.g24942.t1/Montipora_capitata_HIv3___RNAseq.g8971.t1/Montipora_capitata_HIv3___RNAseq.g44445.t1,0.999912854140822,intracellular signal transduction,BP
GO:0009880,embryonic pattern specification,4/164,237/8363,0.6883930785471881,0.8547347187803844,4,237,Montipora_capitata_HIv3___RNAseq.g35008.t1/Montipora_capitata_HIv3___RNAseq.g8971.t1/Montipora_capitata_HIv3___RNAseq.g28116.t1/Montipora_capitata_HIv3___TS.g46192.t3,0.999912854140822,embryonic pattern specification,BP
GO:0034220,monoatomic ion transmembrane transport,9/164,516/8363,0.690141619832442,0.8809394042609152,9,516,Montipora_capitata_HIv3___RNAseq.g24139.t1/Montipora_capitata_HIv3___RNAseq.g13129.t1/Montipora_capitata_HIv3___RNAseq.g38848.t1/Montipora_capitata_HIv3___RNAseq.g36907.t1/Montipora_capitata_HIv3___RNAseq.g668.t1/Montipora_capitata_HIv3___RNAseq.g20250.t1/Montipora_capitata_HIv3___RNAseq.g14155.t1/Montipora_capitata_HIv3___TS.g4674.t2b/Montipora_capitata_HIv3___RNAseq.g23366.t1,0.999912854140822,monoatomic ion transmembrane transport,BP
GO:0045121,membrane raft,3/164,181/8363,0.6940299587420817,0.8396760944189462,3,181,Montipora_capitata_HIv3___TS.g21895.t1/Montipora_capitata_HIv3___RNAseq.g39706.t2/Montipora_capitata_HIv3___RNAseq.g44445.t1,0.999912854140822,membrane raft,CC
GO:0098857,membrane microdomain,3/164,181/8363,0.6940299587420817,0.8396760944189462,3,181,Montipora_capitata_HIv3___TS.g21895.t1/Montipora_capitata_HIv3___RNAseq.g39706.t2/Montipora_capitata_HIv3___RNAseq.g44445.t1,0.999912854140822,membrane microdomain,CC
GO:0002443,leukocyte mediated immunity,6/164,353/8363,0.697160134777687,0.8593122615702113,6,353,Montipora_capitata_HIv3___TS.g33283.t2/Montipora_capitata_HIv3___RNAseq.g44519.t1/Montipora_capitata_HIv3___RNAseq.g24942.t1/Montipora_capitata_HIv3___RNAseq.g18698.t1/Montipora_capitata_HIv3___TS.g33523.t1/Montipora_capitata_HIv3___RNAseq.g14488.t1,0.999912854140822,leukocyte mediated immunity,BP
GO:0045935,positive regulation of nucleobase-containing compound metabolic process,19/164,1059/8363,0.6974021643120891,0.9019853677068248,19,1059,Montipora_capitata_HIv3___TS.g33283.t2/Montipora_capitata_HIv3___RNAseq.g6978.t1/Montipora_capitata_HIv3___TS.g1118.t1/Montipora_capitata_HIv3___RNAseq.g26525.t1/Montipora_capitata_HIv3___RNAseq.g7741.t1/Montipora_capitata_HIv3___RNAseq.g44960.t2/Montipora_capitata_HIv3___RNAseq.21467_t/Montipora_capitata_HIv3___RNAseq.g403.t1/Montipora_capitata_HIv3___RNAseq.g45527.t1/Montipora_capitata_HIv3___RNAseq.g35008.t1/Montipora_capitata_HIv3___RNAseq.g44814.t1/Montipora_capitata_HIv3___RNAseq.g8971.t1/Montipora_capitata_HIv3___RNAseq.g36935.t1/Montipora_capitata_HIv3___RNAseq.g43161.t1a/Montipora_capitata_HIv3___RNAseq.g41333.t1/Montipora_capitata_HIv3___RNAseq.g18929.t1/Montipora_capitata_HIv3___RNAseq.g44445.t1/Montipora_capitata_HIv3___TS.g47745.t1/Montipora_capitata_HIv3___TS.g46192.t3,0.999912854140822,positive regulation of nucleobase-containing compound metabolic process,BP
GO:1905114,GO:1905114,3/164,182/8363,0.6976053486360092,0.8348814916883198,3,182,Montipora_capitata_HIv3___RNAseq.g7741.t1/Montipora_capitata_HIv3___RNAseq.g35008.t1/Montipora_capitata_HIv3___TS.g10359.t4b,0.999912854140822,NA,NA
GO:0034470,ncRNA processing,5/164,297/8363,0.6979470998775656,0.8515467738814047,5,297,Montipora_capitata_HIv3___RNAseq.g403.t1/Montipora_capitata_HIv3___RNAseq.g47379.t1/Montipora_capitata_HIv3___RNAseq.g47955.t1/Montipora_capitata_HIv3___RNAseq.g18929.t1/Montipora_capitata_HIv3___TS.g28908.t1,0.999912854140822,ncRNA processing,BP
GO:0044456,GO:0044456,8/164,465/8363,0.6991321330489906,0.8687744638384731,8,465,Montipora_capitata_HIv3___RNAseq.g23734.t3/Montipora_capitata_HIv3___RNAseq.g35804.t1/Montipora_capitata_HIv3___RNAseq.g5395.t1/Montipora_capitata_HIv3___RNAseq.g9026.t1/Montipora_capitata_HIv3___RNAseq.g24942.t1/Montipora_capitata_HIv3___RNAseq.g35720.t1/Montipora_capitata_HIv3___RNAseq.g20807.t2/Montipora_capitata_HIv3___RNAseq.g23366.t1,0.999912854140822,NA,NA
GO:0044433,GO:0044433,14/164,793/8363,0.7009211905398275,0.8890025967674843,14,793,Montipora_capitata_HIv3___RNAseq.g2640.t1a/Montipora_capitata_HIv3___RNAseq.g44519.t1/Montipora_capitata_HIv3___RNAseq.g44960.t2/Montipora_capitata_HIv3___RNAseq.21467_t/Montipora_capitata_HIv3___RNAseq.g38848.t1/Montipora_capitata_HIv3___RNAseq.g35008.t1/Montipora_capitata_HIv3___RNAseq.g24942.t1/Montipora_capitata_HIv3___TS.g4674.t2b/Montipora_capitata_HIv3___TS.g33523.t1/Montipora_capitata_HIv3___RNAseq.g33997.t1/Montipora_capitata_HIv3___RNAseq.g39706.t2/Montipora_capitata_HIv3___RNAseq.g23366.t1/Montipora_capitata_HIv3___RNAseq.g14488.t1/Montipora_capitata_HIv3___TS.g20607.t1,0.999912854140822,NA,NA
GO:0022804,active transmembrane transporter activity,3/164,183/8363,0.7011493205117456,0.8301401556170438,3,183,Montipora_capitata_HIv3___RNAseq.g24139.t1/Montipora_capitata_HIv3___RNAseq.g668.t1/Montipora_capitata_HIv3___TS.g4674.t2b,0.999912854140822,active transmembrane transporter activity,MF
GO:0031328,positive regulation of cellular biosynthetic process,20/164,1116/8363,0.7032290629636471,0.9001019548265706,20,1116,Montipora_capitata_HIv3___TS.g33283.t2/Montipora_capitata_HIv3___RNAseq.g6978.t1/Montipora_capitata_HIv3___TS.g1118.t1/Montipora_capitata_HIv3___RNAseq.g26525.t1/Montipora_capitata_HIv3___RNAseq.g7741.t1/Montipora_capitata_HIv3___RNAseq.g46819.t1/Montipora_capitata_HIv3___RNAseq.g44960.t2/Montipora_capitata_HIv3___RNAseq.21467_t/Montipora_capitata_HIv3___RNAseq.g403.t1/Montipora_capitata_HIv3___RNAseq.g45527.t1/Montipora_capitata_HIv3___RNAseq.g35008.t1/Montipora_capitata_HIv3___RNAseq.g24095.t1/Montipora_capitata_HIv3___RNAseq.g44814.t1/Montipora_capitata_HIv3___RNAseq.g8971.t1/Montipora_capitata_HIv3___RNAseq.g36935.t1/Montipora_capitata_HIv3___RNAseq.g43161.t1a/Montipora_capitata_HIv3___RNAseq.g41333.t1/Montipora_capitata_HIv3___RNAseq.g44445.t1/Montipora_capitata_HIv3___TS.g47745.t1/Montipora_capitata_HIv3___TS.g46192.t3,0.999912854140822,positive regulation of cellular biosynthetic process,BP
GO:0022411,cellular component disassembly,5/164,299/8363,0.7035659494654369,0.8455404484487969,5,299,Montipora_capitata_HIv3___TS.g28995.t1/Montipora_capitata_HIv3___RNAseq.g35008.t1/Montipora_capitata_HIv3___RNAseq.g18929.t1/Montipora_capitata_HIv3___RNAseq.g15029.t1b/Montipora_capitata_HIv3___RNAseq.g39706.t2,0.999912854140822,cellular component disassembly,BP
GO:0016477,cell migration,11/164,632/8363,0.7041827537532113,0.8773373677785501,11,632,Montipora_capitata_HIv3___TS.g33283.t2/Montipora_capitata_HIv3___RNAseq.g44519.t1/Montipora_capitata_HIv3___RNAseq.g36907.t1/Montipora_capitata_HIv3___RNAseq.g35008.t1/Montipora_capitata_HIv3___RNAseq.g24942.t1/Montipora_capitata_HIv3___RNAseq.g44814.t1/Montipora_capitata_HIv3___RNAseq.g8971.t1/Montipora_capitata_HIv3___TS.g33523.t1/Montipora_capitata_HIv3___RNAseq.g28116.t1/Montipora_capitata_HIv3___RNAseq.g4457.t1/Montipora_capitata_HIv3___TS.g10359.t4b,0.999912854140822,cell migration,BP
GO:0032956,regulation of actin cytoskeleton organization,3/164,184/8363,0.7046619285547358,0.8254512034467385,3,184,Montipora_capitata_HIv3___RNAseq.g24942.t1/Montipora_capitata_HIv3___RNAseq.g18698.t1/Montipora_capitata_HIv3___RNAseq.g15029.t1b,0.999912854140822,regulation of actin cytoskeleton organization,BP
GO:0051656,establishment of organelle localization,7/164,412/8363,0.7049770239896798,0.8580434692485265,7,412,Montipora_capitata_HIv3___RNAseq.g44814.t1/Montipora_capitata_HIv3___RNAseq.g8971.t1/Montipora_capitata_HIv3___RNAseq.g42740.t1/Montipora_capitata_HIv3___RNAseq.g1174.t1/Montipora_capitata_HIv3___RNAseq.g23247.t1/Montipora_capitata_HIv3___TS.g33523.t1/Montipora_capitata_HIv3___TS.g10359.t4b,0.999912854140822,establishment of organelle localization,BP
GO:0010557,positive regulation of macromolecule biosynthetic process,19/164,1064/8363,0.7053499432735713,0.8970408145843538,19,1064,Montipora_capitata_HIv3___TS.g33283.t2/Montipora_capitata_HIv3___RNAseq.g6978.t1/Montipora_capitata_HIv3___TS.g1118.t1/Montipora_capitata_HIv3___RNAseq.g26525.t1/Montipora_capitata_HIv3___RNAseq.g7741.t1/Montipora_capitata_HIv3___RNAseq.g46819.t1/Montipora_capitata_HIv3___RNAseq.g44960.t2/Montipora_capitata_HIv3___RNAseq.21467_t/Montipora_capitata_HIv3___RNAseq.g403.t1/Montipora_capitata_HIv3___RNAseq.g45527.t1/Montipora_capitata_HIv3___RNAseq.g35008.t1/Montipora_capitata_HIv3___RNAseq.g44814.t1/Montipora_capitata_HIv3___RNAseq.g8971.t1/Montipora_capitata_HIv3___RNAseq.g36935.t1/Montipora_capitata_HIv3___RNAseq.g43161.t1a/Montipora_capitata_HIv3___RNAseq.g41333.t1/Montipora_capitata_HIv3___RNAseq.g44445.t1/Montipora_capitata_HIv3___TS.g47745.t1/Montipora_capitata_HIv3___TS.g46192.t3,0.999912854140822,positive regulation of macromolecule biosynthetic process,BP
GO:0000377,"RNA splicing, via transesterification reactions with bulged adenosine as nucleophile",5/164,300/8363,0.7063483932715711,0.8425678207332593,5,300,Montipora_capitata_HIv3___RNAseq.g26525.t1/Montipora_capitata_HIv3___RNAseq.g12736.t1/Montipora_capitata_HIv3___RNAseq.g18395.t1/Montipora_capitata_HIv3___RNAseq.g47955.t1/Montipora_capitata_HIv3___TS.g47745.t1,0.999912854140822,"RNA splicing, via transesterification reactions with bulged adenosine as nucleophile",BP
GO:0000398,"mRNA splicing, via spliceosome",5/164,300/8363,0.7063483932715711,0.8425678207332593,5,300,Montipora_capitata_HIv3___RNAseq.g26525.t1/Montipora_capitata_HIv3___RNAseq.g12736.t1/Montipora_capitata_HIv3___RNAseq.g18395.t1/Montipora_capitata_HIv3___RNAseq.g47955.t1/Montipora_capitata_HIv3___TS.g47745.t1,0.999912854140822,"mRNA splicing, via spliceosome",BP
GO:0044463,GO:0044463,17/164,958/8363,0.707076920800692,0.8919800759515627,17,958,Montipora_capitata_HIv3___RNAseq.g36838.t1/Montipora_capitata_HIv3___RNAseq.g2559.t1a/Montipora_capitata_HIv3___RNAseq.g23734.t3/Montipora_capitata_HIv3___RNAseq.g35804.t1/Montipora_capitata_HIv3___RNAseq.g5395.t1/Montipora_capitata_HIv3___RNAseq.g22865.t1/Montipora_capitata_HIv3___TS.g5595.t1/Montipora_capitata_HIv3___RNAseq.g12807.t1/Montipora_capitata_HIv3___RNAseq.g36907.t1/Montipora_capitata_HIv3___RNAseq.g24942.t1/Montipora_capitata_HIv3___RNAseq.g35720.t1/Montipora_capitata_HIv3___RNAseq.g20807.t2/Montipora_capitata_HIv3___TS.g5653.t1/Montipora_capitata_HIv3___TS.g33523.t1/Montipora_capitata_HIv3___RNAseq.g12947.t1/Montipora_capitata_HIv3___RNAseq.g23366.t1/Montipora_capitata_HIv3___TS.g46192.t3,0.999912854140822,NA,NA
GO:0120038,GO:0120038,17/164,958/8363,0.707076920800692,0.8919800759515627,17,958,Montipora_capitata_HIv3___RNAseq.g36838.t1/Montipora_capitata_HIv3___RNAseq.g2559.t1a/Montipora_capitata_HIv3___RNAseq.g23734.t3/Montipora_capitata_HIv3___RNAseq.g35804.t1/Montipora_capitata_HIv3___RNAseq.g5395.t1/Montipora_capitata_HIv3___RNAseq.g22865.t1/Montipora_capitata_HIv3___TS.g5595.t1/Montipora_capitata_HIv3___RNAseq.g12807.t1/Montipora_capitata_HIv3___RNAseq.g36907.t1/Montipora_capitata_HIv3___RNAseq.g24942.t1/Montipora_capitata_HIv3___RNAseq.g35720.t1/Montipora_capitata_HIv3___RNAseq.g20807.t2/Montipora_capitata_HIv3___TS.g5653.t1/Montipora_capitata_HIv3___TS.g33523.t1/Montipora_capitata_HIv3___RNAseq.g12947.t1/Montipora_capitata_HIv3___RNAseq.g23366.t1/Montipora_capitata_HIv3___TS.g46192.t3,0.999912854140822,NA,NA
GO:0048469,cell maturation,4/164,243/8363,0.7071370149475722,0.8326511101916789,4,243,Montipora_capitata_HIv3___RNAseq.g35008.t1/Montipora_capitata_HIv3___RNAseq.g44814.t1/Montipora_capitata_HIv3___RNAseq.g8971.t1/Montipora_capitata_HIv3___RNAseq.g15029.t1b,0.999912854140822,cell maturation,BP
GO:0032268,GO:0032268,27/164,1490/8363,0.7072853856509201,0.9074260659496888,27,1490,Montipora_capitata_HIv3___TS.g33283.t2/Montipora_capitata_HIv3___RNAseq.g6978.t1/Montipora_capitata_HIv3___TS.g1118.t1/Montipora_capitata_HIv3___RNAseq.g15043.t1/Montipora_capitata_HIv3___RNAseq.g5395.t1/Montipora_capitata_HIv3___RNAseq.g7741.t1/Montipora_capitata_HIv3___TS.g27540.t1/Montipora_capitata_HIv3___RNAseq.g44960.t2/Montipora_capitata_HIv3___TS.g32048.t1/Montipora_capitata_HIv3___RNAseq.21467_t/Montipora_capitata_HIv3___RNAseq.g37193.t1/Montipora_capitata_HIv3___RNAseq.g36907.t1/Montipora_capitata_HIv3___RNAseq.g35008.t1/Montipora_capitata_HIv3___RNAseq.g24942.t1/Montipora_capitata_HIv3___RNAseq.g24095.t1/Montipora_capitata_HIv3___RNAseq.g8971.t1/Montipora_capitata_HIv3___RNAseq.g30678.t1b/Montipora_capitata_HIv3___RNAseq.g14965.t1/Montipora_capitata_HIv3___RNAseq.g42740.t1/Montipora_capitata_HIv3___RNAseq.g43161.t1a/Montipora_capitata_HIv3___RNAseq.g47955.t1/Montipora_capitata_HIv3___RNAseq.g15188.t1/Montipora_capitata_HIv3___RNAseq.g15029.t1b/Montipora_capitata_HIv3___TS.g10359.t4b/Montipora_capitata_HIv3___RNAseq.g41226.t1/Montipora_capitata_HIv3___RNAseq.g39706.t2/Montipora_capitata_HIv3___TS.g47745.t1,0.999912854140822,NA,NA
GO:0008283,cell population proliferation,10/164,579/8363,0.7076126337898068,0.8707524933303692,10,579,Montipora_capitata_HIv3___RNAseq.g6978.t1/Montipora_capitata_HIv3___RNAseq.g40427.t1a/Montipora_capitata_HIv3___RNAseq.g7741.t1/Montipora_capitata_HIv3___RNAseq.g26580.t1/Montipora_capitata_HIv3___RNAseq.g8971.t1/Montipora_capitata_HIv3___RNAseq.g32149.t1/Montipora_capitata_HIv3___RNAseq.g15029.t1b/Montipora_capitata_HIv3___TS.g10359.t4b/Montipora_capitata_HIv3___RNAseq.g39706.t2/Montipora_capitata_HIv3___RNAseq.g20763.t1,0.999912854140822,cell population proliferation,BP
GO:0010468,regulation of gene expression,40/164,2172/8363,0.7076482896943909,0.917972731026078,40,2172,Montipora_capitata_HIv3___TS.g33283.t2/Montipora_capitata_HIv3___RNAseq.g6978.t1/Montipora_capitata_HIv3___TS.g1118.t1/Montipora_capitata_HIv3___RNAseq.g26525.t1/Montipora_capitata_HIv3___TS.g10979.t1/Montipora_capitata_HIv3___RNAseq.g11548.t1/Montipora_capitata_HIv3___RNAseq.g7741.t1/Montipora_capitata_HIv3___RNAseq.g44960.t2/Montipora_capitata_HIv3___RNAseq.21467_t/Montipora_capitata_HIv3___RNAseq.g42608.t1/Montipora_capitata_HIv3___RNAseq.g12736.t1/Montipora_capitata_HIv3___RNAseq.g403.t1/Montipora_capitata_HIv3___RNAseq.g13857.t1/Montipora_capitata_HIv3___RNAseq.g45527.t1/Montipora_capitata_HIv3___RNAseq.g35008.t1/Montipora_capitata_HIv3___RNAseq.g24942.t1/Montipora_capitata_HIv3___RNAseq.g44814.t1/Montipora_capitata_HIv3___RNAseq.g8971.t1/Montipora_capitata_HIv3___RNAseq.g36935.t1/Montipora_capitata_HIv3___RNAseq.g28405.t2/Montipora_capitata_HIv3___RNAseq.g40991.t1/Montipora_capitata_HIv3___RNAseq.g32149.t1/Montipora_capitata_HIv3___RNAseq.g42092.t1/Montipora_capitata_HIv3___RNAseq.g42740.t1/Montipora_capitata_HIv3___RNAseq.g43161.t1a/Montipora_capitata_HIv3___RNAseq.g41333.t1/Montipora_capitata_HIv3___RNAseq.g4241.t1/Montipora_capitata_HIv3___RNAseq.g47955.t1/Montipora_capitata_HIv3___RNAseq.g15188.t1/Montipora_capitata_HIv3___RNAseq.g18929.t1/Montipora_capitata_HIv3___RNAseq.g8270.t1/Montipora_capitata_HIv3___RNAseq.g28116.t1/Montipora_capitata_HIv3___TS.g10359.t4b/Montipora_capitata_HIv3___RNAseq.g41226.t1/Montipora_capitata_HIv3___RNAseq.g39706.t2/Montipora_capitata_HIv3___RNAseq.g44445.t1/Montipora_capitata_HIv3___RNAseq.g11658.t1/Montipora_capitata_HIv3___TS.g47745.t1/Montipora_capitata_HIv3___RNAseq.g20763.t1/Montipora_capitata_HIv3___TS.g46192.t3,0.999912854140822,regulation of gene expression,BP
GO:0021537,telencephalon development,3/164,185/8363,0.7081432327236272,0.8208137718174697,3,185,Montipora_capitata_HIv3___RNAseq.g44814.t1/Montipora_capitata_HIv3___RNAseq.g8971.t1/Montipora_capitata_HIv3___TS.g46192.t3,0.999912854140822,telencephalon development,BP
GO:0000323,lytic vacuole,7/164,415/8363,0.7121226949106935,0.8514067705466811,7,415,Montipora_capitata_HIv3___TS.g1118.t1/Montipora_capitata_HIv3___RNAseq.g24139.t1/Montipora_capitata_HIv3___RNAseq.g44519.t1/Montipora_capitata_HIv3___RNAseq.g8971.t1/Montipora_capitata_HIv3___RNAseq.g1174.t1/Montipora_capitata_HIv3___RNAseq.g44719.t1/Montipora_capitata_HIv3___RNAseq.g14488.t1,0.999912854140822,lytic vacuole,CC
GO:0007507,heart development,7/164,415/8363,0.7121226949106935,0.8514067705466811,7,415,Montipora_capitata_HIv3___RNAseq.g2559.t1a/Montipora_capitata_HIv3___RNAseq.g7741.t1/Montipora_capitata_HIv3___RNAseq.g3374.t1/Montipora_capitata_HIv3___RNAseq.g44814.t1/Montipora_capitata_HIv3___RNAseq.g8971.t1/Montipora_capitata_HIv3___TS.g33523.t1/Montipora_capitata_HIv3___TS.g10359.t4b,0.999912854140822,heart development,BP
GO:1903827,GO:1903827,6/164,359/8363,0.7125696868112488,0.8440618186388918,6,359,Montipora_capitata_HIv3___RNAseq.g6978.t1/Montipora_capitata_HIv3___TS.g1118.t1/Montipora_capitata_HIv3___RNAseq.g5395.t1/Montipora_capitata_HIv3___RNAseq.g37193.t1/Montipora_capitata_HIv3___RNAseq.g15029.t1b/Montipora_capitata_HIv3___RNAseq.g39706.t2,0.999912854140822,NA,NA
GO:0044248,cellular catabolic process,22/164,1229/8363,0.712997650723707,0.8975249195783358,22,1229,Montipora_capitata_HIv3___TS.g33283.t2/Montipora_capitata_HIv3___TS.g1118.t1/Montipora_capitata_HIv3___RNAseq.g34092.t1/Montipora_capitata_HIv3___RNAseq.g44519.t1/Montipora_capitata_HIv3___TS.g28995.t1/Montipora_capitata_HIv3___RNAseq.g42608.t1/Montipora_capitata_HIv3___RNAseq.g46378.t1/Montipora_capitata_HIv3___RNAseq.g20771.t1/Montipora_capitata_HIv3___RNAseq.g30678.t1b/Montipora_capitata_HIv3___RNAseq.g22553.t1c/Montipora_capitata_HIv3___RNAseq.g9918.t1/Montipora_capitata_HIv3___RNAseq.g23247.t1/Montipora_capitata_HIv3___RNAseq.g4241.t1/Montipora_capitata_HIv3___RNAseq.g15188.t1/Montipora_capitata_HIv3___RNAseq.g18929.t1/Montipora_capitata_HIv3___RNAseq.g6934.t1/Montipora_capitata_HIv3___RNAseq.g44719.t1/Montipora_capitata_HIv3___RNAseq.g9087.t1/Montipora_capitata_HIv3___RNAseq.g14956.t1/Montipora_capitata_HIv3___RNAseq.g14960.t1/Montipora_capitata_HIv3___RNAseq.g11658.t1/Montipora_capitata_HIv3___RNAseq.g14488.t1,0.999912854140822,cellular catabolic process,BP
GO:0036293,response to decreased oxygen levels,4/164,245/8363,0.7132021935283457,0.8255342264035476,4,245,Montipora_capitata_HIv3___RNAseq.g7741.t1/Montipora_capitata_HIv3___RNAseq.g44814.t1/Montipora_capitata_HIv3___TS.g4674.t2b/Montipora_capitata_HIv3___RNAseq.g14488.t1,0.999912854140822,response to decreased oxygen levels,BP
GO:0010256,endomembrane system organization,6/164,360/8363,0.7150858447182002,0.8415703269814225,6,360,Montipora_capitata_HIv3___RNAseq.g6978.t1/Montipora_capitata_HIv3___RNAseq.g20250.t1/Montipora_capitata_HIv3___RNAseq.g1174.t1/Montipora_capitata_HIv3___RNAseq.g49962.t1/Montipora_capitata_HIv3___RNAseq.g15029.t1b/Montipora_capitata_HIv3___RNAseq.g44445.t1,0.999912854140822,endomembrane system organization,BP
GO:0031410,cytoplasmic vesicle,23/164,1284/8363,0.7156021687442575,0.8975192495265947,23,1284,Montipora_capitata_HIv3___TS.g33283.t2/Montipora_capitata_HIv3___RNAseq.g5395.t1/Montipora_capitata_HIv3___RNAseq.g2640.t1a/Montipora_capitata_HIv3___RNAseq.g44519.t1/Montipora_capitata_HIv3___RNAseq.g44960.t2/Montipora_capitata_HIv3___RNAseq.21467_t/Montipora_capitata_HIv3___RNAseq.g9026.t1/Montipora_capitata_HIv3___RNAseq.g38848.t1/Montipora_capitata_HIv3___RNAseq.g35008.t1/Montipora_capitata_HIv3___RNAseq.g24942.t1/Montipora_capitata_HIv3___RNAseq.g8971.t1/Montipora_capitata_HIv3___RNAseq.g20807.t2/Montipora_capitata_HIv3___TS.g4674.t2b/Montipora_capitata_HIv3___RNAseq.g42740.t1/Montipora_capitata_HIv3___RNAseq.g1174.t1/Montipora_capitata_HIv3___TS.g33523.t1/Montipora_capitata_HIv3___RNAseq.g33997.t1/Montipora_capitata_HIv3___RNAseq.g15029.t1b/Montipora_capitata_HIv3___RNAseq.g14625.t1/Montipora_capitata_HIv3___RNAseq.g39706.t2/Montipora_capitata_HIv3___RNAseq.g23366.t1/Montipora_capitata_HIv3___RNAseq.g14488.t1/Montipora_capitata_HIv3___TS.g20607.t1,0.999912854140822,cytoplasmic vesicle,CC
GO:0000375,"RNA splicing, via transesterification reactions",5/164,304/8363,0.7172979470815659,0.8308761115221969,5,304,Montipora_capitata_HIv3___RNAseq.g26525.t1/Montipora_capitata_HIv3___RNAseq.g12736.t1/Montipora_capitata_HIv3___RNAseq.g18395.t1/Montipora_capitata_HIv3___RNAseq.g47955.t1/Montipora_capitata_HIv3___TS.g47745.t1,0.999912854140822,"RNA splicing, via transesterification reactions",BP
GO:0140098,"catalytic activity, acting on RNA",5/164,304/8363,0.7172979470815659,0.8308761115221969,5,304,Montipora_capitata_HIv3___RNAseq.g42608.t1/Montipora_capitata_HIv3___RNAseq.g4241.t1/Montipora_capitata_HIv3___RNAseq.g47955.t1/Montipora_capitata_HIv3___RNAseq.g18929.t1/Montipora_capitata_HIv3___TS.g47745.t1,0.999912854140822,"catalytic activity, acting on RNA",MF
GO:0019637,organophosphate metabolic process,13/164,748/8363,0.7174405821425778,0.8742804050494725,13,748,Montipora_capitata_HIv3___TS.g33283.t2/Montipora_capitata_HIv3___RNAseq.g24095.t1/Montipora_capitata_HIv3___RNAseq.g8971.t1/Montipora_capitata_HIv3___RNAseq.g33449.t1/Montipora_capitata_HIv3___TS.g50674.t1/Montipora_capitata_HIv3___RNAseq.g6934.t1/Montipora_capitata_HIv3___RNAseq.g9561.t1/Montipora_capitata_HIv3___RNAseq.g44719.t1/Montipora_capitata_HIv3___RNAseq.g14956.t1/Montipora_capitata_HIv3___RNAseq.g8867.t2/Montipora_capitata_HIv3___RNAseq.g44445.t1/Montipora_capitata_HIv3___RNAseq.g14960.t1/Montipora_capitata_HIv3___RNAseq.g20763.t1,0.999912854140822,organophosphate metabolic process,BP
GO:0006281,DNA repair,6/164,361/8363,0.7175870663237642,0.8390928686560123,6,361,Montipora_capitata_HIv3___TS.g1118.t1/Montipora_capitata_HIv3___RNAseq.g30678.t1b/Montipora_capitata_HIv3___TS.g40519.t3/Montipora_capitata_HIv3___RNAseq.g15186.t1/Montipora_capitata_HIv3___RNAseq.g43161.t1a/Montipora_capitata_HIv3___RNAseq.g47955.t1,0.999912854140822,DNA repair,BP
GO:0052547,regulation of peptidase activity,3/164,188/8363,0.7184000047889627,0.807202246545097,3,188,Montipora_capitata_HIv3___TS.g32048.t1/Montipora_capitata_HIv3___RNAseq.g24942.t1/Montipora_capitata_HIv3___RNAseq.g39706.t2,0.999912854140822,regulation of peptidase activity,BP
GO:0097708,intracellular vesicle,23/164,1287/8363,0.7198925242295667,0.8950001740996791,23,1287,Montipora_capitata_HIv3___TS.g33283.t2/Montipora_capitata_HIv3___RNAseq.g5395.t1/Montipora_capitata_HIv3___RNAseq.g2640.t1a/Montipora_capitata_HIv3___RNAseq.g44519.t1/Montipora_capitata_HIv3___RNAseq.g44960.t2/Montipora_capitata_HIv3___RNAseq.21467_t/Montipora_capitata_HIv3___RNAseq.g9026.t1/Montipora_capitata_HIv3___RNAseq.g38848.t1/Montipora_capitata_HIv3___RNAseq.g35008.t1/Montipora_capitata_HIv3___RNAseq.g24942.t1/Montipora_capitata_HIv3___RNAseq.g8971.t1/Montipora_capitata_HIv3___RNAseq.g20807.t2/Montipora_capitata_HIv3___TS.g4674.t2b/Montipora_capitata_HIv3___RNAseq.g42740.t1/Montipora_capitata_HIv3___RNAseq.g1174.t1/Montipora_capitata_HIv3___TS.g33523.t1/Montipora_capitata_HIv3___RNAseq.g33997.t1/Montipora_capitata_HIv3___RNAseq.g15029.t1b/Montipora_capitata_HIv3___RNAseq.g14625.t1/Montipora_capitata_HIv3___RNAseq.g39706.t2/Montipora_capitata_HIv3___RNAseq.g23366.t1/Montipora_capitata_HIv3___RNAseq.g14488.t1/Montipora_capitata_HIv3___TS.g20607.t1,0.999912854140822,intracellular vesicle,CC
GO:0031253,cell projection membrane,3/164,189/8363,0.7217568028993625,0.8027626332604562,3,189,Montipora_capitata_HIv3___RNAseq.g36907.t1/Montipora_capitata_HIv3___TS.g33523.t1/Montipora_capitata_HIv3___RNAseq.g23366.t1,0.999912854140822,cell projection membrane,CC
GO:0022857,transmembrane transporter activity,9/164,531/8363,0.7223395884387441,0.8539566948900731,9,531,Montipora_capitata_HIv3___RNAseq.g24139.t1/Montipora_capitata_HIv3___RNAseq.g13129.t1/Montipora_capitata_HIv3___RNAseq.g49895.t2/Montipora_capitata_HIv3___RNAseq.g36907.t1/Montipora_capitata_HIv3___RNAseq.g668.t1/Montipora_capitata_HIv3___RNAseq.g20250.t1/Montipora_capitata_HIv3___RNAseq.g14155.t1/Montipora_capitata_HIv3___TS.g4674.t2b/Montipora_capitata_HIv3___RNAseq.g23366.t1,0.999912854140822,transmembrane transporter activity,MF
GO:0044454,GO:0044454,5/164,306/8363,0.7226644640844375,0.8251467643648329,5,306,Montipora_capitata_HIv3___RNAseq.g26525.t1/Montipora_capitata_HIv3___RNAseq.g45527.t1/Montipora_capitata_HIv3___RNAseq.g43161.t1a/Montipora_capitata_HIv3___TS.g32614.t2/Montipora_capitata_HIv3___TS.g47745.t1,0.999912854140822,NA,NA
GO:0051094,positive regulation of developmental process,16/164,914/8363,0.7231901862533796,0.8789421314336119,16,914,Montipora_capitata_HIv3___RNAseq.g6978.t1/Montipora_capitata_HIv3___RNAseq.g5395.t1/Montipora_capitata_HIv3___RNAseq.g44960.t2/Montipora_capitata_HIv3___RNAseq.21467_t/Montipora_capitata_HIv3___RNAseq.g35008.t1/Montipora_capitata_HIv3___RNAseq.g46378.t1/Montipora_capitata_HIv3___RNAseq.g24942.t1/Montipora_capitata_HIv3___RNAseq.g44814.t1/Montipora_capitata_HIv3___RNAseq.g8971.t1/Montipora_capitata_HIv3___RNAseq.g32149.t1/Montipora_capitata_HIv3___RNAseq.g24020.t1/Montipora_capitata_HIv3___RNAseq.g42740.t1/Montipora_capitata_HIv3___TS.g10359.t4b/Montipora_capitata_HIv3___RNAseq.g39706.t2/Montipora_capitata_HIv3___RNAseq.g14488.t1/Montipora_capitata_HIv3___TS.g46192.t3,0.999912854140822,positive regulation of developmental process,BP
GO:0062012,regulation of small molecule metabolic process,4/164,249/8363,0.7250587281129846,0.811648989973358,4,249,Montipora_capitata_HIv3___RNAseq.g46819.t1/Montipora_capitata_HIv3___RNAseq.g46378.t1/Montipora_capitata_HIv3___RNAseq.g44814.t1/Montipora_capitata_HIv3___RNAseq.g8971.t1,0.999912854140822,regulation of small molecule metabolic process,BP
GO:0016054,organic acid catabolic process,3/164,190/8363,0.7250826779485151,0.798370496737671,3,190,Montipora_capitata_HIv3___RNAseq.g44719.t1/Montipora_capitata_HIv3___RNAseq.g9087.t1/Montipora_capitata_HIv3___RNAseq.g14488.t1,0.999912854140822,organic acid catabolic process,BP
GO:0046395,carboxylic acid catabolic process,3/164,190/8363,0.7250826779485151,0.798370496737671,3,190,Montipora_capitata_HIv3___RNAseq.g44719.t1/Montipora_capitata_HIv3___RNAseq.g9087.t1/Montipora_capitata_HIv3___RNAseq.g14488.t1,0.999912854140822,carboxylic acid catabolic process,BP
GO:0043312,neutrophil degranulation,5/164,307/8363,0.7253206434797534,0.8223105426270992,5,307,Montipora_capitata_HIv3___RNAseq.g44519.t1/Montipora_capitata_HIv3___RNAseq.g24942.t1/Montipora_capitata_HIv3___RNAseq.g18698.t1/Montipora_capitata_HIv3___TS.g33523.t1/Montipora_capitata_HIv3___RNAseq.g14488.t1,0.999912854140822,neutrophil degranulation,BP
GO:0019438,aromatic compound biosynthetic process,17/164,970/8363,0.7264212030138834,0.8792882493150366,17,970,Montipora_capitata_HIv3___RNAseq.g40427.t1a/Montipora_capitata_HIv3___RNAseq.g7741.t1/Montipora_capitata_HIv3___RNAseq.g34092.t1/Montipora_capitata_HIv3___RNAseq.g12736.t1/Montipora_capitata_HIv3___RNAseq.g45527.t1/Montipora_capitata_HIv3___RNAseq.g44814.t1/Montipora_capitata_HIv3___RNAseq.g30678.t1b/Montipora_capitata_HIv3___RNAseq.g40991.t1/Montipora_capitata_HIv3___RNAseq.g42740.t1/Montipora_capitata_HIv3___RNAseq.g43161.t1a/Montipora_capitata_HIv3___TS.g21293.t1/Montipora_capitata_HIv3___RNAseq.g14956.t1/Montipora_capitata_HIv3___RNAseq.g44445.t1/Montipora_capitata_HIv3___RNAseq.g14960.t1/Montipora_capitata_HIv3___RNAseq.g37450.t2/Montipora_capitata_HIv3___RNAseq.g20763.t1/Montipora_capitata_HIv3___TS.g46192.t3,0.999912854140822,aromatic compound biosynthetic process,BP
GO:0031090,organelle membrane,28/164,1560/8363,0.7301594707629269,0.8959761799552716,28,1560,Montipora_capitata_HIv3___RNAseq.g6978.t1/Montipora_capitata_HIv3___RNAseq.g36845.t1/Montipora_capitata_HIv3___RNAseq.g22865.t1/Montipora_capitata_HIv3___RNAseq.g2640.t1a/Montipora_capitata_HIv3___RNAseq.g24139.t1/Montipora_capitata_HIv3___RNAseq.g34092.t1/Montipora_capitata_HIv3___RNAseq.g3374.t1/Montipora_capitata_HIv3___RNAseq.g44960.t2/Montipora_capitata_HIv3___RNAseq.21467_t/Montipora_capitata_HIv3___RNAseq.g37193.t1/Montipora_capitata_HIv3___RNAseq.g38848.t1/Montipora_capitata_HIv3___RNAseq.g13857.t1/Montipora_capitata_HIv3___RNAseq.g35008.t1/Montipora_capitata_HIv3___RNAseq.g40982.t1a/Montipora_capitata_HIv3___RNAseq.g46378.t1/Montipora_capitata_HIv3___RNAseq.g24095.t1/Montipora_capitata_HIv3___TS.g6904.t1/Montipora_capitata_HIv3___RNAseq.g14155.t1/Montipora_capitata_HIv3___TS.g4674.t2b/Montipora_capitata_HIv3___RNAseq.g1174.t1/Montipora_capitata_HIv3___TS.g33523.t1/Montipora_capitata_HIv3___RNAseq.g33997.t1/Montipora_capitata_HIv3___RNAseq.g9561.t1/Montipora_capitata_HIv3___RNAseq.g39706.t2/Montipora_capitata_HIv3___RNAseq.g8867.t2/Montipora_capitata_HIv3___RNAseq.g23366.t1/Montipora_capitata_HIv3___RNAseq.g14488.t1/Montipora_capitata_HIv3___TS.g20607.t1,0.999912854140822,organelle membrane,CC
GO:0005938,cell cortex,4/164,251/8363,0.7308504100449859,0.8048749938774433,4,251,Montipora_capitata_HIv3___RNAseq.g6978.t1/Montipora_capitata_HIv3___RNAseq.g403.t1/Montipora_capitata_HIv3___RNAseq.g18698.t1/Montipora_capitata_HIv3___RNAseq.g8971.t1,0.999912854140822,cell cortex,CC
GO:0019098,reproductive behavior,3/164,192/8363,0.731642028694641,0.7897256399464297,3,192,Montipora_capitata_HIv3___RNAseq.g14946.t1/Montipora_capitata_HIv3___RNAseq.g8971.t1/Montipora_capitata_HIv3___TS.g47745.t1,0.999912854140822,reproductive behavior,BP
GO:0016197,endosomal transport,3/164,192/8363,0.731642028694641,0.7897256399464297,3,192,Montipora_capitata_HIv3___RNAseq.g1174.t1/Montipora_capitata_HIv3___RNAseq.g15029.t1b/Montipora_capitata_HIv3___TS.g20607.t1,0.999912854140822,endosomal transport,BP
GO:0005815,microtubule organizing center,8/164,480/8363,0.7322955161054029,0.8395359532540577,8,480,Montipora_capitata_HIv3___RNAseq.g22865.t1/Montipora_capitata_HIv3___RNAseq.g26580.t1/Montipora_capitata_HIv3___RNAseq.g39887.t1/Montipora_capitata_HIv3___RNAseq.g403.t1/Montipora_capitata_HIv3___RNAseq.g24095.t1/Montipora_capitata_HIv3___RNAseq.g15029.t1b/Montipora_capitata_HIv3___RNAseq.g22853.t1/Montipora_capitata_HIv3___TS.g47745.t1,0.999912854140822,microtubule organizing center,CC
GO:0098793,presynapse,5/164,310/8363,0.73318088976088,0.8139134462868071,5,310,Montipora_capitata_HIv3___RNAseq.g5395.t1/Montipora_capitata_HIv3___RNAseq.g9026.t1/Montipora_capitata_HIv3___RNAseq.g24942.t1/Montipora_capitata_HIv3___RNAseq.g20807.t2/Montipora_capitata_HIv3___RNAseq.g23366.t1,0.999912854140822,presynapse,CC
GO:0002283,neutrophil activation involved in immune response,5/164,310/8363,0.73318088976088,0.8139134462868071,5,310,Montipora_capitata_HIv3___RNAseq.g44519.t1/Montipora_capitata_HIv3___RNAseq.g24942.t1/Montipora_capitata_HIv3___RNAseq.g18698.t1/Montipora_capitata_HIv3___TS.g33523.t1/Montipora_capitata_HIv3___RNAseq.g14488.t1,0.999912854140822,neutrophil activation involved in immune response,BP
GO:0042119,neutrophil activation,5/164,310/8363,0.73318088976088,0.8139134462868071,5,310,Montipora_capitata_HIv3___RNAseq.g44519.t1/Montipora_capitata_HIv3___RNAseq.g24942.t1/Montipora_capitata_HIv3___RNAseq.g18698.t1/Montipora_capitata_HIv3___TS.g33523.t1/Montipora_capitata_HIv3___RNAseq.g14488.t1,0.999912854140822,neutrophil activation,BP
GO:0099503,secretory vesicle,10/164,592/8363,0.7334762333754586,0.8498515900139658,10,592,Montipora_capitata_HIv3___TS.g33283.t2/Montipora_capitata_HIv3___RNAseq.g5395.t1/Montipora_capitata_HIv3___RNAseq.g44519.t1/Montipora_capitata_HIv3___RNAseq.g9026.t1/Montipora_capitata_HIv3___RNAseq.g24942.t1/Montipora_capitata_HIv3___TS.g4674.t2b/Montipora_capitata_HIv3___TS.g33523.t1/Montipora_capitata_HIv3___RNAseq.g14625.t1/Montipora_capitata_HIv3___RNAseq.g23366.t1/Montipora_capitata_HIv3___RNAseq.g14488.t1,0.999912854140822,secretory vesicle,CC
GO:0051704,GO:0051704,31/164,1722/8363,0.7344493288537138,0.8970562284299104,31,1722,Montipora_capitata_HIv3___TS.g33283.t2/Montipora_capitata_HIv3___RNAseq.g6978.t1/Montipora_capitata_HIv3___RNAseq.g26525.t1/Montipora_capitata_HIv3___RNAseq.g14946.t1/Montipora_capitata_HIv3___RNAseq.g26580.t1/Montipora_capitata_HIv3___RNAseq.g2640.t1a/Montipora_capitata_HIv3___TS.g5595.t1/Montipora_capitata_HIv3___RNAseq.g44519.t1/Montipora_capitata_HIv3___RNAseq.g44960.t2/Montipora_capitata_HIv3___RNAseq.21467_t/Montipora_capitata_HIv3___RNAseq.g49895.t2/Montipora_capitata_HIv3___RNAseq.g13857.t1/Montipora_capitata_HIv3___RNAseq.g36907.t1/Montipora_capitata_HIv3___RNAseq.g35008.t1/Montipora_capitata_HIv3___RNAseq.g46378.t1/Montipora_capitata_HIv3___RNAseq.g24942.t1/Montipora_capitata_HIv3___RNAseq.g24095.t1/Montipora_capitata_HIv3___RNAseq.g44814.t1/Montipora_capitata_HIv3___RNAseq.g18698.t1/Montipora_capitata_HIv3___RNAseq.g8971.t1/Montipora_capitata_HIv3___RNAseq.g15186.t1/Montipora_capitata_HIv3___RNAseq.g33449.t1/Montipora_capitata_HIv3___RNAseq.g47955.t1/Montipora_capitata_HIv3___RNAseq.g18929.t1/Montipora_capitata_HIv3___RNAseq.g28116.t1/Montipora_capitata_HIv3___RNAseq.g15029.t1b/Montipora_capitata_HIv3___RNAseq.g39706.t2/Montipora_capitata_HIv3___RNAseq.g44445.t1/Montipora_capitata_HIv3___RNAseq.g23366.t1/Montipora_capitata_HIv3___RNAseq.g14488.t1/Montipora_capitata_HIv3___TS.g47745.t1,0.999912854140822,NA,NA
GO:0045995,regulation of embryonic development,3/164,193/8363,0.7348757008917235,0.7854714523152561,3,193,Montipora_capitata_HIv3___RNAseq.g8971.t1/Montipora_capitata_HIv3___RNAseq.g32149.t1/Montipora_capitata_HIv3___TS.g46192.t3,0.999912854140822,regulation of embryonic development,BP
GO:0098589,GO:0098589,3/164,193/8363,0.7348757008917235,0.7854714523152561,3,193,Montipora_capitata_HIv3___TS.g21895.t1/Montipora_capitata_HIv3___RNAseq.g39706.t2/Montipora_capitata_HIv3___RNAseq.g44445.t1,0.999912854140822,NA,NA
GO:0010975,regulation of neuron projection development,7/164,425/8363,0.7351115711508351,0.8299722584406319,7,425,Montipora_capitata_HIv3___RNAseq.g6978.t1/Montipora_capitata_HIv3___RNAseq.g5395.t1/Montipora_capitata_HIv3___RNAseq.g24942.t1/Montipora_capitata_HIv3___RNAseq.g8971.t1/Montipora_capitata_HIv3___RNAseq.g24020.t1/Montipora_capitata_HIv3___TS.g10359.t4b/Montipora_capitata_HIv3___RNAseq.g39706.t2,0.999912854140822,regulation of neuron projection development,BP
GO:0034655,nucleobase-containing compound catabolic process,5/164,311/8363,0.7357648950492983,0.81115099621641,5,311,Montipora_capitata_HIv3___TS.g28995.t1/Montipora_capitata_HIv3___RNAseq.g42608.t1/Montipora_capitata_HIv3___RNAseq.g4241.t1/Montipora_capitata_HIv3___RNAseq.g18929.t1/Montipora_capitata_HIv3___RNAseq.g11658.t1,0.999912854140822,nucleobase-containing compound catabolic process,BP
GO:0036230,granulocyte activation,5/164,312/8363,0.738330877892738,0.8084065393131356,5,312,Montipora_capitata_HIv3___RNAseq.g44519.t1/Montipora_capitata_HIv3___RNAseq.g24942.t1/Montipora_capitata_HIv3___RNAseq.g18698.t1/Montipora_capitata_HIv3___TS.g33523.t1/Montipora_capitata_HIv3___RNAseq.g14488.t1,0.999912854140822,granulocyte activation,BP
GO:0072657,protein localization to membrane,5/164,312/8363,0.738330877892738,0.8084065393131356,5,312,Montipora_capitata_HIv3___RNAseq.g668.t1/Montipora_capitata_HIv3___TS.g33523.t1/Montipora_capitata_HIv3___RNAseq.g15029.t1b/Montipora_capitata_HIv3___RNAseq.g39706.t2/Montipora_capitata_HIv3___RNAseq.g11658.t1,0.999912854140822,protein localization to membrane,BP
GO:0036477,somatodendritic compartment,11/164,650/8363,0.7385137833673572,0.8505967489011949,11,650,Montipora_capitata_HIv3___RNAseq.g23734.t3/Montipora_capitata_HIv3___RNAseq.g35804.t1/Montipora_capitata_HIv3___RNAseq.g5395.t1/Montipora_capitata_HIv3___RNAseq.g24942.t1/Montipora_capitata_HIv3___RNAseq.g35720.t1/Montipora_capitata_HIv3___RNAseq.g20807.t2/Montipora_capitata_HIv3___RNAseq.g49962.t1/Montipora_capitata_HIv3___RNAseq.g39706.t2/Montipora_capitata_HIv3___RNAseq.g12947.t1/Montipora_capitata_HIv3___RNAseq.g23366.t1/Montipora_capitata_HIv3___RNAseq.g14488.t1,0.999912854140822,somatodendritic compartment,CC
GO:0033993,response to lipid,9/164,539/8363,0.7385998768952159,0.8401901359668983,9,539,Montipora_capitata_HIv3___RNAseq.g2640.t1a/Montipora_capitata_HIv3___RNAseq.g44960.t2/Montipora_capitata_HIv3___RNAseq.21467_t/Montipora_capitata_HIv3___RNAseq.g46378.t1/Montipora_capitata_HIv3___RNAseq.g44814.t1/Montipora_capitata_HIv3___RNAseq.g33449.t1/Montipora_capitata_HIv3___RNAseq.g39974.t1/Montipora_capitata_HIv3___RNAseq.g44445.t1/Montipora_capitata_HIv3___RNAseq.g14488.t1,0.999912854140822,response to lipid,BP
GO:0031982,vesicle,24/164,1354/8363,0.7388676636879574,0.8853878328471758,24,1354,Montipora_capitata_HIv3___TS.g33283.t2/Montipora_capitata_HIv3___RNAseq.g5395.t1/Montipora_capitata_HIv3___RNAseq.g2640.t1a/Montipora_capitata_HIv3___RNAseq.g44519.t1/Montipora_capitata_HIv3___RNAseq.g44960.t2/Montipora_capitata_HIv3___RNAseq.21467_t/Montipora_capitata_HIv3___RNAseq.g9026.t1/Montipora_capitata_HIv3___RNAseq.g38848.t1/Montipora_capitata_HIv3___RNAseq.g35008.t1/Montipora_capitata_HIv3___RNAseq.g668.t1/Montipora_capitata_HIv3___RNAseq.g24942.t1/Montipora_capitata_HIv3___RNAseq.g8971.t1/Montipora_capitata_HIv3___RNAseq.g20807.t2/Montipora_capitata_HIv3___TS.g4674.t2b/Montipora_capitata_HIv3___RNAseq.g42740.t1/Montipora_capitata_HIv3___RNAseq.g1174.t1/Montipora_capitata_HIv3___TS.g33523.t1/Montipora_capitata_HIv3___RNAseq.g33997.t1/Montipora_capitata_HIv3___RNAseq.g15029.t1b/Montipora_capitata_HIv3___RNAseq.g14625.t1/Montipora_capitata_HIv3___RNAseq.g39706.t2/Montipora_capitata_HIv3___RNAseq.g23366.t1/Montipora_capitata_HIv3___RNAseq.g14488.t1/Montipora_capitata_HIv3___TS.g20607.t1,0.999912854140822,vesicle,CC
GO:0016072,rRNA metabolic process,3/164,195/8363,0.7412515634336525,0.7770960047973403,3,195,Montipora_capitata_HIv3___RNAseq.g403.t1/Montipora_capitata_HIv3___RNAseq.g47379.t1/Montipora_capitata_HIv3___RNAseq.g18929.t1,0.999912854140822,rRNA metabolic process,BP
GO:0005813,centrosome,6/164,371/8363,0.741775476655764,0.8150647476291772,6,371,Montipora_capitata_HIv3___RNAseq.g22865.t1/Montipora_capitata_HIv3___RNAseq.g26580.t1/Montipora_capitata_HIv3___RNAseq.g39887.t1/Montipora_capitata_HIv3___RNAseq.g403.t1/Montipora_capitata_HIv3___RNAseq.g15029.t1b/Montipora_capitata_HIv3___TS.g47745.t1,0.999912854140822,centrosome,CC
GO:0035639,purine ribonucleoside triphosphate binding,6/164,371/8363,0.741775476655764,0.8150647476291772,6,371,Montipora_capitata_HIv3___RNAseq.g22865.t1/Montipora_capitata_HIv3___RNAseq.g13129.t1/Montipora_capitata_HIv3___RNAseq.g12736.t1/Montipora_capitata_HIv3___RNAseq.g18698.t1/Montipora_capitata_HIv3___RNAseq.g43161.t1a/Montipora_capitata_HIv3___TS.g47745.t1,0.999912854140822,purine ribonucleoside triphosphate binding,MF
GO:0009891,positive regulation of biosynthetic process,20/164,1142/8363,0.7420285452398481,0.8760738818750099,20,1142,Montipora_capitata_HIv3___TS.g33283.t2/Montipora_capitata_HIv3___RNAseq.g6978.t1/Montipora_capitata_HIv3___TS.g1118.t1/Montipora_capitata_HIv3___RNAseq.g26525.t1/Montipora_capitata_HIv3___RNAseq.g7741.t1/Montipora_capitata_HIv3___RNAseq.g46819.t1/Montipora_capitata_HIv3___RNAseq.g44960.t2/Montipora_capitata_HIv3___RNAseq.21467_t/Montipora_capitata_HIv3___RNAseq.g403.t1/Montipora_capitata_HIv3___RNAseq.g45527.t1/Montipora_capitata_HIv3___RNAseq.g35008.t1/Montipora_capitata_HIv3___RNAseq.g24095.t1/Montipora_capitata_HIv3___RNAseq.g44814.t1/Montipora_capitata_HIv3___RNAseq.g8971.t1/Montipora_capitata_HIv3___RNAseq.g36935.t1/Montipora_capitata_HIv3___RNAseq.g43161.t1a/Montipora_capitata_HIv3___RNAseq.g41333.t1/Montipora_capitata_HIv3___RNAseq.g44445.t1/Montipora_capitata_HIv3___TS.g47745.t1/Montipora_capitata_HIv3___TS.g46192.t3,0.999912854140822,positive regulation of biosynthetic process,BP
GO:0005198,structural molecule activity,5/164,314/8363,0.7434088300969018,0.8029709063486377,5,314,Montipora_capitata_HIv3___RNAseq.g39887.t1/Montipora_capitata_HIv3___RNAseq.g13857.t1/Montipora_capitata_HIv3___RNAseq.g43111.t1/Montipora_capitata_HIv3___TS.g21895.t1/Montipora_capitata_HIv3___RNAseq.g11658.t1,0.999912854140822,structural molecule activity,MF
GO:0042325,regulation of phosphorylation,14/164,818/8363,0.7439487440591994,0.8584519193116922,14,818,Montipora_capitata_HIv3___TS.g33283.t2/Montipora_capitata_HIv3___RNAseq.g6978.t1/Montipora_capitata_HIv3___RNAseq.g5395.t1/Montipora_capitata_HIv3___TS.g27540.t1/Montipora_capitata_HIv3___RNAseq.g44960.t2/Montipora_capitata_HIv3___RNAseq.21467_t/Montipora_capitata_HIv3___RNAseq.g35008.t1/Montipora_capitata_HIv3___RNAseq.g24095.t1/Montipora_capitata_HIv3___RNAseq.g44814.t1/Montipora_capitata_HIv3___RNAseq.g8971.t1/Montipora_capitata_HIv3___RNAseq.g14965.t1/Montipora_capitata_HIv3___RNAseq.g43161.t1a/Montipora_capitata_HIv3___RNAseq.g15029.t1b/Montipora_capitata_HIv3___TS.g10359.t4b,0.999912854140822,regulation of phosphorylation,BP
GO:0000165,MAPK cascade,3/164,196/8363,0.7443939762901698,0.7729733675830807,3,196,Montipora_capitata_HIv3___RNAseq.g44960.t2/Montipora_capitata_HIv3___RNAseq.21467_t/Montipora_capitata_HIv3___RNAseq.g8971.t1,0.999912854140822,MAPK cascade,BP
GO:0043299,leukocyte degranulation,5/164,315/8363,0.7459208317851143,0.8002793865911394,5,315,Montipora_capitata_HIv3___RNAseq.g44519.t1/Montipora_capitata_HIv3___RNAseq.g24942.t1/Montipora_capitata_HIv3___RNAseq.g18698.t1/Montipora_capitata_HIv3___TS.g33523.t1/Montipora_capitata_HIv3___RNAseq.g14488.t1,0.999912854140822,leukocyte degranulation,BP
GO:0021700,developmental maturation,5/164,315/8363,0.7459208317851143,0.8002793865911394,5,315,Montipora_capitata_HIv3___RNAseq.g35008.t1/Montipora_capitata_HIv3___RNAseq.g44814.t1/Montipora_capitata_HIv3___RNAseq.g8971.t1/Montipora_capitata_HIv3___RNAseq.g49962.t1/Montipora_capitata_HIv3___RNAseq.g15029.t1b,0.999912854140822,developmental maturation,BP
GO:0006935,chemotaxis,6/164,373/8363,0.7464331956489423,0.8104162198349992,6,373,Montipora_capitata_HIv3___TS.g33283.t2/Montipora_capitata_HIv3___RNAseq.g15043.t1/Montipora_capitata_HIv3___RNAseq.g35008.t1/Montipora_capitata_HIv3___RNAseq.g24942.t1/Montipora_capitata_HIv3___RNAseq.g24020.t1/Montipora_capitata_HIv3___TS.g46192.t3,0.999912854140822,chemotaxis,BP
GO:0044425,GO:0044425,41/164,2258/8363,0.7466635716291397,0.8994262217381847,41,2258,Montipora_capitata_HIv3___RNAseq.g6978.t1/Montipora_capitata_HIv3___RNAseq.g5395.t1/Montipora_capitata_HIv3___RNAseq.g11548.t1/Montipora_capitata_HIv3___RNAseq.g26580.t1/Montipora_capitata_HIv3___RNAseq.g2640.t1a/Montipora_capitata_HIv3___RNAseq.g36836.t1/Montipora_capitata_HIv3___TS.g27540.t1/Montipora_capitata_HIv3___RNAseq.g12807.t1/Montipora_capitata_HIv3___RNAseq.g50691.t1/Montipora_capitata_HIv3___RNAseq.g11237.t1/Montipora_capitata_HIv3___RNAseq.g44960.t2/Montipora_capitata_HIv3___RNAseq.21467_t/Montipora_capitata_HIv3___RNAseq.g13129.t1/Montipora_capitata_HIv3___RNAseq.g9026.t1/Montipora_capitata_HIv3___RNAseq.g37193.t1/Montipora_capitata_HIv3___RNAseq.g38848.t1/Montipora_capitata_HIv3___RNAseq.g39648.t1/Montipora_capitata_HIv3___RNAseq.g49895.t2/Montipora_capitata_HIv3___RNAseq.g36907.t1/Montipora_capitata_HIv3___RNAseq.g35008.t1/Montipora_capitata_HIv3___RNAseq.g668.t1/Montipora_capitata_HIv3___RNAseq.g40982.t1a/Montipora_capitata_HIv3___RNAseq.g8971.t1/Montipora_capitata_HIv3___RNAseq.g20771.t1/Montipora_capitata_HIv3___RNAseq.g41416.t2a/Montipora_capitata_HIv3___TS.g4674.t2b/Montipora_capitata_HIv3___RNAseq.g42740.t1/Montipora_capitata_HIv3___RNAseq.g33449.t1/Montipora_capitata_HIv3___TS.g33523.t1/Montipora_capitata_HIv3___RNAseq.g39974.t1/Montipora_capitata_HIv3___RNAseq.g15188.t1/Montipora_capitata_HIv3___RNAseq.g33997.t1/Montipora_capitata_HIv3___RNAseq.g6934.t1/Montipora_capitata_HIv3___RNAseq.g28116.t1/Montipora_capitata_HIv3___RNAseq.g9561.t1/Montipora_capitata_HIv3___RNAseq.g4457.t1/Montipora_capitata_HIv3___TS.g21895.t1/Montipora_capitata_HIv3___RNAseq.g39706.t2/Montipora_capitata_HIv3___RNAseq.g8867.t2/Montipora_capitata_HIv3___RNAseq.g44445.t1/Montipora_capitata_HIv3___RNAseq.g23366.t1,0.999912854140822,NA,NA
GO:0051348,negative regulation of transferase activity,3/164,197/8363,0.7475061986210099,0.768893226842584,3,197,Montipora_capitata_HIv3___TS.g1118.t1/Montipora_capitata_HIv3___RNAseq.g5395.t1/Montipora_capitata_HIv3___RNAseq.g15029.t1b,0.999912854140822,negative regulation of transferase activity,BP
GO:0000981,"DNA-binding transcription factor activity, RNA polymerase II-specific",7/164,431/8363,0.7482880779342457,0.8175967209031374,7,431,Montipora_capitata_HIv3___TS.g10979.t1/Montipora_capitata_HIv3___RNAseq.g7741.t1/Montipora_capitata_HIv3___RNAseq.g44814.t1/Montipora_capitata_HIv3___RNAseq.g28405.t2/Montipora_capitata_HIv3___RNAseq.g40991.t1/Montipora_capitata_HIv3___RNAseq.g44445.t1/Montipora_capitata_HIv3___TS.g46192.t3,0.999912854140822,"DNA-binding transcription factor activity, RNA polymerase II-specific",MF
GO:0061564,axon development,7/164,432/8363,0.7504390678521947,0.8155680934556605,7,432,Montipora_capitata_HIv3___RNAseq.g35008.t1/Montipora_capitata_HIv3___RNAseq.g24942.t1/Montipora_capitata_HIv3___RNAseq.g8971.t1/Montipora_capitata_HIv3___RNAseq.g24020.t1/Montipora_capitata_HIv3___TS.g33523.t1/Montipora_capitata_HIv3___TS.g47745.t1/Montipora_capitata_HIv3___TS.g46192.t3,0.999912854140822,axon development,BP
GO:0005216,monoatomic ion channel activity,3/164,198/8363,0.7505883515957583,0.7648549288595825,3,198,Montipora_capitata_HIv3___RNAseq.g13129.t1/Montipora_capitata_HIv3___RNAseq.g20250.t1/Montipora_capitata_HIv3___RNAseq.g23366.t1,0.999912854140822,monoatomic ion channel activity,MF
GO:0098662,inorganic cation transmembrane transport,5/164,317/8363,0.7508909829567957,0.7949480978060076,5,317,Montipora_capitata_HIv3___RNAseq.g24139.t1/Montipora_capitata_HIv3___RNAseq.g38848.t1/Montipora_capitata_HIv3___RNAseq.g36907.t1/Montipora_capitata_HIv3___RNAseq.g668.t1/Montipora_capitata_HIv3___RNAseq.g14155.t1,0.999912854140822,inorganic cation transmembrane transport,BP
GO:0030111,regulation of Wnt signaling pathway,4/164,259/8363,0.753112802462077,0.7788414471912707,4,259,Montipora_capitata_HIv3___RNAseq.g7741.t1/Montipora_capitata_HIv3___RNAseq.g8971.t1/Montipora_capitata_HIv3___TS.g33523.t1/Montipora_capitata_HIv3___RNAseq.g4457.t1,0.999912854140822,regulation of Wnt signaling pathway,BP
GO:0044437,GO:0044437,5/164,318/8363,0.7533491772523215,0.7923079981511773,5,318,Montipora_capitata_HIv3___RNAseq.g6978.t1/Montipora_capitata_HIv3___RNAseq.g24139.t1/Montipora_capitata_HIv3___RNAseq.g44519.t1/Montipora_capitata_HIv3___RNAseq.g1174.t1/Montipora_capitata_HIv3___RNAseq.g14488.t1,0.999912854140822,NA,NA
GO:0007389,pattern specification process,11/164,659/8363,0.7546755350724741,0.8377831369799998,11,659,Montipora_capitata_HIv3___RNAseq.g2559.t1a/Montipora_capitata_HIv3___RNAseq.g3374.t1/Montipora_capitata_HIv3___RNAseq.g35008.t1/Montipora_capitata_HIv3___RNAseq.g44814.t1/Montipora_capitata_HIv3___RNAseq.g8971.t1/Montipora_capitata_HIv3___TS.g4674.t2b/Montipora_capitata_HIv3___RNAseq.g23247.t1/Montipora_capitata_HIv3___TS.g33523.t1/Montipora_capitata_HIv3___RNAseq.g28116.t1/Montipora_capitata_HIv3___TS.g10359.t4b/Montipora_capitata_HIv3___TS.g46192.t3,0.999912854140822,pattern specification process,BP
GO:0032553,ribonucleotide binding,7/164,434/8363,0.754702396750294,0.8115393355117371,7,434,Montipora_capitata_HIv3___RNAseq.g22865.t1/Montipora_capitata_HIv3___RNAseq.g13129.t1/Montipora_capitata_HIv3___RNAseq.g12736.t1/Montipora_capitata_HIv3___RNAseq.g18698.t1/Montipora_capitata_HIv3___RNAseq.g43161.t1a/Montipora_capitata_HIv3___RNAseq.g33997.t1/Montipora_capitata_HIv3___TS.g47745.t1,0.999912854140822,ribonucleotide binding,MF
GO:0002275,myeloid cell activation involved in immune response,5/164,319/8363,0.7557894838985414,0.7896847114126271,5,319,Montipora_capitata_HIv3___RNAseq.g44519.t1/Montipora_capitata_HIv3___RNAseq.g24942.t1/Montipora_capitata_HIv3___RNAseq.g18698.t1/Montipora_capitata_HIv3___TS.g33523.t1/Montipora_capitata_HIv3___RNAseq.g14488.t1,0.999912854140822,myeloid cell activation involved in immune response,BP
GO:2000027,regulation of animal organ morphogenesis,3/164,200/8363,0.7566629526679598,0.7569013126596061,3,200,Montipora_capitata_HIv3___RNAseq.g35008.t1/Montipora_capitata_HIv3___RNAseq.g8971.t1/Montipora_capitata_HIv3___RNAseq.g23247.t1,0.999912854140822,regulation of animal organ morphogenesis,BP
GO:0007600,sensory perception,6/164,378/8363,0.757815370206502,0.799013531424751,6,378,Montipora_capitata_HIv3___RNAseq.g26525.t1/Montipora_capitata_HIv3___TS.g32048.t1/Montipora_capitata_HIv3___RNAseq.g668.t1/Montipora_capitata_HIv3___RNAseq.g44814.t1/Montipora_capitata_HIv3___RNAseq.g8971.t1/Montipora_capitata_HIv3___RNAseq.g12947.t1,0.999912854140822,sensory perception,BP
GO:0005789,endoplasmic reticulum membrane,10/164,606/8363,0.7596165513700056,0.8283620257154611,10,606,Montipora_capitata_HIv3___RNAseq.g5395.t1/Montipora_capitata_HIv3___RNAseq.g36836.t1/Montipora_capitata_HIv3___RNAseq.g50691.t1/Montipora_capitata_HIv3___RNAseq.g37193.t1/Montipora_capitata_HIv3___TS.g33523.t1/Montipora_capitata_HIv3___RNAseq.g39974.t1/Montipora_capitata_HIv3___RNAseq.g15188.t1/Montipora_capitata_HIv3___RNAseq.g9561.t1/Montipora_capitata_HIv3___RNAseq.g39706.t2/Montipora_capitata_HIv3___RNAseq.g8867.t2,0.999912854140822,endoplasmic reticulum membrane,CC
GO:0005774,vacuolar membrane,3/164,201/8363,0.7596556612348758,0.7529847523634194,3,201,Montipora_capitata_HIv3___RNAseq.g6978.t1/Montipora_capitata_HIv3___RNAseq.g24139.t1/Montipora_capitata_HIv3___RNAseq.g1174.t1,0.999912854140822,vacuolar membrane,CC
GO:0022008,neurogenesis,24/164,1372/8363,0.7624192329708717,0.8712730063723092,24,1372,Montipora_capitata_HIv3___RNAseq.g6978.t1/Montipora_capitata_HIv3___RNAseq.g23734.t3/Montipora_capitata_HIv3___RNAseq.g35804.t1/Montipora_capitata_HIv3___RNAseq.g5395.t1/Montipora_capitata_HIv3___RNAseq.g22865.t1/Montipora_capitata_HIv3___RNAseq.g7741.t1/Montipora_capitata_HIv3___RNAseq.g26580.t1/Montipora_capitata_HIv3___RNAseq.g13857.t1/Montipora_capitata_HIv3___RNAseq.g35008.t1/Montipora_capitata_HIv3___RNAseq.g24942.t1/Montipora_capitata_HIv3___RNAseq.g44814.t1/Montipora_capitata_HIv3___RNAseq.g35720.t1/Montipora_capitata_HIv3___RNAseq.g8971.t1/Montipora_capitata_HIv3___RNAseq.g24020.t1/Montipora_capitata_HIv3___RNAseq.g33449.t1/Montipora_capitata_HIv3___RNAseq.g1174.t1/Montipora_capitata_HIv3___TS.g33523.t1/Montipora_capitata_HIv3___RNAseq.g6934.t1/Montipora_capitata_HIv3___RNAseq.g4457.t1/Montipora_capitata_HIv3___TS.g10359.t4b/Montipora_capitata_HIv3___RNAseq.g39706.t2/Montipora_capitata_HIv3___TS.g47745.t1/Montipora_capitata_HIv3___RNAseq.g37450.t2/Montipora_capitata_HIv3___TS.g46192.t3,0.999912854140822,neurogenesis,BP
GO:0031330,negative regulation of cellular catabolic process,3/164,202/8363,0.7626188211351014,0.7491075500196831,3,202,Montipora_capitata_HIv3___RNAseq.g15029.t1b/Montipora_capitata_HIv3___RNAseq.g39706.t2/Montipora_capitata_HIv3___TS.g47745.t1,0.999912854140822,negative regulation of cellular catabolic process,BP
GO:0008047,enzyme activator activity,4/164,263/8363,0.7637066396025424,0.7664276834553283,4,263,Montipora_capitata_HIv3___TS.g1118.t1/Montipora_capitata_HIv3___RNAseq.g37193.t1/Montipora_capitata_HIv3___RNAseq.g49962.t1/Montipora_capitata_HIv3___RNAseq.g41226.t1,0.999912854140822,enzyme activator activity,MF
GO:0005524,ATP binding,4/164,263/8363,0.7637066396025424,0.7664276834553283,4,263,Montipora_capitata_HIv3___RNAseq.g12736.t1/Montipora_capitata_HIv3___RNAseq.g18698.t1/Montipora_capitata_HIv3___RNAseq.g43161.t1a/Montipora_capitata_HIv3___TS.g47745.t1,0.999912854140822,ATP binding,MF
GO:0048608,reproductive structure development,6/164,381/8363,0.7644653800708188,0.7923178396493151,6,381,Montipora_capitata_HIv3___RNAseq.g36907.t1/Montipora_capitata_HIv3___RNAseq.g35008.t1/Montipora_capitata_HIv3___RNAseq.g46378.t1/Montipora_capitata_HIv3___RNAseq.g44814.t1/Montipora_capitata_HIv3___RNAseq.g8971.t1/Montipora_capitata_HIv3___RNAseq.g42092.t1,0.999912854140822,reproductive structure development,BP
GO:0017076,purine nucleotide binding,7/164,439/8363,0.7651354615787155,0.801630595043133,7,439,Montipora_capitata_HIv3___RNAseq.g22865.t1/Montipora_capitata_HIv3___RNAseq.g13129.t1/Montipora_capitata_HIv3___RNAseq.g12736.t1/Montipora_capitata_HIv3___RNAseq.g24524.t1/Montipora_capitata_HIv3___RNAseq.g18698.t1/Montipora_capitata_HIv3___RNAseq.g43161.t1a/Montipora_capitata_HIv3___TS.g47745.t1,0.999912854140822,purine nucleotide binding,MF
GO:0032970,regulation of actin filament-based process,3/164,203/8363,0.76555257091991,0.7452691153248802,3,203,Montipora_capitata_HIv3___RNAseq.g24942.t1/Montipora_capitata_HIv3___RNAseq.g18698.t1/Montipora_capitata_HIv3___RNAseq.g15029.t1b,0.999912854140822,regulation of actin filament-based process,BP
GO:0048870,cell motility,12/164,721/8363,0.7656314852301525,0.8340112962882182,12,721,Montipora_capitata_HIv3___TS.g33283.t2/Montipora_capitata_HIv3___TS.g5595.t1/Montipora_capitata_HIv3___RNAseq.g44519.t1/Montipora_capitata_HIv3___RNAseq.g36907.t1/Montipora_capitata_HIv3___RNAseq.g35008.t1/Montipora_capitata_HIv3___RNAseq.g24942.t1/Montipora_capitata_HIv3___RNAseq.g44814.t1/Montipora_capitata_HIv3___RNAseq.g8971.t1/Montipora_capitata_HIv3___TS.g33523.t1/Montipora_capitata_HIv3___RNAseq.g28116.t1/Montipora_capitata_HIv3___RNAseq.g4457.t1/Montipora_capitata_HIv3___TS.g10359.t4b,0.999912854140822,cell motility,BP
GO:0097305,response to alcohol,4/164,264/8363,0.7662997417801074,0.7633839157457539,4,264,Montipora_capitata_HIv3___RNAseq.g46378.t1/Montipora_capitata_HIv3___RNAseq.g8971.t1/Montipora_capitata_HIv3___RNAseq.g43161.t1a/Montipora_capitata_HIv3___TS.g46192.t3,0.999912854140822,response to alcohol,BP
GO:0043065,positive regulation of apoptotic process,7/164,440/8363,0.7671835153929645,0.7996762996113203,7,440,Montipora_capitata_HIv3___RNAseq.g7741.t1/Montipora_capitata_HIv3___RNAseq.g44960.t2/Montipora_capitata_HIv3___RNAseq.21467_t/Montipora_capitata_HIv3___RNAseq.g24095.t1/Montipora_capitata_HIv3___RNAseq.g44814.t1/Montipora_capitata_HIv3___RNAseq.g8971.t1/Montipora_capitata_HIv3___RNAseq.g44445.t1,0.999912854140822,positive regulation of apoptotic process,BP
GO:0010604,positive regulation of macromolecule metabolic process,32/164,1804/8363,0.7689352170508761,0.8792805888601791,32,1804,Montipora_capitata_HIv3___TS.g33283.t2/Montipora_capitata_HIv3___RNAseq.g6978.t1/Montipora_capitata_HIv3___TS.g1118.t1/Montipora_capitata_HIv3___RNAseq.g26525.t1/Montipora_capitata_HIv3___RNAseq.g15043.t1/Montipora_capitata_HIv3___RNAseq.g5395.t1/Montipora_capitata_HIv3___RNAseq.g7741.t1/Montipora_capitata_HIv3___TS.g27540.t1/Montipora_capitata_HIv3___RNAseq.g46819.t1/Montipora_capitata_HIv3___RNAseq.g44960.t2/Montipora_capitata_HIv3___RNAseq.21467_t/Montipora_capitata_HIv3___RNAseq.g403.t1/Montipora_capitata_HIv3___RNAseq.g36907.t1/Montipora_capitata_HIv3___RNAseq.g45527.t1/Montipora_capitata_HIv3___RNAseq.g35008.t1/Montipora_capitata_HIv3___RNAseq.g24942.t1/Montipora_capitata_HIv3___RNAseq.g24095.t1/Montipora_capitata_HIv3___RNAseq.g44814.t1/Montipora_capitata_HIv3___RNAseq.g8971.t1/Montipora_capitata_HIv3___RNAseq.g30678.t1b/Montipora_capitata_HIv3___RNAseq.g36935.t1/Montipora_capitata_HIv3___RNAseq.g14965.t1/Montipora_capitata_HIv3___RNAseq.g42092.t1/Montipora_capitata_HIv3___RNAseq.g42740.t1/Montipora_capitata_HIv3___RNAseq.g43161.t1a/Montipora_capitata_HIv3___RNAseq.g41333.t1/Montipora_capitata_HIv3___RNAseq.g18929.t1/Montipora_capitata_HIv3___TS.g10359.t4b/Montipora_capitata_HIv3___RNAseq.g39706.t2/Montipora_capitata_HIv3___RNAseq.g44445.t1/Montipora_capitata_HIv3___TS.g47745.t1/Montipora_capitata_HIv3___TS.g46192.t3,0.999912854140822,positive regulation of macromolecule metabolic process,BP
GO:1901137,carbohydrate derivative biosynthetic process,7/164,441/8363,0.769218738576661,0.7977310074979571,7,441,Montipora_capitata_HIv3___RNAseq.g36836.t1/Montipora_capitata_HIv3___RNAseq.g3374.t1/Montipora_capitata_HIv3___RNAseq.g37193.t1/Montipora_capitata_HIv3___RNAseq.g15188.t1/Montipora_capitata_HIv3___RNAseq.g14956.t1/Montipora_capitata_HIv3___RNAseq.g14960.t1/Montipora_capitata_HIv3___RNAseq.g20763.t1,0.999912854140822,carbohydrate derivative biosynthetic process,BP
GO:0060249,anatomical structure homeostasis,5/164,325/8363,0.7700573468213712,0.7742892366966184,5,325,Montipora_capitata_HIv3___RNAseq.g44960.t2/Montipora_capitata_HIv3___RNAseq.21467_t/Montipora_capitata_HIv3___RNAseq.g44814.t1/Montipora_capitata_HIv3___RNAseq.g8971.t1/Montipora_capitata_HIv3___RNAseq.g43161.t1a,0.999912854140822,anatomical structure homeostasis,BP
GO:0098827,endoplasmic reticulum subcompartment,10/164,612/8363,0.7702698516067302,0.8194580059750114,10,612,Montipora_capitata_HIv3___RNAseq.g5395.t1/Montipora_capitata_HIv3___RNAseq.g36836.t1/Montipora_capitata_HIv3___RNAseq.g50691.t1/Montipora_capitata_HIv3___RNAseq.g37193.t1/Montipora_capitata_HIv3___TS.g33523.t1/Montipora_capitata_HIv3___RNAseq.g39974.t1/Montipora_capitata_HIv3___RNAseq.g15188.t1/Montipora_capitata_HIv3___RNAseq.g9561.t1/Montipora_capitata_HIv3___RNAseq.g39706.t2/Montipora_capitata_HIv3___RNAseq.g8867.t2,0.999912854140822,endoplasmic reticulum subcompartment,CC
GO:0051674,localization of cell,12/164,724/8363,0.770535084758589,0.8301639013082643,12,724,Montipora_capitata_HIv3___TS.g33283.t2/Montipora_capitata_HIv3___TS.g5595.t1/Montipora_capitata_HIv3___RNAseq.g44519.t1/Montipora_capitata_HIv3___RNAseq.g36907.t1/Montipora_capitata_HIv3___RNAseq.g35008.t1/Montipora_capitata_HIv3___RNAseq.g24942.t1/Montipora_capitata_HIv3___RNAseq.g44814.t1/Montipora_capitata_HIv3___RNAseq.g8971.t1/Montipora_capitata_HIv3___TS.g33523.t1/Montipora_capitata_HIv3___RNAseq.g28116.t1/Montipora_capitata_HIv3___RNAseq.g4457.t1/Montipora_capitata_HIv3___TS.g10359.t4b,0.999912854140822,localization of cell,BP
GO:0061458,reproductive system development,6/164,384/8363,0.7709814452063146,0.7857284045437081,6,384,Montipora_capitata_HIv3___RNAseq.g36907.t1/Montipora_capitata_HIv3___RNAseq.g35008.t1/Montipora_capitata_HIv3___RNAseq.g46378.t1/Montipora_capitata_HIv3___RNAseq.g44814.t1/Montipora_capitata_HIv3___RNAseq.g8971.t1/Montipora_capitata_HIv3___RNAseq.g42092.t1,0.999912854140822,reproductive system development,BP
GO:0046907,intracellular transport,20/164,1163/8363,0.7710027932529082,0.8574146887131487,20,1163,Montipora_capitata_HIv3___TS.g1118.t1/Montipora_capitata_HIv3___RNAseq.g36838.t1/Montipora_capitata_HIv3___RNAseq.g26525.t1/Montipora_capitata_HIv3___RNAseq.g15043.t1/Montipora_capitata_HIv3___RNAseq.g22865.t1/Montipora_capitata_HIv3___RNAseq.g13857.t1/Montipora_capitata_HIv3___RNAseq.g44814.t1/Montipora_capitata_HIv3___RNAseq.g8971.t1/Montipora_capitata_HIv3___RNAseq.g14155.t1/Montipora_capitata_HIv3___RNAseq.g42740.t1/Montipora_capitata_HIv3___RNAseq.g22408.t1/Montipora_capitata_HIv3___RNAseq.g1174.t1/Montipora_capitata_HIv3___TS.g33523.t1/Montipora_capitata_HIv3___RNAseq.g15188.t1/Montipora_capitata_HIv3___RNAseq.g49962.t1/Montipora_capitata_HIv3___RNAseq.g15029.t1b/Montipora_capitata_HIv3___TS.g21895.t1/Montipora_capitata_HIv3___RNAseq.g41226.t1/Montipora_capitata_HIv3___RNAseq.g11658.t1/Montipora_capitata_HIv3___TS.g20607.t1,0.999912854140822,intracellular transport,BP
GO:0010556,regulation of macromolecule biosynthetic process,34/164,1912/8363,0.7712252997933127,0.8803040405866701,34,1912,Montipora_capitata_HIv3___TS.g33283.t2/Montipora_capitata_HIv3___RNAseq.g6978.t1/Montipora_capitata_HIv3___TS.g1118.t1/Montipora_capitata_HIv3___RNAseq.g26525.t1/Montipora_capitata_HIv3___TS.g10979.t1/Montipora_capitata_HIv3___RNAseq.g11548.t1/Montipora_capitata_HIv3___RNAseq.g7741.t1/Montipora_capitata_HIv3___RNAseq.g46819.t1/Montipora_capitata_HIv3___RNAseq.g44960.t2/Montipora_capitata_HIv3___RNAseq.21467_t/Montipora_capitata_HIv3___RNAseq.g42608.t1/Montipora_capitata_HIv3___RNAseq.g403.t1/Montipora_capitata_HIv3___RNAseq.g13857.t1/Montipora_capitata_HIv3___RNAseq.g45527.t1/Montipora_capitata_HIv3___RNAseq.g35008.t1/Montipora_capitata_HIv3___RNAseq.g24942.t1/Montipora_capitata_HIv3___RNAseq.g24095.t1/Montipora_capitata_HIv3___RNAseq.g44814.t1/Montipora_capitata_HIv3___RNAseq.g8971.t1/Montipora_capitata_HIv3___RNAseq.g36935.t1/Montipora_capitata_HIv3___RNAseq.g28405.t2/Montipora_capitata_HIv3___RNAseq.g40991.t1/Montipora_capitata_HIv3___RNAseq.g32149.t1/Montipora_capitata_HIv3___RNAseq.g43161.t1a/Montipora_capitata_HIv3___RNAseq.g41333.t1/Montipora_capitata_HIv3___TS.g33523.t1/Montipora_capitata_HIv3___RNAseq.g47955.t1/Montipora_capitata_HIv3___RNAseq.g15188.t1/Montipora_capitata_HIv3___RNAseq.g28116.t1/Montipora_capitata_HIv3___RNAseq.g41226.t1/Montipora_capitata_HIv3___RNAseq.g39706.t2/Montipora_capitata_HIv3___RNAseq.g44445.t1/Montipora_capitata_HIv3___TS.g47745.t1/Montipora_capitata_HIv3___TS.g46192.t3,0.999912854140822,regulation of macromolecule biosynthetic process,BP
GO:0032940,secretion by cell,10/164,613/8363,0.7720132612246525,0.8179912195621212,10,613,Montipora_capitata_HIv3___RNAseq.g44519.t1/Montipora_capitata_HIv3___RNAseq.g24942.t1/Montipora_capitata_HIv3___RNAseq.g18698.t1/Montipora_capitata_HIv3___RNAseq.g20807.t2/Montipora_capitata_HIv3___TS.g4674.t2b/Montipora_capitata_HIv3___RNAseq.g42740.t1/Montipora_capitata_HIv3___TS.g33523.t1/Montipora_capitata_HIv3___RNAseq.g15029.t1b/Montipora_capitata_HIv3___RNAseq.g39706.t2/Montipora_capitata_HIv3___RNAseq.g14488.t1,0.999912854140822,secretion by cell,BP
GO:0010628,positive regulation of gene expression,19/164,1111/8363,0.7740543577049765,0.8528300982065863,19,1111,Montipora_capitata_HIv3___TS.g33283.t2/Montipora_capitata_HIv3___RNAseq.g6978.t1/Montipora_capitata_HIv3___TS.g1118.t1/Montipora_capitata_HIv3___RNAseq.g26525.t1/Montipora_capitata_HIv3___RNAseq.g7741.t1/Montipora_capitata_HIv3___RNAseq.g44960.t2/Montipora_capitata_HIv3___RNAseq.21467_t/Montipora_capitata_HIv3___RNAseq.g403.t1/Montipora_capitata_HIv3___RNAseq.g45527.t1/Montipora_capitata_HIv3___RNAseq.g35008.t1/Montipora_capitata_HIv3___RNAseq.g44814.t1/Montipora_capitata_HIv3___RNAseq.g8971.t1/Montipora_capitata_HIv3___RNAseq.g42740.t1/Montipora_capitata_HIv3___RNAseq.g43161.t1a/Montipora_capitata_HIv3___RNAseq.g41333.t1/Montipora_capitata_HIv3___TS.g10359.t4b/Montipora_capitata_HIv3___RNAseq.g44445.t1/Montipora_capitata_HIv3___TS.g47745.t1/Montipora_capitata_HIv3___TS.g46192.t3,0.999912854140822,positive regulation of gene expression,BP
GO:0043066,negative regulation of apoptotic process,9/164,558/8363,0.7746297630981293,0.8091017968454395,9,558,Montipora_capitata_HIv3___RNAseq.g44519.t1/Montipora_capitata_HIv3___RNAseq.g44960.t2/Montipora_capitata_HIv3___RNAseq.21467_t/Montipora_capitata_HIv3___RNAseq.g36907.t1/Montipora_capitata_HIv3___RNAseq.g44814.t1/Montipora_capitata_HIv3___RNAseq.g8971.t1/Montipora_capitata_HIv3___RNAseq.g43161.t1a/Montipora_capitata_HIv3___RNAseq.g15188.t1/Montipora_capitata_HIv3___RNAseq.g14488.t1,0.999912854140822,negative regulation of apoptotic process,BP
GO:0010942,GO:0010942,8/164,503/8363,0.778224876432609,0.798144015669647,8,503,Montipora_capitata_HIv3___RNAseq.g5395.t1/Montipora_capitata_HIv3___RNAseq.g7741.t1/Montipora_capitata_HIv3___RNAseq.g44960.t2/Montipora_capitata_HIv3___RNAseq.21467_t/Montipora_capitata_HIv3___RNAseq.g24095.t1/Montipora_capitata_HIv3___RNAseq.g44814.t1/Montipora_capitata_HIv3___RNAseq.g8971.t1/Montipora_capitata_HIv3___RNAseq.g44445.t1,0.999912854140822,NA,NA
GO:0006796,phosphate-containing compound metabolic process,23/164,1331/8363,0.7784365762943525,0.859391126616764,23,1331,Montipora_capitata_HIv3___TS.g33283.t2/Montipora_capitata_HIv3___RNAseq.g6978.t1/Montipora_capitata_HIv3___RNAseq.g15043.t1/Montipora_capitata_HIv3___RNAseq.g5395.t1/Montipora_capitata_HIv3___RNAseq.g46819.t1/Montipora_capitata_HIv3___RNAseq.g44960.t2/Montipora_capitata_HIv3___RNAseq.21467_t/Montipora_capitata_HIv3___RNAseq.g24095.t1/Montipora_capitata_HIv3___RNAseq.g8971.t1/Montipora_capitata_HIv3___RNAseq.g14965.t1/Montipora_capitata_HIv3___RNAseq.g33449.t1/Montipora_capitata_HIv3___RNAseq.g9060.t1/Montipora_capitata_HIv3___TS.g50674.t1/Montipora_capitata_HIv3___TS.g21293.t1/Montipora_capitata_HIv3___RNAseq.g6934.t1/Montipora_capitata_HIv3___RNAseq.g28116.t1/Montipora_capitata_HIv3___RNAseq.g9561.t1/Montipora_capitata_HIv3___RNAseq.g44719.t1/Montipora_capitata_HIv3___RNAseq.g14956.t1/Montipora_capitata_HIv3___RNAseq.g8867.t2/Montipora_capitata_HIv3___RNAseq.g44445.t1/Montipora_capitata_HIv3___RNAseq.g14960.t1/Montipora_capitata_HIv3___RNAseq.g20763.t1,0.999912854140822,phosphate-containing compound metabolic process,BP
GO:0023014,GO:0023014,3/164,208/8363,0.7797852286271298,0.726638602132312,3,208,Montipora_capitata_HIv3___RNAseq.g44960.t2/Montipora_capitata_HIv3___RNAseq.21467_t/Montipora_capitata_HIv3___RNAseq.g8971.t1,0.999912854140822,NA,NA
GO:0051173,positive regulation of nitrogen compound metabolic process,30/164,1708/8363,0.7805489824226538,0.8700536517923274,30,1708,Montipora_capitata_HIv3___TS.g33283.t2/Montipora_capitata_HIv3___RNAseq.g6978.t1/Montipora_capitata_HIv3___TS.g1118.t1/Montipora_capitata_HIv3___RNAseq.g26525.t1/Montipora_capitata_HIv3___RNAseq.g15043.t1/Montipora_capitata_HIv3___RNAseq.g5395.t1/Montipora_capitata_HIv3___RNAseq.g7741.t1/Montipora_capitata_HIv3___TS.g27540.t1/Montipora_capitata_HIv3___RNAseq.g44960.t2/Montipora_capitata_HIv3___RNAseq.21467_t/Montipora_capitata_HIv3___RNAseq.g403.t1/Montipora_capitata_HIv3___RNAseq.g36907.t1/Montipora_capitata_HIv3___RNAseq.g45527.t1/Montipora_capitata_HIv3___RNAseq.g35008.t1/Montipora_capitata_HIv3___RNAseq.g24942.t1/Montipora_capitata_HIv3___RNAseq.g24095.t1/Montipora_capitata_HIv3___RNAseq.g44814.t1/Montipora_capitata_HIv3___RNAseq.g8971.t1/Montipora_capitata_HIv3___RNAseq.g30678.t1b/Montipora_capitata_HIv3___RNAseq.g36935.t1/Montipora_capitata_HIv3___RNAseq.g14965.t1/Montipora_capitata_HIv3___RNAseq.g42092.t1/Montipora_capitata_HIv3___RNAseq.g43161.t1a/Montipora_capitata_HIv3___RNAseq.g41333.t1/Montipora_capitata_HIv3___RNAseq.g18929.t1/Montipora_capitata_HIv3___TS.g10359.t4b/Montipora_capitata_HIv3___RNAseq.g39706.t2/Montipora_capitata_HIv3___RNAseq.g44445.t1/Montipora_capitata_HIv3___TS.g47745.t1/Montipora_capitata_HIv3___TS.g46192.t3,0.999912854140822,positive regulation of nitrogen compound metabolic process,BP
GO:0042175,nuclear outer membrane-endoplasmic reticulum membrane network,10/164,619/8363,0.7822809983649063,0.8092915977289555,10,619,Montipora_capitata_HIv3___RNAseq.g5395.t1/Montipora_capitata_HIv3___RNAseq.g36836.t1/Montipora_capitata_HIv3___RNAseq.g50691.t1/Montipora_capitata_HIv3___RNAseq.g37193.t1/Montipora_capitata_HIv3___TS.g33523.t1/Montipora_capitata_HIv3___RNAseq.g39974.t1/Montipora_capitata_HIv3___RNAseq.g15188.t1/Montipora_capitata_HIv3___RNAseq.g9561.t1/Montipora_capitata_HIv3___RNAseq.g39706.t2/Montipora_capitata_HIv3___RNAseq.g8867.t2,0.999912854140822,nuclear outer membrane-endoplasmic reticulum membrane network,CC
GO:0032259,methylation,3/164,210/8363,0.7852775986118661,0.7194383762834378,3,210,Montipora_capitata_HIv3___RNAseq.g36845.t1/Montipora_capitata_HIv3___RNAseq.g34092.t1/Montipora_capitata_HIv3___TS.g6904.t1,0.999912854140822,methylation,BP
GO:0009056,catabolic process,23/164,1337/8363,0.7857653730015267,0.8547226491255495,23,1337,Montipora_capitata_HIv3___TS.g33283.t2/Montipora_capitata_HIv3___TS.g1118.t1/Montipora_capitata_HIv3___RNAseq.g34092.t1/Montipora_capitata_HIv3___RNAseq.g44519.t1/Montipora_capitata_HIv3___TS.g28995.t1/Montipora_capitata_HIv3___RNAseq.g42608.t1/Montipora_capitata_HIv3___RNAseq.g46378.t1/Montipora_capitata_HIv3___RNAseq.g20771.t1/Montipora_capitata_HIv3___RNAseq.g30678.t1b/Montipora_capitata_HIv3___RNAseq.g22553.t1c/Montipora_capitata_HIv3___RNAseq.g9918.t1/Montipora_capitata_HIv3___RNAseq.g23247.t1/Montipora_capitata_HIv3___RNAseq.g4241.t1/Montipora_capitata_HIv3___RNAseq.g15188.t1/Montipora_capitata_HIv3___RNAseq.g18929.t1/Montipora_capitata_HIv3___RNAseq.g6934.t1/Montipora_capitata_HIv3___RNAseq.g44719.t1/Montipora_capitata_HIv3___RNAseq.g9087.t1/Montipora_capitata_HIv3___RNAseq.g14956.t1/Montipora_capitata_HIv3___RNAseq.g39706.t2/Montipora_capitata_HIv3___RNAseq.g14960.t1/Montipora_capitata_HIv3___RNAseq.g11658.t1/Montipora_capitata_HIv3___RNAseq.g14488.t1,0.999912854140822,catabolic process,BP
GO:0009165,nucleotide biosynthetic process,3/164,211/8363,0.7879814045398231,0.7158901824163801,3,211,Montipora_capitata_HIv3___RNAseq.g14956.t1/Montipora_capitata_HIv3___RNAseq.g14960.t1/Montipora_capitata_HIv3___RNAseq.g20763.t1,0.999912854140822,nucleotide biosynthetic process,BP
GO:0060828,regulation of canonical Wnt signaling pathway,3/164,211/8363,0.7879814045398231,0.7158901824163801,3,211,Montipora_capitata_HIv3___RNAseq.g7741.t1/Montipora_capitata_HIv3___RNAseq.g8971.t1/Montipora_capitata_HIv3___TS.g33523.t1,0.999912854140822,regulation of canonical Wnt signaling pathway,BP
GO:1901360,organic cyclic compound metabolic process,46/164,2560/8363,0.7883590241323011,0.8815552308241663,46,2560,Montipora_capitata_HIv3___RNAseq.g36845.t1/Montipora_capitata_HIv3___TS.g1118.t1/Montipora_capitata_HIv3___RNAseq.g26525.t1/Montipora_capitata_HIv3___RNAseq.g40427.t1a/Montipora_capitata_HIv3___RNAseq.g7741.t1/Montipora_capitata_HIv3___RNAseq.g33991.t1/Montipora_capitata_HIv3___RNAseq.g34092.t1/Montipora_capitata_HIv3___RNAseq.g40983.t1/Montipora_capitata_HIv3___RNAseq.g24836.t1/Montipora_capitata_HIv3___TS.g28995.t1/Montipora_capitata_HIv3___RNAseq.g42608.t1/Montipora_capitata_HIv3___RNAseq.g12736.t1/Montipora_capitata_HIv3___RNAseq.g33992.t1/Montipora_capitata_HIv3___RNAseq.g403.t1/Montipora_capitata_HIv3___RNAseq.g45527.t1/Montipora_capitata_HIv3___RNAseq.g46378.t1/Montipora_capitata_HIv3___RNAseq.g44814.t1/Montipora_capitata_HIv3___RNAseq.g8971.t1/Montipora_capitata_HIv3___RNAseq.g30678.t1b/Montipora_capitata_HIv3___RNAseq.g18395.t1/Montipora_capitata_HIv3___TS.g40519.t3/Montipora_capitata_HIv3___RNAseq.g15186.t1/Montipora_capitata_HIv3___TS.g6904.t1/Montipora_capitata_HIv3___RNAseq.g40991.t1/Montipora_capitata_HIv3___RNAseq.g14965.t1/Montipora_capitata_HIv3___RNAseq.g47379.t1/Montipora_capitata_HIv3___RNAseq.g42092.t1/Montipora_capitata_HIv3___RNAseq.g42740.t1/Montipora_capitata_HIv3___RNAseq.g43161.t1a/Montipora_capitata_HIv3___TS.g33523.t1/Montipora_capitata_HIv3___RNAseq.g4241.t1/Montipora_capitata_HIv3___RNAseq.g47955.t1/Montipora_capitata_HIv3___RNAseq.g18929.t1/Montipora_capitata_HIv3___TS.g21293.t1/Montipora_capitata_HIv3___TS.g28908.t1/Montipora_capitata_HIv3___RNAseq.g33997.t1/Montipora_capitata_HIv3___RNAseq.g9561.t1/Montipora_capitata_HIv3___RNAseq.g14956.t1/Montipora_capitata_HIv3___RNAseq.g8867.t2/Montipora_capitata_HIv3___RNAseq.g44445.t1/Montipora_capitata_HIv3___RNAseq.g14960.t1/Montipora_capitata_HIv3___RNAseq.g11658.t1/Montipora_capitata_HIv3___TS.g47745.t1/Montipora_capitata_HIv3___RNAseq.g37450.t2/Montipora_capitata_HIv3___RNAseq.g20763.t1/Montipora_capitata_HIv3___TS.g46192.t3,0.999912854140822,organic cyclic compound metabolic process,BP
GO:0001667,ameboidal-type cell migration,4/164,273/8363,0.7886560049728484,0.7370082291252226,4,273,Montipora_capitata_HIv3___RNAseq.g24942.t1/Montipora_capitata_HIv3___RNAseq.g44814.t1/Montipora_capitata_HIv3___RNAseq.g8971.t1/Montipora_capitata_HIv3___TS.g33523.t1,0.999912854140822,ameboidal-type cell migration,BP
GO:0048871,multicellular organismal-level homeostasis,3/164,212/8363,0.7906571737049526,0.7123759388793528,3,212,Montipora_capitata_HIv3___RNAseq.g44960.t2/Montipora_capitata_HIv3___RNAseq.21467_t/Montipora_capitata_HIv3___RNAseq.g44814.t1,0.999912854140822,multicellular organismal-level homeostasis,BP
GO:0015629,actin cytoskeleton,3/164,212/8363,0.7906571737049526,0.7123759388793528,3,212,Montipora_capitata_HIv3___RNAseq.g45527.t1/Montipora_capitata_HIv3___RNAseq.g18698.t1/Montipora_capitata_HIv3___TS.g47745.t1,0.999912854140822,actin cytoskeleton,CC
GO:0006518,peptide metabolic process,6/164,394/8363,0.791742302545501,0.7644993892546301,6,394,Montipora_capitata_HIv3___RNAseq.g34092.t1/Montipora_capitata_HIv3___RNAseq.g37645.t1/Montipora_capitata_HIv3___RNAseq.g43111.t1/Montipora_capitata_HIv3___RNAseq.g41226.t1/Montipora_capitata_HIv3___RNAseq.g39706.t2/Montipora_capitata_HIv3___RNAseq.g11658.t1,0.999912854140822,peptide metabolic process,BP
GO:0043069,negative regulation of programmed cell death,9/164,569/8363,0.7938209176325239,0.7920670381652007,9,569,Montipora_capitata_HIv3___RNAseq.g44519.t1/Montipora_capitata_HIv3___RNAseq.g44960.t2/Montipora_capitata_HIv3___RNAseq.21467_t/Montipora_capitata_HIv3___RNAseq.g36907.t1/Montipora_capitata_HIv3___RNAseq.g44814.t1/Montipora_capitata_HIv3___RNAseq.g8971.t1/Montipora_capitata_HIv3___RNAseq.g43161.t1a/Montipora_capitata_HIv3___RNAseq.g15188.t1/Montipora_capitata_HIv3___RNAseq.g14488.t1,0.999912854140822,negative regulation of programmed cell death,BP
GO:0009653,anatomical structure morphogenesis,34/164,1934/8363,0.79467932093842,0.8670845730599093,34,1934,Montipora_capitata_HIv3___RNAseq.g2559.t1a/Montipora_capitata_HIv3___RNAseq.g23734.t3/Montipora_capitata_HIv3___RNAseq.g35804.t1/Montipora_capitata_HIv3___RNAseq.g5395.t1/Montipora_capitata_HIv3___RNAseq.g22865.t1/Montipora_capitata_HIv3___RNAseq.g7741.t1/Montipora_capitata_HIv3___RNAseq.g44960.t2/Montipora_capitata_HIv3___RNAseq.21467_t/Montipora_capitata_HIv3___RNAseq.g36907.t1/Montipora_capitata_HIv3___RNAseq.g35008.t1/Montipora_capitata_HIv3___RNAseq.g668.t1/Montipora_capitata_HIv3___RNAseq.g24942.t1/Montipora_capitata_HIv3___RNAseq.g44814.t1/Montipora_capitata_HIv3___RNAseq.g35720.t1/Montipora_capitata_HIv3___RNAseq.g18698.t1/Montipora_capitata_HIv3___RNAseq.g8971.t1/Montipora_capitata_HIv3___RNAseq.g24020.t1/Montipora_capitata_HIv3___RNAseq.g42092.t1/Montipora_capitata_HIv3___RNAseq.g9918.t1/Montipora_capitata_HIv3___RNAseq.g33449.t1/Montipora_capitata_HIv3___TS.g33523.t1/Montipora_capitata_HIv3___RNAseq.g8270.t1/Montipora_capitata_HIv3___RNAseq.g6934.t1/Montipora_capitata_HIv3___RNAseq.g28116.t1/Montipora_capitata_HIv3___RNAseq.g15029.t1b/Montipora_capitata_HIv3___TS.g10359.t4b/Montipora_capitata_HIv3___RNAseq.g39706.t2/Montipora_capitata_HIv3___RNAseq.g18391.t1/Montipora_capitata_HIv3___RNAseq.g14488.t1/Montipora_capitata_HIv3___TS.g47745.t1/Montipora_capitata_HIv3___RNAseq.g37450.t2/Montipora_capitata_HIv3___TS.g20607.t1/Montipora_capitata_HIv3___TS.g46192.t3/Montipora_capitata_HIv3___RNAseq.g50276.t1,0.999912854140822,anatomical structure morphogenesis,BP
GO:0042493,GO:0042493,12/164,740/8363,0.7955065488945949,0.8101795047599085,12,740,Montipora_capitata_HIv3___RNAseq.g15043.t1/Montipora_capitata_HIv3___RNAseq.g5395.t1/Montipora_capitata_HIv3___RNAseq.g24139.t1/Montipora_capitata_HIv3___RNAseq.g46378.t1/Montipora_capitata_HIv3___RNAseq.g44814.t1/Montipora_capitata_HIv3___RNAseq.g8971.t1/Montipora_capitata_HIv3___RNAseq.g43161.t1a/Montipora_capitata_HIv3___TS.g33523.t1/Montipora_capitata_HIv3___RNAseq.g39974.t1/Montipora_capitata_HIv3___RNAseq.g23366.t1/Montipora_capitata_HIv3___RNAseq.g18391.t1/Montipora_capitata_HIv3___RNAseq.g14488.t1,0.999912854140822,NA,NA
GO:1901293,nucleoside phosphate biosynthetic process,3/164,214/8363,0.7959252624092673,0.705447372170142,3,214,Montipora_capitata_HIv3___RNAseq.g14956.t1/Montipora_capitata_HIv3___RNAseq.g14960.t1/Montipora_capitata_HIv3___RNAseq.g20763.t1,0.999912854140822,nucleoside phosphate biosynthetic process,BP
GO:0009628,response to abiotic stimulus,17/164,1021/8363,0.7996946836558082,0.8287865746191743,17,1021,Montipora_capitata_HIv3___RNAseq.g26525.t1/Montipora_capitata_HIv3___RNAseq.g7741.t1/Montipora_capitata_HIv3___RNAseq.g42608.t1/Montipora_capitata_HIv3___RNAseq.g38848.t1/Montipora_capitata_HIv3___RNAseq.g668.t1/Montipora_capitata_HIv3___RNAseq.g24942.t1/Montipora_capitata_HIv3___RNAseq.g44814.t1/Montipora_capitata_HIv3___RNAseq.g20250.t1/Montipora_capitata_HIv3___TS.g4674.t2b/Montipora_capitata_HIv3___RNAseq.g43161.t1a/Montipora_capitata_HIv3___RNAseq.g39974.t1/Montipora_capitata_HIv3___RNAseq.g28116.t1/Montipora_capitata_HIv3___RNAseq.g26867.t1/Montipora_capitata_HIv3___RNAseq.g8867.t2/Montipora_capitata_HIv3___RNAseq.g23366.t1/Montipora_capitata_HIv3___RNAseq.g14488.t1/Montipora_capitata_HIv3___TS.g47745.t1,0.999912854140822,response to abiotic stimulus,BP
GO:0044427,GO:0044427,9/164,573/8363,0.8004983510918635,0.786037247131429,9,573,Montipora_capitata_HIv3___RNAseq.g26525.t1/Montipora_capitata_HIv3___RNAseq.g26580.t1/Montipora_capitata_HIv3___RNAseq.g403.t1/Montipora_capitata_HIv3___RNAseq.g45527.t1/Montipora_capitata_HIv3___RNAseq.g43161.t1a/Montipora_capitata_HIv3___RNAseq.g18929.t1/Montipora_capitata_HIv3___RNAseq.g15140.t1/Montipora_capitata_HIv3___TS.g32614.t2/Montipora_capitata_HIv3___TS.g47745.t1,0.999912854140822,NA,NA
GO:0031669,cellular response to nutrient levels,3/164,216/8363,0.8010832058693712,0.6986489055347208,3,216,Montipora_capitata_HIv3___RNAseq.g6978.t1/Montipora_capitata_HIv3___RNAseq.g46378.t1/Montipora_capitata_HIv3___TS.g33523.t1,0.999912854140822,cellular response to nutrient levels,BP
GO:0034976,response to endoplasmic reticulum stress,3/164,216/8363,0.8010832058693712,0.6986489055347208,3,216,Montipora_capitata_HIv3___RNAseq.g50691.t1/Montipora_capitata_HIv3___RNAseq.g24095.t1/Montipora_capitata_HIv3___RNAseq.g15188.t1,0.999912854140822,response to endoplasmic reticulum stress,BP
GO:0046983,protein dimerization activity,14/164,856/8363,0.8013772980238866,0.8155459966008468,14,856,Montipora_capitata_HIv3___RNAseq.g6978.t1/Montipora_capitata_HIv3___RNAseq.g5395.t1/Montipora_capitata_HIv3___RNAseq.g7741.t1/Montipora_capitata_HIv3___RNAseq.g34092.t1/Montipora_capitata_HIv3___TS.g32048.t1/Montipora_capitata_HIv3___RNAseq.g45527.t1/Montipora_capitata_HIv3___RNAseq.g44814.t1/Montipora_capitata_HIv3___RNAseq.g8971.t1/Montipora_capitata_HIv3___RNAseq.g30678.t1b/Montipora_capitata_HIv3___RNAseq.g37645.t1/Montipora_capitata_HIv3___RNAseq.g43161.t1a/Montipora_capitata_HIv3___RNAseq.g33449.t1/Montipora_capitata_HIv3___RNAseq.g37450.t2/Montipora_capitata_HIv3___TS.g46192.t3,0.999912854140822,protein dimerization activity,MF
GO:0071496,cellular response to external stimulus,4/164,279/8363,0.8025979066436605,0.7203834257176319,4,279,Montipora_capitata_HIv3___RNAseq.g6978.t1/Montipora_capitata_HIv3___RNAseq.g46378.t1/Montipora_capitata_HIv3___RNAseq.g44814.t1/Montipora_capitata_HIv3___TS.g33523.t1,0.999912854140822,cellular response to external stimulus,BP
GO:0007411,axon guidance,4/164,279/8363,0.8025979066436605,0.7203834257176319,4,279,Montipora_capitata_HIv3___RNAseq.g35008.t1/Montipora_capitata_HIv3___RNAseq.g24942.t1/Montipora_capitata_HIv3___RNAseq.g24020.t1/Montipora_capitata_HIv3___TS.g46192.t3,0.999912854140822,axon guidance,BP
GO:0043068,positive regulation of programmed cell death,7/164,459/8363,0.8036771750087559,0.7641872059071064,7,459,Montipora_capitata_HIv3___RNAseq.g7741.t1/Montipora_capitata_HIv3___RNAseq.g44960.t2/Montipora_capitata_HIv3___RNAseq.21467_t/Montipora_capitata_HIv3___RNAseq.g24095.t1/Montipora_capitata_HIv3___RNAseq.g44814.t1/Montipora_capitata_HIv3___RNAseq.g8971.t1/Montipora_capitata_HIv3___RNAseq.g44445.t1,0.999912854140822,positive regulation of programmed cell death,BP
GO:0005929,cilium,7/164,459/8363,0.8036771750087559,0.7641872059071064,7,459,Montipora_capitata_HIv3___RNAseq.g36838.t1/Montipora_capitata_HIv3___RNAseq.g2559.t1a/Montipora_capitata_HIv3___RNAseq.g22865.t1/Montipora_capitata_HIv3___TS.g5595.t1/Montipora_capitata_HIv3___RNAseq.g12807.t1/Montipora_capitata_HIv3___RNAseq.g44814.t1/Montipora_capitata_HIv3___TS.g5653.t1,0.999912854140822,cilium,CC
GO:0009952,anterior/posterior pattern specification,4/164,280/8363,0.8048483674134489,0.7176828896437042,4,280,Montipora_capitata_HIv3___RNAseq.g35008.t1/Montipora_capitata_HIv3___RNAseq.g23247.t1/Montipora_capitata_HIv3___RNAseq.g28116.t1/Montipora_capitata_HIv3___TS.g46192.t3,0.999912854140822,anterior/posterior pattern specification,BP
GO:0001932,regulation of protein phosphorylation,12/164,747/8363,0.8058077332389487,0.8017096718060497,12,747,Montipora_capitata_HIv3___TS.g33283.t2/Montipora_capitata_HIv3___RNAseq.g6978.t1/Montipora_capitata_HIv3___RNAseq.g5395.t1/Montipora_capitata_HIv3___TS.g27540.t1/Montipora_capitata_HIv3___RNAseq.g44960.t2/Montipora_capitata_HIv3___RNAseq.21467_t/Montipora_capitata_HIv3___RNAseq.g35008.t1/Montipora_capitata_HIv3___RNAseq.g24095.t1/Montipora_capitata_HIv3___RNAseq.g8971.t1/Montipora_capitata_HIv3___RNAseq.g14965.t1/Montipora_capitata_HIv3___RNAseq.g43161.t1a/Montipora_capitata_HIv3___TS.g10359.t4b,0.999912854140822,regulation of protein phosphorylation,BP
GO:0009889,regulation of biosynthetic process,36/164,2052/8363,0.8065056047131703,0.8626005908136871,36,2052,Montipora_capitata_HIv3___TS.g33283.t2/Montipora_capitata_HIv3___RNAseq.g6978.t1/Montipora_capitata_HIv3___TS.g1118.t1/Montipora_capitata_HIv3___RNAseq.g26525.t1/Montipora_capitata_HIv3___TS.g10979.t1/Montipora_capitata_HIv3___RNAseq.g11548.t1/Montipora_capitata_HIv3___RNAseq.g7741.t1/Montipora_capitata_HIv3___RNAseq.g46819.t1/Montipora_capitata_HIv3___RNAseq.g44960.t2/Montipora_capitata_HIv3___RNAseq.21467_t/Montipora_capitata_HIv3___RNAseq.g42608.t1/Montipora_capitata_HIv3___RNAseq.g403.t1/Montipora_capitata_HIv3___RNAseq.g13857.t1/Montipora_capitata_HIv3___RNAseq.g45527.t1/Montipora_capitata_HIv3___RNAseq.g35008.t1/Montipora_capitata_HIv3___RNAseq.g46378.t1/Montipora_capitata_HIv3___RNAseq.g24942.t1/Montipora_capitata_HIv3___RNAseq.g24095.t1/Montipora_capitata_HIv3___RNAseq.g44814.t1/Montipora_capitata_HIv3___RNAseq.g8971.t1/Montipora_capitata_HIv3___RNAseq.g36935.t1/Montipora_capitata_HIv3___RNAseq.g28405.t2/Montipora_capitata_HIv3___RNAseq.g40991.t1/Montipora_capitata_HIv3___RNAseq.g32149.t1/Montipora_capitata_HIv3___RNAseq.g43161.t1a/Montipora_capitata_HIv3___RNAseq.g41333.t1/Montipora_capitata_HIv3___TS.g33523.t1/Montipora_capitata_HIv3___RNAseq.g47955.t1/Montipora_capitata_HIv3___RNAseq.g15188.t1/Montipora_capitata_HIv3___RNAseq.g28116.t1/Montipora_capitata_HIv3___RNAseq.g41226.t1/Montipora_capitata_HIv3___RNAseq.g39706.t2/Montipora_capitata_HIv3___RNAseq.g44445.t1/Montipora_capitata_HIv3___RNAseq.g14488.t1/Montipora_capitata_HIv3___TS.g47745.t1/Montipora_capitata_HIv3___TS.g46192.t3,0.999912854140822,regulation of biosynthetic process,BP
GO:0045202,synapse,9/164,577/8363,0.8070164529927757,0.7800923411898778,9,577,Montipora_capitata_HIv3___RNAseq.g23734.t3/Montipora_capitata_HIv3___RNAseq.g35804.t1/Montipora_capitata_HIv3___RNAseq.g5395.t1/Montipora_capitata_HIv3___RNAseq.g9026.t1/Montipora_capitata_HIv3___RNAseq.g24942.t1/Montipora_capitata_HIv3___RNAseq.g35720.t1/Montipora_capitata_HIv3___RNAseq.g8971.t1/Montipora_capitata_HIv3___RNAseq.g20807.t2/Montipora_capitata_HIv3___RNAseq.g23366.t1,0.999912854140822,synapse,CC
GO:0006259,DNA metabolic process,9/164,577/8363,0.8070164529927757,0.7800923411898778,9,577,Montipora_capitata_HIv3___TS.g1118.t1/Montipora_capitata_HIv3___TS.g28995.t1/Montipora_capitata_HIv3___RNAseq.g30678.t1b/Montipora_capitata_HIv3___TS.g40519.t3/Montipora_capitata_HIv3___RNAseq.g15186.t1/Montipora_capitata_HIv3___RNAseq.g14965.t1/Montipora_capitata_HIv3___RNAseq.g43161.t1a/Montipora_capitata_HIv3___RNAseq.g47955.t1/Montipora_capitata_HIv3___RNAseq.g18929.t1,0.999912854140822,DNA metabolic process,BP
GO:0006511,ubiquitin-dependent protein catabolic process,5/164,342/8363,0.8070647486773472,0.7336452867099085,5,342,Montipora_capitata_HIv3___TS.g1118.t1/Montipora_capitata_HIv3___RNAseq.g30678.t1b/Montipora_capitata_HIv3___RNAseq.g22553.t1c/Montipora_capitata_HIv3___RNAseq.g23247.t1/Montipora_capitata_HIv3___RNAseq.g15188.t1,0.999912854140822,ubiquitin-dependent protein catabolic process,BP
GO:0005759,mitochondrial matrix,5/164,342/8363,0.8070647486773472,0.7336452867099085,5,342,Montipora_capitata_HIv3___RNAseq.g40427.t1a/Montipora_capitata_HIv3___RNAseq.g46378.t1/Montipora_capitata_HIv3___RNAseq.g1174.t1/Montipora_capitata_HIv3___RNAseq.g9087.t1/Montipora_capitata_HIv3___RNAseq.g14488.t1,0.999912854140822,mitochondrial matrix,CC
GO:0002064,epithelial cell development,5/164,342/8363,0.8070647486773472,0.7336452867099085,5,342,Montipora_capitata_HIv3___RNAseq.g24942.t1/Montipora_capitata_HIv3___RNAseq.g44814.t1/Montipora_capitata_HIv3___RNAseq.g18698.t1/Montipora_capitata_HIv3___RNAseq.g8971.t1/Montipora_capitata_HIv3___TS.g20607.t1,0.999912854140822,epithelial cell development,BP
GO:0006793,phosphorus metabolic process,23/164,1357/8363,0.8090368653752458,0.8394643455299567,23,1357,Montipora_capitata_HIv3___TS.g33283.t2/Montipora_capitata_HIv3___RNAseq.g6978.t1/Montipora_capitata_HIv3___RNAseq.g15043.t1/Montipora_capitata_HIv3___RNAseq.g5395.t1/Montipora_capitata_HIv3___RNAseq.g46819.t1/Montipora_capitata_HIv3___RNAseq.g44960.t2/Montipora_capitata_HIv3___RNAseq.21467_t/Montipora_capitata_HIv3___RNAseq.g24095.t1/Montipora_capitata_HIv3___RNAseq.g8971.t1/Montipora_capitata_HIv3___RNAseq.g14965.t1/Montipora_capitata_HIv3___RNAseq.g33449.t1/Montipora_capitata_HIv3___RNAseq.g9060.t1/Montipora_capitata_HIv3___TS.g50674.t1/Montipora_capitata_HIv3___TS.g21293.t1/Montipora_capitata_HIv3___RNAseq.g6934.t1/Montipora_capitata_HIv3___RNAseq.g28116.t1/Montipora_capitata_HIv3___RNAseq.g9561.t1/Montipora_capitata_HIv3___RNAseq.g44719.t1/Montipora_capitata_HIv3___RNAseq.g14956.t1/Montipora_capitata_HIv3___RNAseq.g8867.t2/Montipora_capitata_HIv3___RNAseq.g44445.t1/Montipora_capitata_HIv3___RNAseq.g14960.t1/Montipora_capitata_HIv3___RNAseq.g20763.t1,0.999912854140822,phosphorus metabolic process,BP
GO:1901990,regulation of mitotic cell cycle phase transition,4/164,282/8363,0.8092874190488134,0.7123400946421724,4,282,Montipora_capitata_HIv3___RNAseq.g7741.t1/Montipora_capitata_HIv3___RNAseq.g14965.t1/Montipora_capitata_HIv3___RNAseq.g43161.t1a/Montipora_capitata_HIv3___RNAseq.g23247.t1,0.999912854140822,regulation of mitotic cell cycle phase transition,BP
GO:0007409,axonogenesis,6/164,404/8363,0.8110510759270269,0.7443369207498821,6,404,Montipora_capitata_HIv3___RNAseq.g35008.t1/Montipora_capitata_HIv3___RNAseq.g24942.t1/Montipora_capitata_HIv3___RNAseq.g8971.t1/Montipora_capitata_HIv3___RNAseq.g24020.t1/Montipora_capitata_HIv3___TS.g47745.t1/Montipora_capitata_HIv3___TS.g46192.t3,0.999912854140822,axonogenesis,BP
GO:0009895,negative regulation of catabolic process,3/164,220/8363,0.8110741668107984,0.6854278849693239,3,220,Montipora_capitata_HIv3___RNAseq.g15029.t1b/Montipora_capitata_HIv3___RNAseq.g39706.t2/Montipora_capitata_HIv3___TS.g47745.t1,0.999912854140822,negative regulation of catabolic process,BP
GO:0019941,modification-dependent protein catabolic process,5/164,344/8363,0.8110943522615119,0.7291315970473576,5,344,Montipora_capitata_HIv3___TS.g1118.t1/Montipora_capitata_HIv3___RNAseq.g30678.t1b/Montipora_capitata_HIv3___RNAseq.g22553.t1c/Montipora_capitata_HIv3___RNAseq.g23247.t1/Montipora_capitata_HIv3___RNAseq.g15188.t1,0.999912854140822,modification-dependent protein catabolic process,BP
GO:0005768,endosome,9/164,581/8363,0.8133762622822375,0.7742305398825161,9,581,Montipora_capitata_HIv3___RNAseq.g2640.t1a/Montipora_capitata_HIv3___RNAseq.g44960.t2/Montipora_capitata_HIv3___RNAseq.21467_t/Montipora_capitata_HIv3___RNAseq.g35008.t1/Montipora_capitata_HIv3___RNAseq.g8971.t1/Montipora_capitata_HIv3___RNAseq.g1174.t1/Montipora_capitata_HIv3___RNAseq.g15029.t1b/Montipora_capitata_HIv3___RNAseq.g39706.t2/Montipora_capitata_HIv3___TS.g20607.t1,0.999912854140822,endosome,CC
GO:0005911,cell-cell junction,3/164,221/8363,0.8135052397453659,0.68219843051643,3,221,Montipora_capitata_HIv3___RNAseq.g6978.t1/Montipora_capitata_HIv3___RNAseq.g35008.t1/Montipora_capitata_HIv3___RNAseq.g18698.t1,0.999912854140822,cell-cell junction,CC
GO:0098590,plasma membrane region,9/164,582/8363,0.8149416169713666,0.7727778707398918,9,582,Montipora_capitata_HIv3___RNAseq.g5395.t1/Montipora_capitata_HIv3___RNAseq.g26580.t1/Montipora_capitata_HIv3___RNAseq.g49895.t2/Montipora_capitata_HIv3___RNAseq.g36907.t1/Montipora_capitata_HIv3___RNAseq.g668.t1/Montipora_capitata_HIv3___RNAseq.g41416.t2a/Montipora_capitata_HIv3___TS.g4674.t2b/Montipora_capitata_HIv3___TS.g33523.t1/Montipora_capitata_HIv3___RNAseq.g23366.t1,0.999912854140822,plasma membrane region,CC
GO:0046700,heterocycle catabolic process,5/164,346/8363,0.8150573712209903,0.7246708446951106,5,346,Montipora_capitata_HIv3___TS.g28995.t1/Montipora_capitata_HIv3___RNAseq.g42608.t1/Montipora_capitata_HIv3___RNAseq.g4241.t1/Montipora_capitata_HIv3___RNAseq.g18929.t1/Montipora_capitata_HIv3___RNAseq.g11658.t1,0.999912854140822,heterocycle catabolic process,BP
GO:0097485,neuron projection guidance,4/164,285/8363,0.8157928258900455,0.7044684844755946,4,285,Montipora_capitata_HIv3___RNAseq.g35008.t1/Montipora_capitata_HIv3___RNAseq.g24942.t1/Montipora_capitata_HIv3___RNAseq.g24020.t1/Montipora_capitata_HIv3___TS.g46192.t3,0.999912854140822,neuron projection guidance,BP
GO:0032989,cellular component morphogenesis,13/164,811/8363,0.8164456967303577,0.7985060045140918,13,811,Montipora_capitata_HIv3___RNAseq.g23734.t3/Montipora_capitata_HIv3___RNAseq.g35804.t1/Montipora_capitata_HIv3___RNAseq.g35008.t1/Montipora_capitata_HIv3___RNAseq.g24942.t1/Montipora_capitata_HIv3___RNAseq.g35720.t1/Montipora_capitata_HIv3___RNAseq.g8971.t1/Montipora_capitata_HIv3___RNAseq.g24020.t1/Montipora_capitata_HIv3___RNAseq.g6934.t1/Montipora_capitata_HIv3___RNAseq.g39706.t2/Montipora_capitata_HIv3___TS.g47745.t1/Montipora_capitata_HIv3___RNAseq.g37450.t2/Montipora_capitata_HIv3___TS.g20607.t1/Montipora_capitata_HIv3___TS.g46192.t3,0.999912854140822,cellular component morphogenesis,BP
GO:0030141,secretory granule,7/164,467/8363,0.8176902691164609,0.7501212511352465,7,467,Montipora_capitata_HIv3___TS.g33283.t2/Montipora_capitata_HIv3___RNAseq.g44519.t1/Montipora_capitata_HIv3___RNAseq.g24942.t1/Montipora_capitata_HIv3___TS.g4674.t2b/Montipora_capitata_HIv3___TS.g33523.t1/Montipora_capitata_HIv3___RNAseq.g14625.t1/Montipora_capitata_HIv3___RNAseq.g14488.t1,0.999912854140822,secretory granule,CC
GO:0044265,GO:0044265,10/164,642/8363,0.8186022230918987,0.7774723637156183,10,642,Montipora_capitata_HIv3___TS.g1118.t1/Montipora_capitata_HIv3___TS.g28995.t1/Montipora_capitata_HIv3___RNAseq.g42608.t1/Montipora_capitata_HIv3___RNAseq.g30678.t1b/Montipora_capitata_HIv3___RNAseq.g22553.t1c/Montipora_capitata_HIv3___RNAseq.g23247.t1/Montipora_capitata_HIv3___RNAseq.g4241.t1/Montipora_capitata_HIv3___RNAseq.g15188.t1/Montipora_capitata_HIv3___RNAseq.g18929.t1/Montipora_capitata_HIv3___RNAseq.g11658.t1,0.999912854140822,NA,NA
GO:0044270,cellular nitrogen compound catabolic process,5/164,349/8363,0.8208782192093417,0.7180769541047337,5,349,Montipora_capitata_HIv3___TS.g28995.t1/Montipora_capitata_HIv3___RNAseq.g42608.t1/Montipora_capitata_HIv3___RNAseq.g4241.t1/Montipora_capitata_HIv3___RNAseq.g18929.t1/Montipora_capitata_HIv3___RNAseq.g11658.t1,0.999912854140822,cellular nitrogen compound catabolic process,BP
GO:0071702,organic substance transport,19/164,1149/8363,0.8213054317650182,0.8197377133288493,19,1149,Montipora_capitata_HIv3___TS.g33283.t2/Montipora_capitata_HIv3___RNAseq.g15043.t1/Montipora_capitata_HIv3___TS.g44069.t1/Montipora_capitata_HIv3___RNAseq.g24139.t1/Montipora_capitata_HIv3___TS.g32048.t1/Montipora_capitata_HIv3___RNAseq.g13129.t1/Montipora_capitata_HIv3___RNAseq.g49895.t2/Montipora_capitata_HIv3___RNAseq.g13857.t1/Montipora_capitata_HIv3___RNAseq.g20250.t1/Montipora_capitata_HIv3___TS.g4674.t2b/Montipora_capitata_HIv3___RNAseq.g42740.t1/Montipora_capitata_HIv3___TS.g33523.t1/Montipora_capitata_HIv3___RNAseq.g15188.t1/Montipora_capitata_HIv3___RNAseq.g49962.t1/Montipora_capitata_HIv3___RNAseq.g11214.t1/Montipora_capitata_HIv3___RNAseq.g15029.t1b/Montipora_capitata_HIv3___RNAseq.g41226.t1/Montipora_capitata_HIv3___RNAseq.g44445.t1/Montipora_capitata_HIv3___RNAseq.g11658.t1,0.999912854140822,organic substance transport,BP
GO:0061024,membrane organization,8/164,528/8363,0.8214187630930486,0.7573043112087641,8,528,Montipora_capitata_HIv3___TS.g44069.t1/Montipora_capitata_HIv3___RNAseq.g668.t1/Montipora_capitata_HIv3___RNAseq.g20250.t1/Montipora_capitata_HIv3___TS.g33523.t1/Montipora_capitata_HIv3___RNAseq.g11214.t1/Montipora_capitata_HIv3___RNAseq.g39706.t2/Montipora_capitata_HIv3___RNAseq.g44445.t1/Montipora_capitata_HIv3___TS.g20607.t1,0.999912854140822,membrane organization,BP
GO:0000228,nuclear chromosome,5/164,350/8363,0.8227857949705806,0.7159044697894301,5,350,Montipora_capitata_HIv3___RNAseq.g26525.t1/Montipora_capitata_HIv3___RNAseq.g45527.t1/Montipora_capitata_HIv3___RNAseq.g43161.t1a/Montipora_capitata_HIv3___TS.g32614.t2/Montipora_capitata_HIv3___TS.g47745.t1,0.999912854140822,nuclear chromosome,CC
GO:0120025,plasma membrane bounded cell projection,22/164,1316/8363,0.8238630289403664,0.8267482284298227,22,1316,Montipora_capitata_HIv3___RNAseq.g36838.t1/Montipora_capitata_HIv3___RNAseq.g2559.t1a/Montipora_capitata_HIv3___RNAseq.g23734.t3/Montipora_capitata_HIv3___RNAseq.g35804.t1/Montipora_capitata_HIv3___RNAseq.g5395.t1/Montipora_capitata_HIv3___RNAseq.g22865.t1/Montipora_capitata_HIv3___TS.g5595.t1/Montipora_capitata_HIv3___RNAseq.g12807.t1/Montipora_capitata_HIv3___RNAseq.g34092.t1/Montipora_capitata_HIv3___RNAseq.g36907.t1/Montipora_capitata_HIv3___RNAseq.g24942.t1/Montipora_capitata_HIv3___RNAseq.g44814.t1/Montipora_capitata_HIv3___RNAseq.g35720.t1/Montipora_capitata_HIv3___RNAseq.g20807.t2/Montipora_capitata_HIv3___TS.g5653.t1/Montipora_capitata_HIv3___TS.g33523.t1/Montipora_capitata_HIv3___RNAseq.g49962.t1/Montipora_capitata_HIv3___RNAseq.g15029.t1b/Montipora_capitata_HIv3___RNAseq.g12947.t1/Montipora_capitata_HIv3___RNAseq.g23366.t1/Montipora_capitata_HIv3___RNAseq.g14488.t1/Montipora_capitata_HIv3___TS.g46192.t3,0.999912854140822,plasma membrane bounded cell projection,CC
GO:0040011,locomotion,16/164,986/8363,0.8251666636244402,0.8057065589482894,16,986,Montipora_capitata_HIv3___TS.g33283.t2/Montipora_capitata_HIv3___RNAseq.g15043.t1/Montipora_capitata_HIv3___TS.g5595.t1/Montipora_capitata_HIv3___RNAseq.g44519.t1/Montipora_capitata_HIv3___RNAseq.g36907.t1/Montipora_capitata_HIv3___RNAseq.g35008.t1/Montipora_capitata_HIv3___RNAseq.g24942.t1/Montipora_capitata_HIv3___RNAseq.g44814.t1/Montipora_capitata_HIv3___RNAseq.g8971.t1/Montipora_capitata_HIv3___RNAseq.g24020.t1/Montipora_capitata_HIv3___TS.g33523.t1/Montipora_capitata_HIv3___RNAseq.g28116.t1/Montipora_capitata_HIv3___RNAseq.g4457.t1/Montipora_capitata_HIv3___TS.g10359.t4b/Montipora_capitata_HIv3___RNAseq.g12947.t1/Montipora_capitata_HIv3___TS.g46192.t3,0.999912854140822,locomotion,BP
GO:0098687,chromosomal region,3/164,226/8363,0.8252695986756431,0.6664855695337084,3,226,Montipora_capitata_HIv3___RNAseq.g26580.t1/Montipora_capitata_HIv3___RNAseq.g403.t1/Montipora_capitata_HIv3___RNAseq.g43161.t1a,0.999912854140822,chromosomal region,CC
GO:0015630,microtubule cytoskeleton,12/164,761/8363,0.8252828222293619,0.7853055331143795,12,761,Montipora_capitata_HIv3___RNAseq.g36838.t1/Montipora_capitata_HIv3___RNAseq.g22865.t1/Montipora_capitata_HIv3___RNAseq.g26580.t1/Montipora_capitata_HIv3___TS.g5595.t1/Montipora_capitata_HIv3___RNAseq.g39887.t1/Montipora_capitata_HIv3___RNAseq.g403.t1/Montipora_capitata_HIv3___RNAseq.g24095.t1/Montipora_capitata_HIv3___TS.g5653.t1/Montipora_capitata_HIv3___RNAseq.g15029.t1b/Montipora_capitata_HIv3___TS.g21895.t1/Montipora_capitata_HIv3___RNAseq.g22853.t1/Montipora_capitata_HIv3___TS.g47745.t1,0.999912854140822,microtubule cytoskeleton,CC
GO:0034660,ncRNA metabolic process,6/164,412/8363,0.8254791312420174,0.7289219076494943,6,412,Montipora_capitata_HIv3___RNAseq.g403.t1/Montipora_capitata_HIv3___RNAseq.g45527.t1/Montipora_capitata_HIv3___RNAseq.g47379.t1/Montipora_capitata_HIv3___RNAseq.g47955.t1/Montipora_capitata_HIv3___RNAseq.g18929.t1/Montipora_capitata_HIv3___TS.g28908.t1,0.999912854140822,ncRNA metabolic process,BP
GO:0034622,GO:0034622,9/164,589/8363,0.8256258709360877,0.7627493748591826,9,589,Montipora_capitata_HIv3___RNAseq.g36838.t1/Montipora_capitata_HIv3___RNAseq.g26525.t1/Montipora_capitata_HIv3___TS.g5595.t1/Montipora_capitata_HIv3___RNAseq.g27546.t1/Montipora_capitata_HIv3___RNAseq.g40982.t1a/Montipora_capitata_HIv3___RNAseq.g47955.t1/Montipora_capitata_HIv3___RNAseq.g43111.t1/Montipora_capitata_HIv3___RNAseq.g15140.t1/Montipora_capitata_HIv3___TS.g47745.t1,0.999912854140822,NA,NA
GO:0043632,modification-dependent macromolecule catabolic process,5/164,352/8363,0.8265523094349813,0.7115970592190187,5,352,Montipora_capitata_HIv3___TS.g1118.t1/Montipora_capitata_HIv3___RNAseq.g30678.t1b/Montipora_capitata_HIv3___RNAseq.g22553.t1c/Montipora_capitata_HIv3___RNAseq.g23247.t1/Montipora_capitata_HIv3___RNAseq.g15188.t1,0.999912854140822,modification-dependent macromolecule catabolic process,BP
GO:0008361,regulation of cell size,3/164,227/8363,0.8275455516203621,0.66342716478075,3,227,Montipora_capitata_HIv3___RNAseq.g668.t1/Montipora_capitata_HIv3___RNAseq.g24942.t1/Montipora_capitata_HIv3___RNAseq.g44814.t1,0.999912854140822,regulation of cell size,BP
GO:0044271,cellular nitrogen compound biosynthetic process,22/164,1320/8363,0.8281265005428702,0.8237233659049364,22,1320,Montipora_capitata_HIv3___RNAseq.g40427.t1a/Montipora_capitata_HIv3___RNAseq.g7741.t1/Montipora_capitata_HIv3___RNAseq.g34092.t1/Montipora_capitata_HIv3___RNAseq.g12736.t1/Montipora_capitata_HIv3___RNAseq.g45527.t1/Montipora_capitata_HIv3___RNAseq.g44814.t1/Montipora_capitata_HIv3___RNAseq.g30678.t1b/Montipora_capitata_HIv3___RNAseq.g40991.t1/Montipora_capitata_HIv3___RNAseq.g43161.t1a/Montipora_capitata_HIv3___RNAseq.g9918.t1/Montipora_capitata_HIv3___TS.g21293.t1/Montipora_capitata_HIv3___RNAseq.g43111.t1/Montipora_capitata_HIv3___RNAseq.g41226.t1/Montipora_capitata_HIv3___RNAseq.g14956.t1/Montipora_capitata_HIv3___RNAseq.g39706.t2/Montipora_capitata_HIv3___RNAseq.g44445.t1/Montipora_capitata_HIv3___RNAseq.g14960.t1/Montipora_capitata_HIv3___RNAseq.g11658.t1/Montipora_capitata_HIv3___RNAseq.g14488.t1/Montipora_capitata_HIv3___RNAseq.g37450.t2/Montipora_capitata_HIv3___RNAseq.g20763.t1/Montipora_capitata_HIv3___TS.g46192.t3,0.999912854140822,cellular nitrogen compound biosynthetic process,BP
GO:0008285,negative regulation of cell population proliferation,6/164,414/8363,0.8289477265791504,0.7251625876370518,6,414,Montipora_capitata_HIv3___RNAseq.g7741.t1/Montipora_capitata_HIv3___RNAseq.g35008.t1/Montipora_capitata_HIv3___RNAseq.g46378.t1/Montipora_capitata_HIv3___RNAseq.g8971.t1/Montipora_capitata_HIv3___RNAseq.g37645.t1/Montipora_capitata_HIv3___RNAseq.g14488.t1,0.999912854140822,negative regulation of cell population proliferation,BP
GO:0007399,nervous system development,30/164,1755/8363,0.8291178360064531,0.8402518013557579,30,1755,Montipora_capitata_HIv3___RNAseq.g6978.t1/Montipora_capitata_HIv3___RNAseq.g23734.t3/Montipora_capitata_HIv3___RNAseq.g35804.t1/Montipora_capitata_HIv3___RNAseq.g5395.t1/Montipora_capitata_HIv3___RNAseq.g22865.t1/Montipora_capitata_HIv3___RNAseq.g7741.t1/Montipora_capitata_HIv3___RNAseq.g26580.t1/Montipora_capitata_HIv3___RNAseq.g44960.t2/Montipora_capitata_HIv3___RNAseq.21467_t/Montipora_capitata_HIv3___RNAseq.g13129.t1/Montipora_capitata_HIv3___RNAseq.g13857.t1/Montipora_capitata_HIv3___RNAseq.g36907.t1/Montipora_capitata_HIv3___RNAseq.g35008.t1/Montipora_capitata_HIv3___RNAseq.g24942.t1/Montipora_capitata_HIv3___RNAseq.g44814.t1/Montipora_capitata_HIv3___RNAseq.g35720.t1/Montipora_capitata_HIv3___RNAseq.g8971.t1/Montipora_capitata_HIv3___RNAseq.g24020.t1/Montipora_capitata_HIv3___RNAseq.g41333.t1/Montipora_capitata_HIv3___RNAseq.g33449.t1/Montipora_capitata_HIv3___RNAseq.g1174.t1/Montipora_capitata_HIv3___TS.g33523.t1/Montipora_capitata_HIv3___RNAseq.g8270.t1/Montipora_capitata_HIv3___RNAseq.g6934.t1/Montipora_capitata_HIv3___RNAseq.g4457.t1/Montipora_capitata_HIv3___TS.g10359.t4b/Montipora_capitata_HIv3___RNAseq.g39706.t2/Montipora_capitata_HIv3___TS.g47745.t1/Montipora_capitata_HIv3___RNAseq.g37450.t2/Montipora_capitata_HIv3___TS.g46192.t3,0.999912854140822,nervous system development,BP
GO:0046873,metal ion transmembrane transporter activity,3/164,228/8363,0.8297962970123915,0.6603959430769417,3,228,Montipora_capitata_HIv3___RNAseq.g36907.t1/Montipora_capitata_HIv3___RNAseq.g668.t1/Montipora_capitata_HIv3___RNAseq.g14155.t1,0.999912854140822,metal ion transmembrane transporter activity,MF
GO:0099081,supramolecular polymer,5/164,354/8363,0.8302544568108391,0.7073390087091241,5,354,Montipora_capitata_HIv3___RNAseq.g22865.t1/Montipora_capitata_HIv3___RNAseq.g403.t1/Montipora_capitata_HIv3___RNAseq.g18698.t1/Montipora_capitata_HIv3___RNAseq.g33449.t1/Montipora_capitata_HIv3___TS.g21895.t1,0.999912854140822,supramolecular polymer,CC
GO:0099512,supramolecular fiber,5/164,354/8363,0.8302544568108391,0.7073390087091241,5,354,Montipora_capitata_HIv3___RNAseq.g22865.t1/Montipora_capitata_HIv3___RNAseq.g403.t1/Montipora_capitata_HIv3___RNAseq.g18698.t1/Montipora_capitata_HIv3___RNAseq.g33449.t1/Montipora_capitata_HIv3___TS.g21895.t1,0.999912854140822,supramolecular fiber,CC
GO:0003682,chromatin binding,5/164,354/8363,0.8302544568108391,0.7073390087091241,5,354,Montipora_capitata_HIv3___RNAseq.g26525.t1/Montipora_capitata_HIv3___RNAseq.g44519.t1/Montipora_capitata_HIv3___RNAseq.g40991.t1/Montipora_capitata_HIv3___RNAseq.g47955.t1/Montipora_capitata_HIv3___TS.g47745.t1,0.999912854140822,chromatin binding,MF
GO:0022890,inorganic cation transmembrane transporter activity,4/164,292/8363,0.830271917775287,0.6867390569997064,4,292,Montipora_capitata_HIv3___RNAseq.g24139.t1/Montipora_capitata_HIv3___RNAseq.g36907.t1/Montipora_capitata_HIv3___RNAseq.g668.t1/Montipora_capitata_HIv3___RNAseq.g14155.t1,0.999912854140822,inorganic cation transmembrane transporter activity,MF
GO:1901361,organic cyclic compound catabolic process,6/164,415/8363,0.8306615412246533,0.7232967117077278,6,415,Montipora_capitata_HIv3___TS.g28995.t1/Montipora_capitata_HIv3___RNAseq.g42608.t1/Montipora_capitata_HIv3___RNAseq.g46378.t1/Montipora_capitata_HIv3___RNAseq.g4241.t1/Montipora_capitata_HIv3___RNAseq.g18929.t1/Montipora_capitata_HIv3___RNAseq.g11658.t1,0.999912854140822,organic cyclic compound catabolic process,BP
GO:0055085,transmembrane transport,10/164,651/8363,0.8315245036142435,0.7656425555129484,10,651,Montipora_capitata_HIv3___RNAseq.g24139.t1/Montipora_capitata_HIv3___RNAseq.g13129.t1/Montipora_capitata_HIv3___RNAseq.g38848.t1/Montipora_capitata_HIv3___RNAseq.g49895.t2/Montipora_capitata_HIv3___RNAseq.g36907.t1/Montipora_capitata_HIv3___RNAseq.g668.t1/Montipora_capitata_HIv3___RNAseq.g20250.t1/Montipora_capitata_HIv3___RNAseq.g14155.t1/Montipora_capitata_HIv3___TS.g4674.t2b/Montipora_capitata_HIv3___RNAseq.g23366.t1,0.999912854140822,transmembrane transport,BP
GO:0005667,transcription regulator complex,3/164,229/8363,0.8320220217440369,0.6573915436190497,3,229,Montipora_capitata_HIv3___RNAseq.g7741.t1/Montipora_capitata_HIv3___RNAseq.g45527.t1/Montipora_capitata_HIv3___RNAseq.g44814.t1,0.999912854140822,transcription regulator complex,CC
GO:0042995,cell projection,22/164,1325/8363,0.8333529032392777,0.8199684033432035,22,1325,Montipora_capitata_HIv3___RNAseq.g36838.t1/Montipora_capitata_HIv3___RNAseq.g2559.t1a/Montipora_capitata_HIv3___RNAseq.g23734.t3/Montipora_capitata_HIv3___RNAseq.g35804.t1/Montipora_capitata_HIv3___RNAseq.g5395.t1/Montipora_capitata_HIv3___RNAseq.g22865.t1/Montipora_capitata_HIv3___TS.g5595.t1/Montipora_capitata_HIv3___RNAseq.g12807.t1/Montipora_capitata_HIv3___RNAseq.g34092.t1/Montipora_capitata_HIv3___RNAseq.g36907.t1/Montipora_capitata_HIv3___RNAseq.g24942.t1/Montipora_capitata_HIv3___RNAseq.g44814.t1/Montipora_capitata_HIv3___RNAseq.g35720.t1/Montipora_capitata_HIv3___RNAseq.g20807.t2/Montipora_capitata_HIv3___TS.g5653.t1/Montipora_capitata_HIv3___TS.g33523.t1/Montipora_capitata_HIv3___RNAseq.g49962.t1/Montipora_capitata_HIv3___RNAseq.g15029.t1b/Montipora_capitata_HIv3___RNAseq.g12947.t1/Montipora_capitata_HIv3___RNAseq.g23366.t1/Montipora_capitata_HIv3___RNAseq.g14488.t1/Montipora_capitata_HIv3___TS.g46192.t3,0.999912854140822,cell projection,CC
GO:0032870,cellular response to hormone stimulus,5/164,356/8363,0.8338928277162114,0.7031294746010736,5,356,Montipora_capitata_HIv3___TS.g33283.t2/Montipora_capitata_HIv3___TS.g27540.t1/Montipora_capitata_HIv3___RNAseq.g24942.t1/Montipora_capitata_HIv3___RNAseq.g44814.t1/Montipora_capitata_HIv3___RNAseq.g14488.t1,0.999912854140822,cellular response to hormone stimulus,BP
GO:0031668,cellular response to extracellular stimulus,3/164,231/8363,0.8363991604150649,0.6514617998742573,3,231,Montipora_capitata_HIv3___RNAseq.g6978.t1/Montipora_capitata_HIv3___RNAseq.g46378.t1/Montipora_capitata_HIv3___TS.g33523.t1,0.999912854140822,cellular response to extracellular stimulus,BP
GO:0006366,transcription by RNA polymerase II,6/164,420/8363,0.83902793402658,0.7141025096038841,6,420,Montipora_capitata_HIv3___RNAseq.g7741.t1/Montipora_capitata_HIv3___RNAseq.g12736.t1/Montipora_capitata_HIv3___RNAseq.g45527.t1/Montipora_capitata_HIv3___RNAseq.g44814.t1/Montipora_capitata_HIv3___RNAseq.g44445.t1/Montipora_capitata_HIv3___TS.g46192.t3,0.999912854140822,transcription by RNA polymerase II,BP
GO:0051169,nuclear transport,3/164,233/8363,0.8406784763327573,0.6456351717791612,3,233,Montipora_capitata_HIv3___RNAseq.g26525.t1/Montipora_capitata_HIv3___RNAseq.g15043.t1/Montipora_capitata_HIv3___RNAseq.g13857.t1,0.999912854140822,nuclear transport,BP
GO:0099080,supramolecular complex,5/164,360/8363,0.8409806655315877,0.6948526760028337,5,360,Montipora_capitata_HIv3___RNAseq.g22865.t1/Montipora_capitata_HIv3___RNAseq.g403.t1/Montipora_capitata_HIv3___RNAseq.g18698.t1/Montipora_capitata_HIv3___RNAseq.g33449.t1/Montipora_capitata_HIv3___TS.g21895.t1,0.999912854140822,supramolecular complex,CC
GO:0030424,axon,7/164,482/8363,0.8418799491959148,0.7250242521944341,7,482,Montipora_capitata_HIv3___RNAseq.g5395.t1/Montipora_capitata_HIv3___RNAseq.g34092.t1/Montipora_capitata_HIv3___RNAseq.g24942.t1/Montipora_capitata_HIv3___RNAseq.g20807.t2/Montipora_capitata_HIv3___RNAseq.g49962.t1/Montipora_capitata_HIv3___RNAseq.g23366.t1/Montipora_capitata_HIv3___TS.g46192.t3,0.999912854140822,axon,CC
GO:0051649,establishment of localization in cell,22/164,1335/8363,0.843464648591237,0.8125442708163222,22,1335,Montipora_capitata_HIv3___TS.g1118.t1/Montipora_capitata_HIv3___RNAseq.g36838.t1/Montipora_capitata_HIv3___RNAseq.g26525.t1/Montipora_capitata_HIv3___RNAseq.g15043.t1/Montipora_capitata_HIv3___RNAseq.g22865.t1/Montipora_capitata_HIv3___RNAseq.g13857.t1/Montipora_capitata_HIv3___RNAseq.g44814.t1/Montipora_capitata_HIv3___RNAseq.g8971.t1/Montipora_capitata_HIv3___RNAseq.g14155.t1/Montipora_capitata_HIv3___RNAseq.g42740.t1/Montipora_capitata_HIv3___RNAseq.g22408.t1/Montipora_capitata_HIv3___RNAseq.g1174.t1/Montipora_capitata_HIv3___RNAseq.g23247.t1/Montipora_capitata_HIv3___TS.g33523.t1/Montipora_capitata_HIv3___RNAseq.g15188.t1/Montipora_capitata_HIv3___RNAseq.g49962.t1/Montipora_capitata_HIv3___RNAseq.g15029.t1b/Montipora_capitata_HIv3___TS.g21895.t1/Montipora_capitata_HIv3___TS.g10359.t4b/Montipora_capitata_HIv3___RNAseq.g41226.t1/Montipora_capitata_HIv3___RNAseq.g11658.t1/Montipora_capitata_HIv3___TS.g20607.t1,0.999912854140822,establishment of localization in cell,BP
GO:0050877,nervous system process,10/164,661/8363,0.8450545381030671,0.7528817067070179,10,661,Montipora_capitata_HIv3___RNAseq.g26525.t1/Montipora_capitata_HIv3___TS.g32048.t1/Montipora_capitata_HIv3___RNAseq.g47205.t1/Montipora_capitata_HIv3___RNAseq.g668.t1/Montipora_capitata_HIv3___RNAseq.g24942.t1/Montipora_capitata_HIv3___RNAseq.g24095.t1/Montipora_capitata_HIv3___RNAseq.g44814.t1/Montipora_capitata_HIv3___RNAseq.g8971.t1/Montipora_capitata_HIv3___RNAseq.g1174.t1/Montipora_capitata_HIv3___RNAseq.g12947.t1,0.999912854140822,nervous system process,BP
GO:0042803,protein homodimerization activity,10/164,661/8363,0.8450545381030671,0.7528817067070179,10,661,Montipora_capitata_HIv3___RNAseq.g6978.t1/Montipora_capitata_HIv3___RNAseq.g5395.t1/Montipora_capitata_HIv3___RNAseq.g34092.t1/Montipora_capitata_HIv3___TS.g32048.t1/Montipora_capitata_HIv3___RNAseq.g8971.t1/Montipora_capitata_HIv3___RNAseq.g30678.t1b/Montipora_capitata_HIv3___RNAseq.g37645.t1/Montipora_capitata_HIv3___RNAseq.g43161.t1a/Montipora_capitata_HIv3___RNAseq.g33449.t1/Montipora_capitata_HIv3___RNAseq.g37450.t2,0.999912854140822,protein homodimerization activity,MF
GO:0032555,purine ribonucleotide binding,6/164,424/8363,0.8454811730592678,0.7069054807991539,6,424,Montipora_capitata_HIv3___RNAseq.g22865.t1/Montipora_capitata_HIv3___RNAseq.g13129.t1/Montipora_capitata_HIv3___RNAseq.g12736.t1/Montipora_capitata_HIv3___RNAseq.g18698.t1/Montipora_capitata_HIv3___RNAseq.g43161.t1a/Montipora_capitata_HIv3___TS.g47745.t1,0.999912854140822,purine ribonucleotide binding,MF
GO:0006974,DNA damage response,8/164,544/8363,0.8455131863120406,0.7331654659385319,8,544,Montipora_capitata_HIv3___TS.g1118.t1/Montipora_capitata_HIv3___RNAseq.g7741.t1/Montipora_capitata_HIv3___RNAseq.g30678.t1b/Montipora_capitata_HIv3___TS.g40519.t3/Montipora_capitata_HIv3___RNAseq.g15186.t1/Montipora_capitata_HIv3___RNAseq.g14965.t1/Montipora_capitata_HIv3___RNAseq.g43161.t1a/Montipora_capitata_HIv3___RNAseq.g47955.t1,0.999912854140822,DNA damage response,BP
GO:0070925,organelle assembly,10/164,662/8363,0.8463604032150613,0.7516271369357144,10,662,Montipora_capitata_HIv3___RNAseq.g36838.t1/Montipora_capitata_HIv3___RNAseq.g22865.t1/Montipora_capitata_HIv3___TS.g5595.t1/Montipora_capitata_HIv3___RNAseq.g27546.t1/Montipora_capitata_HIv3___RNAseq.g3374.t1/Montipora_capitata_HIv3___RNAseq.g8971.t1/Montipora_capitata_HIv3___TS.g5653.t1/Montipora_capitata_HIv3___TS.g4674.t2b/Montipora_capitata_HIv3___RNAseq.g43111.t1/Montipora_capitata_HIv3___RNAseq.g15029.t1b,0.999912854140822,organelle assembly,BP
GO:0003690,double-stranded DNA binding,6/164,425/8363,0.8470616446856416,0.7051276895084595,6,425,Montipora_capitata_HIv3___RNAseq.g26525.t1/Montipora_capitata_HIv3___RNAseq.g7741.t1/Montipora_capitata_HIv3___RNAseq.g44814.t1/Montipora_capitata_HIv3___RNAseq.g18929.t1/Montipora_capitata_HIv3___TS.g47745.t1/Montipora_capitata_HIv3___TS.g46192.t3,0.999912854140822,double-stranded DNA binding,MF
GO:0051716,cellular response to stimulus,53/164,2995/8363,0.8474753065483078,0.8531886206336359,53,2995,Montipora_capitata_HIv3___TS.g33283.t2/Montipora_capitata_HIv3___RNAseq.g6978.t1/Montipora_capitata_HIv3___TS.g1118.t1/Montipora_capitata_HIv3___RNAseq.g5395.t1/Montipora_capitata_HIv3___RNAseq.g22865.t1/Montipora_capitata_HIv3___RNAseq.g11548.t1/Montipora_capitata_HIv3___RNAseq.g7741.t1/Montipora_capitata_HIv3___RNAseq.g2640.t1a/Montipora_capitata_HIv3___TS.g27540.t1/Montipora_capitata_HIv3___RNAseq.g34092.t1/Montipora_capitata_HIv3___RNAseq.g44519.t1/Montipora_capitata_HIv3___RNAseq.g50691.t1/Montipora_capitata_HIv3___RNAseq.g11237.t1/Montipora_capitata_HIv3___RNAseq.g3374.t1/Montipora_capitata_HIv3___RNAseq.g44960.t2/Montipora_capitata_HIv3___RNAseq.21467_t/Montipora_capitata_HIv3___RNAseq.g13129.t1/Montipora_capitata_HIv3___RNAseq.g38848.t1/Montipora_capitata_HIv3___RNAseq.g39648.t1/Montipora_capitata_HIv3___RNAseq.g45527.t1/Montipora_capitata_HIv3___RNAseq.g35008.t1/Montipora_capitata_HIv3___RNAseq.g668.t1/Montipora_capitata_HIv3___RNAseq.g46378.t1/Montipora_capitata_HIv3___RNAseq.g24942.t1/Montipora_capitata_HIv3___RNAseq.g24095.t1/Montipora_capitata_HIv3___RNAseq.g44814.t1/Montipora_capitata_HIv3___RNAseq.g18698.t1/Montipora_capitata_HIv3___RNAseq.g8971.t1/Montipora_capitata_HIv3___RNAseq.g30678.t1b/Montipora_capitata_HIv3___TS.g40519.t3/Montipora_capitata_HIv3___RNAseq.g15186.t1/Montipora_capitata_HIv3___RNAseq.g14965.t1/Montipora_capitata_HIv3___RNAseq.g32149.t1/Montipora_capitata_HIv3___RNAseq.g37645.t1/Montipora_capitata_HIv3___RNAseq.g42092.t1/Montipora_capitata_HIv3___RNAseq.g43161.t1a/Montipora_capitata_HIv3___RNAseq.g33449.t1/Montipora_capitata_HIv3___TS.g33523.t1/Montipora_capitata_HIv3___RNAseq.g47955.t1/Montipora_capitata_HIv3___RNAseq.g15188.t1/Montipora_capitata_HIv3___RNAseq.g33997.t1/Montipora_capitata_HIv3___RNAseq.g6934.t1/Montipora_capitata_HIv3___RNAseq.g28116.t1/Montipora_capitata_HIv3___RNAseq.g9561.t1/Montipora_capitata_HIv3___TS.g10359.t4b/Montipora_capitata_HIv3___RNAseq.g39706.t2/Montipora_capitata_HIv3___RNAseq.g26867.t1/Montipora_capitata_HIv3___RNAseq.g8867.t2/Montipora_capitata_HIv3___RNAseq.g44445.t1/Montipora_capitata_HIv3___RNAseq.g23366.t1/Montipora_capitata_HIv3___RNAseq.g14488.t1/Montipora_capitata_HIv3___TS.g47745.t1/Montipora_capitata_HIv3___TS.g46192.t3,0.999912854140822,cellular response to stimulus,BP
GO:0051252,regulation of RNA metabolic process,29/164,1722/8363,0.8483030724172156,0.8255277643064464,29,1722,Montipora_capitata_HIv3___TS.g33283.t2/Montipora_capitata_HIv3___RNAseq.g6978.t1/Montipora_capitata_HIv3___TS.g1118.t1/Montipora_capitata_HIv3___RNAseq.g26525.t1/Montipora_capitata_HIv3___TS.g10979.t1/Montipora_capitata_HIv3___RNAseq.g11548.t1/Montipora_capitata_HIv3___RNAseq.g7741.t1/Montipora_capitata_HIv3___RNAseq.g44960.t2/Montipora_capitata_HIv3___RNAseq.21467_t/Montipora_capitata_HIv3___RNAseq.g42608.t1/Montipora_capitata_HIv3___RNAseq.g12736.t1/Montipora_capitata_HIv3___RNAseq.g403.t1/Montipora_capitata_HIv3___RNAseq.g13857.t1/Montipora_capitata_HIv3___RNAseq.g45527.t1/Montipora_capitata_HIv3___RNAseq.g35008.t1/Montipora_capitata_HIv3___RNAseq.g44814.t1/Montipora_capitata_HIv3___RNAseq.g8971.t1/Montipora_capitata_HIv3___RNAseq.g36935.t1/Montipora_capitata_HIv3___RNAseq.g28405.t2/Montipora_capitata_HIv3___RNAseq.g40991.t1/Montipora_capitata_HIv3___RNAseq.g32149.t1/Montipora_capitata_HIv3___RNAseq.g43161.t1a/Montipora_capitata_HIv3___RNAseq.g41333.t1/Montipora_capitata_HIv3___RNAseq.g47955.t1/Montipora_capitata_HIv3___RNAseq.g18929.t1/Montipora_capitata_HIv3___RNAseq.g28116.t1/Montipora_capitata_HIv3___RNAseq.g44445.t1/Montipora_capitata_HIv3___TS.g47745.t1/Montipora_capitata_HIv3___TS.g46192.t3,0.999912854140822,regulation of RNA metabolic process,BP
GO:0090068,positive regulation of cell cycle process,3/164,237/8363,0.848949716257633,0.6342806875196906,3,237,Montipora_capitata_HIv3___RNAseq.g7741.t1/Montipora_capitata_HIv3___RNAseq.g8971.t1/Montipora_capitata_HIv3___RNAseq.g23247.t1,0.999912854140822,positive regulation of cell cycle process,BP
GO:0031326,regulation of cellular biosynthetic process,34/164,1993/8363,0.849653378908215,0.8330986595358711,34,1993,Montipora_capitata_HIv3___TS.g33283.t2/Montipora_capitata_HIv3___RNAseq.g6978.t1/Montipora_capitata_HIv3___TS.g1118.t1/Montipora_capitata_HIv3___RNAseq.g26525.t1/Montipora_capitata_HIv3___TS.g10979.t1/Montipora_capitata_HIv3___RNAseq.g11548.t1/Montipora_capitata_HIv3___RNAseq.g7741.t1/Montipora_capitata_HIv3___RNAseq.g46819.t1/Montipora_capitata_HIv3___RNAseq.g44960.t2/Montipora_capitata_HIv3___RNAseq.21467_t/Montipora_capitata_HIv3___RNAseq.g42608.t1/Montipora_capitata_HIv3___RNAseq.g403.t1/Montipora_capitata_HIv3___RNAseq.g13857.t1/Montipora_capitata_HIv3___RNAseq.g45527.t1/Montipora_capitata_HIv3___RNAseq.g35008.t1/Montipora_capitata_HIv3___RNAseq.g46378.t1/Montipora_capitata_HIv3___RNAseq.g24942.t1/Montipora_capitata_HIv3___RNAseq.g24095.t1/Montipora_capitata_HIv3___RNAseq.g44814.t1/Montipora_capitata_HIv3___RNAseq.g8971.t1/Montipora_capitata_HIv3___RNAseq.g36935.t1/Montipora_capitata_HIv3___RNAseq.g28405.t2/Montipora_capitata_HIv3___RNAseq.g40991.t1/Montipora_capitata_HIv3___RNAseq.g32149.t1/Montipora_capitata_HIv3___RNAseq.g43161.t1a/Montipora_capitata_HIv3___RNAseq.g41333.t1/Montipora_capitata_HIv3___RNAseq.g47955.t1/Montipora_capitata_HIv3___RNAseq.g15188.t1/Montipora_capitata_HIv3___RNAseq.g28116.t1/Montipora_capitata_HIv3___RNAseq.g41226.t1/Montipora_capitata_HIv3___RNAseq.g44445.t1/Montipora_capitata_HIv3___RNAseq.g14488.t1/Montipora_capitata_HIv3___TS.g47745.t1/Montipora_capitata_HIv3___TS.g46192.t3,0.999912854140822,regulation of cellular biosynthetic process,BP
GO:0023052,signaling,36/164,2101/8363,0.8503876924787401,0.8354630663913347,36,2101,Montipora_capitata_HIv3___TS.g33283.t2/Montipora_capitata_HIv3___RNAseq.g6978.t1/Montipora_capitata_HIv3___RNAseq.g5395.t1/Montipora_capitata_HIv3___RNAseq.g22865.t1/Montipora_capitata_HIv3___RNAseq.g11548.t1/Montipora_capitata_HIv3___RNAseq.g7741.t1/Montipora_capitata_HIv3___RNAseq.g2640.t1a/Montipora_capitata_HIv3___TS.g27540.t1/Montipora_capitata_HIv3___RNAseq.g34092.t1/Montipora_capitata_HIv3___RNAseq.g50691.t1/Montipora_capitata_HIv3___RNAseq.g11237.t1/Montipora_capitata_HIv3___RNAseq.g3374.t1/Montipora_capitata_HIv3___RNAseq.g44960.t2/Montipora_capitata_HIv3___RNAseq.21467_t/Montipora_capitata_HIv3___RNAseq.g13129.t1/Montipora_capitata_HIv3___RNAseq.g39648.t1/Montipora_capitata_HIv3___RNAseq.g45527.t1/Montipora_capitata_HIv3___RNAseq.g35008.t1/Montipora_capitata_HIv3___RNAseq.g46378.t1/Montipora_capitata_HIv3___RNAseq.g24942.t1/Montipora_capitata_HIv3___RNAseq.g24095.t1/Montipora_capitata_HIv3___RNAseq.g44814.t1/Montipora_capitata_HIv3___RNAseq.g18698.t1/Montipora_capitata_HIv3___RNAseq.g8971.t1/Montipora_capitata_HIv3___RNAseq.g32149.t1/Montipora_capitata_HIv3___RNAseq.g42092.t1/Montipora_capitata_HIv3___RNAseq.g1174.t1/Montipora_capitata_HIv3___TS.g33523.t1/Montipora_capitata_HIv3___RNAseq.g15188.t1/Montipora_capitata_HIv3___RNAseq.g6934.t1/Montipora_capitata_HIv3___RNAseq.g28116.t1/Montipora_capitata_HIv3___TS.g10359.t4b/Montipora_capitata_HIv3___RNAseq.g39706.t2/Montipora_capitata_HIv3___RNAseq.g8867.t2/Montipora_capitata_HIv3___RNAseq.g44445.t1/Montipora_capitata_HIv3___RNAseq.g23366.t1,0.999912854140822,signaling,BP
GO:0008152,metabolic process,98/164,5296/8363,0.850744097939191,0.8572805556203368,98,5296,Montipora_capitata_HIv3___TS.g33283.t2/Montipora_capitata_HIv3___RNAseq.g6978.t1/Montipora_capitata_HIv3___RNAseq.g36845.t1/Montipora_capitata_HIv3___TS.g1118.t1/Montipora_capitata_HIv3___RNAseq.g26525.t1/Montipora_capitata_HIv3___RNAseq.g15043.t1/Montipora_capitata_HIv3___RNAseq.g40427.t1a/Montipora_capitata_HIv3___RNAseq.g23762.t1/Montipora_capitata_HIv3___TS.g44069.t1/Montipora_capitata_HIv3___RNAseq.g5395.t1/Montipora_capitata_HIv3___RNAseq.g35299.t1/Montipora_capitata_HIv3___RNAseq.g11548.t1/Montipora_capitata_HIv3___RNAseq.g7741.t1/Montipora_capitata_HIv3___RNAseq.g33991.t1/Montipora_capitata_HIv3___RNAseq.g36836.t1/Montipora_capitata_HIv3___RNAseq.g34092.t1/Montipora_capitata_HIv3___RNAseq.g44519.t1/Montipora_capitata_HIv3___RNAseq.g46819.t1/Montipora_capitata_HIv3___RNAseq.g50691.t1/Montipora_capitata_HIv3___RNAseq.g3374.t1/Montipora_capitata_HIv3___RNAseq.g44960.t2/Montipora_capitata_HIv3___TS.g32048.t1/Montipora_capitata_HIv3___RNAseq.g40983.t1/Montipora_capitata_HIv3___RNAseq.21467_t/Montipora_capitata_HIv3___RNAseq.g24836.t1/Montipora_capitata_HIv3___TS.g28995.t1/Montipora_capitata_HIv3___RNAseq.g37193.t1/Montipora_capitata_HIv3___RNAseq.g42608.t1/Montipora_capitata_HIv3___RNAseq.g12736.t1/Montipora_capitata_HIv3___RNAseq.g33992.t1/Montipora_capitata_HIv3___RNAseq.g27709.t1/Montipora_capitata_HIv3___RNAseq.g44539.t1/Montipora_capitata_HIv3___RNAseq.g403.t1/Montipora_capitata_HIv3___RNAseq.g13857.t1/Montipora_capitata_HIv3___RNAseq.g45527.t1/Montipora_capitata_HIv3___RNAseq.g668.t1/Montipora_capitata_HIv3___RNAseq.g40982.t1a/Montipora_capitata_HIv3___RNAseq.g46378.t1/Montipora_capitata_HIv3___RNAseq.g44562.t1/Montipora_capitata_HIv3___RNAseq.g24942.t1/Montipora_capitata_HIv3___RNAseq.g24095.t1/Montipora_capitata_HIv3___RNAseq.g44814.t1/Montipora_capitata_HIv3___RNAseq.g18698.t1/Montipora_capitata_HIv3___RNAseq.g8971.t1/Montipora_capitata_HIv3___RNAseq.g20771.t1/Montipora_capitata_HIv3___RNAseq.g41416.t2a/Montipora_capitata_HIv3___RNAseq.g30678.t1b/Montipora_capitata_HIv3___RNAseq.g18395.t1/Montipora_capitata_HIv3___TS.g40519.t3/Montipora_capitata_HIv3___RNAseq.g20807.t2/Montipora_capitata_HIv3___RNAseq.g15186.t1/Montipora_capitata_HIv3___TS.g6904.t1/Montipora_capitata_HIv3___RNAseq.g40991.t1/Montipora_capitata_HIv3___RNAseq.g14965.t1/Montipora_capitata_HIv3___TS.g4674.t2b/Montipora_capitata_HIv3___RNAseq.g47379.t1/Montipora_capitata_HIv3___RNAseq.g32149.t1/Montipora_capitata_HIv3___RNAseq.g37645.t1/Montipora_capitata_HIv3___RNAseq.g42092.t1/Montipora_capitata_HIv3___RNAseq.g42740.t1/Montipora_capitata_HIv3___RNAseq.g43161.t1a/Montipora_capitata_HIv3___RNAseq.g22553.t1c/Montipora_capitata_HIv3___RNAseq.g9918.t1/Montipora_capitata_HIv3___RNAseq.g33449.t1/Montipora_capitata_HIv3___RNAseq.g9060.t1/Montipora_capitata_HIv3___RNAseq.g1174.t1/Montipora_capitata_HIv3___RNAseq.g23247.t1/Montipora_capitata_HIv3___TS.g33523.t1/Montipora_capitata_HIv3___RNAseq.g39974.t1/Montipora_capitata_HIv3___RNAseq.g4241.t1/Montipora_capitata_HIv3___RNAseq.g47955.t1/Montipora_capitata_HIv3___RNAseq.g15188.t1/Montipora_capitata_HIv3___RNAseq.g11214.t1/Montipora_capitata_HIv3___RNAseq.g18929.t1/Montipora_capitata_HIv3___TS.g50674.t1/Montipora_capitata_HIv3___TS.g21293.t1/Montipora_capitata_HIv3___TS.g28908.t1/Montipora_capitata_HIv3___RNAseq.g43111.t1/Montipora_capitata_HIv3___RNAseq.g33997.t1/Montipora_capitata_HIv3___RNAseq.g6934.t1/Montipora_capitata_HIv3___RNAseq.g28116.t1/Montipora_capitata_HIv3___RNAseq.g9561.t1/Montipora_capitata_HIv3___RNAseq.g44719.t1/Montipora_capitata_HIv3___RNAseq.g9087.t1/Montipora_capitata_HIv3___RNAseq.g14625.t1/Montipora_capitata_HIv3___RNAseq.g41226.t1/Montipora_capitata_HIv3___RNAseq.g14956.t1/Montipora_capitata_HIv3___RNAseq.g39706.t2/Montipora_capitata_HIv3___RNAseq.g8867.t2/Montipora_capitata_HIv3___RNAseq.g44445.t1/Montipora_capitata_HIv3___RNAseq.g14960.t1/Montipora_capitata_HIv3___RNAseq.g18391.t1/Montipora_capitata_HIv3___RNAseq.g11658.t1/Montipora_capitata_HIv3___RNAseq.g14488.t1/Montipora_capitata_HIv3___TS.g47745.t1/Montipora_capitata_HIv3___RNAseq.g37450.t2/Montipora_capitata_HIv3___RNAseq.g20763.t1/Montipora_capitata_HIv3___TS.g46192.t3,0.999912854140822,metabolic process,BP
GO:0043161,proteasome-mediated ubiquitin-dependent protein catabolic process,3/164,238/8363,0.8509587656751011,0.6315024566903854,3,238,Montipora_capitata_HIv3___RNAseq.g22553.t1c/Montipora_capitata_HIv3___RNAseq.g23247.t1/Montipora_capitata_HIv3___RNAseq.g15188.t1,0.999912854140822,proteasome-mediated ubiquitin-dependent protein catabolic process,BP
GO:0002065,columnar/cuboidal epithelial cell differentiation,4/164,303/8363,0.8511206519881673,0.6605555368556724,4,303,Montipora_capitata_HIv3___RNAseq.g7741.t1/Montipora_capitata_HIv3___RNAseq.g24942.t1/Montipora_capitata_HIv3___RNAseq.g44814.t1/Montipora_capitata_HIv3___RNAseq.g8971.t1,0.999912854140822,columnar/cuboidal epithelial cell differentiation,BP
GO:0009893,positive regulation of metabolic process,33/164,1943/8363,0.852736900458538,0.8294719091073127,33,1943,Montipora_capitata_HIv3___TS.g33283.t2/Montipora_capitata_HIv3___RNAseq.g6978.t1/Montipora_capitata_HIv3___TS.g1118.t1/Montipora_capitata_HIv3___RNAseq.g26525.t1/Montipora_capitata_HIv3___RNAseq.g15043.t1/Montipora_capitata_HIv3___RNAseq.g5395.t1/Montipora_capitata_HIv3___RNAseq.g7741.t1/Montipora_capitata_HIv3___TS.g27540.t1/Montipora_capitata_HIv3___RNAseq.g46819.t1/Montipora_capitata_HIv3___RNAseq.g44960.t2/Montipora_capitata_HIv3___RNAseq.21467_t/Montipora_capitata_HIv3___RNAseq.g403.t1/Montipora_capitata_HIv3___RNAseq.g36907.t1/Montipora_capitata_HIv3___RNAseq.g45527.t1/Montipora_capitata_HIv3___RNAseq.g35008.t1/Montipora_capitata_HIv3___RNAseq.g46378.t1/Montipora_capitata_HIv3___RNAseq.g24942.t1/Montipora_capitata_HIv3___RNAseq.g24095.t1/Montipora_capitata_HIv3___RNAseq.g44814.t1/Montipora_capitata_HIv3___RNAseq.g8971.t1/Montipora_capitata_HIv3___RNAseq.g30678.t1b/Montipora_capitata_HIv3___RNAseq.g36935.t1/Montipora_capitata_HIv3___RNAseq.g14965.t1/Montipora_capitata_HIv3___RNAseq.g42092.t1/Montipora_capitata_HIv3___RNAseq.g42740.t1/Montipora_capitata_HIv3___RNAseq.g43161.t1a/Montipora_capitata_HIv3___RNAseq.g41333.t1/Montipora_capitata_HIv3___RNAseq.g18929.t1/Montipora_capitata_HIv3___TS.g10359.t4b/Montipora_capitata_HIv3___RNAseq.g39706.t2/Montipora_capitata_HIv3___RNAseq.g44445.t1/Montipora_capitata_HIv3___TS.g47745.t1/Montipora_capitata_HIv3___TS.g46192.t3,0.999912854140822,positive regulation of metabolic process,BP
GO:0044282,small molecule catabolic process,4/164,304/8363,0.8529049547202556,0.6582704173939247,4,304,Montipora_capitata_HIv3___RNAseq.g46378.t1/Montipora_capitata_HIv3___RNAseq.g44719.t1/Montipora_capitata_HIv3___RNAseq.g9087.t1/Montipora_capitata_HIv3___RNAseq.g14488.t1,0.999912854140822,small molecule catabolic process,BP
GO:0071214,cellular response to abiotic stimulus,3/164,239/8363,0.8529446934745536,0.6287477678713796,3,239,Montipora_capitata_HIv3___RNAseq.g668.t1/Montipora_capitata_HIv3___RNAseq.g44814.t1/Montipora_capitata_HIv3___RNAseq.g43161.t1a,0.999912854140822,cellular response to abiotic stimulus,BP
GO:0104004,cellular response to environmental stimulus,3/164,239/8363,0.8529446934745536,0.6287477678713796,3,239,Montipora_capitata_HIv3___RNAseq.g668.t1/Montipora_capitata_HIv3___RNAseq.g44814.t1/Montipora_capitata_HIv3___RNAseq.g43161.t1a,0.999912854140822,cellular response to environmental stimulus,BP
GO:0031252,cell leading edge,3/164,239/8363,0.8529446934745536,0.6287477678713796,3,239,Montipora_capitata_HIv3___RNAseq.g36907.t1/Montipora_capitata_HIv3___RNAseq.g24942.t1/Montipora_capitata_HIv3___RNAseq.g23366.t1,0.999912854140822,cell leading edge,CC
GO:1903506,GO:1903506,26/164,1565/8363,0.8536667211210656,0.8153433270007637,26,1565,Montipora_capitata_HIv3___TS.g33283.t2/Montipora_capitata_HIv3___RNAseq.g6978.t1/Montipora_capitata_HIv3___TS.g1118.t1/Montipora_capitata_HIv3___RNAseq.g26525.t1/Montipora_capitata_HIv3___TS.g10979.t1/Montipora_capitata_HIv3___RNAseq.g11548.t1/Montipora_capitata_HIv3___RNAseq.g7741.t1/Montipora_capitata_HIv3___RNAseq.g44960.t2/Montipora_capitata_HIv3___RNAseq.21467_t/Montipora_capitata_HIv3___RNAseq.g403.t1/Montipora_capitata_HIv3___RNAseq.g13857.t1/Montipora_capitata_HIv3___RNAseq.g45527.t1/Montipora_capitata_HIv3___RNAseq.g35008.t1/Montipora_capitata_HIv3___RNAseq.g44814.t1/Montipora_capitata_HIv3___RNAseq.g8971.t1/Montipora_capitata_HIv3___RNAseq.g36935.t1/Montipora_capitata_HIv3___RNAseq.g28405.t2/Montipora_capitata_HIv3___RNAseq.g40991.t1/Montipora_capitata_HIv3___RNAseq.g32149.t1/Montipora_capitata_HIv3___RNAseq.g43161.t1a/Montipora_capitata_HIv3___RNAseq.g41333.t1/Montipora_capitata_HIv3___RNAseq.g47955.t1/Montipora_capitata_HIv3___RNAseq.g28116.t1/Montipora_capitata_HIv3___RNAseq.g44445.t1/Montipora_capitata_HIv3___TS.g47745.t1/Montipora_capitata_HIv3___TS.g46192.t3,0.999912854140822,NA,NA
GO:0048699,generation of neurons,21/164,1291/8363,0.8543035374929578,0.8012372283017433,21,1291,Montipora_capitata_HIv3___RNAseq.g6978.t1/Montipora_capitata_HIv3___RNAseq.g23734.t3/Montipora_capitata_HIv3___RNAseq.g35804.t1/Montipora_capitata_HIv3___RNAseq.g5395.t1/Montipora_capitata_HIv3___RNAseq.g22865.t1/Montipora_capitata_HIv3___RNAseq.g7741.t1/Montipora_capitata_HIv3___RNAseq.g26580.t1/Montipora_capitata_HIv3___RNAseq.g35008.t1/Montipora_capitata_HIv3___RNAseq.g24942.t1/Montipora_capitata_HIv3___RNAseq.g44814.t1/Montipora_capitata_HIv3___RNAseq.g35720.t1/Montipora_capitata_HIv3___RNAseq.g8971.t1/Montipora_capitata_HIv3___RNAseq.g24020.t1/Montipora_capitata_HIv3___RNAseq.g1174.t1/Montipora_capitata_HIv3___TS.g33523.t1/Montipora_capitata_HIv3___RNAseq.g6934.t1/Montipora_capitata_HIv3___TS.g10359.t4b/Montipora_capitata_HIv3___RNAseq.g39706.t2/Montipora_capitata_HIv3___TS.g47745.t1/Montipora_capitata_HIv3___RNAseq.g37450.t2/Montipora_capitata_HIv3___TS.g46192.t3,0.999912854140822,generation of neurons,BP
GO:0006397,mRNA processing,5/164,368/8363,0.8544183259744563,0.6788462119122304,5,368,Montipora_capitata_HIv3___RNAseq.g26525.t1/Montipora_capitata_HIv3___RNAseq.g12736.t1/Montipora_capitata_HIv3___RNAseq.g18395.t1/Montipora_capitata_HIv3___RNAseq.g47955.t1/Montipora_capitata_HIv3___TS.g47745.t1,0.999912854140822,mRNA processing,BP
GO:0000977,RNA polymerase II transcription regulatory region sequence-specific DNA binding,4/164,305/8363,0.8546712633326741,0.6560004794849825,4,305,Montipora_capitata_HIv3___RNAseq.g7741.t1/Montipora_capitata_HIv3___RNAseq.g44814.t1/Montipora_capitata_HIv3___TS.g47745.t1/Montipora_capitata_HIv3___TS.g46192.t3,0.999912854140822,RNA polymerase II transcription regulatory region sequence-specific DNA binding,MF
GO:0005543,phospholipid binding,3/164,240/8363,0.8549076912666987,0.6260163230885907,3,240,Montipora_capitata_HIv3___RNAseq.g18698.t1/Montipora_capitata_HIv3___RNAseq.g44719.t1/Montipora_capitata_HIv3___TS.g20607.t1,0.999912854140822,phospholipid binding,MF
GO:0044087,regulation of cellular component biogenesis,11/164,728/8363,0.8562036835018261,0.7502858165644231,11,728,Montipora_capitata_HIv3___RNAseq.g23734.t3/Montipora_capitata_HIv3___RNAseq.g35804.t1/Montipora_capitata_HIv3___RNAseq.g42608.t1/Montipora_capitata_HIv3___RNAseq.g403.t1/Montipora_capitata_HIv3___RNAseq.g35008.t1/Montipora_capitata_HIv3___RNAseq.g24942.t1/Montipora_capitata_HIv3___RNAseq.g24095.t1/Montipora_capitata_HIv3___RNAseq.g35720.t1/Montipora_capitata_HIv3___RNAseq.g15029.t1b/Montipora_capitata_HIv3___RNAseq.g39706.t2/Montipora_capitata_HIv3___TS.g47745.t1,0.999912854140822,regulation of cellular component biogenesis,BP
GO:2001141,regulation of RNA biosynthetic process,26/164,1568/8363,0.8563185403479081,0.8133907552761247,26,1568,Montipora_capitata_HIv3___TS.g33283.t2/Montipora_capitata_HIv3___RNAseq.g6978.t1/Montipora_capitata_HIv3___TS.g1118.t1/Montipora_capitata_HIv3___RNAseq.g26525.t1/Montipora_capitata_HIv3___TS.g10979.t1/Montipora_capitata_HIv3___RNAseq.g11548.t1/Montipora_capitata_HIv3___RNAseq.g7741.t1/Montipora_capitata_HIv3___RNAseq.g44960.t2/Montipora_capitata_HIv3___RNAseq.21467_t/Montipora_capitata_HIv3___RNAseq.g403.t1/Montipora_capitata_HIv3___RNAseq.g13857.t1/Montipora_capitata_HIv3___RNAseq.g45527.t1/Montipora_capitata_HIv3___RNAseq.g35008.t1/Montipora_capitata_HIv3___RNAseq.g44814.t1/Montipora_capitata_HIv3___RNAseq.g8971.t1/Montipora_capitata_HIv3___RNAseq.g36935.t1/Montipora_capitata_HIv3___RNAseq.g28405.t2/Montipora_capitata_HIv3___RNAseq.g40991.t1/Montipora_capitata_HIv3___RNAseq.g32149.t1/Montipora_capitata_HIv3___RNAseq.g43161.t1a/Montipora_capitata_HIv3___RNAseq.g41333.t1/Montipora_capitata_HIv3___RNAseq.g47955.t1/Montipora_capitata_HIv3___RNAseq.g28116.t1/Montipora_capitata_HIv3___RNAseq.g44445.t1/Montipora_capitata_HIv3___TS.g47745.t1/Montipora_capitata_HIv3___TS.g46192.t3,0.999912854140822,regulation of RNA biosynthetic process,BP
GO:1901987,regulation of cell cycle phase transition,4/164,307/8363,0.858150378344358,0.6515055471361292,4,307,Montipora_capitata_HIv3___RNAseq.g7741.t1/Montipora_capitata_HIv3___RNAseq.g14965.t1/Montipora_capitata_HIv3___RNAseq.g43161.t1a/Montipora_capitata_HIv3___RNAseq.g23247.t1,0.999912854140822,regulation of cell cycle phase transition,BP
GO:2000112,GO:2000112,31/164,1842/8363,0.85835986387335,0.8221811321561492,31,1842,Montipora_capitata_HIv3___TS.g33283.t2/Montipora_capitata_HIv3___RNAseq.g6978.t1/Montipora_capitata_HIv3___TS.g1118.t1/Montipora_capitata_HIv3___RNAseq.g26525.t1/Montipora_capitata_HIv3___TS.g10979.t1/Montipora_capitata_HIv3___RNAseq.g11548.t1/Montipora_capitata_HIv3___RNAseq.g7741.t1/Montipora_capitata_HIv3___RNAseq.g46819.t1/Montipora_capitata_HIv3___RNAseq.g44960.t2/Montipora_capitata_HIv3___RNAseq.21467_t/Montipora_capitata_HIv3___RNAseq.g42608.t1/Montipora_capitata_HIv3___RNAseq.g403.t1/Montipora_capitata_HIv3___RNAseq.g13857.t1/Montipora_capitata_HIv3___RNAseq.g45527.t1/Montipora_capitata_HIv3___RNAseq.g35008.t1/Montipora_capitata_HIv3___RNAseq.g24942.t1/Montipora_capitata_HIv3___RNAseq.g44814.t1/Montipora_capitata_HIv3___RNAseq.g8971.t1/Montipora_capitata_HIv3___RNAseq.g36935.t1/Montipora_capitata_HIv3___RNAseq.g28405.t2/Montipora_capitata_HIv3___RNAseq.g40991.t1/Montipora_capitata_HIv3___RNAseq.g32149.t1/Montipora_capitata_HIv3___RNAseq.g43161.t1a/Montipora_capitata_HIv3___RNAseq.g41333.t1/Montipora_capitata_HIv3___RNAseq.g47955.t1/Montipora_capitata_HIv3___RNAseq.g15188.t1/Montipora_capitata_HIv3___RNAseq.g28116.t1/Montipora_capitata_HIv3___RNAseq.g41226.t1/Montipora_capitata_HIv3___RNAseq.g44445.t1/Montipora_capitata_HIv3___TS.g47745.t1/Montipora_capitata_HIv3___TS.g46192.t3,0.999912854140822,NA,NA
GO:0048639,positive regulation of developmental growth,3/164,242/8363,0.8587656636833931,0.6206219986680385,3,242,Montipora_capitata_HIv3___RNAseq.g24942.t1/Montipora_capitata_HIv3___RNAseq.g8971.t1/Montipora_capitata_HIv3___RNAseq.g39706.t2,0.999912854140822,positive regulation of developmental growth,BP
GO:0031325,positive regulation of cellular metabolic process,30/164,1789/8363,0.8592692740628729,0.8196859246857902,30,1789,Montipora_capitata_HIv3___TS.g33283.t2/Montipora_capitata_HIv3___RNAseq.g6978.t1/Montipora_capitata_HIv3___TS.g1118.t1/Montipora_capitata_HIv3___RNAseq.g26525.t1/Montipora_capitata_HIv3___RNAseq.g15043.t1/Montipora_capitata_HIv3___RNAseq.g5395.t1/Montipora_capitata_HIv3___RNAseq.g7741.t1/Montipora_capitata_HIv3___TS.g27540.t1/Montipora_capitata_HIv3___RNAseq.g46819.t1/Montipora_capitata_HIv3___RNAseq.g44960.t2/Montipora_capitata_HIv3___RNAseq.21467_t/Montipora_capitata_HIv3___RNAseq.g403.t1/Montipora_capitata_HIv3___RNAseq.g36907.t1/Montipora_capitata_HIv3___RNAseq.g45527.t1/Montipora_capitata_HIv3___RNAseq.g35008.t1/Montipora_capitata_HIv3___RNAseq.g24942.t1/Montipora_capitata_HIv3___RNAseq.g24095.t1/Montipora_capitata_HIv3___RNAseq.g44814.t1/Montipora_capitata_HIv3___RNAseq.g8971.t1/Montipora_capitata_HIv3___RNAseq.g30678.t1b/Montipora_capitata_HIv3___RNAseq.g36935.t1/Montipora_capitata_HIv3___RNAseq.g14965.t1/Montipora_capitata_HIv3___RNAseq.g43161.t1a/Montipora_capitata_HIv3___RNAseq.g41333.t1/Montipora_capitata_HIv3___RNAseq.g18929.t1/Montipora_capitata_HIv3___TS.g10359.t4b/Montipora_capitata_HIv3___RNAseq.g39706.t2/Montipora_capitata_HIv3___RNAseq.g44445.t1/Montipora_capitata_HIv3___TS.g47745.t1/Montipora_capitata_HIv3___TS.g46192.t3,0.999912854140822,positive regulation of cellular metabolic process,BP
GO:0001012,GO:0001012,4/164,308/8363,0.8598634258056993,0.6492802570449664,4,308,Montipora_capitata_HIv3___RNAseq.g7741.t1/Montipora_capitata_HIv3___RNAseq.g44814.t1/Montipora_capitata_HIv3___TS.g47745.t1/Montipora_capitata_HIv3___TS.g46192.t3,0.999912854140822,NA,NA
GO:0005654,nucleoplasm,37/164,2167/8363,0.8603456603224227,0.8301325300922411,37,2167,Montipora_capitata_HIv3___TS.g1118.t1/Montipora_capitata_HIv3___RNAseq.g23734.t3/Montipora_capitata_HIv3___RNAseq.g26525.t1/Montipora_capitata_HIv3___RNAseq.g35804.t1/Montipora_capitata_HIv3___RNAseq.g5395.t1/Montipora_capitata_HIv3___RNAseq.g35299.t1/Montipora_capitata_HIv3___RNAseq.g7741.t1/Montipora_capitata_HIv3___RNAseq.g27546.t1/Montipora_capitata_HIv3___RNAseq.g42608.t1/Montipora_capitata_HIv3___RNAseq.g12736.t1/Montipora_capitata_HIv3___RNAseq.g403.t1/Montipora_capitata_HIv3___RNAseq.g45527.t1/Montipora_capitata_HIv3___RNAseq.g46378.t1/Montipora_capitata_HIv3___RNAseq.g44814.t1/Montipora_capitata_HIv3___RNAseq.g35720.t1/Montipora_capitata_HIv3___RNAseq.g8971.t1/Montipora_capitata_HIv3___RNAseq.g9027.t1/Montipora_capitata_HIv3___RNAseq.g30678.t1b/Montipora_capitata_HIv3___RNAseq.g18395.t1/Montipora_capitata_HIv3___RNAseq.g15186.t1/Montipora_capitata_HIv3___RNAseq.g40991.t1/Montipora_capitata_HIv3___RNAseq.g14965.t1/Montipora_capitata_HIv3___RNAseq.g43161.t1a/Montipora_capitata_HIv3___RNAseq.g22408.t1/Montipora_capitata_HIv3___RNAseq.g23247.t1/Montipora_capitata_HIv3___RNAseq.g47955.t1/Montipora_capitata_HIv3___RNAseq.g15188.t1/Montipora_capitata_HIv3___RNAseq.g18929.t1/Montipora_capitata_HIv3___TS.g28908.t1/Montipora_capitata_HIv3___RNAseq.g33997.t1/Montipora_capitata_HIv3___RNAseq.g44719.t1/Montipora_capitata_HIv3___RNAseq.g22853.t1/Montipora_capitata_HIv3___TS.g32614.t2/Montipora_capitata_HIv3___RNAseq.g11658.t1/Montipora_capitata_HIv3___TS.g47745.t1/Montipora_capitata_HIv3___RNAseq.g37450.t2/Montipora_capitata_HIv3___RNAseq.g20763.t1,0.999912854140822,nucleoplasm,CC
GO:0019439,aromatic compound catabolic process,5/164,372/8363,0.8607785507813186,0.6711046211810516,5,372,Montipora_capitata_HIv3___TS.g28995.t1/Montipora_capitata_HIv3___RNAseq.g42608.t1/Montipora_capitata_HIv3___RNAseq.g4241.t1/Montipora_capitata_HIv3___RNAseq.g18929.t1/Montipora_capitata_HIv3___RNAseq.g11658.t1,0.999912854140822,aromatic compound catabolic process,BP
GO:0051051,negative regulation of transport,4/164,309/8363,0.8615589612087561,0.6470695571392807,4,309,Montipora_capitata_HIv3___RNAseq.g6978.t1/Montipora_capitata_HIv3___RNAseq.g34092.t1/Montipora_capitata_HIv3___RNAseq.g24942.t1/Montipora_capitata_HIv3___RNAseq.g14488.t1,0.999912854140822,negative regulation of transport,BP
GO:0032559,adenyl ribonucleotide binding,4/164,309/8363,0.8615589612087561,0.6470695571392807,4,309,Montipora_capitata_HIv3___RNAseq.g12736.t1/Montipora_capitata_HIv3___RNAseq.g18698.t1/Montipora_capitata_HIv3___RNAseq.g43161.t1a/Montipora_capitata_HIv3___TS.g47745.t1,0.999912854140822,adenyl ribonucleotide binding,MF
GO:0098655,monoatomic cation transmembrane transport,5/164,373/8363,0.8623321561499651,0.6691955151233255,5,373,Montipora_capitata_HIv3___RNAseq.g24139.t1/Montipora_capitata_HIv3___RNAseq.g38848.t1/Montipora_capitata_HIv3___RNAseq.g36907.t1/Montipora_capitata_HIv3___RNAseq.g668.t1/Montipora_capitata_HIv3___RNAseq.g14155.t1,0.999912854140822,monoatomic cation transmembrane transport,BP
GO:0043043,peptide biosynthetic process,4/164,310/8363,0.8632371059335648,0.644873304392144,4,310,Montipora_capitata_HIv3___RNAseq.g43111.t1/Montipora_capitata_HIv3___RNAseq.g41226.t1/Montipora_capitata_HIv3___RNAseq.g39706.t2/Montipora_capitata_HIv3___RNAseq.g11658.t1,0.999912854140822,peptide biosynthetic process,BP
GO:0045055,regulated exocytosis,6/164,436/8363,0.8636010672484229,0.6861176015563085,6,436,Montipora_capitata_HIv3___RNAseq.g44519.t1/Montipora_capitata_HIv3___RNAseq.g24942.t1/Montipora_capitata_HIv3___RNAseq.g18698.t1/Montipora_capitata_HIv3___TS.g4674.t2b/Montipora_capitata_HIv3___TS.g33523.t1/Montipora_capitata_HIv3___RNAseq.g14488.t1,0.999912854140822,regulated exocytosis,BP
GO:0018193,peptidyl-amino acid modification,8/164,559/8363,0.8657189595690259,0.7118080075046971,8,559,Montipora_capitata_HIv3___RNAseq.g6978.t1/Montipora_capitata_HIv3___RNAseq.g3374.t1/Montipora_capitata_HIv3___RNAseq.g8971.t1/Montipora_capitata_HIv3___RNAseq.g14965.t1/Montipora_capitata_HIv3___RNAseq.g1174.t1/Montipora_capitata_HIv3___RNAseq.g39974.t1/Montipora_capitata_HIv3___RNAseq.g15188.t1/Montipora_capitata_HIv3___RNAseq.g28116.t1,0.999912854140822,peptidyl-amino acid modification,BP
GO:0072594,establishment of protein localization to organelle,4/164,312/8363,0.8665417102655767,0.6405235775522496,4,312,Montipora_capitata_HIv3___RNAseq.g13857.t1/Montipora_capitata_HIv3___RNAseq.g42740.t1/Montipora_capitata_HIv3___TS.g33523.t1/Montipora_capitata_HIv3___RNAseq.g11658.t1,0.999912854140822,establishment of protein localization to organelle,BP
GO:0002119,nematode larval development,3/164,247/8363,0.8680227379983588,0.6075230385175652,3,247,Montipora_capitata_HIv3___RNAseq.g15043.t1/Montipora_capitata_HIv3___RNAseq.g42608.t1/Montipora_capitata_HIv3___RNAseq.g8971.t1,0.999912854140822,nematode larval development,BP
GO:0010769,GO:0010769,3/164,248/8363,0.8698091946543474,0.6049673985034667,3,248,Montipora_capitata_HIv3___RNAseq.g24942.t1/Montipora_capitata_HIv3___TS.g10359.t4b/Montipora_capitata_HIv3___RNAseq.g39706.t2,0.999912854140822,NA,NA
GO:0006605,protein targeting,3/164,249/8363,0.8715744442463151,0.6024325340573543,3,249,Montipora_capitata_HIv3___RNAseq.g42740.t1/Montipora_capitata_HIv3___TS.g33523.t1/Montipora_capitata_HIv3___RNAseq.g11658.t1,0.999912854140822,protein targeting,BP
GO:0048732,gland development,6/164,442/8363,0.8719881644591141,0.6761526713998249,6,442,Montipora_capitata_HIv3___RNAseq.g35008.t1/Montipora_capitata_HIv3___RNAseq.g668.t1/Montipora_capitata_HIv3___RNAseq.g46378.t1/Montipora_capitata_HIv3___RNAseq.g44814.t1/Montipora_capitata_HIv3___RNAseq.g8971.t1/Montipora_capitata_HIv3___RNAseq.g14488.t1,0.999912854140822,gland development,BP
GO:0006886,intracellular protein transport,9/164,624/8363,0.872144340450874,0.7160295822294538,9,624,Montipora_capitata_HIv3___RNAseq.g15043.t1/Montipora_capitata_HIv3___RNAseq.g13857.t1/Montipora_capitata_HIv3___RNAseq.g42740.t1/Montipora_capitata_HIv3___TS.g33523.t1/Montipora_capitata_HIv3___RNAseq.g15188.t1/Montipora_capitata_HIv3___RNAseq.g49962.t1/Montipora_capitata_HIv3___RNAseq.g15029.t1b/Montipora_capitata_HIv3___RNAseq.g41226.t1/Montipora_capitata_HIv3___RNAseq.g11658.t1,0.999912854140822,intracellular protein transport,BP
GO:0006351,DNA-templated transcription,7/164,504/8363,0.872693670279942,0.6909548184110189,7,504,Montipora_capitata_HIv3___RNAseq.g7741.t1/Montipora_capitata_HIv3___RNAseq.g12736.t1/Montipora_capitata_HIv3___RNAseq.g45527.t1/Montipora_capitata_HIv3___RNAseq.g44814.t1/Montipora_capitata_HIv3___RNAseq.g40991.t1/Montipora_capitata_HIv3___RNAseq.g44445.t1/Montipora_capitata_HIv3___TS.g46192.t3,0.999912854140822,DNA-templated transcription,BP
GO:0097659,GO:0097659,7/164,504/8363,0.872693670279942,0.6909548184110189,7,504,Montipora_capitata_HIv3___RNAseq.g7741.t1/Montipora_capitata_HIv3___RNAseq.g12736.t1/Montipora_capitata_HIv3___RNAseq.g45527.t1/Montipora_capitata_HIv3___RNAseq.g44814.t1/Montipora_capitata_HIv3___RNAseq.g40991.t1/Montipora_capitata_HIv3___RNAseq.g44445.t1/Montipora_capitata_HIv3___TS.g46192.t3,0.999912854140822,NA,NA
GO:0071363,cellular response to growth factor stimulus,4/164,317/8363,0.8745074285930385,0.6298924251405398,4,317,Montipora_capitata_HIv3___RNAseq.g6978.t1/Montipora_capitata_HIv3___RNAseq.g8971.t1/Montipora_capitata_HIv3___RNAseq.g39706.t2/Montipora_capitata_HIv3___RNAseq.g14488.t1,0.999912854140822,cellular response to growth factor stimulus,BP
GO:0033044,regulation of chromosome organization,4/164,317/8363,0.8745074285930385,0.6298924251405398,4,317,Montipora_capitata_HIv3___RNAseq.g6978.t1/Montipora_capitata_HIv3___RNAseq.g42608.t1/Montipora_capitata_HIv3___RNAseq.g23247.t1/Montipora_capitata_HIv3___TS.g47745.t1,0.999912854140822,regulation of chromosome organization,BP
GO:0043565,sequence-specific DNA binding,6/164,444/8363,0.8746876116633999,0.6728916831895831,6,444,Montipora_capitata_HIv3___RNAseq.g7741.t1/Montipora_capitata_HIv3___RNAseq.g44814.t1/Montipora_capitata_HIv3___RNAseq.g40991.t1/Montipora_capitata_HIv3___RNAseq.g43161.t1a/Montipora_capitata_HIv3___TS.g47745.t1/Montipora_capitata_HIv3___TS.g46192.t3,0.999912854140822,sequence-specific DNA binding,MF
GO:0001654,eye development,7/164,506/8363,0.8752346300178853,0.6880065162236434,7,506,Montipora_capitata_HIv3___RNAseq.g5395.t1/Montipora_capitata_HIv3___RNAseq.g35008.t1/Montipora_capitata_HIv3___RNAseq.g24942.t1/Montipora_capitata_HIv3___RNAseq.g44814.t1/Montipora_capitata_HIv3___RNAseq.g8971.t1/Montipora_capitata_HIv3___TS.g10359.t4b/Montipora_capitata_HIv3___TS.g46192.t3,0.999912854140822,eye development,BP
GO:0006355,regulation of DNA-templated transcription,25/164,1536/8363,0.8754731244340686,0.796102287076497,25,1536,Montipora_capitata_HIv3___TS.g33283.t2/Montipora_capitata_HIv3___RNAseq.g6978.t1/Montipora_capitata_HIv3___TS.g1118.t1/Montipora_capitata_HIv3___RNAseq.g26525.t1/Montipora_capitata_HIv3___TS.g10979.t1/Montipora_capitata_HIv3___RNAseq.g11548.t1/Montipora_capitata_HIv3___RNAseq.g7741.t1/Montipora_capitata_HIv3___RNAseq.g44960.t2/Montipora_capitata_HIv3___RNAseq.21467_t/Montipora_capitata_HIv3___RNAseq.g403.t1/Montipora_capitata_HIv3___RNAseq.g13857.t1/Montipora_capitata_HIv3___RNAseq.g45527.t1/Montipora_capitata_HIv3___RNAseq.g35008.t1/Montipora_capitata_HIv3___RNAseq.g44814.t1/Montipora_capitata_HIv3___RNAseq.g8971.t1/Montipora_capitata_HIv3___RNAseq.g36935.t1/Montipora_capitata_HIv3___RNAseq.g28405.t2/Montipora_capitata_HIv3___RNAseq.g40991.t1/Montipora_capitata_HIv3___RNAseq.g32149.t1/Montipora_capitata_HIv3___RNAseq.g43161.t1a/Montipora_capitata_HIv3___RNAseq.g41333.t1/Montipora_capitata_HIv3___RNAseq.g28116.t1/Montipora_capitata_HIv3___RNAseq.g44445.t1/Montipora_capitata_HIv3___TS.g47745.t1/Montipora_capitata_HIv3___TS.g46192.t3,0.999912854140822,regulation of DNA-templated transcription,BP
GO:0050890,cognition,4/164,318/8363,0.87605084580757,0.6278068180866875,4,318,Montipora_capitata_HIv3___RNAseq.g24942.t1/Montipora_capitata_HIv3___RNAseq.g24095.t1/Montipora_capitata_HIv3___RNAseq.g44814.t1/Montipora_capitata_HIv3___RNAseq.g1174.t1,0.999912854140822,cognition,BP
GO:0030554,adenyl nucleotide binding,4/164,318/8363,0.87605084580757,0.6278068180866875,4,318,Montipora_capitata_HIv3___RNAseq.g12736.t1/Montipora_capitata_HIv3___RNAseq.g18698.t1/Montipora_capitata_HIv3___RNAseq.g43161.t1a/Montipora_capitata_HIv3___TS.g47745.t1,0.999912854140822,adenyl nucleotide binding,MF
GO:1901575,organic substance catabolic process,19/164,1204/8363,0.8766259110646933,0.7756136346638656,19,1204,Montipora_capitata_HIv3___TS.g33283.t2/Montipora_capitata_HIv3___TS.g1118.t1/Montipora_capitata_HIv3___TS.g28995.t1/Montipora_capitata_HIv3___RNAseq.g42608.t1/Montipora_capitata_HIv3___RNAseq.g46378.t1/Montipora_capitata_HIv3___RNAseq.g30678.t1b/Montipora_capitata_HIv3___RNAseq.g22553.t1c/Montipora_capitata_HIv3___RNAseq.g9918.t1/Montipora_capitata_HIv3___RNAseq.g23247.t1/Montipora_capitata_HIv3___RNAseq.g4241.t1/Montipora_capitata_HIv3___RNAseq.g15188.t1/Montipora_capitata_HIv3___RNAseq.g18929.t1/Montipora_capitata_HIv3___RNAseq.g6934.t1/Montipora_capitata_HIv3___RNAseq.g44719.t1/Montipora_capitata_HIv3___RNAseq.g9087.t1/Montipora_capitata_HIv3___RNAseq.g14956.t1/Montipora_capitata_HIv3___RNAseq.g14960.t1/Montipora_capitata_HIv3___RNAseq.g11658.t1/Montipora_capitata_HIv3___RNAseq.g14488.t1,0.999912854140822,organic substance catabolic process,BP
GO:0098796,membrane protein complex,8/164,568/8363,0.8767903140124921,0.6995425047384792,8,568,Montipora_capitata_HIv3___RNAseq.g11548.t1/Montipora_capitata_HIv3___RNAseq.g12807.t1/Montipora_capitata_HIv3___RNAseq.g44960.t2/Montipora_capitata_HIv3___RNAseq.21467_t/Montipora_capitata_HIv3___RNAseq.g35008.t1/Montipora_capitata_HIv3___RNAseq.g40982.t1a/Montipora_capitata_HIv3___RNAseq.g42740.t1/Montipora_capitata_HIv3___RNAseq.g15188.t1,0.999912854140822,membrane protein complex,CC
GO:0009416,response to light stimulus,4/164,319/8363,0.8775779742127641,0.6257344512898576,4,319,Montipora_capitata_HIv3___RNAseq.g42608.t1/Montipora_capitata_HIv3___RNAseq.g44814.t1/Montipora_capitata_HIv3___RNAseq.g28116.t1/Montipora_capitata_HIv3___RNAseq.g8867.t2,0.999912854140822,response to light stimulus,BP
GO:0051179,localization,57/164,3247/8363,0.877636521933178,0.8365121933070594,57,3247,Montipora_capitata_HIv3___TS.g33283.t2/Montipora_capitata_HIv3___RNAseq.g6978.t1/Montipora_capitata_HIv3___TS.g1118.t1/Montipora_capitata_HIv3___RNAseq.g36838.t1/Montipora_capitata_HIv3___RNAseq.g26525.t1/Montipora_capitata_HIv3___RNAseq.g15043.t1/Montipora_capitata_HIv3___TS.g44069.t1/Montipora_capitata_HIv3___RNAseq.g22865.t1/Montipora_capitata_HIv3___RNAseq.g14946.t1/Montipora_capitata_HIv3___RNAseq.g2640.t1a/Montipora_capitata_HIv3___TS.g5595.t1/Montipora_capitata_HIv3___RNAseq.g24139.t1/Montipora_capitata_HIv3___RNAseq.g44519.t1/Montipora_capitata_HIv3___TS.g32048.t1/Montipora_capitata_HIv3___RNAseq.g13129.t1/Montipora_capitata_HIv3___RNAseq.g38848.t1/Montipora_capitata_HIv3___RNAseq.g49895.t2/Montipora_capitata_HIv3___RNAseq.g45361.t1/Montipora_capitata_HIv3___RNAseq.g13857.t1/Montipora_capitata_HIv3___RNAseq.g36907.t1/Montipora_capitata_HIv3___RNAseq.g35008.t1/Montipora_capitata_HIv3___RNAseq.g668.t1/Montipora_capitata_HIv3___RNAseq.g46378.t1/Montipora_capitata_HIv3___RNAseq.g24942.t1/Montipora_capitata_HIv3___RNAseq.g24095.t1/Montipora_capitata_HIv3___RNAseq.g44814.t1/Montipora_capitata_HIv3___RNAseq.g20250.t1/Montipora_capitata_HIv3___RNAseq.g12548.t1/Montipora_capitata_HIv3___RNAseq.g18698.t1/Montipora_capitata_HIv3___RNAseq.g8971.t1/Montipora_capitata_HIv3___RNAseq.g41416.t2a/Montipora_capitata_HIv3___RNAseq.g20807.t2/Montipora_capitata_HIv3___RNAseq.g14155.t1/Montipora_capitata_HIv3___TS.g4674.t2b/Montipora_capitata_HIv3___RNAseq.g40284.t1/Montipora_capitata_HIv3___RNAseq.g42740.t1/Montipora_capitata_HIv3___RNAseq.g22408.t1/Montipora_capitata_HIv3___RNAseq.g1174.t1/Montipora_capitata_HIv3___RNAseq.g23247.t1/Montipora_capitata_HIv3___TS.g33523.t1/Montipora_capitata_HIv3___RNAseq.g47955.t1/Montipora_capitata_HIv3___RNAseq.g15188.t1/Montipora_capitata_HIv3___RNAseq.g49962.t1/Montipora_capitata_HIv3___RNAseq.g11214.t1/Montipora_capitata_HIv3___RNAseq.g28116.t1/Montipora_capitata_HIv3___RNAseq.g15029.t1b/Montipora_capitata_HIv3___RNAseq.g4457.t1/Montipora_capitata_HIv3___TS.g21895.t1/Montipora_capitata_HIv3___TS.g10359.t4b/Montipora_capitata_HIv3___RNAseq.g41226.t1/Montipora_capitata_HIv3___RNAseq.g39706.t2/Montipora_capitata_HIv3___RNAseq.g44445.t1/Montipora_capitata_HIv3___RNAseq.g23366.t1/Montipora_capitata_HIv3___RNAseq.g11658.t1/Montipora_capitata_HIv3___RNAseq.g14488.t1/Montipora_capitata_HIv3___TS.g47745.t1/Montipora_capitata_HIv3___TS.g20607.t1,0.999912854140822,localization,BP
GO:0065007,biological regulation,104/164,5633/8363,0.8786464770081338,0.8370727090254317,104,5633,Montipora_capitata_HIv3___TS.g33283.t2/Montipora_capitata_HIv3___RNAseq.g6978.t1/Montipora_capitata_HIv3___RNAseq.g7992.t1/Montipora_capitata_HIv3___TS.g1118.t1/Montipora_capitata_HIv3___RNAseq.g2559.t1a/Montipora_capitata_HIv3___RNAseq.g23734.t3/Montipora_capitata_HIv3___RNAseq.g26525.t1/Montipora_capitata_HIv3___RNAseq.g35804.t1/Montipora_capitata_HIv3___TS.g10979.t1/Montipora_capitata_HIv3___RNAseq.g15043.t1/Montipora_capitata_HIv3___RNAseq.g5395.t1/Montipora_capitata_HIv3___RNAseq.g22865.t1/Montipora_capitata_HIv3___RNAseq.g41637.t1/Montipora_capitata_HIv3___RNAseq.g14946.t1/Montipora_capitata_HIv3___RNAseq.g23733.t1/Montipora_capitata_HIv3___RNAseq.g11548.t1/Montipora_capitata_HIv3___RNAseq.g7741.t1/Montipora_capitata_HIv3___TS.g29616.t1/Montipora_capitata_HIv3___RNAseq.g33991.t1/Montipora_capitata_HIv3___RNAseq.g26580.t1/Montipora_capitata_HIv3___RNAseq.g2640.t1a/Montipora_capitata_HIv3___TS.g27540.t1/Montipora_capitata_HIv3___RNAseq.g24139.t1/Montipora_capitata_HIv3___RNAseq.g34092.t1/Montipora_capitata_HIv3___RNAseq.g44519.t1/Montipora_capitata_HIv3___RNAseq.g46819.t1/Montipora_capitata_HIv3___RNAseq.g12596.t1/Montipora_capitata_HIv3___RNAseq.g50691.t1/Montipora_capitata_HIv3___RNAseq.g11237.t1/Montipora_capitata_HIv3___RNAseq.g3374.t1/Montipora_capitata_HIv3___RNAseq.g44960.t2/Montipora_capitata_HIv3___TS.g32048.t1/Montipora_capitata_HIv3___RNAseq.g40983.t1/Montipora_capitata_HIv3___RNAseq.21467_t/Montipora_capitata_HIv3___RNAseq.g24836.t1/Montipora_capitata_HIv3___RNAseq.g13129.t1/Montipora_capitata_HIv3___RNAseq.g37193.t1/Montipora_capitata_HIv3___RNAseq.g29879.t1b/Montipora_capitata_HIv3___RNAseq.g42608.t1/Montipora_capitata_HIv3___RNAseq.g12736.t1/Montipora_capitata_HIv3___RNAseq.g35718.t1/Montipora_capitata_HIv3___RNAseq.g33992.t1/Montipora_capitata_HIv3___RNAseq.g38848.t1/Montipora_capitata_HIv3___RNAseq.g39648.t1/Montipora_capitata_HIv3___RNAseq.g403.t1/Montipora_capitata_HIv3___RNAseq.g45361.t1/Montipora_capitata_HIv3___RNAseq.g13857.t1/Montipora_capitata_HIv3___RNAseq.g36907.t1/Montipora_capitata_HIv3___RNAseq.g45527.t1/Montipora_capitata_HIv3___RNAseq.g35008.t1/Montipora_capitata_HIv3___RNAseq.g668.t1/Montipora_capitata_HIv3___RNAseq.g46378.t1/Montipora_capitata_HIv3___RNAseq.g24942.t1/Montipora_capitata_HIv3___RNAseq.g24095.t1/Montipora_capitata_HIv3___RNAseq.g44814.t1/Montipora_capitata_HIv3___RNAseq.g20250.t1/Montipora_capitata_HIv3___RNAseq.g35720.t1/Montipora_capitata_HIv3___RNAseq.g18698.t1/Montipora_capitata_HIv3___RNAseq.g8971.t1/Montipora_capitata_HIv3___RNAseq.g20771.t1/Montipora_capitata_HIv3___RNAseq.g30678.t1b/Montipora_capitata_HIv3___RNAseq.g15186.t1/Montipora_capitata_HIv3___RNAseq.g36935.t1/Montipora_capitata_HIv3___RNAseq.g28405.t2/Montipora_capitata_HIv3___RNAseq.g14155.t1/Montipora_capitata_HIv3___RNAseq.g40991.t1/Montipora_capitata_HIv3___RNAseq.g14965.t1/Montipora_capitata_HIv3___RNAseq.g32149.t1/Montipora_capitata_HIv3___RNAseq.g24020.t1/Montipora_capitata_HIv3___RNAseq.g37645.t1/Montipora_capitata_HIv3___RNAseq.g42092.t1/Montipora_capitata_HIv3___RNAseq.g42740.t1/Montipora_capitata_HIv3___RNAseq.g43161.t1a/Montipora_capitata_HIv3___RNAseq.g41333.t1/Montipora_capitata_HIv3___RNAseq.g9918.t1/Montipora_capitata_HIv3___RNAseq.g23247.t1/Montipora_capitata_HIv3___TS.g33523.t1/Montipora_capitata_HIv3___RNAseq.g39974.t1/Montipora_capitata_HIv3___RNAseq.g4241.t1/Montipora_capitata_HIv3___RNAseq.g47955.t1/Montipora_capitata_HIv3___RNAseq.g15188.t1/Montipora_capitata_HIv3___RNAseq.g49962.t1/Montipora_capitata_HIv3___RNAseq.g18929.t1/Montipora_capitata_HIv3___RNAseq.g8270.t1/Montipora_capitata_HIv3___RNAseq.g33997.t1/Montipora_capitata_HIv3___RNAseq.g6934.t1/Montipora_capitata_HIv3___RNAseq.g28116.t1/Montipora_capitata_HIv3___RNAseq.g23464.t1/Montipora_capitata_HIv3___RNAseq.g15029.t1b/Montipora_capitata_HIv3___RNAseq.g4457.t1/Montipora_capitata_HIv3___TS.g10359.t4b/Montipora_capitata_HIv3___RNAseq.g41226.t1/Montipora_capitata_HIv3___RNAseq.g39706.t2/Montipora_capitata_HIv3___RNAseq.g8867.t2/Montipora_capitata_HIv3___RNAseq.g22853.t1/Montipora_capitata_HIv3___RNAseq.g44445.t1/Montipora_capitata_HIv3___RNAseq.g23366.t1/Montipora_capitata_HIv3___RNAseq.g11658.t1/Montipora_capitata_HIv3___RNAseq.g14488.t1/Montipora_capitata_HIv3___TS.g47745.t1/Montipora_capitata_HIv3___RNAseq.g37450.t2/Montipora_capitata_HIv3___RNAseq.g20763.t1/Montipora_capitata_HIv3___TS.g20607.t1/Montipora_capitata_HIv3___TS.g46192.t3,0.999912854140822,biological regulation,BP
GO:0007548,sex differentiation,4/164,320/8363,0.8790889367945726,0.6236751990632298,4,320,Montipora_capitata_HIv3___RNAseq.g36907.t1/Montipora_capitata_HIv3___RNAseq.g35008.t1/Montipora_capitata_HIv3___RNAseq.g8971.t1/Montipora_capitata_HIv3___RNAseq.g42092.t1,0.999912854140822,sex differentiation,BP
GO:0000226,microtubule cytoskeleton organization,6/164,448/8363,0.8799453025603236,0.6664582197137658,6,448,Montipora_capitata_HIv3___RNAseq.g36838.t1/Montipora_capitata_HIv3___RNAseq.g26580.t1/Montipora_capitata_HIv3___TS.g5595.t1/Montipora_capitata_HIv3___RNAseq.g39887.t1/Montipora_capitata_HIv3___RNAseq.g15029.t1b/Montipora_capitata_HIv3___TS.g10359.t4b,0.999912854140822,microtubule cytoskeleton organization,BP
GO:0019866,organelle inner membrane,4/164,321/8363,0.8805838565576153,0.6216289373057718,4,321,Montipora_capitata_HIv3___RNAseq.g36845.t1/Montipora_capitata_HIv3___RNAseq.g40982.t1a/Montipora_capitata_HIv3___RNAseq.g24095.t1/Montipora_capitata_HIv3___TS.g6904.t1,0.999912854140822,organelle inner membrane,CC
GO:0046677,response to antibiotic,4/164,321/8363,0.8805838565576153,0.6216289373057718,4,321,Montipora_capitata_HIv3___RNAseq.g44814.t1/Montipora_capitata_HIv3___RNAseq.g8971.t1/Montipora_capitata_HIv3___RNAseq.g33449.t1/Montipora_capitata_HIv3___RNAseq.g14488.t1,0.999912854140822,response to antibiotic,BP
GO:0005739,mitochondrion,17/164,1096/8363,0.8808661305055445,0.7631380947559023,17,1096,Montipora_capitata_HIv3___RNAseq.g40427.t1a/Montipora_capitata_HIv3___RNAseq.g11548.t1/Montipora_capitata_HIv3___RNAseq.g7741.t1/Montipora_capitata_HIv3___RNAseq.g34092.t1/Montipora_capitata_HIv3___TS.g40937.t3b/Montipora_capitata_HIv3___RNAseq.g40982.t1a/Montipora_capitata_HIv3___RNAseq.g46378.t1/Montipora_capitata_HIv3___RNAseq.g24095.t1/Montipora_capitata_HIv3___RNAseq.g44814.t1/Montipora_capitata_HIv3___RNAseq.g30434.t1/Montipora_capitata_HIv3___RNAseq.g1174.t1/Montipora_capitata_HIv3___TS.g50674.t1/Montipora_capitata_HIv3___RNAseq.g9087.t1/Montipora_capitata_HIv3___RNAseq.g14956.t1/Montipora_capitata_HIv3___RNAseq.g14960.t1/Montipora_capitata_HIv3___RNAseq.g18391.t1/Montipora_capitata_HIv3___RNAseq.g14488.t1,0.999912854140822,mitochondrion,CC
GO:0032774,RNA biosynthetic process,7/164,511/8363,0.8814059079104382,0.6807381003792643,7,511,Montipora_capitata_HIv3___RNAseq.g7741.t1/Montipora_capitata_HIv3___RNAseq.g12736.t1/Montipora_capitata_HIv3___RNAseq.g45527.t1/Montipora_capitata_HIv3___RNAseq.g44814.t1/Montipora_capitata_HIv3___RNAseq.g40991.t1/Montipora_capitata_HIv3___RNAseq.g44445.t1/Montipora_capitata_HIv3___TS.g46192.t3,0.999912854140822,RNA biosynthetic process,BP
GO:0043005,neuron projection,13/164,869/8363,0.882916880605371,0.7385506803255221,13,869,Montipora_capitata_HIv3___RNAseq.g23734.t3/Montipora_capitata_HIv3___RNAseq.g35804.t1/Montipora_capitata_HIv3___RNAseq.g5395.t1/Montipora_capitata_HIv3___RNAseq.g22865.t1/Montipora_capitata_HIv3___RNAseq.g34092.t1/Montipora_capitata_HIv3___RNAseq.g24942.t1/Montipora_capitata_HIv3___RNAseq.g35720.t1/Montipora_capitata_HIv3___RNAseq.g20807.t2/Montipora_capitata_HIv3___RNAseq.g49962.t1/Montipora_capitata_HIv3___RNAseq.g12947.t1/Montipora_capitata_HIv3___RNAseq.g23366.t1/Montipora_capitata_HIv3___RNAseq.g14488.t1/Montipora_capitata_HIv3___TS.g46192.t3,0.999912854140822,neuron projection,CC
GO:0002066,columnar/cuboidal epithelial cell development,3/164,256/8363,0.8833533427081868,0.5852495070520571,3,256,Montipora_capitata_HIv3___RNAseq.g24942.t1/Montipora_capitata_HIv3___RNAseq.g44814.t1/Montipora_capitata_HIv3___RNAseq.g8971.t1,0.999912854140822,columnar/cuboidal epithelial cell development,BP
GO:0001558,regulation of cell growth,4/164,323/8363,0.8835260595981802,0.6175748965740566,4,323,Montipora_capitata_HIv3___RNAseq.g46378.t1/Montipora_capitata_HIv3___RNAseq.g24942.t1/Montipora_capitata_HIv3___RNAseq.g44814.t1/Montipora_capitata_HIv3___RNAseq.g39706.t2,0.999912854140822,regulation of cell growth,BP
GO:0030162,regulation of proteolysis,6/164,452/8363,0.8850182980172663,0.6601401276891935,6,452,Montipora_capitata_HIv3___RNAseq.g11548.t1/Montipora_capitata_HIv3___TS.g32048.t1/Montipora_capitata_HIv3___RNAseq.g24942.t1/Montipora_capitata_HIv3___RNAseq.g8971.t1/Montipora_capitata_HIv3___RNAseq.g30678.t1b/Montipora_capitata_HIv3___RNAseq.g39706.t2,0.999912854140822,regulation of proteolysis,BP
GO:0060255,regulation of macromolecule metabolic process,52/164,2998/8363,0.8854695487887212,0.8278562968843013,52,2998,Montipora_capitata_HIv3___TS.g33283.t2/Montipora_capitata_HIv3___RNAseq.g6978.t1/Montipora_capitata_HIv3___TS.g1118.t1/Montipora_capitata_HIv3___RNAseq.g26525.t1/Montipora_capitata_HIv3___TS.g10979.t1/Montipora_capitata_HIv3___RNAseq.g15043.t1/Montipora_capitata_HIv3___RNAseq.g5395.t1/Montipora_capitata_HIv3___RNAseq.g11548.t1/Montipora_capitata_HIv3___RNAseq.g7741.t1/Montipora_capitata_HIv3___TS.g27540.t1/Montipora_capitata_HIv3___RNAseq.g46819.t1/Montipora_capitata_HIv3___RNAseq.g44960.t2/Montipora_capitata_HIv3___TS.g32048.t1/Montipora_capitata_HIv3___RNAseq.21467_t/Montipora_capitata_HIv3___RNAseq.g37193.t1/Montipora_capitata_HIv3___RNAseq.g42608.t1/Montipora_capitata_HIv3___RNAseq.g12736.t1/Montipora_capitata_HIv3___RNAseq.g403.t1/Montipora_capitata_HIv3___RNAseq.g13857.t1/Montipora_capitata_HIv3___RNAseq.g36907.t1/Montipora_capitata_HIv3___RNAseq.g45527.t1/Montipora_capitata_HIv3___RNAseq.g35008.t1/Montipora_capitata_HIv3___RNAseq.g24942.t1/Montipora_capitata_HIv3___RNAseq.g24095.t1/Montipora_capitata_HIv3___RNAseq.g44814.t1/Montipora_capitata_HIv3___RNAseq.g8971.t1/Montipora_capitata_HIv3___RNAseq.g30678.t1b/Montipora_capitata_HIv3___RNAseq.g36935.t1/Montipora_capitata_HIv3___RNAseq.g28405.t2/Montipora_capitata_HIv3___RNAseq.g40991.t1/Montipora_capitata_HIv3___RNAseq.g14965.t1/Montipora_capitata_HIv3___RNAseq.g32149.t1/Montipora_capitata_HIv3___RNAseq.g42092.t1/Montipora_capitata_HIv3___RNAseq.g42740.t1/Montipora_capitata_HIv3___RNAseq.g43161.t1a/Montipora_capitata_HIv3___RNAseq.g41333.t1/Montipora_capitata_HIv3___TS.g33523.t1/Montipora_capitata_HIv3___RNAseq.g4241.t1/Montipora_capitata_HIv3___RNAseq.g47955.t1/Montipora_capitata_HIv3___RNAseq.g15188.t1/Montipora_capitata_HIv3___RNAseq.g18929.t1/Montipora_capitata_HIv3___RNAseq.g8270.t1/Montipora_capitata_HIv3___RNAseq.g28116.t1/Montipora_capitata_HIv3___RNAseq.g15029.t1b/Montipora_capitata_HIv3___TS.g10359.t4b/Montipora_capitata_HIv3___RNAseq.g41226.t1/Montipora_capitata_HIv3___RNAseq.g39706.t2/Montipora_capitata_HIv3___RNAseq.g44445.t1/Montipora_capitata_HIv3___RNAseq.g11658.t1/Montipora_capitata_HIv3___TS.g47745.t1/Montipora_capitata_HIv3___RNAseq.g20763.t1/Montipora_capitata_HIv3___TS.g46192.t3,0.999912854140822,regulation of macromolecule metabolic process,BP
GO:0070848,response to growth factor,4/164,325/8363,0.8864055668613698,0.613571367066471,4,325,Montipora_capitata_HIv3___RNAseq.g6978.t1/Montipora_capitata_HIv3___RNAseq.g8971.t1/Montipora_capitata_HIv3___RNAseq.g39706.t2/Montipora_capitata_HIv3___RNAseq.g14488.t1,0.999912854140822,response to growth factor,BP
GO:0051171,regulation of nitrogen compound metabolic process,48/164,2789/8363,0.8864200609583458,0.824001151555688,48,2789,Montipora_capitata_HIv3___TS.g33283.t2/Montipora_capitata_HIv3___RNAseq.g6978.t1/Montipora_capitata_HIv3___TS.g1118.t1/Montipora_capitata_HIv3___RNAseq.g26525.t1/Montipora_capitata_HIv3___TS.g10979.t1/Montipora_capitata_HIv3___RNAseq.g15043.t1/Montipora_capitata_HIv3___RNAseq.g5395.t1/Montipora_capitata_HIv3___RNAseq.g11548.t1/Montipora_capitata_HIv3___RNAseq.g7741.t1/Montipora_capitata_HIv3___TS.g27540.t1/Montipora_capitata_HIv3___RNAseq.g44960.t2/Montipora_capitata_HIv3___TS.g32048.t1/Montipora_capitata_HIv3___RNAseq.21467_t/Montipora_capitata_HIv3___RNAseq.g37193.t1/Montipora_capitata_HIv3___RNAseq.g42608.t1/Montipora_capitata_HIv3___RNAseq.g12736.t1/Montipora_capitata_HIv3___RNAseq.g403.t1/Montipora_capitata_HIv3___RNAseq.g13857.t1/Montipora_capitata_HIv3___RNAseq.g36907.t1/Montipora_capitata_HIv3___RNAseq.g45527.t1/Montipora_capitata_HIv3___RNAseq.g35008.t1/Montipora_capitata_HIv3___RNAseq.g24942.t1/Montipora_capitata_HIv3___RNAseq.g24095.t1/Montipora_capitata_HIv3___RNAseq.g44814.t1/Montipora_capitata_HIv3___RNAseq.g8971.t1/Montipora_capitata_HIv3___RNAseq.g30678.t1b/Montipora_capitata_HIv3___RNAseq.g36935.t1/Montipora_capitata_HIv3___RNAseq.g28405.t2/Montipora_capitata_HIv3___RNAseq.g40991.t1/Montipora_capitata_HIv3___RNAseq.g14965.t1/Montipora_capitata_HIv3___RNAseq.g32149.t1/Montipora_capitata_HIv3___RNAseq.g42092.t1/Montipora_capitata_HIv3___RNAseq.g42740.t1/Montipora_capitata_HIv3___RNAseq.g43161.t1a/Montipora_capitata_HIv3___RNAseq.g41333.t1/Montipora_capitata_HIv3___TS.g33523.t1/Montipora_capitata_HIv3___RNAseq.g47955.t1/Montipora_capitata_HIv3___RNAseq.g15188.t1/Montipora_capitata_HIv3___RNAseq.g18929.t1/Montipora_capitata_HIv3___RNAseq.g28116.t1/Montipora_capitata_HIv3___RNAseq.g15029.t1b/Montipora_capitata_HIv3___TS.g10359.t4b/Montipora_capitata_HIv3___RNAseq.g41226.t1/Montipora_capitata_HIv3___RNAseq.g39706.t2/Montipora_capitata_HIv3___RNAseq.g44445.t1/Montipora_capitata_HIv3___RNAseq.g14488.t1/Montipora_capitata_HIv3___TS.g47745.t1/Montipora_capitata_HIv3___TS.g46192.t3,0.999912854140822,regulation of nitrogen compound metabolic process,BP
GO:0010498,proteasomal protein catabolic process,3/164,259/8363,0.8881022492426396,0.578172988079009,3,259,Montipora_capitata_HIv3___RNAseq.g22553.t1c/Montipora_capitata_HIv3___RNAseq.g23247.t1/Montipora_capitata_HIv3___RNAseq.g15188.t1,0.999912854140822,proteasomal protein catabolic process,BP
GO:0051603,proteolysis involved in protein catabolic process,5/164,392/8363,0.8892115845002095,0.6347967596409939,5,392,Montipora_capitata_HIv3___TS.g1118.t1/Montipora_capitata_HIv3___RNAseq.g30678.t1b/Montipora_capitata_HIv3___RNAseq.g22553.t1c/Montipora_capitata_HIv3___RNAseq.g23247.t1/Montipora_capitata_HIv3___RNAseq.g15188.t1,0.999912854140822,proteolysis involved in protein catabolic process,BP
GO:0008324,monoatomic cation transmembrane transporter activity,4/164,327/8363,0.8892233607173619,0.6096174105796682,4,327,Montipora_capitata_HIv3___RNAseq.g24139.t1/Montipora_capitata_HIv3___RNAseq.g36907.t1/Montipora_capitata_HIv3___RNAseq.g668.t1/Montipora_capitata_HIv3___RNAseq.g14155.t1,0.999912854140822,monoatomic cation transmembrane transporter activity,MF
GO:0000976,transcription cis-regulatory region binding,4/164,327/8363,0.8892233607173619,0.6096174105796682,4,327,Montipora_capitata_HIv3___RNAseq.g7741.t1/Montipora_capitata_HIv3___RNAseq.g44814.t1/Montipora_capitata_HIv3___TS.g47745.t1/Montipora_capitata_HIv3___TS.g46192.t3,0.999912854140822,transcription cis-regulatory region binding,MF
GO:0046483,heterocycle metabolic process,40/164,2371/8363,0.8908387426539193,0.8120859338040661,40,2371,Montipora_capitata_HIv3___RNAseq.g36845.t1/Montipora_capitata_HIv3___TS.g1118.t1/Montipora_capitata_HIv3___RNAseq.g26525.t1/Montipora_capitata_HIv3___RNAseq.g40427.t1a/Montipora_capitata_HIv3___RNAseq.g7741.t1/Montipora_capitata_HIv3___RNAseq.g33991.t1/Montipora_capitata_HIv3___RNAseq.g34092.t1/Montipora_capitata_HIv3___TS.g28995.t1/Montipora_capitata_HIv3___RNAseq.g42608.t1/Montipora_capitata_HIv3___RNAseq.g12736.t1/Montipora_capitata_HIv3___RNAseq.g33992.t1/Montipora_capitata_HIv3___RNAseq.g403.t1/Montipora_capitata_HIv3___RNAseq.g45527.t1/Montipora_capitata_HIv3___RNAseq.g44814.t1/Montipora_capitata_HIv3___RNAseq.g30678.t1b/Montipora_capitata_HIv3___RNAseq.g18395.t1/Montipora_capitata_HIv3___TS.g40519.t3/Montipora_capitata_HIv3___RNAseq.g15186.t1/Montipora_capitata_HIv3___TS.g6904.t1/Montipora_capitata_HIv3___RNAseq.g40991.t1/Montipora_capitata_HIv3___RNAseq.g14965.t1/Montipora_capitata_HIv3___RNAseq.g47379.t1/Montipora_capitata_HIv3___RNAseq.g42740.t1/Montipora_capitata_HIv3___RNAseq.g43161.t1a/Montipora_capitata_HIv3___TS.g33523.t1/Montipora_capitata_HIv3___RNAseq.g4241.t1/Montipora_capitata_HIv3___RNAseq.g47955.t1/Montipora_capitata_HIv3___RNAseq.g18929.t1/Montipora_capitata_HIv3___TS.g21293.t1/Montipora_capitata_HIv3___TS.g28908.t1/Montipora_capitata_HIv3___RNAseq.g9561.t1/Montipora_capitata_HIv3___RNAseq.g14956.t1/Montipora_capitata_HIv3___RNAseq.g8867.t2/Montipora_capitata_HIv3___RNAseq.g44445.t1/Montipora_capitata_HIv3___RNAseq.g14960.t1/Montipora_capitata_HIv3___RNAseq.g11658.t1/Montipora_capitata_HIv3___TS.g47745.t1/Montipora_capitata_HIv3___RNAseq.g37450.t2/Montipora_capitata_HIv3___RNAseq.g20763.t1/Montipora_capitata_HIv3___TS.g46192.t3,0.999912854140822,heterocycle metabolic process,BP
GO:0006357,regulation of transcription by RNA polymerase II,18/164,1165/8363,0.8912272278715277,0.7580222373570866,18,1165,Montipora_capitata_HIv3___TS.g33283.t2/Montipora_capitata_HIv3___RNAseq.g6978.t1/Montipora_capitata_HIv3___RNAseq.g26525.t1/Montipora_capitata_HIv3___TS.g10979.t1/Montipora_capitata_HIv3___RNAseq.g7741.t1/Montipora_capitata_HIv3___RNAseq.g44960.t2/Montipora_capitata_HIv3___RNAseq.21467_t/Montipora_capitata_HIv3___RNAseq.g45527.t1/Montipora_capitata_HIv3___RNAseq.g35008.t1/Montipora_capitata_HIv3___RNAseq.g44814.t1/Montipora_capitata_HIv3___RNAseq.g8971.t1/Montipora_capitata_HIv3___RNAseq.g28405.t2/Montipora_capitata_HIv3___RNAseq.g40991.t1/Montipora_capitata_HIv3___RNAseq.g41333.t1/Montipora_capitata_HIv3___RNAseq.g28116.t1/Montipora_capitata_HIv3___RNAseq.g44445.t1/Montipora_capitata_HIv3___TS.g47745.t1/Montipora_capitata_HIv3___TS.g46192.t3,0.999912854140822,regulation of transcription by RNA polymerase II,BP
GO:0005737,cytoplasm,115/164,6192/8363,0.8923745756669346,0.8195132453299305,115,6192,Montipora_capitata_HIv3___TS.g33283.t2/Montipora_capitata_HIv3___RNAseq.g6978.t1/Montipora_capitata_HIv3___RNAseq.g36845.t1/Montipora_capitata_HIv3___RNAseq.g7992.t1/Montipora_capitata_HIv3___TS.g1118.t1/Montipora_capitata_HIv3___RNAseq.g36838.t1/Montipora_capitata_HIv3___RNAseq.g23734.t3/Montipora_capitata_HIv3___RNAseq.g26525.t1/Montipora_capitata_HIv3___RNAseq.g35804.t1/Montipora_capitata_HIv3___RNAseq.g15043.t1/Montipora_capitata_HIv3___RNAseq.g40427.t1a/Montipora_capitata_HIv3___RNAseq.g23762.t1/Montipora_capitata_HIv3___TS.g44069.t1/Montipora_capitata_HIv3___RNAseq.g5395.t1/Montipora_capitata_HIv3___RNAseq.g22865.t1/Montipora_capitata_HIv3___RNAseq.g35299.t1/Montipora_capitata_HIv3___RNAseq.g11548.t1/Montipora_capitata_HIv3___RNAseq.g7741.t1/Montipora_capitata_HIv3___TS.g29616.t1/Montipora_capitata_HIv3___RNAseq.g7739.t1/Montipora_capitata_HIv3___RNAseq.g26580.t1/Montipora_capitata_HIv3___RNAseq.g2640.t1a/Montipora_capitata_HIv3___TS.g5595.t1/Montipora_capitata_HIv3___RNAseq.g36836.t1/Montipora_capitata_HIv3___RNAseq.g27546.t1/Montipora_capitata_HIv3___RNAseq.g24139.t1/Montipora_capitata_HIv3___RNAseq.g34092.t1/Montipora_capitata_HIv3___RNAseq.g44519.t1/Montipora_capitata_HIv3___RNAseq.g46819.t1/Montipora_capitata_HIv3___RNAseq.g12596.t1/Montipora_capitata_HIv3___RNAseq.g50691.t1/Montipora_capitata_HIv3___RNAseq.g3374.t1/Montipora_capitata_HIv3___RNAseq.g44960.t2/Montipora_capitata_HIv3___RNAseq.21467_t/Montipora_capitata_HIv3___RNAseq.g9026.t1/Montipora_capitata_HIv3___RNAseq.g37193.t1/Montipora_capitata_HIv3___RNAseq.g29879.t1b/Montipora_capitata_HIv3___RNAseq.g42608.t1/Montipora_capitata_HIv3___RNAseq.g39887.t1/Montipora_capitata_HIv3___RNAseq.g12736.t1/Montipora_capitata_HIv3___TS.g40937.t3b/Montipora_capitata_HIv3___RNAseq.g38848.t1/Montipora_capitata_HIv3___RNAseq.g27709.t1/Montipora_capitata_HIv3___RNAseq.g44539.t1/Montipora_capitata_HIv3___RNAseq.g403.t1/Montipora_capitata_HIv3___RNAseq.g24524.t1/Montipora_capitata_HIv3___RNAseq.g13857.t1/Montipora_capitata_HIv3___RNAseq.g36907.t1/Montipora_capitata_HIv3___RNAseq.g35008.t1/Montipora_capitata_HIv3___RNAseq.g40982.t1a/Montipora_capitata_HIv3___RNAseq.g46378.t1/Montipora_capitata_HIv3___RNAseq.g24942.t1/Montipora_capitata_HIv3___RNAseq.g24095.t1/Montipora_capitata_HIv3___RNAseq.g44814.t1/Montipora_capitata_HIv3___RNAseq.g35720.t1/Montipora_capitata_HIv3___RNAseq.g18698.t1/Montipora_capitata_HIv3___RNAseq.g14515.t1/Montipora_capitata_HIv3___RNAseq.g8971.t1/Montipora_capitata_HIv3___RNAseq.g41416.t2a/Montipora_capitata_HIv3___RNAseq.g30678.t1b/Montipora_capitata_HIv3___RNAseq.g20807.t2/Montipora_capitata_HIv3___RNAseq.g15186.t1/Montipora_capitata_HIv3___TS.g5653.t1/Montipora_capitata_HIv3___TS.g6904.t1/Montipora_capitata_HIv3___RNAseq.g14155.t1/Montipora_capitata_HIv3___RNAseq.g40991.t1/Montipora_capitata_HIv3___RNAseq.g14965.t1/Montipora_capitata_HIv3___TS.g4674.t2b/Montipora_capitata_HIv3___RNAseq.g30434.t1/Montipora_capitata_HIv3___RNAseq.g37645.t1/Montipora_capitata_HIv3___RNAseq.g42740.t1/Montipora_capitata_HIv3___RNAseq.g43161.t1a/Montipora_capitata_HIv3___RNAseq.g22553.t1c/Montipora_capitata_HIv3___RNAseq.g41333.t1/Montipora_capitata_HIv3___RNAseq.g9918.t1/Montipora_capitata_HIv3___RNAseq.g33449.t1/Montipora_capitata_HIv3___RNAseq.g22408.t1/Montipora_capitata_HIv3___RNAseq.g9060.t1/Montipora_capitata_HIv3___RNAseq.g1174.t1/Montipora_capitata_HIv3___RNAseq.g23247.t1/Montipora_capitata_HIv3___TS.g33523.t1/Montipora_capitata_HIv3___RNAseq.g39974.t1/Montipora_capitata_HIv3___RNAseq.g4241.t1/Montipora_capitata_HIv3___RNAseq.g47955.t1/Montipora_capitata_HIv3___RNAseq.g15188.t1/Montipora_capitata_HIv3___RNAseq.g49962.t1/Montipora_capitata_HIv3___RNAseq.g11214.t1/Montipora_capitata_HIv3___RNAseq.g18929.t1/Montipora_capitata_HIv3___TS.g50674.t1/Montipora_capitata_HIv3___RNAseq.g43111.t1/Montipora_capitata_HIv3___RNAseq.g33997.t1/Montipora_capitata_HIv3___RNAseq.g9561.t1/Montipora_capitata_HIv3___RNAseq.g15029.t1b/Montipora_capitata_HIv3___TS.g21895.t1/Montipora_capitata_HIv3___RNAseq.g44719.t1/Montipora_capitata_HIv3___RNAseq.g9087.t1/Montipora_capitata_HIv3___RNAseq.g14625.t1/Montipora_capitata_HIv3___TS.g10359.t4b/Montipora_capitata_HIv3___RNAseq.g41226.t1/Montipora_capitata_HIv3___RNAseq.g14956.t1/Montipora_capitata_HIv3___RNAseq.g39706.t2/Montipora_capitata_HIv3___RNAseq.g8867.t2/Montipora_capitata_HIv3___RNAseq.g22853.t1/Montipora_capitata_HIv3___RNAseq.g44445.t1/Montipora_capitata_HIv3___RNAseq.g14960.t1/Montipora_capitata_HIv3___TS.g32614.t2/Montipora_capitata_HIv3___RNAseq.g23366.t1/Montipora_capitata_HIv3___RNAseq.g18391.t1/Montipora_capitata_HIv3___RNAseq.g11658.t1/Montipora_capitata_HIv3___RNAseq.g14488.t1/Montipora_capitata_HIv3___TS.g47745.t1/Montipora_capitata_HIv3___RNAseq.g37450.t2/Montipora_capitata_HIv3___RNAseq.g20763.t1/Montipora_capitata_HIv3___TS.g20607.t1/Montipora_capitata_HIv3___TS.g46192.t3,0.999912854140822,cytoplasm,CC
GO:0006725,cellular aromatic compound metabolic process,41/164,2427/8363,0.8924300993850273,0.8121292828681652,41,2427,Montipora_capitata_HIv3___TS.g1118.t1/Montipora_capitata_HIv3___RNAseq.g26525.t1/Montipora_capitata_HIv3___RNAseq.g40427.t1a/Montipora_capitata_HIv3___RNAseq.g7741.t1/Montipora_capitata_HIv3___RNAseq.g33991.t1/Montipora_capitata_HIv3___RNAseq.g34092.t1/Montipora_capitata_HIv3___RNAseq.g40983.t1/Montipora_capitata_HIv3___RNAseq.g24836.t1/Montipora_capitata_HIv3___TS.g28995.t1/Montipora_capitata_HIv3___RNAseq.g42608.t1/Montipora_capitata_HIv3___RNAseq.g12736.t1/Montipora_capitata_HIv3___RNAseq.g33992.t1/Montipora_capitata_HIv3___RNAseq.g403.t1/Montipora_capitata_HIv3___RNAseq.g45527.t1/Montipora_capitata_HIv3___RNAseq.g44814.t1/Montipora_capitata_HIv3___RNAseq.g30678.t1b/Montipora_capitata_HIv3___RNAseq.g18395.t1/Montipora_capitata_HIv3___TS.g40519.t3/Montipora_capitata_HIv3___RNAseq.g15186.t1/Montipora_capitata_HIv3___RNAseq.g40991.t1/Montipora_capitata_HIv3___RNAseq.g14965.t1/Montipora_capitata_HIv3___RNAseq.g47379.t1/Montipora_capitata_HIv3___RNAseq.g42740.t1/Montipora_capitata_HIv3___RNAseq.g43161.t1a/Montipora_capitata_HIv3___TS.g33523.t1/Montipora_capitata_HIv3___RNAseq.g4241.t1/Montipora_capitata_HIv3___RNAseq.g47955.t1/Montipora_capitata_HIv3___RNAseq.g18929.t1/Montipora_capitata_HIv3___TS.g21293.t1/Montipora_capitata_HIv3___TS.g28908.t1/Montipora_capitata_HIv3___RNAseq.g33997.t1/Montipora_capitata_HIv3___RNAseq.g9561.t1/Montipora_capitata_HIv3___RNAseq.g14956.t1/Montipora_capitata_HIv3___RNAseq.g8867.t2/Montipora_capitata_HIv3___RNAseq.g44445.t1/Montipora_capitata_HIv3___RNAseq.g14960.t1/Montipora_capitata_HIv3___RNAseq.g11658.t1/Montipora_capitata_HIv3___TS.g47745.t1/Montipora_capitata_HIv3___RNAseq.g37450.t2/Montipora_capitata_HIv3___RNAseq.g20763.t1/Montipora_capitata_HIv3___TS.g46192.t3,0.999912854140822,cellular aromatic compound metabolic process,BP
GO:0050767,regulation of neurogenesis,9/164,644/8363,0.8939156968644169,0.691704759107426,9,644,Montipora_capitata_HIv3___RNAseq.g6978.t1/Montipora_capitata_HIv3___RNAseq.g5395.t1/Montipora_capitata_HIv3___RNAseq.g35008.t1/Montipora_capitata_HIv3___RNAseq.g24942.t1/Montipora_capitata_HIv3___RNAseq.g44814.t1/Montipora_capitata_HIv3___RNAseq.g8971.t1/Montipora_capitata_HIv3___RNAseq.g24020.t1/Montipora_capitata_HIv3___TS.g10359.t4b/Montipora_capitata_HIv3___RNAseq.g39706.t2,0.999912854140822,regulation of neurogenesis,BP
GO:1901214,GO:1901214,3/164,264/8363,0.8956367990026869,0.5667402644054619,3,264,Montipora_capitata_HIv3___RNAseq.g5395.t1/Montipora_capitata_HIv3___RNAseq.g44814.t1/Montipora_capitata_HIv3___RNAseq.g8971.t1,0.999912854140822,NA,NA
GO:0016772,"transferase activity, transferring phosphorus-containing groups",8/164,585/8363,0.8956776293768527,0.6774178817417927,8,585,Montipora_capitata_HIv3___RNAseq.g6978.t1/Montipora_capitata_HIv3___RNAseq.g12736.t1/Montipora_capitata_HIv3___RNAseq.g8971.t1/Montipora_capitata_HIv3___RNAseq.g9060.t1/Montipora_capitata_HIv3___TS.g21293.t1/Montipora_capitata_HIv3___RNAseq.g28116.t1/Montipora_capitata_HIv3___RNAseq.g8867.t2/Montipora_capitata_HIv3___RNAseq.g20763.t1,0.999912854140822,"transferase activity, transferring phosphorus-containing groups",MF
GO:0005829,cytosol,52/164,3016/8363,0.8962148863822754,0.8200073274109875,52,3016,Montipora_capitata_HIv3___TS.g33283.t2/Montipora_capitata_HIv3___RNAseq.g6978.t1/Montipora_capitata_HIv3___RNAseq.g7992.t1/Montipora_capitata_HIv3___TS.g1118.t1/Montipora_capitata_HIv3___RNAseq.g23734.t3/Montipora_capitata_HIv3___RNAseq.g26525.t1/Montipora_capitata_HIv3___RNAseq.g35804.t1/Montipora_capitata_HIv3___RNAseq.g40427.t1a/Montipora_capitata_HIv3___RNAseq.g23762.t1/Montipora_capitata_HIv3___TS.g44069.t1/Montipora_capitata_HIv3___RNAseq.g5395.t1/Montipora_capitata_HIv3___RNAseq.g35299.t1/Montipora_capitata_HIv3___RNAseq.g11548.t1/Montipora_capitata_HIv3___TS.g29616.t1/Montipora_capitata_HIv3___RNAseq.g26580.t1/Montipora_capitata_HIv3___RNAseq.g27546.t1/Montipora_capitata_HIv3___RNAseq.g34092.t1/Montipora_capitata_HIv3___RNAseq.g12596.t1/Montipora_capitata_HIv3___RNAseq.g44960.t2/Montipora_capitata_HIv3___RNAseq.21467_t/Montipora_capitata_HIv3___RNAseq.g29879.t1b/Montipora_capitata_HIv3___RNAseq.g42608.t1/Montipora_capitata_HIv3___RNAseq.g12736.t1/Montipora_capitata_HIv3___RNAseq.g13857.t1/Montipora_capitata_HIv3___RNAseq.g24942.t1/Montipora_capitata_HIv3___RNAseq.g24095.t1/Montipora_capitata_HIv3___RNAseq.g44814.t1/Montipora_capitata_HIv3___RNAseq.g35720.t1/Montipora_capitata_HIv3___RNAseq.g8971.t1/Montipora_capitata_HIv3___RNAseq.g30678.t1b/Montipora_capitata_HIv3___RNAseq.g40991.t1/Montipora_capitata_HIv3___RNAseq.g43161.t1a/Montipora_capitata_HIv3___RNAseq.g41333.t1/Montipora_capitata_HIv3___RNAseq.g9918.t1/Montipora_capitata_HIv3___RNAseq.g9060.t1/Montipora_capitata_HIv3___RNAseq.g1174.t1/Montipora_capitata_HIv3___RNAseq.g23247.t1/Montipora_capitata_HIv3___RNAseq.g4241.t1/Montipora_capitata_HIv3___RNAseq.g47955.t1/Montipora_capitata_HIv3___RNAseq.g11214.t1/Montipora_capitata_HIv3___RNAseq.g18929.t1/Montipora_capitata_HIv3___RNAseq.g43111.t1/Montipora_capitata_HIv3___RNAseq.g9561.t1/Montipora_capitata_HIv3___RNAseq.g41226.t1/Montipora_capitata_HIv3___RNAseq.g22853.t1/Montipora_capitata_HIv3___RNAseq.g44445.t1/Montipora_capitata_HIv3___TS.g32614.t2/Montipora_capitata_HIv3___RNAseq.g11658.t1/Montipora_capitata_HIv3___RNAseq.g14488.t1/Montipora_capitata_HIv3___TS.g47745.t1/Montipora_capitata_HIv3___RNAseq.g37450.t2/Montipora_capitata_HIv3___RNAseq.g20763.t1,0.999912854140822,cytosol,CC
GO:0006807,nitrogen compound metabolic process,83/164,4613/8363,0.8964111017949199,0.8299536347554652,83,4613,Montipora_capitata_HIv3___TS.g33283.t2/Montipora_capitata_HIv3___RNAseq.g6978.t1/Montipora_capitata_HIv3___TS.g1118.t1/Montipora_capitata_HIv3___RNAseq.g26525.t1/Montipora_capitata_HIv3___RNAseq.g15043.t1/Montipora_capitata_HIv3___RNAseq.g40427.t1a/Montipora_capitata_HIv3___RNAseq.g23762.t1/Montipora_capitata_HIv3___TS.g44069.t1/Montipora_capitata_HIv3___RNAseq.g5395.t1/Montipora_capitata_HIv3___RNAseq.g35299.t1/Montipora_capitata_HIv3___RNAseq.g11548.t1/Montipora_capitata_HIv3___RNAseq.g7741.t1/Montipora_capitata_HIv3___RNAseq.g33991.t1/Montipora_capitata_HIv3___RNAseq.g36836.t1/Montipora_capitata_HIv3___RNAseq.g34092.t1/Montipora_capitata_HIv3___RNAseq.g46819.t1/Montipora_capitata_HIv3___RNAseq.g3374.t1/Montipora_capitata_HIv3___RNAseq.g44960.t2/Montipora_capitata_HIv3___TS.g32048.t1/Montipora_capitata_HIv3___RNAseq.g40983.t1/Montipora_capitata_HIv3___RNAseq.21467_t/Montipora_capitata_HIv3___RNAseq.g24836.t1/Montipora_capitata_HIv3___TS.g28995.t1/Montipora_capitata_HIv3___RNAseq.g37193.t1/Montipora_capitata_HIv3___RNAseq.g42608.t1/Montipora_capitata_HIv3___RNAseq.g12736.t1/Montipora_capitata_HIv3___RNAseq.g33992.t1/Montipora_capitata_HIv3___RNAseq.g27709.t1/Montipora_capitata_HIv3___RNAseq.g403.t1/Montipora_capitata_HIv3___RNAseq.g45527.t1/Montipora_capitata_HIv3___RNAseq.g44562.t1/Montipora_capitata_HIv3___RNAseq.g24942.t1/Montipora_capitata_HIv3___RNAseq.g24095.t1/Montipora_capitata_HIv3___RNAseq.g44814.t1/Montipora_capitata_HIv3___RNAseq.g18698.t1/Montipora_capitata_HIv3___RNAseq.g8971.t1/Montipora_capitata_HIv3___RNAseq.g20771.t1/Montipora_capitata_HIv3___RNAseq.g30678.t1b/Montipora_capitata_HIv3___RNAseq.g18395.t1/Montipora_capitata_HIv3___TS.g40519.t3/Montipora_capitata_HIv3___RNAseq.g20807.t2/Montipora_capitata_HIv3___RNAseq.g15186.t1/Montipora_capitata_HIv3___RNAseq.g40991.t1/Montipora_capitata_HIv3___RNAseq.g14965.t1/Montipora_capitata_HIv3___RNAseq.g47379.t1/Montipora_capitata_HIv3___RNAseq.g32149.t1/Montipora_capitata_HIv3___RNAseq.g37645.t1/Montipora_capitata_HIv3___RNAseq.g42092.t1/Montipora_capitata_HIv3___RNAseq.g42740.t1/Montipora_capitata_HIv3___RNAseq.g43161.t1a/Montipora_capitata_HIv3___RNAseq.g22553.t1c/Montipora_capitata_HIv3___RNAseq.g9918.t1/Montipora_capitata_HIv3___RNAseq.g9060.t1/Montipora_capitata_HIv3___RNAseq.g1174.t1/Montipora_capitata_HIv3___RNAseq.g23247.t1/Montipora_capitata_HIv3___TS.g33523.t1/Montipora_capitata_HIv3___RNAseq.g39974.t1/Montipora_capitata_HIv3___RNAseq.g4241.t1/Montipora_capitata_HIv3___RNAseq.g47955.t1/Montipora_capitata_HIv3___RNAseq.g15188.t1/Montipora_capitata_HIv3___RNAseq.g11214.t1/Montipora_capitata_HIv3___RNAseq.g18929.t1/Montipora_capitata_HIv3___TS.g21293.t1/Montipora_capitata_HIv3___TS.g28908.t1/Montipora_capitata_HIv3___RNAseq.g43111.t1/Montipora_capitata_HIv3___RNAseq.g33997.t1/Montipora_capitata_HIv3___RNAseq.g6934.t1/Montipora_capitata_HIv3___RNAseq.g28116.t1/Montipora_capitata_HIv3___RNAseq.g9561.t1/Montipora_capitata_HIv3___RNAseq.g44719.t1/Montipora_capitata_HIv3___RNAseq.g14625.t1/Montipora_capitata_HIv3___RNAseq.g41226.t1/Montipora_capitata_HIv3___RNAseq.g14956.t1/Montipora_capitata_HIv3___RNAseq.g39706.t2/Montipora_capitata_HIv3___RNAseq.g8867.t2/Montipora_capitata_HIv3___RNAseq.g44445.t1/Montipora_capitata_HIv3___RNAseq.g14960.t1/Montipora_capitata_HIv3___RNAseq.g11658.t1/Montipora_capitata_HIv3___RNAseq.g14488.t1/Montipora_capitata_HIv3___TS.g47745.t1/Montipora_capitata_HIv3___RNAseq.g37450.t2/Montipora_capitata_HIv3___RNAseq.g20763.t1/Montipora_capitata_HIv3___TS.g46192.t3,0.999912854140822,nitrogen compound metabolic process,BP
GO:0045787,positive regulation of cell cycle,4/164,333/8363,0.8973162541302888,0.5980439393781953,4,333,Montipora_capitata_HIv3___RNAseq.g7741.t1/Montipora_capitata_HIv3___RNAseq.g8971.t1/Montipora_capitata_HIv3___RNAseq.g32149.t1/Montipora_capitata_HIv3___RNAseq.g23247.t1,0.999912854140822,positive regulation of cell cycle,BP
GO:0032535,regulation of cellular component size,4/164,333/8363,0.8973162541302888,0.5980439393781953,4,333,Montipora_capitata_HIv3___RNAseq.g668.t1/Montipora_capitata_HIv3___RNAseq.g24942.t1/Montipora_capitata_HIv3___RNAseq.g44814.t1/Montipora_capitata_HIv3___RNAseq.g15029.t1b,0.999912854140822,regulation of cellular component size,BP
GO:0045664,regulation of neuron differentiation,7/164,526/8363,0.898426488730613,0.65977287079994,7,526,Montipora_capitata_HIv3___RNAseq.g6978.t1/Montipora_capitata_HIv3___RNAseq.g5395.t1/Montipora_capitata_HIv3___RNAseq.g24942.t1/Montipora_capitata_HIv3___RNAseq.g8971.t1/Montipora_capitata_HIv3___RNAseq.g24020.t1/Montipora_capitata_HIv3___TS.g10359.t4b/Montipora_capitata_HIv3___RNAseq.g39706.t2,0.999912854140822,regulation of neuron differentiation,BP
GO:0150034,distal axon,3/164,266/8363,0.8985217968071612,0.5622888809191693,3,266,Montipora_capitata_HIv3___RNAseq.g24942.t1/Montipora_capitata_HIv3___RNAseq.g20807.t2/Montipora_capitata_HIv3___TS.g46192.t3,0.999912854140822,distal axon,CC
GO:0003676,nucleic acid binding,21/164,1344/8363,0.8986158378412454,0.7632604596740671,21,1344,Montipora_capitata_HIv3___RNAseq.g26525.t1/Montipora_capitata_HIv3___RNAseq.g7741.t1/Montipora_capitata_HIv3___RNAseq.g27546.t1/Montipora_capitata_HIv3___RNAseq.g42608.t1/Montipora_capitata_HIv3___RNAseq.g27709.t1/Montipora_capitata_HIv3___RNAseq.g45527.t1/Montipora_capitata_HIv3___RNAseq.g24942.t1/Montipora_capitata_HIv3___RNAseq.g44814.t1/Montipora_capitata_HIv3___RNAseq.g18395.t1/Montipora_capitata_HIv3___TS.g40519.t3/Montipora_capitata_HIv3___RNAseq.g36935.t1/Montipora_capitata_HIv3___RNAseq.g40991.t1/Montipora_capitata_HIv3___RNAseq.g14965.t1/Montipora_capitata_HIv3___RNAseq.g42092.t1/Montipora_capitata_HIv3___RNAseq.g43161.t1a/Montipora_capitata_HIv3___RNAseq.g47955.t1/Montipora_capitata_HIv3___RNAseq.g18929.t1/Montipora_capitata_HIv3___RNAseq.g43111.t1/Montipora_capitata_HIv3___RNAseq.g15140.t1/Montipora_capitata_HIv3___TS.g47745.t1/Montipora_capitata_HIv3___TS.g46192.t3,0.999912854140822,nucleic acid binding,MF
GO:0071704,organic substance metabolic process,92/164,5070/8363,0.8990209279217446,0.8268078830268837,92,5070,Montipora_capitata_HIv3___TS.g33283.t2/Montipora_capitata_HIv3___RNAseq.g6978.t1/Montipora_capitata_HIv3___RNAseq.g36845.t1/Montipora_capitata_HIv3___TS.g1118.t1/Montipora_capitata_HIv3___RNAseq.g26525.t1/Montipora_capitata_HIv3___RNAseq.g15043.t1/Montipora_capitata_HIv3___RNAseq.g40427.t1a/Montipora_capitata_HIv3___RNAseq.g23762.t1/Montipora_capitata_HIv3___TS.g44069.t1/Montipora_capitata_HIv3___RNAseq.g5395.t1/Montipora_capitata_HIv3___RNAseq.g35299.t1/Montipora_capitata_HIv3___RNAseq.g11548.t1/Montipora_capitata_HIv3___RNAseq.g7741.t1/Montipora_capitata_HIv3___RNAseq.g33991.t1/Montipora_capitata_HIv3___RNAseq.g36836.t1/Montipora_capitata_HIv3___RNAseq.g34092.t1/Montipora_capitata_HIv3___RNAseq.g44519.t1/Montipora_capitata_HIv3___RNAseq.g46819.t1/Montipora_capitata_HIv3___RNAseq.g3374.t1/Montipora_capitata_HIv3___RNAseq.g44960.t2/Montipora_capitata_HIv3___TS.g32048.t1/Montipora_capitata_HIv3___RNAseq.g40983.t1/Montipora_capitata_HIv3___RNAseq.21467_t/Montipora_capitata_HIv3___RNAseq.g24836.t1/Montipora_capitata_HIv3___TS.g28995.t1/Montipora_capitata_HIv3___RNAseq.g37193.t1/Montipora_capitata_HIv3___RNAseq.g42608.t1/Montipora_capitata_HIv3___RNAseq.g12736.t1/Montipora_capitata_HIv3___RNAseq.g33992.t1/Montipora_capitata_HIv3___RNAseq.g27709.t1/Montipora_capitata_HIv3___RNAseq.g44539.t1/Montipora_capitata_HIv3___RNAseq.g403.t1/Montipora_capitata_HIv3___RNAseq.g13857.t1/Montipora_capitata_HIv3___RNAseq.g45527.t1/Montipora_capitata_HIv3___RNAseq.g668.t1/Montipora_capitata_HIv3___RNAseq.g46378.t1/Montipora_capitata_HIv3___RNAseq.g44562.t1/Montipora_capitata_HIv3___RNAseq.g24942.t1/Montipora_capitata_HIv3___RNAseq.g24095.t1/Montipora_capitata_HIv3___RNAseq.g44814.t1/Montipora_capitata_HIv3___RNAseq.g8971.t1/Montipora_capitata_HIv3___RNAseq.g20771.t1/Montipora_capitata_HIv3___RNAseq.g30678.t1b/Montipora_capitata_HIv3___RNAseq.g18395.t1/Montipora_capitata_HIv3___TS.g40519.t3/Montipora_capitata_HIv3___RNAseq.g20807.t2/Montipora_capitata_HIv3___RNAseq.g15186.t1/Montipora_capitata_HIv3___TS.g6904.t1/Montipora_capitata_HIv3___RNAseq.g40991.t1/Montipora_capitata_HIv3___RNAseq.g14965.t1/Montipora_capitata_HIv3___RNAseq.g47379.t1/Montipora_capitata_HIv3___RNAseq.g32149.t1/Montipora_capitata_HIv3___RNAseq.g37645.t1/Montipora_capitata_HIv3___RNAseq.g42092.t1/Montipora_capitata_HIv3___RNAseq.g42740.t1/Montipora_capitata_HIv3___RNAseq.g43161.t1a/Montipora_capitata_HIv3___RNAseq.g22553.t1c/Montipora_capitata_HIv3___RNAseq.g9918.t1/Montipora_capitata_HIv3___RNAseq.g33449.t1/Montipora_capitata_HIv3___RNAseq.g9060.t1/Montipora_capitata_HIv3___RNAseq.g1174.t1/Montipora_capitata_HIv3___RNAseq.g23247.t1/Montipora_capitata_HIv3___TS.g33523.t1/Montipora_capitata_HIv3___RNAseq.g39974.t1/Montipora_capitata_HIv3___RNAseq.g4241.t1/Montipora_capitata_HIv3___RNAseq.g47955.t1/Montipora_capitata_HIv3___RNAseq.g15188.t1/Montipora_capitata_HIv3___RNAseq.g11214.t1/Montipora_capitata_HIv3___RNAseq.g18929.t1/Montipora_capitata_HIv3___TS.g50674.t1/Montipora_capitata_HIv3___TS.g21293.t1/Montipora_capitata_HIv3___TS.g28908.t1/Montipora_capitata_HIv3___RNAseq.g43111.t1/Montipora_capitata_HIv3___RNAseq.g33997.t1/Montipora_capitata_HIv3___RNAseq.g6934.t1/Montipora_capitata_HIv3___RNAseq.g28116.t1/Montipora_capitata_HIv3___RNAseq.g9561.t1/Montipora_capitata_HIv3___RNAseq.g44719.t1/Montipora_capitata_HIv3___RNAseq.g9087.t1/Montipora_capitata_HIv3___RNAseq.g14625.t1/Montipora_capitata_HIv3___RNAseq.g41226.t1/Montipora_capitata_HIv3___RNAseq.g14956.t1/Montipora_capitata_HIv3___RNAseq.g39706.t2/Montipora_capitata_HIv3___RNAseq.g8867.t2/Montipora_capitata_HIv3___RNAseq.g44445.t1/Montipora_capitata_HIv3___RNAseq.g14960.t1/Montipora_capitata_HIv3___RNAseq.g11658.t1/Montipora_capitata_HIv3___RNAseq.g14488.t1/Montipora_capitata_HIv3___TS.g47745.t1/Montipora_capitata_HIv3___RNAseq.g37450.t2/Montipora_capitata_HIv3___RNAseq.g20763.t1/Montipora_capitata_HIv3___TS.g46192.t3,0.999912854140822,organic substance metabolic process,BP
GO:0016301,kinase activity,6/164,464/8363,0.8991725894491962,0.6418478555080711,6,464,Montipora_capitata_HIv3___RNAseq.g6978.t1/Montipora_capitata_HIv3___RNAseq.g8971.t1/Montipora_capitata_HIv3___RNAseq.g9060.t1/Montipora_capitata_HIv3___TS.g21293.t1/Montipora_capitata_HIv3___RNAseq.g28116.t1/Montipora_capitata_HIv3___RNAseq.g20763.t1,0.999912854140822,kinase activity,MF
GO:0035282,segmentation,3/164,267/8363,0.8999374165057004,0.5600884787907409,3,267,Montipora_capitata_HIv3___RNAseq.g35008.t1/Montipora_capitata_HIv3___RNAseq.g28116.t1/Montipora_capitata_HIv3___TS.g46192.t3,0.999912854140822,segmentation,BP
GO:0009725,response to hormone,8/164,592/8363,0.9027262573381791,0.6687430111673319,8,592,Montipora_capitata_HIv3___TS.g33283.t2/Montipora_capitata_HIv3___TS.g27540.t1/Montipora_capitata_HIv3___RNAseq.g46378.t1/Montipora_capitata_HIv3___RNAseq.g24942.t1/Montipora_capitata_HIv3___RNAseq.g44814.t1/Montipora_capitata_HIv3___RNAseq.g33449.t1/Montipora_capitata_HIv3___RNAseq.g39974.t1/Montipora_capitata_HIv3___RNAseq.g14488.t1,0.999912854140822,response to hormone,BP
GO:0022603,regulation of anatomical structure morphogenesis,9/164,654/8363,0.9036059464514463,0.6800786375045117,9,654,Montipora_capitata_HIv3___RNAseq.g6978.t1/Montipora_capitata_HIv3___RNAseq.g35008.t1/Montipora_capitata_HIv3___RNAseq.g24942.t1/Montipora_capitata_HIv3___RNAseq.g44814.t1/Montipora_capitata_HIv3___RNAseq.g8971.t1/Montipora_capitata_HIv3___RNAseq.g23247.t1/Montipora_capitata_HIv3___TS.g10359.t4b/Montipora_capitata_HIv3___RNAseq.g39706.t2/Montipora_capitata_HIv3___TS.g46192.t3,0.999912854140822,regulation of anatomical structure morphogenesis,BP
GO:0034654,nucleobase-containing compound biosynthetic process,13/164,893/8363,0.9041433682470771,0.7160624814305874,13,893,Montipora_capitata_HIv3___RNAseq.g7741.t1/Montipora_capitata_HIv3___RNAseq.g12736.t1/Montipora_capitata_HIv3___RNAseq.g45527.t1/Montipora_capitata_HIv3___RNAseq.g44814.t1/Montipora_capitata_HIv3___RNAseq.g30678.t1b/Montipora_capitata_HIv3___RNAseq.g40991.t1/Montipora_capitata_HIv3___RNAseq.g43161.t1a/Montipora_capitata_HIv3___TS.g21293.t1/Montipora_capitata_HIv3___RNAseq.g14956.t1/Montipora_capitata_HIv3___RNAseq.g44445.t1/Montipora_capitata_HIv3___RNAseq.g14960.t1/Montipora_capitata_HIv3___RNAseq.g20763.t1/Montipora_capitata_HIv3___TS.g46192.t3,0.999912854140822,nucleobase-containing compound biosynthetic process,BP
GO:1901363,heterocyclic compound binding,31/164,1909/8363,0.905975754182089,0.7845395158420099,31,1909,Montipora_capitata_HIv3___RNAseq.g26525.t1/Montipora_capitata_HIv3___RNAseq.g22865.t1/Montipora_capitata_HIv3___RNAseq.g7741.t1/Montipora_capitata_HIv3___RNAseq.g27546.t1/Montipora_capitata_HIv3___RNAseq.g13129.t1/Montipora_capitata_HIv3___RNAseq.g42608.t1/Montipora_capitata_HIv3___RNAseq.g12736.t1/Montipora_capitata_HIv3___RNAseq.g27709.t1/Montipora_capitata_HIv3___RNAseq.g24524.t1/Montipora_capitata_HIv3___RNAseq.g45527.t1/Montipora_capitata_HIv3___RNAseq.g46378.t1/Montipora_capitata_HIv3___RNAseq.g24942.t1/Montipora_capitata_HIv3___RNAseq.g44814.t1/Montipora_capitata_HIv3___RNAseq.g18698.t1/Montipora_capitata_HIv3___RNAseq.g18395.t1/Montipora_capitata_HIv3___TS.g40519.t3/Montipora_capitata_HIv3___RNAseq.g36935.t1/Montipora_capitata_HIv3___RNAseq.g40991.t1/Montipora_capitata_HIv3___RNAseq.g14965.t1/Montipora_capitata_HIv3___RNAseq.g42092.t1/Montipora_capitata_HIv3___RNAseq.g43161.t1a/Montipora_capitata_HIv3___TS.g33523.t1/Montipora_capitata_HIv3___RNAseq.g47955.t1/Montipora_capitata_HIv3___RNAseq.g18929.t1/Montipora_capitata_HIv3___RNAseq.g43111.t1/Montipora_capitata_HIv3___RNAseq.g33997.t1/Montipora_capitata_HIv3___RNAseq.g9087.t1/Montipora_capitata_HIv3___RNAseq.g15140.t1/Montipora_capitata_HIv3___TS.g47745.t1/Montipora_capitata_HIv3___RNAseq.g37450.t2/Montipora_capitata_HIv3___TS.g46192.t3,0.999912854140822,heterocyclic compound binding,MF
GO:0008144,GO:0008144,5/164,406/8363,0.9060395884991327,0.6115358260452501,5,406,Montipora_capitata_HIv3___RNAseq.g12736.t1/Montipora_capitata_HIv3___RNAseq.g18698.t1/Montipora_capitata_HIv3___RNAseq.g43161.t1a/Montipora_capitata_HIv3___TS.g33523.t1/Montipora_capitata_HIv3___TS.g47745.t1,0.999912854140822,NA,NA
GO:0051640,organelle localization,7/164,534/8363,0.9066353862740033,0.6490792558694188,7,534,Montipora_capitata_HIv3___RNAseq.g44814.t1/Montipora_capitata_HIv3___RNAseq.g8971.t1/Montipora_capitata_HIv3___RNAseq.g42740.t1/Montipora_capitata_HIv3___RNAseq.g1174.t1/Montipora_capitata_HIv3___RNAseq.g23247.t1/Montipora_capitata_HIv3___TS.g33523.t1/Montipora_capitata_HIv3___TS.g10359.t4b,0.999912854140822,organelle localization,BP
GO:0044451,GO:0044451,10/164,718/8363,0.9067882004098494,0.687084839751571,10,718,Montipora_capitata_HIv3___RNAseq.g12736.t1/Montipora_capitata_HIv3___RNAseq.g45527.t1/Montipora_capitata_HIv3___RNAseq.g44814.t1/Montipora_capitata_HIv3___RNAseq.g9027.t1/Montipora_capitata_HIv3___RNAseq.g30678.t1b/Montipora_capitata_HIv3___RNAseq.g15186.t1/Montipora_capitata_HIv3___RNAseq.g43161.t1a/Montipora_capitata_HIv3___RNAseq.g47955.t1/Montipora_capitata_HIv3___TS.g32614.t2/Montipora_capitata_HIv3___TS.g47745.t1,0.999912854140822,NA,NA
GO:0002164,larval development,4/164,341/8363,0.9073019187056474,0.5832536273153871,4,341,Montipora_capitata_HIv3___RNAseq.g15043.t1/Montipora_capitata_HIv3___RNAseq.g42608.t1/Montipora_capitata_HIv3___RNAseq.g35008.t1/Montipora_capitata_HIv3___RNAseq.g8971.t1,0.999912854140822,larval development,BP
GO:0044257,GO:0044257,5/164,408/8363,0.9082538775200115,0.6083447428207915,5,408,Montipora_capitata_HIv3___TS.g1118.t1/Montipora_capitata_HIv3___RNAseq.g30678.t1b/Montipora_capitata_HIv3___RNAseq.g22553.t1c/Montipora_capitata_HIv3___RNAseq.g23247.t1/Montipora_capitata_HIv3___RNAseq.g15188.t1,0.999912854140822,NA,NA
GO:0005488,binding,95/164,5238/8363,0.90908629466826,0.8181388217934824,95,5238,Montipora_capitata_HIv3___TS.g33283.t2/Montipora_capitata_HIv3___RNAseq.g6978.t1/Montipora_capitata_HIv3___RNAseq.g7992.t1/Montipora_capitata_HIv3___TS.g1118.t1/Montipora_capitata_HIv3___RNAseq.g36838.t1/Montipora_capitata_HIv3___RNAseq.g23734.t3/Montipora_capitata_HIv3___RNAseq.g26525.t1/Montipora_capitata_HIv3___RNAseq.g35804.t1/Montipora_capitata_HIv3___RNAseq.g15043.t1/Montipora_capitata_HIv3___TS.g44069.t1/Montipora_capitata_HIv3___RNAseq.g5395.t1/Montipora_capitata_HIv3___RNAseq.g22865.t1/Montipora_capitata_HIv3___RNAseq.g46820.t1/Montipora_capitata_HIv3___RNAseq.g14946.t1/Montipora_capitata_HIv3___RNAseq.g23733.t1/Montipora_capitata_HIv3___RNAseq.g11548.t1/Montipora_capitata_HIv3___RNAseq.g7741.t1/Montipora_capitata_HIv3___TS.g29616.t1/Montipora_capitata_HIv3___RNAseq.g26580.t1/Montipora_capitata_HIv3___RNAseq.g2640.t1a/Montipora_capitata_HIv3___TS.g5595.t1/Montipora_capitata_HIv3___RNAseq.g27546.t1/Montipora_capitata_HIv3___TS.g27540.t1/Montipora_capitata_HIv3___RNAseq.g34092.t1/Montipora_capitata_HIv3___RNAseq.g44519.t1/Montipora_capitata_HIv3___RNAseq.g12596.t1/Montipora_capitata_HIv3___RNAseq.g3374.t1/Montipora_capitata_HIv3___RNAseq.g44960.t2/Montipora_capitata_HIv3___TS.g32048.t1/Montipora_capitata_HIv3___RNAseq.g40983.t1/Montipora_capitata_HIv3___RNAseq.21467_t/Montipora_capitata_HIv3___RNAseq.g24836.t1/Montipora_capitata_HIv3___RNAseq.g13129.t1/Montipora_capitata_HIv3___RNAseq.g29879.t1b/Montipora_capitata_HIv3___RNAseq.g42608.t1/Montipora_capitata_HIv3___RNAseq.g12736.t1/Montipora_capitata_HIv3___RNAseq.g35718.t1/Montipora_capitata_HIv3___RNAseq.g27709.t1/Montipora_capitata_HIv3___RNAseq.g403.t1/Montipora_capitata_HIv3___RNAseq.g24524.t1/Montipora_capitata_HIv3___RNAseq.g45527.t1/Montipora_capitata_HIv3___RNAseq.g35008.t1/Montipora_capitata_HIv3___RNAseq.g668.t1/Montipora_capitata_HIv3___RNAseq.g46378.t1/Montipora_capitata_HIv3___RNAseq.g24942.t1/Montipora_capitata_HIv3___RNAseq.g24095.t1/Montipora_capitata_HIv3___RNAseq.g44814.t1/Montipora_capitata_HIv3___RNAseq.g35720.t1/Montipora_capitata_HIv3___RNAseq.g18698.t1/Montipora_capitata_HIv3___RNAseq.g8971.t1/Montipora_capitata_HIv3___RNAseq.g9027.t1/Montipora_capitata_HIv3___RNAseq.g41416.t2a/Montipora_capitata_HIv3___RNAseq.g30678.t1b/Montipora_capitata_HIv3___RNAseq.g18395.t1/Montipora_capitata_HIv3___TS.g40519.t3/Montipora_capitata_HIv3___RNAseq.g15186.t1/Montipora_capitata_HIv3___RNAseq.g36935.t1/Montipora_capitata_HIv3___TS.g5653.t1/Montipora_capitata_HIv3___RNAseq.g40991.t1/Montipora_capitata_HIv3___RNAseq.g14965.t1/Montipora_capitata_HIv3___RNAseq.g32149.t1/Montipora_capitata_HIv3___RNAseq.g37645.t1/Montipora_capitata_HIv3___RNAseq.g42092.t1/Montipora_capitata_HIv3___RNAseq.g42740.t1/Montipora_capitata_HIv3___RNAseq.g43161.t1a/Montipora_capitata_HIv3___RNAseq.g41333.t1/Montipora_capitata_HIv3___RNAseq.g9918.t1/Montipora_capitata_HIv3___RNAseq.g33449.t1/Montipora_capitata_HIv3___RNAseq.g1174.t1/Montipora_capitata_HIv3___TS.g33523.t1/Montipora_capitata_HIv3___RNAseq.g39974.t1/Montipora_capitata_HIv3___RNAseq.g4241.t1/Montipora_capitata_HIv3___RNAseq.g47955.t1/Montipora_capitata_HIv3___RNAseq.g15188.t1/Montipora_capitata_HIv3___RNAseq.g49962.t1/Montipora_capitata_HIv3___RNAseq.g11214.t1/Montipora_capitata_HIv3___RNAseq.g18929.t1/Montipora_capitata_HIv3___RNAseq.g43111.t1/Montipora_capitata_HIv3___RNAseq.g33997.t1/Montipora_capitata_HIv3___RNAseq.g15029.t1b/Montipora_capitata_HIv3___RNAseq.g4457.t1/Montipora_capitata_HIv3___RNAseq.g44719.t1/Montipora_capitata_HIv3___RNAseq.g9087.t1/Montipora_capitata_HIv3___TS.g10359.t4b/Montipora_capitata_HIv3___RNAseq.g15140.t1/Montipora_capitata_HIv3___RNAseq.g41226.t1/Montipora_capitata_HIv3___RNAseq.g39706.t2/Montipora_capitata_HIv3___RNAseq.g8867.t2/Montipora_capitata_HIv3___RNAseq.g44445.t1/Montipora_capitata_HIv3___RNAseq.g23366.t1/Montipora_capitata_HIv3___RNAseq.g14488.t1/Montipora_capitata_HIv3___TS.g47745.t1/Montipora_capitata_HIv3___RNAseq.g37450.t2/Montipora_capitata_HIv3___TS.g20607.t1/Montipora_capitata_HIv3___TS.g46192.t3,0.999912854140822,binding,MF
GO:1990234,transferase complex,8/164,604/8363,0.9138838387654112,0.6542443869972253,8,604,Montipora_capitata_HIv3___RNAseq.g6978.t1/Montipora_capitata_HIv3___RNAseq.g26580.t1/Montipora_capitata_HIv3___RNAseq.g45527.t1/Montipora_capitata_HIv3___RNAseq.g30678.t1b/Montipora_capitata_HIv3___RNAseq.g23247.t1/Montipora_capitata_HIv3___RNAseq.g15188.t1/Montipora_capitata_HIv3___TS.g32614.t2/Montipora_capitata_HIv3___TS.g47745.t1,0.999912854140822,transferase complex,CC
GO:0005783,endoplasmic reticulum,16/164,1081/8363,0.9141173203821215,0.7241975241540557,16,1081,Montipora_capitata_HIv3___RNAseq.g5395.t1/Montipora_capitata_HIv3___RNAseq.g36836.t1/Montipora_capitata_HIv3___RNAseq.g24139.t1/Montipora_capitata_HIv3___RNAseq.g50691.t1/Montipora_capitata_HIv3___RNAseq.g37193.t1/Montipora_capitata_HIv3___RNAseq.g12736.t1/Montipora_capitata_HIv3___RNAseq.g44539.t1/Montipora_capitata_HIv3___RNAseq.g36907.t1/Montipora_capitata_HIv3___RNAseq.g14515.t1/Montipora_capitata_HIv3___RNAseq.g8971.t1/Montipora_capitata_HIv3___TS.g33523.t1/Montipora_capitata_HIv3___RNAseq.g39974.t1/Montipora_capitata_HIv3___RNAseq.g15188.t1/Montipora_capitata_HIv3___RNAseq.g9561.t1/Montipora_capitata_HIv3___RNAseq.g39706.t2/Montipora_capitata_HIv3___RNAseq.g8867.t2,0.999912854140822,endoplasmic reticulum,CC
GO:0051241,negative regulation of multicellular organismal process,10/164,727/8363,0.9143736379656909,0.6776427684872621,10,727,Montipora_capitata_HIv3___RNAseq.g5395.t1/Montipora_capitata_HIv3___RNAseq.g44519.t1/Montipora_capitata_HIv3___RNAseq.g44814.t1/Montipora_capitata_HIv3___RNAseq.g8971.t1/Montipora_capitata_HIv3___RNAseq.g32149.t1/Montipora_capitata_HIv3___RNAseq.g37645.t1/Montipora_capitata_HIv3___RNAseq.g28116.t1/Montipora_capitata_HIv3___TS.g10359.t4b/Montipora_capitata_HIv3___RNAseq.g39706.t2/Montipora_capitata_HIv3___RNAseq.g14488.t1,0.999912854140822,negative regulation of multicellular organismal process,BP
GO:0042176,regulation of protein catabolic process,3/164,278/8363,0.9143811623301147,0.5369401537781936,3,278,Montipora_capitata_HIv3___RNAseq.g30678.t1b/Montipora_capitata_HIv3___RNAseq.g42092.t1/Montipora_capitata_HIv3___RNAseq.g39706.t2,0.999912854140822,regulation of protein catabolic process,BP
GO:0051239,regulation of multicellular organismal process,30/164,1869/8363,0.9146465736981491,0.7742960703455062,30,1869,Montipora_capitata_HIv3___RNAseq.g6978.t1/Montipora_capitata_HIv3___RNAseq.g5395.t1/Montipora_capitata_HIv3___RNAseq.g11548.t1/Montipora_capitata_HIv3___TS.g27540.t1/Montipora_capitata_HIv3___RNAseq.g34092.t1/Montipora_capitata_HIv3___RNAseq.g44519.t1/Montipora_capitata_HIv3___RNAseq.g44960.t2/Montipora_capitata_HIv3___RNAseq.21467_t/Montipora_capitata_HIv3___RNAseq.g13129.t1/Montipora_capitata_HIv3___RNAseq.g35008.t1/Montipora_capitata_HIv3___RNAseq.g46378.t1/Montipora_capitata_HIv3___RNAseq.g24942.t1/Montipora_capitata_HIv3___RNAseq.g44814.t1/Montipora_capitata_HIv3___RNAseq.g8971.t1/Montipora_capitata_HIv3___RNAseq.g32149.t1/Montipora_capitata_HIv3___RNAseq.g24020.t1/Montipora_capitata_HIv3___RNAseq.g37645.t1/Montipora_capitata_HIv3___RNAseq.g42740.t1/Montipora_capitata_HIv3___RNAseq.g23247.t1/Montipora_capitata_HIv3___RNAseq.g49962.t1/Montipora_capitata_HIv3___RNAseq.g28116.t1/Montipora_capitata_HIv3___RNAseq.g23464.t1/Montipora_capitata_HIv3___TS.g10359.t4b/Montipora_capitata_HIv3___RNAseq.g39706.t2/Montipora_capitata_HIv3___RNAseq.g23366.t1/Montipora_capitata_HIv3___RNAseq.g14488.t1/Montipora_capitata_HIv3___TS.g47745.t1/Montipora_capitata_HIv3___RNAseq.g37450.t2/Montipora_capitata_HIv3___RNAseq.g20763.t1/Montipora_capitata_HIv3___TS.g46192.t3,0.999912854140822,regulation of multicellular organismal process,BP
GO:0042802,identical protein binding,18/164,1197/8363,0.9146875982816856,0.7341045003312582,18,1197,Montipora_capitata_HIv3___RNAseq.g6978.t1/Montipora_capitata_HIv3___RNAseq.g15043.t1/Montipora_capitata_HIv3___TS.g44069.t1/Montipora_capitata_HIv3___RNAseq.g5395.t1/Montipora_capitata_HIv3___RNAseq.g34092.t1/Montipora_capitata_HIv3___RNAseq.g44960.t2/Montipora_capitata_HIv3___TS.g32048.t1/Montipora_capitata_HIv3___RNAseq.21467_t/Montipora_capitata_HIv3___RNAseq.g45527.t1/Montipora_capitata_HIv3___RNAseq.g8971.t1/Montipora_capitata_HIv3___RNAseq.g30678.t1b/Montipora_capitata_HIv3___RNAseq.g37645.t1/Montipora_capitata_HIv3___RNAseq.g43161.t1a/Montipora_capitata_HIv3___RNAseq.g9918.t1/Montipora_capitata_HIv3___RNAseq.g33449.t1/Montipora_capitata_HIv3___RNAseq.g11214.t1/Montipora_capitata_HIv3___RNAseq.g4457.t1/Montipora_capitata_HIv3___RNAseq.g37450.t2,0.999912854140822,identical protein binding,MF
GO:0033043,regulation of organelle organization,13/164,907/8363,0.9150110887620425,0.7035019174895719,13,907,Montipora_capitata_HIv3___RNAseq.g6978.t1/Montipora_capitata_HIv3___RNAseq.g5395.t1/Montipora_capitata_HIv3___RNAseq.g42608.t1/Montipora_capitata_HIv3___RNAseq.g24942.t1/Montipora_capitata_HIv3___RNAseq.g24095.t1/Montipora_capitata_HIv3___RNAseq.g44814.t1/Montipora_capitata_HIv3___RNAseq.g18698.t1/Montipora_capitata_HIv3___RNAseq.g8971.t1/Montipora_capitata_HIv3___RNAseq.g23247.t1/Montipora_capitata_HIv3___RNAseq.g49962.t1/Montipora_capitata_HIv3___RNAseq.g15029.t1b/Montipora_capitata_HIv3___RNAseq.g41226.t1/Montipora_capitata_HIv3___TS.g47745.t1,0.999912854140822,regulation of organelle organization,BP
GO:0044297,cell body,7/164,543/8363,0.9151933616473452,0.6374303743856078,7,543,Montipora_capitata_HIv3___RNAseq.g5395.t1/Montipora_capitata_HIv3___RNAseq.g34092.t1/Montipora_capitata_HIv3___RNAseq.g24942.t1/Montipora_capitata_HIv3___RNAseq.g49962.t1/Montipora_capitata_HIv3___RNAseq.g39706.t2/Montipora_capitata_HIv3___RNAseq.g23366.t1/Montipora_capitata_HIv3___RNAseq.g14488.t1,0.999912854140822,cell body,CC
GO:0044430,GO:0044430,13/164,908/8363,0.9157469998787511,0.7026197698479056,13,908,Montipora_capitata_HIv3___RNAseq.g36838.t1/Montipora_capitata_HIv3___RNAseq.g22865.t1/Montipora_capitata_HIv3___RNAseq.g26580.t1/Montipora_capitata_HIv3___TS.g5595.t1/Montipora_capitata_HIv3___RNAseq.g39887.t1/Montipora_capitata_HIv3___RNAseq.g403.t1/Montipora_capitata_HIv3___RNAseq.g24095.t1/Montipora_capitata_HIv3___RNAseq.g18698.t1/Montipora_capitata_HIv3___TS.g5653.t1/Montipora_capitata_HIv3___RNAseq.g15029.t1b/Montipora_capitata_HIv3___TS.g21895.t1/Montipora_capitata_HIv3___RNAseq.g22853.t1/Montipora_capitata_HIv3___TS.g47745.t1,0.999912854140822,NA,NA
GO:0080090,regulation of primary metabolic process,49/164,2896/8363,0.9165969556839189,0.8009821128388869,49,2896,Montipora_capitata_HIv3___TS.g33283.t2/Montipora_capitata_HIv3___RNAseq.g6978.t1/Montipora_capitata_HIv3___TS.g1118.t1/Montipora_capitata_HIv3___RNAseq.g26525.t1/Montipora_capitata_HIv3___TS.g10979.t1/Montipora_capitata_HIv3___RNAseq.g15043.t1/Montipora_capitata_HIv3___RNAseq.g5395.t1/Montipora_capitata_HIv3___RNAseq.g11548.t1/Montipora_capitata_HIv3___RNAseq.g7741.t1/Montipora_capitata_HIv3___TS.g27540.t1/Montipora_capitata_HIv3___RNAseq.g46819.t1/Montipora_capitata_HIv3___RNAseq.g44960.t2/Montipora_capitata_HIv3___TS.g32048.t1/Montipora_capitata_HIv3___RNAseq.21467_t/Montipora_capitata_HIv3___RNAseq.g37193.t1/Montipora_capitata_HIv3___RNAseq.g42608.t1/Montipora_capitata_HIv3___RNAseq.g12736.t1/Montipora_capitata_HIv3___RNAseq.g403.t1/Montipora_capitata_HIv3___RNAseq.g13857.t1/Montipora_capitata_HIv3___RNAseq.g36907.t1/Montipora_capitata_HIv3___RNAseq.g45527.t1/Montipora_capitata_HIv3___RNAseq.g35008.t1/Montipora_capitata_HIv3___RNAseq.g46378.t1/Montipora_capitata_HIv3___RNAseq.g24942.t1/Montipora_capitata_HIv3___RNAseq.g24095.t1/Montipora_capitata_HIv3___RNAseq.g44814.t1/Montipora_capitata_HIv3___RNAseq.g8971.t1/Montipora_capitata_HIv3___RNAseq.g30678.t1b/Montipora_capitata_HIv3___RNAseq.g36935.t1/Montipora_capitata_HIv3___RNAseq.g28405.t2/Montipora_capitata_HIv3___RNAseq.g40991.t1/Montipora_capitata_HIv3___RNAseq.g14965.t1/Montipora_capitata_HIv3___RNAseq.g32149.t1/Montipora_capitata_HIv3___RNAseq.g42092.t1/Montipora_capitata_HIv3___RNAseq.g42740.t1/Montipora_capitata_HIv3___RNAseq.g43161.t1a/Montipora_capitata_HIv3___RNAseq.g41333.t1/Montipora_capitata_HIv3___TS.g33523.t1/Montipora_capitata_HIv3___RNAseq.g47955.t1/Montipora_capitata_HIv3___RNAseq.g15188.t1/Montipora_capitata_HIv3___RNAseq.g18929.t1/Montipora_capitata_HIv3___RNAseq.g28116.t1/Montipora_capitata_HIv3___RNAseq.g15029.t1b/Montipora_capitata_HIv3___TS.g10359.t4b/Montipora_capitata_HIv3___RNAseq.g41226.t1/Montipora_capitata_HIv3___RNAseq.g39706.t2/Montipora_capitata_HIv3___RNAseq.g44445.t1/Montipora_capitata_HIv3___TS.g47745.t1/Montipora_capitata_HIv3___TS.g46192.t3,0.999912854140822,regulation of primary metabolic process,BP
GO:0097458,GO:0097458,16/164,1085/8363,0.9168575785761812,0.7210834980957016,16,1085,Montipora_capitata_HIv3___RNAseq.g23734.t3/Montipora_capitata_HIv3___RNAseq.g35804.t1/Montipora_capitata_HIv3___RNAseq.g5395.t1/Montipora_capitata_HIv3___RNAseq.g22865.t1/Montipora_capitata_HIv3___RNAseq.g34092.t1/Montipora_capitata_HIv3___RNAseq.g9026.t1/Montipora_capitata_HIv3___RNAseq.g24942.t1/Montipora_capitata_HIv3___RNAseq.g35720.t1/Montipora_capitata_HIv3___RNAseq.g18698.t1/Montipora_capitata_HIv3___RNAseq.g20807.t2/Montipora_capitata_HIv3___RNAseq.g49962.t1/Montipora_capitata_HIv3___RNAseq.g39706.t2/Montipora_capitata_HIv3___RNAseq.g12947.t1/Montipora_capitata_HIv3___RNAseq.g23366.t1/Montipora_capitata_HIv3___RNAseq.g14488.t1/Montipora_capitata_HIv3___TS.g46192.t3,0.999912854140822,NA,NA
GO:0022604,regulation of cell morphogenesis,4/164,350/8363,0.9175064418287789,0.5674319529878318,4,350,Montipora_capitata_HIv3___RNAseq.g24942.t1/Montipora_capitata_HIv3___RNAseq.g8971.t1/Montipora_capitata_HIv3___TS.g10359.t4b/Montipora_capitata_HIv3___RNAseq.g39706.t2,0.999912854140822,regulation of cell morphogenesis,BP
GO:0030234,enzyme regulator activity,6/164,482/8363,0.9176196036091735,0.6161383559784703,6,482,Montipora_capitata_HIv3___TS.g1118.t1/Montipora_capitata_HIv3___TS.g32048.t1/Montipora_capitata_HIv3___RNAseq.g37193.t1/Montipora_capitata_HIv3___RNAseq.g49962.t1/Montipora_capitata_HIv3___RNAseq.g41226.t1/Montipora_capitata_HIv3___RNAseq.g39706.t2,0.999912854140822,enzyme regulator activity,MF
GO:0005694,chromosome,9/164,672/8363,0.9191972833643772,0.6600349250725719,9,672,Montipora_capitata_HIv3___RNAseq.g26525.t1/Montipora_capitata_HIv3___RNAseq.g26580.t1/Montipora_capitata_HIv3___RNAseq.g403.t1/Montipora_capitata_HIv3___RNAseq.g45527.t1/Montipora_capitata_HIv3___RNAseq.g43161.t1a/Montipora_capitata_HIv3___RNAseq.g18929.t1/Montipora_capitata_HIv3___RNAseq.g15140.t1/Montipora_capitata_HIv3___TS.g32614.t2/Montipora_capitata_HIv3___TS.g47745.t1,0.999912854140822,chromosome,CC
GO:0031981,nuclear lumen,42/164,2529/8363,0.9194369036145955,0.7907221102119806,42,2529,Montipora_capitata_HIv3___TS.g1118.t1/Montipora_capitata_HIv3___RNAseq.g23734.t3/Montipora_capitata_HIv3___RNAseq.g26525.t1/Montipora_capitata_HIv3___RNAseq.g35804.t1/Montipora_capitata_HIv3___RNAseq.g5395.t1/Montipora_capitata_HIv3___RNAseq.g35299.t1/Montipora_capitata_HIv3___RNAseq.g7741.t1/Montipora_capitata_HIv3___RNAseq.g27546.t1/Montipora_capitata_HIv3___RNAseq.g42608.t1/Montipora_capitata_HIv3___RNAseq.g12736.t1/Montipora_capitata_HIv3___RNAseq.g403.t1/Montipora_capitata_HIv3___RNAseq.g45527.t1/Montipora_capitata_HIv3___RNAseq.g46378.t1/Montipora_capitata_HIv3___RNAseq.g44814.t1/Montipora_capitata_HIv3___RNAseq.g35720.t1/Montipora_capitata_HIv3___RNAseq.g8971.t1/Montipora_capitata_HIv3___RNAseq.g9027.t1/Montipora_capitata_HIv3___RNAseq.g30678.t1b/Montipora_capitata_HIv3___RNAseq.g18395.t1/Montipora_capitata_HIv3___RNAseq.g15186.t1/Montipora_capitata_HIv3___RNAseq.g9338.t1/Montipora_capitata_HIv3___RNAseq.g40991.t1/Montipora_capitata_HIv3___RNAseq.g14965.t1/Montipora_capitata_HIv3___RNAseq.g47379.t1/Montipora_capitata_HIv3___RNAseq.g43161.t1a/Montipora_capitata_HIv3___RNAseq.g41333.t1/Montipora_capitata_HIv3___RNAseq.g22408.t1/Montipora_capitata_HIv3___RNAseq.g23247.t1/Montipora_capitata_HIv3___RNAseq.g47955.t1/Montipora_capitata_HIv3___RNAseq.g15188.t1/Montipora_capitata_HIv3___RNAseq.g18929.t1/Montipora_capitata_HIv3___TS.g28908.t1/Montipora_capitata_HIv3___RNAseq.g43111.t1/Montipora_capitata_HIv3___RNAseq.g33997.t1/Montipora_capitata_HIv3___RNAseq.g44719.t1/Montipora_capitata_HIv3___RNAseq.g22853.t1/Montipora_capitata_HIv3___RNAseq.g44445.t1/Montipora_capitata_HIv3___TS.g32614.t2/Montipora_capitata_HIv3___RNAseq.g11658.t1/Montipora_capitata_HIv3___TS.g47745.t1/Montipora_capitata_HIv3___RNAseq.g37450.t2/Montipora_capitata_HIv3___RNAseq.g20763.t1,0.999912854140822,nuclear lumen,CC
GO:0007610,behavior,11/164,794/8363,0.9195622766133711,0.6809677100842427,11,794,Montipora_capitata_HIv3___RNAseq.g5395.t1/Montipora_capitata_HIv3___RNAseq.g14946.t1/Montipora_capitata_HIv3___TS.g27540.t1/Montipora_capitata_HIv3___TS.g32048.t1/Montipora_capitata_HIv3___RNAseq.g13129.t1/Montipora_capitata_HIv3___RNAseq.g24095.t1/Montipora_capitata_HIv3___RNAseq.g44814.t1/Montipora_capitata_HIv3___RNAseq.g8971.t1/Montipora_capitata_HIv3___RNAseq.g1174.t1/Montipora_capitata_HIv3___RNAseq.g23366.t1/Montipora_capitata_HIv3___TS.g47745.t1,0.999912854140822,behavior,BP
GO:0030900,forebrain development,3/164,283/8363,0.9203019978426685,0.5270193894758645,3,283,Montipora_capitata_HIv3___RNAseq.g44814.t1/Montipora_capitata_HIv3___RNAseq.g8971.t1/Montipora_capitata_HIv3___TS.g46192.t3,0.999912854140822,forebrain development,BP
GO:0016773,"phosphotransferase activity, alcohol group as acceptor",5/164,420/8363,0.9206124882594684,0.5898440373969176,5,420,Montipora_capitata_HIv3___RNAseq.g6978.t1/Montipora_capitata_HIv3___RNAseq.g8971.t1/Montipora_capitata_HIv3___TS.g21293.t1/Montipora_capitata_HIv3___RNAseq.g28116.t1/Montipora_capitata_HIv3___RNAseq.g20763.t1,0.999912854140822,"phosphotransferase activity, alcohol group as acceptor",MF
GO:0050794,regulation of cellular process,86/164,4813/8363,0.9213703774419069,0.809863505320327,86,4813,Montipora_capitata_HIv3___TS.g33283.t2/Montipora_capitata_HIv3___RNAseq.g6978.t1/Montipora_capitata_HIv3___RNAseq.g7992.t1/Montipora_capitata_HIv3___TS.g1118.t1/Montipora_capitata_HIv3___RNAseq.g2559.t1a/Montipora_capitata_HIv3___RNAseq.g23734.t3/Montipora_capitata_HIv3___RNAseq.g26525.t1/Montipora_capitata_HIv3___RNAseq.g35804.t1/Montipora_capitata_HIv3___TS.g10979.t1/Montipora_capitata_HIv3___RNAseq.g15043.t1/Montipora_capitata_HIv3___RNAseq.g5395.t1/Montipora_capitata_HIv3___RNAseq.g22865.t1/Montipora_capitata_HIv3___RNAseq.g41637.t1/Montipora_capitata_HIv3___RNAseq.g23733.t1/Montipora_capitata_HIv3___RNAseq.g11548.t1/Montipora_capitata_HIv3___RNAseq.g7741.t1/Montipora_capitata_HIv3___TS.g29616.t1/Montipora_capitata_HIv3___RNAseq.g2640.t1a/Montipora_capitata_HIv3___TS.g27540.t1/Montipora_capitata_HIv3___RNAseq.g34092.t1/Montipora_capitata_HIv3___RNAseq.g44519.t1/Montipora_capitata_HIv3___RNAseq.g46819.t1/Montipora_capitata_HIv3___RNAseq.g12596.t1/Montipora_capitata_HIv3___RNAseq.g50691.t1/Montipora_capitata_HIv3___RNAseq.g11237.t1/Montipora_capitata_HIv3___RNAseq.g3374.t1/Montipora_capitata_HIv3___RNAseq.g44960.t2/Montipora_capitata_HIv3___TS.g32048.t1/Montipora_capitata_HIv3___RNAseq.21467_t/Montipora_capitata_HIv3___RNAseq.g13129.t1/Montipora_capitata_HIv3___RNAseq.g37193.t1/Montipora_capitata_HIv3___RNAseq.g29879.t1b/Montipora_capitata_HIv3___RNAseq.g42608.t1/Montipora_capitata_HIv3___RNAseq.g12736.t1/Montipora_capitata_HIv3___RNAseq.g35718.t1/Montipora_capitata_HIv3___RNAseq.g39648.t1/Montipora_capitata_HIv3___RNAseq.g403.t1/Montipora_capitata_HIv3___RNAseq.g13857.t1/Montipora_capitata_HIv3___RNAseq.g36907.t1/Montipora_capitata_HIv3___RNAseq.g45527.t1/Montipora_capitata_HIv3___RNAseq.g35008.t1/Montipora_capitata_HIv3___RNAseq.g668.t1/Montipora_capitata_HIv3___RNAseq.g46378.t1/Montipora_capitata_HIv3___RNAseq.g24942.t1/Montipora_capitata_HIv3___RNAseq.g24095.t1/Montipora_capitata_HIv3___RNAseq.g44814.t1/Montipora_capitata_HIv3___RNAseq.g35720.t1/Montipora_capitata_HIv3___RNAseq.g18698.t1/Montipora_capitata_HIv3___RNAseq.g8971.t1/Montipora_capitata_HIv3___RNAseq.g30678.t1b/Montipora_capitata_HIv3___RNAseq.g15186.t1/Montipora_capitata_HIv3___RNAseq.g36935.t1/Montipora_capitata_HIv3___RNAseq.g28405.t2/Montipora_capitata_HIv3___RNAseq.g14155.t1/Montipora_capitata_HIv3___RNAseq.g40991.t1/Montipora_capitata_HIv3___RNAseq.g14965.t1/Montipora_capitata_HIv3___RNAseq.g32149.t1/Montipora_capitata_HIv3___RNAseq.g24020.t1/Montipora_capitata_HIv3___RNAseq.g37645.t1/Montipora_capitata_HIv3___RNAseq.g42092.t1/Montipora_capitata_HIv3___RNAseq.g42740.t1/Montipora_capitata_HIv3___RNAseq.g43161.t1a/Montipora_capitata_HIv3___RNAseq.g41333.t1/Montipora_capitata_HIv3___RNAseq.g9918.t1/Montipora_capitata_HIv3___RNAseq.g23247.t1/Montipora_capitata_HIv3___TS.g33523.t1/Montipora_capitata_HIv3___RNAseq.g47955.t1/Montipora_capitata_HIv3___RNAseq.g15188.t1/Montipora_capitata_HIv3___RNAseq.g49962.t1/Montipora_capitata_HIv3___RNAseq.g18929.t1/Montipora_capitata_HIv3___RNAseq.g6934.t1/Montipora_capitata_HIv3___RNAseq.g28116.t1/Montipora_capitata_HIv3___RNAseq.g15029.t1b/Montipora_capitata_HIv3___RNAseq.g4457.t1/Montipora_capitata_HIv3___TS.g10359.t4b/Montipora_capitata_HIv3___RNAseq.g41226.t1/Montipora_capitata_HIv3___RNAseq.g39706.t2/Montipora_capitata_HIv3___RNAseq.g8867.t2/Montipora_capitata_HIv3___RNAseq.g22853.t1/Montipora_capitata_HIv3___RNAseq.g44445.t1/Montipora_capitata_HIv3___RNAseq.g23366.t1/Montipora_capitata_HIv3___RNAseq.g14488.t1/Montipora_capitata_HIv3___TS.g47745.t1/Montipora_capitata_HIv3___RNAseq.g20763.t1/Montipora_capitata_HIv3___TS.g20607.t1/Montipora_capitata_HIv3___TS.g46192.t3,0.999912854140822,regulation of cellular process,BP
GO:0097159,organic cyclic compound binding,31/164,1937/8363,0.921747390272185,0.7695930524524777,31,1937,Montipora_capitata_HIv3___RNAseq.g26525.t1/Montipora_capitata_HIv3___RNAseq.g22865.t1/Montipora_capitata_HIv3___RNAseq.g7741.t1/Montipora_capitata_HIv3___RNAseq.g27546.t1/Montipora_capitata_HIv3___RNAseq.g13129.t1/Montipora_capitata_HIv3___RNAseq.g42608.t1/Montipora_capitata_HIv3___RNAseq.g12736.t1/Montipora_capitata_HIv3___RNAseq.g27709.t1/Montipora_capitata_HIv3___RNAseq.g24524.t1/Montipora_capitata_HIv3___RNAseq.g45527.t1/Montipora_capitata_HIv3___RNAseq.g46378.t1/Montipora_capitata_HIv3___RNAseq.g24942.t1/Montipora_capitata_HIv3___RNAseq.g44814.t1/Montipora_capitata_HIv3___RNAseq.g18698.t1/Montipora_capitata_HIv3___RNAseq.g18395.t1/Montipora_capitata_HIv3___TS.g40519.t3/Montipora_capitata_HIv3___RNAseq.g36935.t1/Montipora_capitata_HIv3___RNAseq.g40991.t1/Montipora_capitata_HIv3___RNAseq.g14965.t1/Montipora_capitata_HIv3___RNAseq.g42092.t1/Montipora_capitata_HIv3___RNAseq.g43161.t1a/Montipora_capitata_HIv3___TS.g33523.t1/Montipora_capitata_HIv3___RNAseq.g47955.t1/Montipora_capitata_HIv3___RNAseq.g18929.t1/Montipora_capitata_HIv3___RNAseq.g43111.t1/Montipora_capitata_HIv3___RNAseq.g33997.t1/Montipora_capitata_HIv3___RNAseq.g9087.t1/Montipora_capitata_HIv3___RNAseq.g15140.t1/Montipora_capitata_HIv3___TS.g47745.t1/Montipora_capitata_HIv3___RNAseq.g37450.t2/Montipora_capitata_HIv3___TS.g46192.t3,0.999912854140822,organic cyclic compound binding,MF
GO:0006412,translation,3/164,285/8363,0.9225646018868827,0.5231495789546301,3,285,Montipora_capitata_HIv3___RNAseq.g43111.t1/Montipora_capitata_HIv3___RNAseq.g41226.t1/Montipora_capitata_HIv3___RNAseq.g11658.t1,0.999912854140822,translation,BP
GO:0007154,cell communication,36/164,2212/8363,0.9227322498243788,0.7785113618242986,36,2212,Montipora_capitata_HIv3___TS.g33283.t2/Montipora_capitata_HIv3___RNAseq.g6978.t1/Montipora_capitata_HIv3___RNAseq.g5395.t1/Montipora_capitata_HIv3___RNAseq.g22865.t1/Montipora_capitata_HIv3___RNAseq.g11548.t1/Montipora_capitata_HIv3___RNAseq.g7741.t1/Montipora_capitata_HIv3___RNAseq.g2640.t1a/Montipora_capitata_HIv3___TS.g27540.t1/Montipora_capitata_HIv3___RNAseq.g34092.t1/Montipora_capitata_HIv3___RNAseq.g50691.t1/Montipora_capitata_HIv3___RNAseq.g11237.t1/Montipora_capitata_HIv3___RNAseq.g3374.t1/Montipora_capitata_HIv3___RNAseq.g44960.t2/Montipora_capitata_HIv3___RNAseq.21467_t/Montipora_capitata_HIv3___RNAseq.g13129.t1/Montipora_capitata_HIv3___RNAseq.g39648.t1/Montipora_capitata_HIv3___RNAseq.g45527.t1/Montipora_capitata_HIv3___RNAseq.g35008.t1/Montipora_capitata_HIv3___RNAseq.g46378.t1/Montipora_capitata_HIv3___RNAseq.g24942.t1/Montipora_capitata_HIv3___RNAseq.g24095.t1/Montipora_capitata_HIv3___RNAseq.g44814.t1/Montipora_capitata_HIv3___RNAseq.g18698.t1/Montipora_capitata_HIv3___RNAseq.g8971.t1/Montipora_capitata_HIv3___RNAseq.g32149.t1/Montipora_capitata_HIv3___RNAseq.g42092.t1/Montipora_capitata_HIv3___RNAseq.g1174.t1/Montipora_capitata_HIv3___TS.g33523.t1/Montipora_capitata_HIv3___RNAseq.g15188.t1/Montipora_capitata_HIv3___RNAseq.g6934.t1/Montipora_capitata_HIv3___RNAseq.g28116.t1/Montipora_capitata_HIv3___TS.g10359.t4b/Montipora_capitata_HIv3___RNAseq.g39706.t2/Montipora_capitata_HIv3___RNAseq.g8867.t2/Montipora_capitata_HIv3___RNAseq.g44445.t1/Montipora_capitata_HIv3___RNAseq.g23366.t1,0.999912854140822,cell communication,BP
GO:0030154,cell differentiation,40/164,2430/8363,0.9235622057860648,0.7840848086143811,40,2430,Montipora_capitata_HIv3___RNAseq.g6978.t1/Montipora_capitata_HIv3___RNAseq.g23734.t3/Montipora_capitata_HIv3___RNAseq.g35804.t1/Montipora_capitata_HIv3___RNAseq.g5395.t1/Montipora_capitata_HIv3___RNAseq.g22865.t1/Montipora_capitata_HIv3___RNAseq.g7741.t1/Montipora_capitata_HIv3___RNAseq.g26580.t1/Montipora_capitata_HIv3___TS.g5595.t1/Montipora_capitata_HIv3___RNAseq.g44960.t2/Montipora_capitata_HIv3___RNAseq.21467_t/Montipora_capitata_HIv3___RNAseq.g13857.t1/Montipora_capitata_HIv3___RNAseq.g35008.t1/Montipora_capitata_HIv3___RNAseq.g46378.t1/Montipora_capitata_HIv3___RNAseq.g24942.t1/Montipora_capitata_HIv3___RNAseq.g44814.t1/Montipora_capitata_HIv3___RNAseq.g35720.t1/Montipora_capitata_HIv3___RNAseq.g18698.t1/Montipora_capitata_HIv3___RNAseq.g8971.t1/Montipora_capitata_HIv3___RNAseq.g40991.t1/Montipora_capitata_HIv3___RNAseq.g24020.t1/Montipora_capitata_HIv3___RNAseq.g42092.t1/Montipora_capitata_HIv3___RNAseq.g43161.t1a/Montipora_capitata_HIv3___RNAseq.g41333.t1/Montipora_capitata_HIv3___RNAseq.g33449.t1/Montipora_capitata_HIv3___RNAseq.g9060.t1/Montipora_capitata_HIv3___RNAseq.g1174.t1/Montipora_capitata_HIv3___TS.g33523.t1/Montipora_capitata_HIv3___RNAseq.g47955.t1/Montipora_capitata_HIv3___RNAseq.g6934.t1/Montipora_capitata_HIv3___RNAseq.g28116.t1/Montipora_capitata_HIv3___RNAseq.g15029.t1b/Montipora_capitata_HIv3___RNAseq.g4457.t1/Montipora_capitata_HIv3___RNAseq.g14625.t1/Montipora_capitata_HIv3___TS.g10359.t4b/Montipora_capitata_HIv3___RNAseq.g39706.t2/Montipora_capitata_HIv3___RNAseq.g44445.t1/Montipora_capitata_HIv3___TS.g47745.t1/Montipora_capitata_HIv3___RNAseq.g37450.t2/Montipora_capitata_HIv3___TS.g20607.t1/Montipora_capitata_HIv3___TS.g46192.t3,0.999912854140822,cell differentiation,BP
GO:0003002,regionalization,7/164,553/8363,0.9239090519197534,0.6249374297140387,7,553,Montipora_capitata_HIv3___RNAseq.g35008.t1/Montipora_capitata_HIv3___RNAseq.g8971.t1/Montipora_capitata_HIv3___TS.g4674.t2b/Montipora_capitata_HIv3___RNAseq.g23247.t1/Montipora_capitata_HIv3___RNAseq.g28116.t1/Montipora_capitata_HIv3___TS.g10359.t4b/Montipora_capitata_HIv3___TS.g46192.t3,0.999912854140822,regionalization,BP
GO:0009314,response to radiation,5/164,424/8363,0.9243954135736148,0.5839125845666412,5,424,Montipora_capitata_HIv3___RNAseq.g42608.t1/Montipora_capitata_HIv3___RNAseq.g44814.t1/Montipora_capitata_HIv3___RNAseq.g43161.t1a/Montipora_capitata_HIv3___RNAseq.g28116.t1/Montipora_capitata_HIv3___RNAseq.g8867.t2,0.999912854140822,response to radiation,BP
GO:0043025,neuronal cell body,6/164,490/8363,0.9248359881414133,0.6053255820111033,6,490,Montipora_capitata_HIv3___RNAseq.g5395.t1/Montipora_capitata_HIv3___RNAseq.g24942.t1/Montipora_capitata_HIv3___RNAseq.g49962.t1/Montipora_capitata_HIv3___RNAseq.g39706.t2/Montipora_capitata_HIv3___RNAseq.g23366.t1/Montipora_capitata_HIv3___RNAseq.g14488.t1,0.999912854140822,neuronal cell body,CC
GO:1990837,sequence-specific double-stranded DNA binding,4/164,358/8363,0.9257281951393076,0.5540435345044527,4,358,Montipora_capitata_HIv3___RNAseq.g7741.t1/Montipora_capitata_HIv3___RNAseq.g44814.t1/Montipora_capitata_HIv3___TS.g47745.t1/Montipora_capitata_HIv3___TS.g46192.t3,0.999912854140822,sequence-specific double-stranded DNA binding,MF
GO:0008150,biological_process,153/164,7979/8363,0.9258093089446702,0.6629775613272813,153,7979,Montipora_capitata_HIv3___TS.g33283.t2/Montipora_capitata_HIv3___RNAseq.g6978.t1/Montipora_capitata_HIv3___RNAseq.g36845.t1/Montipora_capitata_HIv3___RNAseq.g7992.t1/Montipora_capitata_HIv3___TS.g1118.t1/Montipora_capitata_HIv3___RNAseq.g36838.t1/Montipora_capitata_HIv3___RNAseq.g2559.t1a/Montipora_capitata_HIv3___RNAseq.g23734.t3/Montipora_capitata_HIv3___RNAseq.g26525.t1/Montipora_capitata_HIv3___RNAseq.g35804.t1/Montipora_capitata_HIv3___TS.g10979.t1/Montipora_capitata_HIv3___RNAseq.g15043.t1/Montipora_capitata_HIv3___RNAseq.g40427.t1a/Montipora_capitata_HIv3___RNAseq.g23762.t1/Montipora_capitata_HIv3___TS.g44069.t1/Montipora_capitata_HIv3___RNAseq.g5395.t1/Montipora_capitata_HIv3___RNAseq.g22865.t1/Montipora_capitata_HIv3___RNAseq.g35299.t1/Montipora_capitata_HIv3___RNAseq.g41637.t1/Montipora_capitata_HIv3___RNAseq.g14946.t1/Montipora_capitata_HIv3___RNAseq.g23733.t1/Montipora_capitata_HIv3___RNAseq.g11548.t1/Montipora_capitata_HIv3___RNAseq.g7741.t1/Montipora_capitata_HIv3___TS.g29616.t1/Montipora_capitata_HIv3___RNAseq.g33991.t1/Montipora_capitata_HIv3___RNAseq.g26580.t1/Montipora_capitata_HIv3___RNAseq.g2640.t1a/Montipora_capitata_HIv3___TS.g5595.t1/Montipora_capitata_HIv3___RNAseq.g36836.t1/Montipora_capitata_HIv3___RNAseq.g27546.t1/Montipora_capitata_HIv3___TS.g27540.t1/Montipora_capitata_HIv3___RNAseq.g24139.t1/Montipora_capitata_HIv3___RNAseq.g34092.t1/Montipora_capitata_HIv3___RNAseq.g44519.t1/Montipora_capitata_HIv3___RNAseq.g46819.t1/Montipora_capitata_HIv3___RNAseq.g12596.t1/Montipora_capitata_HIv3___RNAseq.g50691.t1/Montipora_capitata_HIv3___RNAseq.g11237.t1/Montipora_capitata_HIv3___RNAseq.g3374.t1/Montipora_capitata_HIv3___RNAseq.g44960.t2/Montipora_capitata_HIv3___TS.g32048.t1/Montipora_capitata_HIv3___RNAseq.g40983.t1/Montipora_capitata_HIv3___RNAseq.21467_t/Montipora_capitata_HIv3___RNAseq.g24836.t1/Montipora_capitata_HIv3___RNAseq.g13129.t1/Montipora_capitata_HIv3___TS.g28995.t1/Montipora_capitata_HIv3___RNAseq.g47205.t1/Montipora_capitata_HIv3___RNAseq.g37193.t1/Montipora_capitata_HIv3___RNAseq.g29879.t1b/Montipora_capitata_HIv3___RNAseq.g42608.t1/Montipora_capitata_HIv3___RNAseq.g39887.t1/Montipora_capitata_HIv3___RNAseq.g12736.t1/Montipora_capitata_HIv3___RNAseq.g35718.t1/Montipora_capitata_HIv3___RNAseq.g33992.t1/Montipora_capitata_HIv3___RNAseq.g38848.t1/Montipora_capitata_HIv3___RNAseq.g27709.t1/Montipora_capitata_HIv3___RNAseq.g39648.t1/Montipora_capitata_HIv3___RNAseq.g44539.t1/Montipora_capitata_HIv3___RNAseq.g49895.t2/Montipora_capitata_HIv3___RNAseq.g403.t1/Montipora_capitata_HIv3___RNAseq.g45361.t1/Montipora_capitata_HIv3___RNAseq.g13857.t1/Montipora_capitata_HIv3___RNAseq.g36907.t1/Montipora_capitata_HIv3___RNAseq.g45527.t1/Montipora_capitata_HIv3___RNAseq.g35008.t1/Montipora_capitata_HIv3___RNAseq.g668.t1/Montipora_capitata_HIv3___RNAseq.g40982.t1a/Montipora_capitata_HIv3___RNAseq.g46378.t1/Montipora_capitata_HIv3___RNAseq.g44562.t1/Montipora_capitata_HIv3___RNAseq.g24942.t1/Montipora_capitata_HIv3___RNAseq.g24095.t1/Montipora_capitata_HIv3___RNAseq.g44814.t1/Montipora_capitata_HIv3___RNAseq.g20250.t1/Montipora_capitata_HIv3___RNAseq.g35720.t1/Montipora_capitata_HIv3___RNAseq.g12548.t1/Montipora_capitata_HIv3___RNAseq.g18698.t1/Montipora_capitata_HIv3___RNAseq.g8971.t1/Montipora_capitata_HIv3___RNAseq.g20771.t1/Montipora_capitata_HIv3___RNAseq.g41416.t2a/Montipora_capitata_HIv3___RNAseq.g30678.t1b/Montipora_capitata_HIv3___RNAseq.g18395.t1/Montipora_capitata_HIv3___TS.g40519.t3/Montipora_capitata_HIv3___RNAseq.g20807.t2/Montipora_capitata_HIv3___RNAseq.g15186.t1/Montipora_capitata_HIv3___RNAseq.g36935.t1/Montipora_capitata_HIv3___TS.g5653.t1/Montipora_capitata_HIv3___RNAseq.g28405.t2/Montipora_capitata_HIv3___TS.g6904.t1/Montipora_capitata_HIv3___RNAseq.g14155.t1/Montipora_capitata_HIv3___RNAseq.g40991.t1/Montipora_capitata_HIv3___RNAseq.g14965.t1/Montipora_capitata_HIv3___TS.g4674.t2b/Montipora_capitata_HIv3___RNAseq.g47379.t1/Montipora_capitata_HIv3___RNAseq.g32149.t1/Montipora_capitata_HIv3___RNAseq.g24020.t1/Montipora_capitata_HIv3___RNAseq.g37645.t1/Montipora_capitata_HIv3___RNAseq.g42092.t1/Montipora_capitata_HIv3___RNAseq.g40284.t1/Montipora_capitata_HIv3___RNAseq.g42740.t1/Montipora_capitata_HIv3___RNAseq.g43161.t1a/Montipora_capitata_HIv3___RNAseq.g22553.t1c/Montipora_capitata_HIv3___RNAseq.g41333.t1/Montipora_capitata_HIv3___RNAseq.g9918.t1/Montipora_capitata_HIv3___RNAseq.g33449.t1/Montipora_capitata_HIv3___RNAseq.g22408.t1/Montipora_capitata_HIv3___RNAseq.g9060.t1/Montipora_capitata_HIv3___RNAseq.g1174.t1/Montipora_capitata_HIv3___RNAseq.g23247.t1/Montipora_capitata_HIv3___TS.g33523.t1/Montipora_capitata_HIv3___RNAseq.g39974.t1/Montipora_capitata_HIv3___RNAseq.g4241.t1/Montipora_capitata_HIv3___RNAseq.g47955.t1/Montipora_capitata_HIv3___RNAseq.g15188.t1/Montipora_capitata_HIv3___RNAseq.g49962.t1/Montipora_capitata_HIv3___RNAseq.g11214.t1/Montipora_capitata_HIv3___RNAseq.g18929.t1/Montipora_capitata_HIv3___TS.g50674.t1/Montipora_capitata_HIv3___TS.g21293.t1/Montipora_capitata_HIv3___RNAseq.g8270.t1/Montipora_capitata_HIv3___TS.g28908.t1/Montipora_capitata_HIv3___RNAseq.g43111.t1/Montipora_capitata_HIv3___RNAseq.g33997.t1/Montipora_capitata_HIv3___RNAseq.g6934.t1/Montipora_capitata_HIv3___RNAseq.g28116.t1/Montipora_capitata_HIv3___RNAseq.g9561.t1/Montipora_capitata_HIv3___RNAseq.g23464.t1/Montipora_capitata_HIv3___RNAseq.g15029.t1b/Montipora_capitata_HIv3___RNAseq.g4457.t1/Montipora_capitata_HIv3___TS.g21895.t1/Montipora_capitata_HIv3___RNAseq.g44719.t1/Montipora_capitata_HIv3___RNAseq.g9087.t1/Montipora_capitata_HIv3___RNAseq.g14625.t1/Montipora_capitata_HIv3___TS.g10359.t4b/Montipora_capitata_HIv3___RNAseq.g15140.t1/Montipora_capitata_HIv3___RNAseq.g41226.t1/Montipora_capitata_HIv3___RNAseq.g14956.t1/Montipora_capitata_HIv3___RNAseq.g39706.t2/Montipora_capitata_HIv3___RNAseq.g26867.t1/Montipora_capitata_HIv3___RNAseq.g8867.t2/Montipora_capitata_HIv3___RNAseq.g12947.t1/Montipora_capitata_HIv3___RNAseq.g22853.t1/Montipora_capitata_HIv3___RNAseq.g44445.t1/Montipora_capitata_HIv3___RNAseq.g14960.t1/Montipora_capitata_HIv3___RNAseq.g23366.t1/Montipora_capitata_HIv3___RNAseq.g18391.t1/Montipora_capitata_HIv3___RNAseq.g11658.t1/Montipora_capitata_HIv3___RNAseq.g14488.t1/Montipora_capitata_HIv3___TS.g47745.t1/Montipora_capitata_HIv3___RNAseq.g37450.t2/Montipora_capitata_HIv3___RNAseq.g20763.t1/Montipora_capitata_HIv3___TS.g20607.t1/Montipora_capitata_HIv3___TS.g46192.t3/Montipora_capitata_HIv3___RNAseq.g50276.t1,0.999912854140822,biological_process,BP
GO:0005635,nuclear envelope,3/164,289/8363,0.9269156944999196,0.5155723130797951,3,289,Montipora_capitata_HIv3___RNAseq.g34092.t1/Montipora_capitata_HIv3___RNAseq.g13857.t1/Montipora_capitata_HIv3___RNAseq.g15186.t1,0.999912854140822,nuclear envelope,CC
GO:1901135,carbohydrate derivative metabolic process,11/164,806/8363,0.9281205749128506,0.6696047180979823,11,806,Montipora_capitata_HIv3___TS.g44069.t1/Montipora_capitata_HIv3___RNAseq.g36836.t1/Montipora_capitata_HIv3___RNAseq.g3374.t1/Montipora_capitata_HIv3___RNAseq.g37193.t1/Montipora_capitata_HIv3___RNAseq.g44814.t1/Montipora_capitata_HIv3___RNAseq.g9060.t1/Montipora_capitata_HIv3___RNAseq.g15188.t1/Montipora_capitata_HIv3___RNAseq.g11214.t1/Montipora_capitata_HIv3___RNAseq.g14956.t1/Montipora_capitata_HIv3___RNAseq.g14960.t1/Montipora_capitata_HIv3___RNAseq.g20763.t1,0.999912854140822,carbohydrate derivative metabolic process,BP
GO:0031967,organelle envelope,10/164,746/8363,0.9287053305691827,0.6584672852422201,10,746,Montipora_capitata_HIv3___RNAseq.g36845.t1/Montipora_capitata_HIv3___RNAseq.g34092.t1/Montipora_capitata_HIv3___RNAseq.g13857.t1/Montipora_capitata_HIv3___RNAseq.g40982.t1a/Montipora_capitata_HIv3___RNAseq.g46378.t1/Montipora_capitata_HIv3___RNAseq.g24095.t1/Montipora_capitata_HIv3___RNAseq.g15186.t1/Montipora_capitata_HIv3___TS.g6904.t1/Montipora_capitata_HIv3___RNAseq.g1174.t1/Montipora_capitata_HIv3___RNAseq.g14488.t1,0.999912854140822,organelle envelope,CC
GO:0031975,envelope,10/164,746/8363,0.9287053305691827,0.6584672852422201,10,746,Montipora_capitata_HIv3___RNAseq.g36845.t1/Montipora_capitata_HIv3___RNAseq.g34092.t1/Montipora_capitata_HIv3___RNAseq.g13857.t1/Montipora_capitata_HIv3___RNAseq.g40982.t1a/Montipora_capitata_HIv3___RNAseq.g46378.t1/Montipora_capitata_HIv3___RNAseq.g24095.t1/Montipora_capitata_HIv3___RNAseq.g15186.t1/Montipora_capitata_HIv3___TS.g6904.t1/Montipora_capitata_HIv3___RNAseq.g1174.t1/Montipora_capitata_HIv3___RNAseq.g14488.t1,0.999912854140822,envelope,CC
GO:0050804,modulation of chemical synaptic transmission,3/164,291/8363,0.9290067201817868,0.51186260294546,3,291,Montipora_capitata_HIv3___RNAseq.g5395.t1/Montipora_capitata_HIv3___RNAseq.g24095.t1/Montipora_capitata_HIv3___RNAseq.g23366.t1,0.999912854140822,modulation of chemical synaptic transmission,BP
GO:0099177,regulation of trans-synaptic signaling,3/164,291/8363,0.9290067201817868,0.51186260294546,3,291,Montipora_capitata_HIv3___RNAseq.g5395.t1/Montipora_capitata_HIv3___RNAseq.g24095.t1/Montipora_capitata_HIv3___RNAseq.g23366.t1,0.999912854140822,regulation of trans-synaptic signaling,BP
GO:0043254,regulation of protein-containing complex assembly,3/164,291/8363,0.9290067201817868,0.51186260294546,3,291,Montipora_capitata_HIv3___RNAseq.g42608.t1/Montipora_capitata_HIv3___RNAseq.g24942.t1/Montipora_capitata_HIv3___RNAseq.g15029.t1b,0.999912854140822,regulation of protein-containing complex assembly,BP
GO:0033365,protein localization to organelle,7/164,560/8363,0.9295417330996245,0.6165221494427074,7,560,Montipora_capitata_HIv3___RNAseq.g13857.t1/Montipora_capitata_HIv3___RNAseq.g42740.t1/Montipora_capitata_HIv3___TS.g33523.t1/Montipora_capitata_HIv3___RNAseq.g47955.t1/Montipora_capitata_HIv3___RNAseq.g39706.t2/Montipora_capitata_HIv3___RNAseq.g11658.t1/Montipora_capitata_HIv3___TS.g47745.t1,0.999912854140822,protein localization to organelle,BP
GO:0006396,RNA processing,9/164,686/8363,0.9298032540895539,0.6451818287613377,9,686,Montipora_capitata_HIv3___RNAseq.g26525.t1/Montipora_capitata_HIv3___RNAseq.g12736.t1/Montipora_capitata_HIv3___RNAseq.g403.t1/Montipora_capitata_HIv3___RNAseq.g18395.t1/Montipora_capitata_HIv3___RNAseq.g47379.t1/Montipora_capitata_HIv3___RNAseq.g47955.t1/Montipora_capitata_HIv3___RNAseq.g18929.t1/Montipora_capitata_HIv3___TS.g28908.t1/Montipora_capitata_HIv3___TS.g47745.t1,0.999912854140822,RNA processing,BP
GO:0048518,positive regulation of biological process,54/164,3196/8363,0.9328846729995659,0.7901439333818577,54,3196,Montipora_capitata_HIv3___TS.g33283.t2/Montipora_capitata_HIv3___RNAseq.g6978.t1/Montipora_capitata_HIv3___TS.g1118.t1/Montipora_capitata_HIv3___RNAseq.g23734.t3/Montipora_capitata_HIv3___RNAseq.g26525.t1/Montipora_capitata_HIv3___RNAseq.g35804.t1/Montipora_capitata_HIv3___RNAseq.g15043.t1/Montipora_capitata_HIv3___RNAseq.g5395.t1/Montipora_capitata_HIv3___RNAseq.g11548.t1/Montipora_capitata_HIv3___RNAseq.g7741.t1/Montipora_capitata_HIv3___TS.g27540.t1/Montipora_capitata_HIv3___RNAseq.g24139.t1/Montipora_capitata_HIv3___RNAseq.g34092.t1/Montipora_capitata_HIv3___RNAseq.g44519.t1/Montipora_capitata_HIv3___RNAseq.g46819.t1/Montipora_capitata_HIv3___RNAseq.g44960.t2/Montipora_capitata_HIv3___RNAseq.21467_t/Montipora_capitata_HIv3___RNAseq.g37193.t1/Montipora_capitata_HIv3___RNAseq.g403.t1/Montipora_capitata_HIv3___RNAseq.g36907.t1/Montipora_capitata_HIv3___RNAseq.g45527.t1/Montipora_capitata_HIv3___RNAseq.g35008.t1/Montipora_capitata_HIv3___RNAseq.g668.t1/Montipora_capitata_HIv3___RNAseq.g46378.t1/Montipora_capitata_HIv3___RNAseq.g24942.t1/Montipora_capitata_HIv3___RNAseq.g24095.t1/Montipora_capitata_HIv3___RNAseq.g44814.t1/Montipora_capitata_HIv3___RNAseq.g35720.t1/Montipora_capitata_HIv3___RNAseq.g18698.t1/Montipora_capitata_HIv3___RNAseq.g8971.t1/Montipora_capitata_HIv3___RNAseq.g30678.t1b/Montipora_capitata_HIv3___RNAseq.g36935.t1/Montipora_capitata_HIv3___RNAseq.g14965.t1/Montipora_capitata_HIv3___RNAseq.g32149.t1/Montipora_capitata_HIv3___RNAseq.g24020.t1/Montipora_capitata_HIv3___RNAseq.g42092.t1/Montipora_capitata_HIv3___RNAseq.g42740.t1/Montipora_capitata_HIv3___RNAseq.g43161.t1a/Montipora_capitata_HIv3___RNAseq.g41333.t1/Montipora_capitata_HIv3___RNAseq.g23247.t1/Montipora_capitata_HIv3___TS.g33523.t1/Montipora_capitata_HIv3___RNAseq.g49962.t1/Montipora_capitata_HIv3___RNAseq.g18929.t1/Montipora_capitata_HIv3___RNAseq.g23464.t1/Montipora_capitata_HIv3___RNAseq.g15029.t1b/Montipora_capitata_HIv3___TS.g10359.t4b/Montipora_capitata_HIv3___RNAseq.g39706.t2/Montipora_capitata_HIv3___RNAseq.g22853.t1/Montipora_capitata_HIv3___RNAseq.g44445.t1/Montipora_capitata_HIv3___RNAseq.g14488.t1/Montipora_capitata_HIv3___TS.g47745.t1/Montipora_capitata_HIv3___RNAseq.g20763.t1/Montipora_capitata_HIv3___TS.g20607.t1/Montipora_capitata_HIv3___TS.g46192.t3,0.999912854140822,positive regulation of biological process,BP
GO:0048468,cell development,25/164,1627/8363,0.9334737385397277,0.7406712724912007,25,1627,Montipora_capitata_HIv3___RNAseq.g23734.t3/Montipora_capitata_HIv3___RNAseq.g35804.t1/Montipora_capitata_HIv3___RNAseq.g22865.t1/Montipora_capitata_HIv3___RNAseq.g7741.t1/Montipora_capitata_HIv3___TS.g5595.t1/Montipora_capitata_HIv3___RNAseq.g44960.t2/Montipora_capitata_HIv3___RNAseq.21467_t/Montipora_capitata_HIv3___RNAseq.g35008.t1/Montipora_capitata_HIv3___RNAseq.g24942.t1/Montipora_capitata_HIv3___RNAseq.g44814.t1/Montipora_capitata_HIv3___RNAseq.g35720.t1/Montipora_capitata_HIv3___RNAseq.g18698.t1/Montipora_capitata_HIv3___RNAseq.g8971.t1/Montipora_capitata_HIv3___RNAseq.g24020.t1/Montipora_capitata_HIv3___RNAseq.g1174.t1/Montipora_capitata_HIv3___TS.g33523.t1/Montipora_capitata_HIv3___RNAseq.g47955.t1/Montipora_capitata_HIv3___RNAseq.g6934.t1/Montipora_capitata_HIv3___RNAseq.g28116.t1/Montipora_capitata_HIv3___RNAseq.g15029.t1b/Montipora_capitata_HIv3___RNAseq.g39706.t2/Montipora_capitata_HIv3___TS.g47745.t1/Montipora_capitata_HIv3___RNAseq.g37450.t2/Montipora_capitata_HIv3___TS.g20607.t1/Montipora_capitata_HIv3___TS.g46192.t3,0.999912854140822,cell development,BP
GO:0019222,regulation of metabolic process,56/164,3303/8363,0.9336828490614288,0.7908174588179169,56,3303,Montipora_capitata_HIv3___TS.g33283.t2/Montipora_capitata_HIv3___RNAseq.g6978.t1/Montipora_capitata_HIv3___TS.g1118.t1/Montipora_capitata_HIv3___RNAseq.g26525.t1/Montipora_capitata_HIv3___TS.g10979.t1/Montipora_capitata_HIv3___RNAseq.g15043.t1/Montipora_capitata_HIv3___RNAseq.g5395.t1/Montipora_capitata_HIv3___RNAseq.g41637.t1/Montipora_capitata_HIv3___RNAseq.g11548.t1/Montipora_capitata_HIv3___RNAseq.g7741.t1/Montipora_capitata_HIv3___TS.g27540.t1/Montipora_capitata_HIv3___RNAseq.g46819.t1/Montipora_capitata_HIv3___RNAseq.g44960.t2/Montipora_capitata_HIv3___TS.g32048.t1/Montipora_capitata_HIv3___RNAseq.21467_t/Montipora_capitata_HIv3___RNAseq.g37193.t1/Montipora_capitata_HIv3___RNAseq.g42608.t1/Montipora_capitata_HIv3___RNAseq.g12736.t1/Montipora_capitata_HIv3___RNAseq.g403.t1/Montipora_capitata_HIv3___RNAseq.g13857.t1/Montipora_capitata_HIv3___RNAseq.g36907.t1/Montipora_capitata_HIv3___RNAseq.g45527.t1/Montipora_capitata_HIv3___RNAseq.g35008.t1/Montipora_capitata_HIv3___RNAseq.g46378.t1/Montipora_capitata_HIv3___RNAseq.g24942.t1/Montipora_capitata_HIv3___RNAseq.g24095.t1/Montipora_capitata_HIv3___RNAseq.g44814.t1/Montipora_capitata_HIv3___RNAseq.g8971.t1/Montipora_capitata_HIv3___RNAseq.g30678.t1b/Montipora_capitata_HIv3___RNAseq.g36935.t1/Montipora_capitata_HIv3___RNAseq.g28405.t2/Montipora_capitata_HIv3___RNAseq.g40991.t1/Montipora_capitata_HIv3___RNAseq.g14965.t1/Montipora_capitata_HIv3___RNAseq.g32149.t1/Montipora_capitata_HIv3___RNAseq.g42092.t1/Montipora_capitata_HIv3___RNAseq.g42740.t1/Montipora_capitata_HIv3___RNAseq.g43161.t1a/Montipora_capitata_HIv3___RNAseq.g41333.t1/Montipora_capitata_HIv3___TS.g33523.t1/Montipora_capitata_HIv3___RNAseq.g4241.t1/Montipora_capitata_HIv3___RNAseq.g47955.t1/Montipora_capitata_HIv3___RNAseq.g15188.t1/Montipora_capitata_HIv3___RNAseq.g18929.t1/Montipora_capitata_HIv3___RNAseq.g8270.t1/Montipora_capitata_HIv3___RNAseq.g28116.t1/Montipora_capitata_HIv3___RNAseq.g15029.t1b/Montipora_capitata_HIv3___TS.g10359.t4b/Montipora_capitata_HIv3___RNAseq.g41226.t1/Montipora_capitata_HIv3___RNAseq.g39706.t2/Montipora_capitata_HIv3___RNAseq.g44445.t1/Montipora_capitata_HIv3___RNAseq.g11658.t1/Montipora_capitata_HIv3___RNAseq.g14488.t1/Montipora_capitata_HIv3___TS.g47745.t1/Montipora_capitata_HIv3___RNAseq.g37450.t2/Montipora_capitata_HIv3___RNAseq.g20763.t1/Montipora_capitata_HIv3___TS.g46192.t3,0.999912854140822,regulation of metabolic process,BP
GO:0071495,cellular response to endogenous stimulus,9/164,693/8363,0.9346452547732842,0.6379831543275453,9,693,Montipora_capitata_HIv3___TS.g33283.t2/Montipora_capitata_HIv3___TS.g27540.t1/Montipora_capitata_HIv3___RNAseq.g24942.t1/Montipora_capitata_HIv3___RNAseq.g44814.t1/Montipora_capitata_HIv3___RNAseq.g8971.t1/Montipora_capitata_HIv3___RNAseq.g43161.t1a/Montipora_capitata_HIv3___TS.g33523.t1/Montipora_capitata_HIv3___RNAseq.g39706.t2/Montipora_capitata_HIv3___RNAseq.g14488.t1,0.999912854140822,cellular response to endogenous stimulus,BP
GO:0033267,GO:0033267,3/164,297/8363,0.9349565542104029,0.5010362792476561,3,297,Montipora_capitata_HIv3___RNAseq.g24942.t1/Montipora_capitata_HIv3___RNAseq.g20807.t2/Montipora_capitata_HIv3___TS.g46192.t3,0.999912854140822,NA,NA
GO:0044432,GO:0044432,10/164,756/8363,0.9353952476390479,0.6487698421036092,10,756,Montipora_capitata_HIv3___RNAseq.g5395.t1/Montipora_capitata_HIv3___RNAseq.g36836.t1/Montipora_capitata_HIv3___RNAseq.g50691.t1/Montipora_capitata_HIv3___RNAseq.g37193.t1/Montipora_capitata_HIv3___TS.g33523.t1/Montipora_capitata_HIv3___RNAseq.g39974.t1/Montipora_capitata_HIv3___RNAseq.g15188.t1/Montipora_capitata_HIv3___RNAseq.g9561.t1/Montipora_capitata_HIv3___RNAseq.g39706.t2/Montipora_capitata_HIv3___RNAseq.g8867.t2,0.999912854140822,NA,NA
GO:0030029,actin filament-based process,4/164,369/8363,0.9358378497461497,0.5365926208508492,4,369,Montipora_capitata_HIv3___TS.g33283.t2/Montipora_capitata_HIv3___RNAseq.g24942.t1/Montipora_capitata_HIv3___RNAseq.g18698.t1/Montipora_capitata_HIv3___RNAseq.g15029.t1b,0.999912854140822,actin filament-based process,BP
GO:0007611,learning or memory,3/164,298/8363,0.9359026371867356,0.49927470413074615,3,298,Montipora_capitata_HIv3___RNAseq.g24095.t1/Montipora_capitata_HIv3___RNAseq.g44814.t1/Montipora_capitata_HIv3___RNAseq.g1174.t1,0.999912854140822,learning or memory,BP
GO:0006325,chromatin organization,5/164,439/8363,0.9372062853030859,0.562643235131572,5,439,Montipora_capitata_HIv3___TS.g1118.t1/Montipora_capitata_HIv3___RNAseq.g13857.t1/Montipora_capitata_HIv3___RNAseq.g45527.t1/Montipora_capitata_HIv3___RNAseq.g40991.t1/Montipora_capitata_HIv3___RNAseq.g15140.t1,0.999912854140822,chromatin organization,BP
GO:0009057,macromolecule catabolic process,10/164,760/8363,0.9379171080490191,0.6449637316053628,10,760,Montipora_capitata_HIv3___TS.g1118.t1/Montipora_capitata_HIv3___TS.g28995.t1/Montipora_capitata_HIv3___RNAseq.g42608.t1/Montipora_capitata_HIv3___RNAseq.g30678.t1b/Montipora_capitata_HIv3___RNAseq.g22553.t1c/Montipora_capitata_HIv3___RNAseq.g23247.t1/Montipora_capitata_HIv3___RNAseq.g4241.t1/Montipora_capitata_HIv3___RNAseq.g15188.t1/Montipora_capitata_HIv3___RNAseq.g18929.t1/Montipora_capitata_HIv3___RNAseq.g11658.t1,0.999912854140822,macromolecule catabolic process,BP
GO:0008134,transcription factor binding,5/164,440/8363,0.9379874961543423,0.5612774238743994,5,440,Montipora_capitata_HIv3___RNAseq.g26525.t1/Montipora_capitata_HIv3___RNAseq.g15043.t1/Montipora_capitata_HIv3___RNAseq.g44814.t1/Montipora_capitata_HIv3___RNAseq.g30678.t1b/Montipora_capitata_HIv3___TS.g47745.t1,0.999912854140822,transcription factor binding,MF
GO:1902494,catalytic complex,15/164,1063/8363,0.938918394313357,0.6869544602211328,15,1063,Montipora_capitata_HIv3___RNAseq.g6978.t1/Montipora_capitata_HIv3___RNAseq.g36838.t1/Montipora_capitata_HIv3___RNAseq.g26580.t1/Montipora_capitata_HIv3___TS.g5595.t1/Montipora_capitata_HIv3___RNAseq.g45527.t1/Montipora_capitata_HIv3___RNAseq.g40982.t1a/Montipora_capitata_HIv3___RNAseq.g30678.t1b/Montipora_capitata_HIv3___TS.g5653.t1/Montipora_capitata_HIv3___RNAseq.g47379.t1/Montipora_capitata_HIv3___RNAseq.g23247.t1/Montipora_capitata_HIv3___RNAseq.g15188.t1/Montipora_capitata_HIv3___RNAseq.g18929.t1/Montipora_capitata_HIv3___TS.g28908.t1/Montipora_capitata_HIv3___TS.g32614.t2/Montipora_capitata_HIv3___TS.g47745.t1,0.999912854140822,catalytic complex,CC
GO:0005515,protein binding,67/164,3891/8363,0.93985568222901406,0.7902708002776228,67,3891,Montipora_capitata_HIv3___TS.g33283.t2/Montipora_capitata_HIv3___RNAseq.g6978.t1/Montipora_capitata_HIv3___RNAseq.g7992.t1/Montipora_capitata_HIv3___TS.g1118.t1/Montipora_capitata_HIv3___RNAseq.g36838.t1/Montipora_capitata_HIv3___RNAseq.g23734.t3/Montipora_capitata_HIv3___RNAseq.g26525.t1/Montipora_capitata_HIv3___RNAseq.g35804.t1/Montipora_capitata_HIv3___RNAseq.g15043.t1/Montipora_capitata_HIv3___TS.g44069.t1/Montipora_capitata_HIv3___RNAseq.g5395.t1/Montipora_capitata_HIv3___RNAseq.g22865.t1/Montipora_capitata_HIv3___RNAseq.g46820.t1/Montipora_capitata_HIv3___RNAseq.g23733.t1/Montipora_capitata_HIv3___RNAseq.g11548.t1/Montipora_capitata_HIv3___RNAseq.g7741.t1/Montipora_capitata_HIv3___TS.g29616.t1/Montipora_capitata_HIv3___RNAseq.g26580.t1/Montipora_capitata_HIv3___TS.g5595.t1/Montipora_capitata_HIv3___RNAseq.g34092.t1/Montipora_capitata_HIv3___RNAseq.g12596.t1/Montipora_capitata_HIv3___RNAseq.g3374.t1/Montipora_capitata_HIv3___RNAseq.g44960.t2/Montipora_capitata_HIv3___TS.g32048.t1/Montipora_capitata_HIv3___RNAseq.21467_t/Montipora_capitata_HIv3___RNAseq.g29879.t1b/Montipora_capitata_HIv3___RNAseq.g42608.t1/Montipora_capitata_HIv3___RNAseq.g35718.t1/Montipora_capitata_HIv3___RNAseq.g403.t1/Montipora_capitata_HIv3___RNAseq.g24524.t1/Montipora_capitata_HIv3___RNAseq.g45527.t1/Montipora_capitata_HIv3___RNAseq.g35008.t1/Montipora_capitata_HIv3___RNAseq.g668.t1/Montipora_capitata_HIv3___RNAseq.g24942.t1/Montipora_capitata_HIv3___RNAseq.g24095.t1/Montipora_capitata_HIv3___RNAseq.g44814.t1/Montipora_capitata_HIv3___RNAseq.g35720.t1/Montipora_capitata_HIv3___RNAseq.g18698.t1/Montipora_capitata_HIv3___RNAseq.g8971.t1/Montipora_capitata_HIv3___RNAseq.g30678.t1b/Montipora_capitata_HIv3___RNAseq.g15186.t1/Montipora_capitata_HIv3___TS.g5653.t1/Montipora_capitata_HIv3___RNAseq.g32149.t1/Montipora_capitata_HIv3___RNAseq.g37645.t1/Montipora_capitata_HIv3___RNAseq.g42740.t1/Montipora_capitata_HIv3___RNAseq.g43161.t1a/Montipora_capitata_HIv3___RNAseq.g41333.t1/Montipora_capitata_HIv3___RNAseq.g9918.t1/Montipora_capitata_HIv3___RNAseq.g33449.t1/Montipora_capitata_HIv3___RNAseq.g1174.t1/Montipora_capitata_HIv3___RNAseq.g4241.t1/Montipora_capitata_HIv3___RNAseq.g15188.t1/Montipora_capitata_HIv3___RNAseq.g49962.t1/Montipora_capitata_HIv3___RNAseq.g11214.t1/Montipora_capitata_HIv3___RNAseq.g18929.t1/Montipora_capitata_HIv3___RNAseq.g15029.t1b/Montipora_capitata_HIv3___RNAseq.g4457.t1/Montipora_capitata_HIv3___TS.g10359.t4b/Montipora_capitata_HIv3___RNAseq.g41226.t1/Montipora_capitata_HIv3___RNAseq.g39706.t2/Montipora_capitata_HIv3___RNAseq.g44445.t1/Montipora_capitata_HIv3___RNAseq.g23366.t1/Montipora_capitata_HIv3___RNAseq.g14488.t1/Montipora_capitata_HIv3___TS.g47745.t1/Montipora_capitata_HIv3___RNAseq.g37450.t2/Montipora_capitata_HIv3___TS.g20607.t1/Montipora_capitata_HIv3___TS.g46192.t3,0.999912854140822,protein binding,MF
GO:0050789,regulation of biological process,93/164,5211/8363,0.941627118030125,0.788561381346318,93,5211,Montipora_capitata_HIv3___TS.g33283.t2/Montipora_capitata_HIv3___RNAseq.g6978.t1/Montipora_capitata_HIv3___RNAseq.g7992.t1/Montipora_capitata_HIv3___TS.g1118.t1/Montipora_capitata_HIv3___RNAseq.g2559.t1a/Montipora_capitata_HIv3___RNAseq.g23734.t3/Montipora_capitata_HIv3___RNAseq.g26525.t1/Montipora_capitata_HIv3___RNAseq.g35804.t1/Montipora_capitata_HIv3___TS.g10979.t1/Montipora_capitata_HIv3___RNAseq.g15043.t1/Montipora_capitata_HIv3___RNAseq.g5395.t1/Montipora_capitata_HIv3___RNAseq.g22865.t1/Montipora_capitata_HIv3___RNAseq.g41637.t1/Montipora_capitata_HIv3___RNAseq.g23733.t1/Montipora_capitata_HIv3___RNAseq.g11548.t1/Montipora_capitata_HIv3___RNAseq.g7741.t1/Montipora_capitata_HIv3___TS.g29616.t1/Montipora_capitata_HIv3___RNAseq.g2640.t1a/Montipora_capitata_HIv3___TS.g27540.t1/Montipora_capitata_HIv3___RNAseq.g24139.t1/Montipora_capitata_HIv3___RNAseq.g34092.t1/Montipora_capitata_HIv3___RNAseq.g44519.t1/Montipora_capitata_HIv3___RNAseq.g46819.t1/Montipora_capitata_HIv3___RNAseq.g12596.t1/Montipora_capitata_HIv3___RNAseq.g50691.t1/Montipora_capitata_HIv3___RNAseq.g11237.t1/Montipora_capitata_HIv3___RNAseq.g3374.t1/Montipora_capitata_HIv3___RNAseq.g44960.t2/Montipora_capitata_HIv3___TS.g32048.t1/Montipora_capitata_HIv3___RNAseq.21467_t/Montipora_capitata_HIv3___RNAseq.g13129.t1/Montipora_capitata_HIv3___RNAseq.g37193.t1/Montipora_capitata_HIv3___RNAseq.g29879.t1b/Montipora_capitata_HIv3___RNAseq.g42608.t1/Montipora_capitata_HIv3___RNAseq.g12736.t1/Montipora_capitata_HIv3___RNAseq.g35718.t1/Montipora_capitata_HIv3___RNAseq.g39648.t1/Montipora_capitata_HIv3___RNAseq.g403.t1/Montipora_capitata_HIv3___RNAseq.g45361.t1/Montipora_capitata_HIv3___RNAseq.g13857.t1/Montipora_capitata_HIv3___RNAseq.g36907.t1/Montipora_capitata_HIv3___RNAseq.g45527.t1/Montipora_capitata_HIv3___RNAseq.g35008.t1/Montipora_capitata_HIv3___RNAseq.g668.t1/Montipora_capitata_HIv3___RNAseq.g46378.t1/Montipora_capitata_HIv3___RNAseq.g24942.t1/Montipora_capitata_HIv3___RNAseq.g24095.t1/Montipora_capitata_HIv3___RNAseq.g44814.t1/Montipora_capitata_HIv3___RNAseq.g35720.t1/Montipora_capitata_HIv3___RNAseq.g18698.t1/Montipora_capitata_HIv3___RNAseq.g8971.t1/Montipora_capitata_HIv3___RNAseq.g30678.t1b/Montipora_capitata_HIv3___RNAseq.g15186.t1/Montipora_capitata_HIv3___RNAseq.g36935.t1/Montipora_capitata_HIv3___RNAseq.g28405.t2/Montipora_capitata_HIv3___RNAseq.g14155.t1/Montipora_capitata_HIv3___RNAseq.g40991.t1/Montipora_capitata_HIv3___RNAseq.g14965.t1/Montipora_capitata_HIv3___RNAseq.g32149.t1/Montipora_capitata_HIv3___RNAseq.g24020.t1/Montipora_capitata_HIv3___RNAseq.g37645.t1/Montipora_capitata_HIv3___RNAseq.g42092.t1/Montipora_capitata_HIv3___RNAseq.g42740.t1/Montipora_capitata_HIv3___RNAseq.g43161.t1a/Montipora_capitata_HIv3___RNAseq.g41333.t1/Montipora_capitata_HIv3___RNAseq.g9918.t1/Montipora_capitata_HIv3___RNAseq.g23247.t1/Montipora_capitata_HIv3___TS.g33523.t1/Montipora_capitata_HIv3___RNAseq.g4241.t1/Montipora_capitata_HIv3___RNAseq.g47955.t1/Montipora_capitata_HIv3___RNAseq.g15188.t1/Montipora_capitata_HIv3___RNAseq.g49962.t1/Montipora_capitata_HIv3___RNAseq.g18929.t1/Montipora_capitata_HIv3___RNAseq.g8270.t1/Montipora_capitata_HIv3___RNAseq.g6934.t1/Montipora_capitata_HIv3___RNAseq.g28116.t1/Montipora_capitata_HIv3___RNAseq.g23464.t1/Montipora_capitata_HIv3___RNAseq.g15029.t1b/Montipora_capitata_HIv3___RNAseq.g4457.t1/Montipora_capitata_HIv3___TS.g10359.t4b/Montipora_capitata_HIv3___RNAseq.g41226.t1/Montipora_capitata_HIv3___RNAseq.g39706.t2/Montipora_capitata_HIv3___RNAseq.g8867.t2/Montipora_capitata_HIv3___RNAseq.g22853.t1/Montipora_capitata_HIv3___RNAseq.g44445.t1/Montipora_capitata_HIv3___RNAseq.g23366.t1/Montipora_capitata_HIv3___RNAseq.g11658.t1/Montipora_capitata_HIv3___RNAseq.g14488.t1/Montipora_capitata_HIv3___TS.g47745.t1/Montipora_capitata_HIv3___RNAseq.g37450.t2/Montipora_capitata_HIv3___RNAseq.g20763.t1/Montipora_capitata_HIv3___TS.g20607.t1/Montipora_capitata_HIv3___TS.g46192.t3,0.999912854140822,regulation of biological process,BP
GO:0000278,mitotic cell cycle,8/164,641/8363,0.9417100529632811,0.6129993202656939,8,641,Montipora_capitata_HIv3___RNAseq.g5395.t1/Montipora_capitata_HIv3___RNAseq.g22865.t1/Montipora_capitata_HIv3___RNAseq.g7741.t1/Montipora_capitata_HIv3___RNAseq.g26580.t1/Montipora_capitata_HIv3___RNAseq.g14965.t1/Montipora_capitata_HIv3___RNAseq.g43161.t1a/Montipora_capitata_HIv3___RNAseq.g23247.t1/Montipora_capitata_HIv3___TS.g10359.t4b,0.999912854140822,mitotic cell cycle,BP
GO:0048522,positive regulation of cellular process,47/164,2848/8363,0.9417730146196613,0.7741657411724719,47,2848,Montipora_capitata_HIv3___TS.g33283.t2/Montipora_capitata_HIv3___RNAseq.g6978.t1/Montipora_capitata_HIv3___TS.g1118.t1/Montipora_capitata_HIv3___RNAseq.g23734.t3/Montipora_capitata_HIv3___RNAseq.g26525.t1/Montipora_capitata_HIv3___RNAseq.g35804.t1/Montipora_capitata_HIv3___RNAseq.g15043.t1/Montipora_capitata_HIv3___RNAseq.g5395.t1/Montipora_capitata_HIv3___RNAseq.g7741.t1/Montipora_capitata_HIv3___TS.g27540.t1/Montipora_capitata_HIv3___RNAseq.g34092.t1/Montipora_capitata_HIv3___RNAseq.g46819.t1/Montipora_capitata_HIv3___RNAseq.g44960.t2/Montipora_capitata_HIv3___RNAseq.21467_t/Montipora_capitata_HIv3___RNAseq.g403.t1/Montipora_capitata_HIv3___RNAseq.g36907.t1/Montipora_capitata_HIv3___RNAseq.g45527.t1/Montipora_capitata_HIv3___RNAseq.g35008.t1/Montipora_capitata_HIv3___RNAseq.g668.t1/Montipora_capitata_HIv3___RNAseq.g46378.t1/Montipora_capitata_HIv3___RNAseq.g24942.t1/Montipora_capitata_HIv3___RNAseq.g24095.t1/Montipora_capitata_HIv3___RNAseq.g44814.t1/Montipora_capitata_HIv3___RNAseq.g35720.t1/Montipora_capitata_HIv3___RNAseq.g18698.t1/Montipora_capitata_HIv3___RNAseq.g8971.t1/Montipora_capitata_HIv3___RNAseq.g30678.t1b/Montipora_capitata_HIv3___RNAseq.g36935.t1/Montipora_capitata_HIv3___RNAseq.g14965.t1/Montipora_capitata_HIv3___RNAseq.g32149.t1/Montipora_capitata_HIv3___RNAseq.g24020.t1/Montipora_capitata_HIv3___RNAseq.g42740.t1/Montipora_capitata_HIv3___RNAseq.g43161.t1a/Montipora_capitata_HIv3___RNAseq.g41333.t1/Montipora_capitata_HIv3___RNAseq.g23247.t1/Montipora_capitata_HIv3___TS.g33523.t1/Montipora_capitata_HIv3___RNAseq.g18929.t1/Montipora_capitata_HIv3___RNAseq.g15029.t1b/Montipora_capitata_HIv3___TS.g10359.t4b/Montipora_capitata_HIv3___RNAseq.g39706.t2/Montipora_capitata_HIv3___RNAseq.g22853.t1/Montipora_capitata_HIv3___RNAseq.g44445.t1/Montipora_capitata_HIv3___RNAseq.g14488.t1/Montipora_capitata_HIv3___TS.g47745.t1/Montipora_capitata_HIv3___RNAseq.g20763.t1/Montipora_capitata_HIv3___TS.g20607.t1/Montipora_capitata_HIv3___TS.g46192.t3,0.999912854140822,positive regulation of cellular process,BP
GO:0005975,carbohydrate metabolic process,3/164,305/8363,0.9421798634184202,0.48727029929129917,3,305,Montipora_capitata_HIv3___RNAseq.g34092.t1/Montipora_capitata_HIv3___RNAseq.g37193.t1/Montipora_capitata_HIv3___RNAseq.g44539.t1,0.999912854140822,carbohydrate metabolic process,BP
GO:0009117,nucleotide metabolic process,5/164,448/8363,0.9439321329220676,0.5505728764291908,5,448,Montipora_capitata_HIv3___RNAseq.g9561.t1/Montipora_capitata_HIv3___RNAseq.g14956.t1/Montipora_capitata_HIv3___RNAseq.g8867.t2/Montipora_capitata_HIv3___RNAseq.g14960.t1/Montipora_capitata_HIv3___RNAseq.g20763.t1,0.999912854140822,nucleotide metabolic process,BP
GO:0044428,GO:0044428,45/164,2747/8363,0.9439541083565941,0.7693170733103831,45,2747,Montipora_capitata_HIv3___TS.g1118.t1/Montipora_capitata_HIv3___RNAseq.g23734.t3/Montipora_capitata_HIv3___RNAseq.g26525.t1/Montipora_capitata_HIv3___RNAseq.g35804.t1/Montipora_capitata_HIv3___RNAseq.g5395.t1/Montipora_capitata_HIv3___RNAseq.g35299.t1/Montipora_capitata_HIv3___RNAseq.g7741.t1/Montipora_capitata_HIv3___RNAseq.g27546.t1/Montipora_capitata_HIv3___RNAseq.g34092.t1/Montipora_capitata_HIv3___RNAseq.g42608.t1/Montipora_capitata_HIv3___RNAseq.g12736.t1/Montipora_capitata_HIv3___RNAseq.g403.t1/Montipora_capitata_HIv3___RNAseq.g13857.t1/Montipora_capitata_HIv3___RNAseq.g45527.t1/Montipora_capitata_HIv3___RNAseq.g46378.t1/Montipora_capitata_HIv3___RNAseq.g44814.t1/Montipora_capitata_HIv3___RNAseq.g35720.t1/Montipora_capitata_HIv3___RNAseq.g8971.t1/Montipora_capitata_HIv3___RNAseq.g9027.t1/Montipora_capitata_HIv3___RNAseq.g30678.t1b/Montipora_capitata_HIv3___RNAseq.g18395.t1/Montipora_capitata_HIv3___TS.g40519.t3/Montipora_capitata_HIv3___RNAseq.g15186.t1/Montipora_capitata_HIv3___RNAseq.g9338.t1/Montipora_capitata_HIv3___RNAseq.g40991.t1/Montipora_capitata_HIv3___RNAseq.g14965.t1/Montipora_capitata_HIv3___RNAseq.g47379.t1/Montipora_capitata_HIv3___RNAseq.g43161.t1a/Montipora_capitata_HIv3___RNAseq.g41333.t1/Montipora_capitata_HIv3___RNAseq.g22408.t1/Montipora_capitata_HIv3___RNAseq.g23247.t1/Montipora_capitata_HIv3___RNAseq.g47955.t1/Montipora_capitata_HIv3___RNAseq.g15188.t1/Montipora_capitata_HIv3___RNAseq.g18929.t1/Montipora_capitata_HIv3___TS.g28908.t1/Montipora_capitata_HIv3___RNAseq.g43111.t1/Montipora_capitata_HIv3___RNAseq.g33997.t1/Montipora_capitata_HIv3___RNAseq.g44719.t1/Montipora_capitata_HIv3___RNAseq.g22853.t1/Montipora_capitata_HIv3___RNAseq.g44445.t1/Montipora_capitata_HIv3___TS.g32614.t2/Montipora_capitata_HIv3___RNAseq.g11658.t1/Montipora_capitata_HIv3___TS.g47745.t1/Montipora_capitata_HIv3___RNAseq.g37450.t2/Montipora_capitata_HIv3___RNAseq.g20763.t1,0.999912854140822,NA,NA
GO:0048646,anatomical structure formation involved in morphogenesis,11/164,832/8363,0.9440569322456125,0.6461243490988592,11,832,Montipora_capitata_HIv3___RNAseq.g2559.t1a/Montipora_capitata_HIv3___RNAseq.g7741.t1/Montipora_capitata_HIv3___RNAseq.g44960.t2/Montipora_capitata_HIv3___RNAseq.21467_t/Montipora_capitata_HIv3___RNAseq.g35008.t1/Montipora_capitata_HIv3___RNAseq.g44814.t1/Montipora_capitata_HIv3___RNAseq.g8971.t1/Montipora_capitata_HIv3___RNAseq.g9918.t1/Montipora_capitata_HIv3___TS.g33523.t1/Montipora_capitata_HIv3___TS.g10359.t4b/Montipora_capitata_HIv3___TS.g46192.t3,0.999912854140822,anatomical structure formation involved in morphogenesis,BP
GO:0045786,negative regulation of cell cycle,4/164,380/8363,0.9446924318778317,0.5201626442504667,4,380,Montipora_capitata_HIv3___RNAseq.g7741.t1/Montipora_capitata_HIv3___RNAseq.g8971.t1/Montipora_capitata_HIv3___RNAseq.g14965.t1/Montipora_capitata_HIv3___RNAseq.g43161.t1a,0.999912854140822,negative regulation of cell cycle,BP
GO:0003008,system process,13/164,956/8363,0.9453556082095002,0.6624767598646323,13,956,Montipora_capitata_HIv3___RNAseq.g26525.t1/Montipora_capitata_HIv3___TS.g32048.t1/Montipora_capitata_HIv3___RNAseq.g13129.t1/Montipora_capitata_HIv3___RNAseq.g47205.t1/Montipora_capitata_HIv3___RNAseq.g668.t1/Montipora_capitata_HIv3___RNAseq.g24942.t1/Montipora_capitata_HIv3___RNAseq.g24095.t1/Montipora_capitata_HIv3___RNAseq.g44814.t1/Montipora_capitata_HIv3___RNAseq.g18698.t1/Montipora_capitata_HIv3___RNAseq.g8971.t1/Montipora_capitata_HIv3___RNAseq.g1174.t1/Montipora_capitata_HIv3___RNAseq.g12947.t1/Montipora_capitata_HIv3___RNAseq.g14488.t1,0.999912854140822,system process,BP
GO:0051259,protein complex oligomerization,3/164,309/8363,0.9455078904858389,0.4806664656251352,3,309,Montipora_capitata_HIv3___RNAseq.g38848.t1/Montipora_capitata_HIv3___RNAseq.g43161.t1a/Montipora_capitata_HIv3___RNAseq.g14488.t1,0.999912854140822,protein complex oligomerization,BP
GO:0048869,cellular developmental process,40/164,2482/8363,0.9455141762384536,0.760529568125883,40,2482,Montipora_capitata_HIv3___RNAseq.g6978.t1/Montipora_capitata_HIv3___RNAseq.g23734.t3/Montipora_capitata_HIv3___RNAseq.g35804.t1/Montipora_capitata_HIv3___RNAseq.g5395.t1/Montipora_capitata_HIv3___RNAseq.g22865.t1/Montipora_capitata_HIv3___RNAseq.g7741.t1/Montipora_capitata_HIv3___RNAseq.g26580.t1/Montipora_capitata_HIv3___TS.g5595.t1/Montipora_capitata_HIv3___RNAseq.g44960.t2/Montipora_capitata_HIv3___RNAseq.21467_t/Montipora_capitata_HIv3___RNAseq.g13857.t1/Montipora_capitata_HIv3___RNAseq.g35008.t1/Montipora_capitata_HIv3___RNAseq.g46378.t1/Montipora_capitata_HIv3___RNAseq.g24942.t1/Montipora_capitata_HIv3___RNAseq.g44814.t1/Montipora_capitata_HIv3___RNAseq.g35720.t1/Montipora_capitata_HIv3___RNAseq.g18698.t1/Montipora_capitata_HIv3___RNAseq.g8971.t1/Montipora_capitata_HIv3___RNAseq.g40991.t1/Montipora_capitata_HIv3___RNAseq.g24020.t1/Montipora_capitata_HIv3___RNAseq.g42092.t1/Montipora_capitata_HIv3___RNAseq.g43161.t1a/Montipora_capitata_HIv3___RNAseq.g41333.t1/Montipora_capitata_HIv3___RNAseq.g33449.t1/Montipora_capitata_HIv3___RNAseq.g9060.t1/Montipora_capitata_HIv3___RNAseq.g1174.t1/Montipora_capitata_HIv3___TS.g33523.t1/Montipora_capitata_HIv3___RNAseq.g47955.t1/Montipora_capitata_HIv3___RNAseq.g6934.t1/Montipora_capitata_HIv3___RNAseq.g28116.t1/Montipora_capitata_HIv3___RNAseq.g15029.t1b/Montipora_capitata_HIv3___RNAseq.g4457.t1/Montipora_capitata_HIv3___RNAseq.g14625.t1/Montipora_capitata_HIv3___TS.g10359.t4b/Montipora_capitata_HIv3___RNAseq.g39706.t2/Montipora_capitata_HIv3___RNAseq.g44445.t1/Montipora_capitata_HIv3___TS.g47745.t1/Montipora_capitata_HIv3___RNAseq.g37450.t2/Montipora_capitata_HIv3___TS.g20607.t1/Montipora_capitata_HIv3___TS.g46192.t3,0.999912854140822,cellular developmental process,BP
GO:0065003,protein-containing complex assembly,14/164,1017/8363,0.9458379670987883,0.6696461578805634,14,1017,Montipora_capitata_HIv3___RNAseq.g36838.t1/Montipora_capitata_HIv3___RNAseq.g26525.t1/Montipora_capitata_HIv3___TS.g5595.t1/Montipora_capitata_HIv3___RNAseq.g27546.t1/Montipora_capitata_HIv3___RNAseq.g38848.t1/Montipora_capitata_HIv3___RNAseq.g40982.t1a/Montipora_capitata_HIv3___RNAseq.g43161.t1a/Montipora_capitata_HIv3___TS.g33523.t1/Montipora_capitata_HIv3___RNAseq.g47955.t1/Montipora_capitata_HIv3___RNAseq.g43111.t1/Montipora_capitata_HIv3___RNAseq.g15140.t1/Montipora_capitata_HIv3___RNAseq.g14488.t1/Montipora_capitata_HIv3___TS.g47745.t1/Montipora_capitata_HIv3___TS.g46192.t3,0.999912854140822,protein-containing complex assembly,BP
GO:0005856,cytoskeleton,15/164,1077/8363,0.9460312897772766,0.6765724338223668,15,1077,Montipora_capitata_HIv3___RNAseq.g36838.t1/Montipora_capitata_HIv3___RNAseq.g22865.t1/Montipora_capitata_HIv3___RNAseq.g26580.t1/Montipora_capitata_HIv3___TS.g5595.t1/Montipora_capitata_HIv3___RNAseq.g39887.t1/Montipora_capitata_HIv3___RNAseq.g403.t1/Montipora_capitata_HIv3___RNAseq.g13857.t1/Montipora_capitata_HIv3___RNAseq.g45527.t1/Montipora_capitata_HIv3___RNAseq.g24095.t1/Montipora_capitata_HIv3___RNAseq.g18698.t1/Montipora_capitata_HIv3___TS.g5653.t1/Montipora_capitata_HIv3___RNAseq.g15029.t1b/Montipora_capitata_HIv3___TS.g21895.t1/Montipora_capitata_HIv3___RNAseq.g22853.t1/Montipora_capitata_HIv3___TS.g47745.t1,0.999912854140822,cytoskeleton,CC
GO:0009719,response to endogenous stimulus,12/164,897/8363,0.9461495504372057,0.6524818898190871,12,897,Montipora_capitata_HIv3___TS.g33283.t2/Montipora_capitata_HIv3___TS.g27540.t1/Montipora_capitata_HIv3___RNAseq.g46378.t1/Montipora_capitata_HIv3___RNAseq.g24942.t1/Montipora_capitata_HIv3___RNAseq.g44814.t1/Montipora_capitata_HIv3___RNAseq.g8971.t1/Montipora_capitata_HIv3___RNAseq.g43161.t1a/Montipora_capitata_HIv3___RNAseq.g33449.t1/Montipora_capitata_HIv3___TS.g33523.t1/Montipora_capitata_HIv3___RNAseq.g39974.t1/Montipora_capitata_HIv3___RNAseq.g39706.t2/Montipora_capitata_HIv3___RNAseq.g14488.t1,0.999912854140822,response to endogenous stimulus,BP
GO:0046982,protein heterodimerization activity,3/164,310/8363,0.9463118395205518,0.4790401780807872,3,310,Montipora_capitata_HIv3___RNAseq.g7741.t1/Montipora_capitata_HIv3___RNAseq.g44814.t1/Montipora_capitata_HIv3___TS.g46192.t3,0.999912854140822,protein heterodimerization activity,MF
GO:0006468,protein phosphorylation,6/164,519/8363,0.9465817310803416,0.5689556181625273,6,519,Montipora_capitata_HIv3___RNAseq.g6978.t1/Montipora_capitata_HIv3___RNAseq.g44960.t2/Montipora_capitata_HIv3___RNAseq.21467_t/Montipora_capitata_HIv3___RNAseq.g8971.t1/Montipora_capitata_HIv3___RNAseq.g14965.t1/Montipora_capitata_HIv3___RNAseq.g28116.t1,0.999912854140822,protein phosphorylation,BP
GO:0030163,protein catabolic process,5/164,454/8363,0.9480506947976656,0.5427947492853813,5,454,Montipora_capitata_HIv3___TS.g1118.t1/Montipora_capitata_HIv3___RNAseq.g30678.t1b/Montipora_capitata_HIv3___RNAseq.g22553.t1c/Montipora_capitata_HIv3___RNAseq.g23247.t1/Montipora_capitata_HIv3___RNAseq.g15188.t1,0.999912854140822,protein catabolic process,BP
GO:0006753,nucleoside phosphate metabolic process,5/164,455/8363,0.9487100976025783,0.5415185565401333,5,455,Montipora_capitata_HIv3___RNAseq.g9561.t1/Montipora_capitata_HIv3___RNAseq.g14956.t1/Montipora_capitata_HIv3___RNAseq.g8867.t2/Montipora_capitata_HIv3___RNAseq.g14960.t1/Montipora_capitata_HIv3___RNAseq.g20763.t1,0.999912854140822,nucleoside phosphate metabolic process,BP
GO:1902532,negative regulation of intracellular signal transduction,4/164,386/8363,0.9490412306895836,0.5115996122073719,4,386,Montipora_capitata_HIv3___RNAseq.g5395.t1/Montipora_capitata_HIv3___RNAseq.g34092.t1/Montipora_capitata_HIv3___RNAseq.g44814.t1/Montipora_capitata_HIv3___RNAseq.g15188.t1,0.999912854140822,negative regulation of intracellular signal transduction,BP
GO:0010648,negative regulation of cell communication,12/164,903/8363,0.9491748636424894,0.6475568653373545,12,903,Montipora_capitata_HIv3___RNAseq.g5395.t1/Montipora_capitata_HIv3___RNAseq.g34092.t1/Montipora_capitata_HIv3___RNAseq.g44960.t2/Montipora_capitata_HIv3___RNAseq.21467_t/Montipora_capitata_HIv3___RNAseq.g24095.t1/Montipora_capitata_HIv3___RNAseq.g44814.t1/Montipora_capitata_HIv3___RNAseq.g8971.t1/Montipora_capitata_HIv3___RNAseq.g32149.t1/Montipora_capitata_HIv3___RNAseq.g15188.t1/Montipora_capitata_HIv3___RNAseq.g4457.t1/Montipora_capitata_HIv3___RNAseq.g23366.t1/Montipora_capitata_HIv3___RNAseq.g14488.t1,0.999912854140822,negative regulation of cell communication,BP
GO:0048638,regulation of developmental growth,5/164,456/8363,0.9493619730820522,0.540248022129458,5,456,Montipora_capitata_HIv3___RNAseq.g24942.t1/Montipora_capitata_HIv3___RNAseq.g8971.t1/Montipora_capitata_HIv3___RNAseq.g28116.t1/Montipora_capitata_HIv3___RNAseq.g39706.t2/Montipora_capitata_HIv3___RNAseq.g37450.t2,0.999912854140822,regulation of developmental growth,BP
GO:0023057,negative regulation of signaling,12/164,904/8363,0.9496645934894752,0.6467424690468566,12,904,Montipora_capitata_HIv3___RNAseq.g5395.t1/Montipora_capitata_HIv3___RNAseq.g34092.t1/Montipora_capitata_HIv3___RNAseq.g44960.t2/Montipora_capitata_HIv3___RNAseq.21467_t/Montipora_capitata_HIv3___RNAseq.g24095.t1/Montipora_capitata_HIv3___RNAseq.g44814.t1/Montipora_capitata_HIv3___RNAseq.g8971.t1/Montipora_capitata_HIv3___RNAseq.g32149.t1/Montipora_capitata_HIv3___RNAseq.g15188.t1/Montipora_capitata_HIv3___RNAseq.g4457.t1/Montipora_capitata_HIv3___RNAseq.g23366.t1/Montipora_capitata_HIv3___RNAseq.g14488.t1,0.999912854140822,negative regulation of signaling,BP
GO:0007346,regulation of mitotic cell cycle,6/164,525/8363,0.950312305553211,0.5619381245430373,6,525,Montipora_capitata_HIv3___RNAseq.g7741.t1/Montipora_capitata_HIv3___RNAseq.g8971.t1/Montipora_capitata_HIv3___RNAseq.g14965.t1/Montipora_capitata_HIv3___RNAseq.g32149.t1/Montipora_capitata_HIv3___RNAseq.g43161.t1a/Montipora_capitata_HIv3___RNAseq.g23247.t1,0.999912854140822,regulation of mitotic cell cycle,BP
GO:0010467,gene expression,22/164,1495/8363,0.9504033153297295,0.7074674061455795,22,1495,Montipora_capitata_HIv3___RNAseq.g26525.t1/Montipora_capitata_HIv3___RNAseq.g7741.t1/Montipora_capitata_HIv3___RNAseq.g12736.t1/Montipora_capitata_HIv3___RNAseq.g403.t1/Montipora_capitata_HIv3___RNAseq.g13857.t1/Montipora_capitata_HIv3___RNAseq.g45527.t1/Montipora_capitata_HIv3___RNAseq.g24942.t1/Montipora_capitata_HIv3___RNAseq.g44814.t1/Montipora_capitata_HIv3___RNAseq.g18395.t1/Montipora_capitata_HIv3___RNAseq.g20807.t2/Montipora_capitata_HIv3___RNAseq.g40991.t1/Montipora_capitata_HIv3___RNAseq.g47379.t1/Montipora_capitata_HIv3___RNAseq.g47955.t1/Montipora_capitata_HIv3___RNAseq.g18929.t1/Montipora_capitata_HIv3___TS.g28908.t1/Montipora_capitata_HIv3___RNAseq.g43111.t1/Montipora_capitata_HIv3___RNAseq.g41226.t1/Montipora_capitata_HIv3___RNAseq.g39706.t2/Montipora_capitata_HIv3___RNAseq.g44445.t1/Montipora_capitata_HIv3___RNAseq.g11658.t1/Montipora_capitata_HIv3___TS.g47745.t1/Montipora_capitata_HIv3___TS.g46192.t3,0.999912854140822,gene expression,BP
GO:0044877,protein-containing complex binding,8/164,657/8363,0.9510839639613764,0.5966194951608945,8,657,Montipora_capitata_HIv3___RNAseq.g403.t1/Montipora_capitata_HIv3___RNAseq.g35008.t1/Montipora_capitata_HIv3___RNAseq.g24942.t1/Montipora_capitata_HIv3___RNAseq.g44814.t1/Montipora_capitata_HIv3___RNAseq.g18698.t1/Montipora_capitata_HIv3___RNAseq.g8971.t1/Montipora_capitata_HIv3___RNAseq.g14965.t1/Montipora_capitata_HIv3___TS.g47745.t1,0.999912854140822,protein-containing complex binding,MF
GO:0016310,phosphorylation,9/164,721/8363,0.9512506020027103,0.610604286033282,9,721,Montipora_capitata_HIv3___RNAseq.g6978.t1/Montipora_capitata_HIv3___RNAseq.g44960.t2/Montipora_capitata_HIv3___RNAseq.21467_t/Montipora_capitata_HIv3___RNAseq.g8971.t1/Montipora_capitata_HIv3___RNAseq.g14965.t1/Montipora_capitata_HIv3___RNAseq.g9060.t1/Montipora_capitata_HIv3___TS.g21293.t1/Montipora_capitata_HIv3___RNAseq.g28116.t1/Montipora_capitata_HIv3___RNAseq.g20763.t1,0.999912854140822,phosphorylation,BP
GO:0045177,apical part of cell,3/164,317/8363,0.9516399435503048,0.46794618707251634,3,317,Montipora_capitata_HIv3___RNAseq.g668.t1/Montipora_capitata_HIv3___RNAseq.g24942.t1/Montipora_capitata_HIv3___TS.g33523.t1,0.999912854140822,apical part of cell,CC
GO:0019538,protein metabolic process,41/164,2554/8363,0.9517343356198542,0.7542652946543227,41,2554,Montipora_capitata_HIv3___RNAseq.g6978.t1/Montipora_capitata_HIv3___TS.g1118.t1/Montipora_capitata_HIv3___RNAseq.g15043.t1/Montipora_capitata_HIv3___RNAseq.g23762.t1/Montipora_capitata_HIv3___RNAseq.g5395.t1/Montipora_capitata_HIv3___RNAseq.g35299.t1/Montipora_capitata_HIv3___RNAseq.g11548.t1/Montipora_capitata_HIv3___RNAseq.g33991.t1/Montipora_capitata_HIv3___RNAseq.g36836.t1/Montipora_capitata_HIv3___RNAseq.g46819.t1/Montipora_capitata_HIv3___RNAseq.g3374.t1/Montipora_capitata_HIv3___RNAseq.g44960.t2/Montipora_capitata_HIv3___TS.g32048.t1/Montipora_capitata_HIv3___RNAseq.21467_t/Montipora_capitata_HIv3___RNAseq.g37193.t1/Montipora_capitata_HIv3___RNAseq.g33992.t1/Montipora_capitata_HIv3___RNAseq.g44562.t1/Montipora_capitata_HIv3___RNAseq.g24942.t1/Montipora_capitata_HIv3___RNAseq.g44814.t1/Montipora_capitata_HIv3___RNAseq.g8971.t1/Montipora_capitata_HIv3___RNAseq.g20771.t1/Montipora_capitata_HIv3___RNAseq.g30678.t1b/Montipora_capitata_HIv3___RNAseq.g20807.t2/Montipora_capitata_HIv3___RNAseq.g15186.t1/Montipora_capitata_HIv3___RNAseq.g40991.t1/Montipora_capitata_HIv3___RNAseq.g14965.t1/Montipora_capitata_HIv3___RNAseq.g32149.t1/Montipora_capitata_HIv3___RNAseq.g42092.t1/Montipora_capitata_HIv3___RNAseq.g42740.t1/Montipora_capitata_HIv3___RNAseq.g22553.t1c/Montipora_capitata_HIv3___RNAseq.g9060.t1/Montipora_capitata_HIv3___RNAseq.g1174.t1/Montipora_capitata_HIv3___RNAseq.g23247.t1/Montipora_capitata_HIv3___RNAseq.g39974.t1/Montipora_capitata_HIv3___RNAseq.g15188.t1/Montipora_capitata_HIv3___RNAseq.g43111.t1/Montipora_capitata_HIv3___RNAseq.g28116.t1/Montipora_capitata_HIv3___RNAseq.g14625.t1/Montipora_capitata_HIv3___RNAseq.g41226.t1/Montipora_capitata_HIv3___RNAseq.g39706.t2/Montipora_capitata_HIv3___RNAseq.g11658.t1,0.999912854140822,protein metabolic process,BP
GO:0009150,purine ribonucleotide metabolic process,3/164,319/8363,0.9530697941386489,0.4648667467761037,3,319,Montipora_capitata_HIv3___RNAseq.g14956.t1/Montipora_capitata_HIv3___RNAseq.g14960.t1/Montipora_capitata_HIv3___RNAseq.g20763.t1,0.999912854140822,purine ribonucleotide metabolic process,BP
GO:0051641,cellular localization,26/164,1730/8363,0.9531896494824934,0.7181628344622323,26,1730,Montipora_capitata_HIv3___TS.g1118.t1/Montipora_capitata_HIv3___RNAseq.g36838.t1/Montipora_capitata_HIv3___RNAseq.g26525.t1/Montipora_capitata_HIv3___RNAseq.g15043.t1/Montipora_capitata_HIv3___RNAseq.g22865.t1/Montipora_capitata_HIv3___RNAseq.g13857.t1/Montipora_capitata_HIv3___RNAseq.g668.t1/Montipora_capitata_HIv3___RNAseq.g44814.t1/Montipora_capitata_HIv3___RNAseq.g8971.t1/Montipora_capitata_HIv3___RNAseq.g14155.t1/Montipora_capitata_HIv3___RNAseq.g42740.t1/Montipora_capitata_HIv3___RNAseq.g22408.t1/Montipora_capitata_HIv3___RNAseq.g1174.t1/Montipora_capitata_HIv3___RNAseq.g23247.t1/Montipora_capitata_HIv3___TS.g33523.t1/Montipora_capitata_HIv3___RNAseq.g47955.t1/Montipora_capitata_HIv3___RNAseq.g15188.t1/Montipora_capitata_HIv3___RNAseq.g49962.t1/Montipora_capitata_HIv3___RNAseq.g15029.t1b/Montipora_capitata_HIv3___TS.g21895.t1/Montipora_capitata_HIv3___TS.g10359.t4b/Montipora_capitata_HIv3___RNAseq.g41226.t1/Montipora_capitata_HIv3___RNAseq.g39706.t2/Montipora_capitata_HIv3___RNAseq.g11658.t1/Montipora_capitata_HIv3___TS.g47745.t1/Montipora_capitata_HIv3___TS.g20607.t1,0.999912854140822,cellular localization,BP
GO:0010941,GO:0010941,15/164,1093/8363,0.9532871094108912,0.6650374440607805,15,1093,Montipora_capitata_HIv3___RNAseq.g6978.t1/Montipora_capitata_HIv3___RNAseq.g5395.t1/Montipora_capitata_HIv3___RNAseq.g7741.t1/Montipora_capitata_HIv3___RNAseq.g44519.t1/Montipora_capitata_HIv3___RNAseq.g44960.t2/Montipora_capitata_HIv3___RNAseq.21467_t/Montipora_capitata_HIv3___RNAseq.g36907.t1/Montipora_capitata_HIv3___RNAseq.g24095.t1/Montipora_capitata_HIv3___RNAseq.g44814.t1/Montipora_capitata_HIv3___RNAseq.g8971.t1/Montipora_capitata_HIv3___RNAseq.g43161.t1a/Montipora_capitata_HIv3___RNAseq.g15188.t1/Montipora_capitata_HIv3___TS.g10359.t4b/Montipora_capitata_HIv3___RNAseq.g44445.t1/Montipora_capitata_HIv3___RNAseq.g14488.t1,0.999912854140822,NA,NA
GO:0005740,mitochondrial envelope,5/164,463/8363,0.9537203052925486,0.5315096015518065,5,463,Montipora_capitata_HIv3___RNAseq.g40982.t1a/Montipora_capitata_HIv3___RNAseq.g46378.t1/Montipora_capitata_HIv3___RNAseq.g24095.t1/Montipora_capitata_HIv3___RNAseq.g1174.t1/Montipora_capitata_HIv3___RNAseq.g14488.t1,0.999912854140822,mitochondrial envelope,CC
GO:0030036,actin cytoskeleton organization,3/164,320/8363,0.9537699284352805,0.4633415972783486,3,320,Montipora_capitata_HIv3___TS.g33283.t2/Montipora_capitata_HIv3___RNAseq.g24942.t1/Montipora_capitata_HIv3___RNAseq.g15029.t1b,0.999912854140822,actin cytoskeleton organization,BP
GO:0033036,macromolecule localization,22/164,1505/8363,0.9542539907442273,0.7016529610271016,22,1505,Montipora_capitata_HIv3___TS.g33283.t2/Montipora_capitata_HIv3___RNAseq.g15043.t1/Montipora_capitata_HIv3___TS.g44069.t1/Montipora_capitata_HIv3___RNAseq.g14946.t1/Montipora_capitata_HIv3___TS.g32048.t1/Montipora_capitata_HIv3___RNAseq.g13129.t1/Montipora_capitata_HIv3___RNAseq.g13857.t1/Montipora_capitata_HIv3___RNAseq.g668.t1/Montipora_capitata_HIv3___RNAseq.g20250.t1/Montipora_capitata_HIv3___TS.g4674.t2b/Montipora_capitata_HIv3___RNAseq.g42740.t1/Montipora_capitata_HIv3___TS.g33523.t1/Montipora_capitata_HIv3___RNAseq.g47955.t1/Montipora_capitata_HIv3___RNAseq.g15188.t1/Montipora_capitata_HIv3___RNAseq.g49962.t1/Montipora_capitata_HIv3___RNAseq.g11214.t1/Montipora_capitata_HIv3___RNAseq.g15029.t1b/Montipora_capitata_HIv3___RNAseq.g41226.t1/Montipora_capitata_HIv3___RNAseq.g39706.t2/Montipora_capitata_HIv3___RNAseq.g44445.t1/Montipora_capitata_HIv3___RNAseq.g11658.t1/Montipora_capitata_HIv3___TS.g47745.t1,0.999912854140822,macromolecule localization,BP
GO:0048731,system development,47/164,2886/8363,0.954664907898021,0.7584394977290592,47,2886,Montipora_capitata_HIv3___RNAseq.g6978.t1/Montipora_capitata_HIv3___RNAseq.g2559.t1a/Montipora_capitata_HIv3___RNAseq.g23734.t3/Montipora_capitata_HIv3___RNAseq.g35804.t1/Montipora_capitata_HIv3___RNAseq.g5395.t1/Montipora_capitata_HIv3___RNAseq.g22865.t1/Montipora_capitata_HIv3___RNAseq.g7741.t1/Montipora_capitata_HIv3___RNAseq.g26580.t1/Montipora_capitata_HIv3___RNAseq.g3374.t1/Montipora_capitata_HIv3___RNAseq.g44960.t2/Montipora_capitata_HIv3___RNAseq.21467_t/Montipora_capitata_HIv3___RNAseq.g13129.t1/Montipora_capitata_HIv3___RNAseq.g13857.t1/Montipora_capitata_HIv3___RNAseq.g36907.t1/Montipora_capitata_HIv3___RNAseq.g35008.t1/Montipora_capitata_HIv3___RNAseq.g668.t1/Montipora_capitata_HIv3___RNAseq.g46378.t1/Montipora_capitata_HIv3___RNAseq.g24942.t1/Montipora_capitata_HIv3___RNAseq.g44814.t1/Montipora_capitata_HIv3___RNAseq.g35720.t1/Montipora_capitata_HIv3___RNAseq.g18698.t1/Montipora_capitata_HIv3___RNAseq.g8971.t1/Montipora_capitata_HIv3___TS.g4674.t2b/Montipora_capitata_HIv3___RNAseq.g24020.t1/Montipora_capitata_HIv3___RNAseq.g42092.t1/Montipora_capitata_HIv3___RNAseq.g43161.t1a/Montipora_capitata_HIv3___RNAseq.g41333.t1/Montipora_capitata_HIv3___RNAseq.g9918.t1/Montipora_capitata_HIv3___RNAseq.g33449.t1/Montipora_capitata_HIv3___RNAseq.g1174.t1/Montipora_capitata_HIv3___TS.g33523.t1/Montipora_capitata_HIv3___RNAseq.g39974.t1/Montipora_capitata_HIv3___RNAseq.g8270.t1/Montipora_capitata_HIv3___RNAseq.g6934.t1/Montipora_capitata_HIv3___RNAseq.g28116.t1/Montipora_capitata_HIv3___RNAseq.g15029.t1b/Montipora_capitata_HIv3___RNAseq.g4457.t1/Montipora_capitata_HIv3___RNAseq.g14625.t1/Montipora_capitata_HIv3___TS.g10359.t4b/Montipora_capitata_HIv3___RNAseq.g39706.t2/Montipora_capitata_HIv3___RNAseq.g44445.t1/Montipora_capitata_HIv3___RNAseq.g18391.t1/Montipora_capitata_HIv3___RNAseq.g14488.t1/Montipora_capitata_HIv3___TS.g47745.t1/Montipora_capitata_HIv3___RNAseq.g37450.t2/Montipora_capitata_HIv3___TS.g46192.t3/Montipora_capitata_HIv3___RNAseq.g50276.t1,0.999912854140822,system development,BP
GO:0019219,regulation of nucleobase-containing compound metabolic process,29/164,1903/8363,0.9546943078964018,0.7250629533730005,29,1903,Montipora_capitata_HIv3___TS.g33283.t2/Montipora_capitata_HIv3___RNAseq.g6978.t1/Montipora_capitata_HIv3___TS.g1118.t1/Montipora_capitata_HIv3___RNAseq.g26525.t1/Montipora_capitata_HIv3___TS.g10979.t1/Montipora_capitata_HIv3___RNAseq.g11548.t1/Montipora_capitata_HIv3___RNAseq.g7741.t1/Montipora_capitata_HIv3___RNAseq.g44960.t2/Montipora_capitata_HIv3___RNAseq.21467_t/Montipora_capitata_HIv3___RNAseq.g42608.t1/Montipora_capitata_HIv3___RNAseq.g12736.t1/Montipora_capitata_HIv3___RNAseq.g403.t1/Montipora_capitata_HIv3___RNAseq.g13857.t1/Montipora_capitata_HIv3___RNAseq.g45527.t1/Montipora_capitata_HIv3___RNAseq.g35008.t1/Montipora_capitata_HIv3___RNAseq.g44814.t1/Montipora_capitata_HIv3___RNAseq.g8971.t1/Montipora_capitata_HIv3___RNAseq.g36935.t1/Montipora_capitata_HIv3___RNAseq.g28405.t2/Montipora_capitata_HIv3___RNAseq.g40991.t1/Montipora_capitata_HIv3___RNAseq.g32149.t1/Montipora_capitata_HIv3___RNAseq.g43161.t1a/Montipora_capitata_HIv3___RNAseq.g41333.t1/Montipora_capitata_HIv3___RNAseq.g47955.t1/Montipora_capitata_HIv3___RNAseq.g18929.t1/Montipora_capitata_HIv3___RNAseq.g28116.t1/Montipora_capitata_HIv3___RNAseq.g44445.t1/Montipora_capitata_HIv3___TS.g47745.t1/Montipora_capitata_HIv3___TS.g46192.t3,0.999912854140822,regulation of nucleobase-containing compound metabolic process,BP
GO:0048513,animal organ development,35/164,2240/8363,0.9560508123695043,0.7375843974843546,35,2240,Montipora_capitata_HIv3___RNAseq.g2559.t1a/Montipora_capitata_HIv3___RNAseq.g23734.t3/Montipora_capitata_HIv3___RNAseq.g35804.t1/Montipora_capitata_HIv3___RNAseq.g5395.t1/Montipora_capitata_HIv3___RNAseq.g22865.t1/Montipora_capitata_HIv3___RNAseq.g7741.t1/Montipora_capitata_HIv3___RNAseq.g3374.t1/Montipora_capitata_HIv3___RNAseq.g44960.t2/Montipora_capitata_HIv3___RNAseq.21467_t/Montipora_capitata_HIv3___RNAseq.g13857.t1/Montipora_capitata_HIv3___RNAseq.g36907.t1/Montipora_capitata_HIv3___RNAseq.g35008.t1/Montipora_capitata_HIv3___RNAseq.g668.t1/Montipora_capitata_HIv3___RNAseq.g46378.t1/Montipora_capitata_HIv3___RNAseq.g24942.t1/Montipora_capitata_HIv3___RNAseq.g44814.t1/Montipora_capitata_HIv3___RNAseq.g35720.t1/Montipora_capitata_HIv3___RNAseq.g18698.t1/Montipora_capitata_HIv3___RNAseq.g8971.t1/Montipora_capitata_HIv3___TS.g4674.t2b/Montipora_capitata_HIv3___RNAseq.g42092.t1/Montipora_capitata_HIv3___RNAseq.g43161.t1a/Montipora_capitata_HIv3___RNAseq.g33449.t1/Montipora_capitata_HIv3___TS.g33523.t1/Montipora_capitata_HIv3___RNAseq.g39974.t1/Montipora_capitata_HIv3___RNAseq.g28116.t1/Montipora_capitata_HIv3___RNAseq.g4457.t1/Montipora_capitata_HIv3___RNAseq.g14625.t1/Montipora_capitata_HIv3___TS.g10359.t4b/Montipora_capitata_HIv3___RNAseq.g39706.t2/Montipora_capitata_HIv3___RNAseq.g44445.t1/Montipora_capitata_HIv3___RNAseq.g18391.t1/Montipora_capitata_HIv3___RNAseq.g14488.t1/Montipora_capitata_HIv3___TS.g46192.t3/Montipora_capitata_HIv3___RNAseq.g50276.t1,0.999912854140822,animal organ development,BP
GO:0008092,cytoskeletal protein binding,5/164,468/8363,0.9566230106141804,0.5254296149904643,5,468,Montipora_capitata_HIv3___RNAseq.g22865.t1/Montipora_capitata_HIv3___RNAseq.g403.t1/Montipora_capitata_HIv3___RNAseq.g24942.t1/Montipora_capitata_HIv3___RNAseq.g18698.t1/Montipora_capitata_HIv3___RNAseq.g15029.t1b,0.999912854140822,cytoskeletal protein binding,MF
GO:0045927,positive regulation of growth,3/164,325/8363,0.9571274740003777,0.45585793645871747,3,325,Montipora_capitata_HIv3___RNAseq.g24942.t1/Montipora_capitata_HIv3___RNAseq.g8971.t1/Montipora_capitata_HIv3___RNAseq.g39706.t2,0.999912854140822,positive regulation of growth,BP
GO:0031323,regulation of cellular metabolic process,49/164,3003/8363,0.9576947108531781,0.7565665902028634,49,3003,Montipora_capitata_HIv3___TS.g33283.t2/Montipora_capitata_HIv3___RNAseq.g6978.t1/Montipora_capitata_HIv3___TS.g1118.t1/Montipora_capitata_HIv3___RNAseq.g26525.t1/Montipora_capitata_HIv3___TS.g10979.t1/Montipora_capitata_HIv3___RNAseq.g15043.t1/Montipora_capitata_HIv3___RNAseq.g5395.t1/Montipora_capitata_HIv3___RNAseq.g41637.t1/Montipora_capitata_HIv3___RNAseq.g11548.t1/Montipora_capitata_HIv3___RNAseq.g7741.t1/Montipora_capitata_HIv3___TS.g27540.t1/Montipora_capitata_HIv3___RNAseq.g46819.t1/Montipora_capitata_HIv3___RNAseq.g44960.t2/Montipora_capitata_HIv3___TS.g32048.t1/Montipora_capitata_HIv3___RNAseq.21467_t/Montipora_capitata_HIv3___RNAseq.g37193.t1/Montipora_capitata_HIv3___RNAseq.g42608.t1/Montipora_capitata_HIv3___RNAseq.g12736.t1/Montipora_capitata_HIv3___RNAseq.g403.t1/Montipora_capitata_HIv3___RNAseq.g13857.t1/Montipora_capitata_HIv3___RNAseq.g36907.t1/Montipora_capitata_HIv3___RNAseq.g45527.t1/Montipora_capitata_HIv3___RNAseq.g35008.t1/Montipora_capitata_HIv3___RNAseq.g46378.t1/Montipora_capitata_HIv3___RNAseq.g24942.t1/Montipora_capitata_HIv3___RNAseq.g24095.t1/Montipora_capitata_HIv3___RNAseq.g44814.t1/Montipora_capitata_HIv3___RNAseq.g8971.t1/Montipora_capitata_HIv3___RNAseq.g30678.t1b/Montipora_capitata_HIv3___RNAseq.g36935.t1/Montipora_capitata_HIv3___RNAseq.g28405.t2/Montipora_capitata_HIv3___RNAseq.g40991.t1/Montipora_capitata_HIv3___RNAseq.g14965.t1/Montipora_capitata_HIv3___RNAseq.g32149.t1/Montipora_capitata_HIv3___RNAseq.g42740.t1/Montipora_capitata_HIv3___RNAseq.g43161.t1a/Montipora_capitata_HIv3___RNAseq.g41333.t1/Montipora_capitata_HIv3___RNAseq.g47955.t1/Montipora_capitata_HIv3___RNAseq.g15188.t1/Montipora_capitata_HIv3___RNAseq.g18929.t1/Montipora_capitata_HIv3___RNAseq.g28116.t1/Montipora_capitata_HIv3___RNAseq.g15029.t1b/Montipora_capitata_HIv3___TS.g10359.t4b/Montipora_capitata_HIv3___RNAseq.g41226.t1/Montipora_capitata_HIv3___RNAseq.g39706.t2/Montipora_capitata_HIv3___RNAseq.g44445.t1/Montipora_capitata_HIv3___RNAseq.g14488.t1/Montipora_capitata_HIv3___TS.g47745.t1/Montipora_capitata_HIv3___TS.g46192.t3,0.999912854140822,regulation of cellular metabolic process,BP
GO:0051276,chromosome organization,9/164,736/8363,0.9585282175012988,0.5968088823497427,9,736,Montipora_capitata_HIv3___TS.g1118.t1/Montipora_capitata_HIv3___RNAseq.g13857.t1/Montipora_capitata_HIv3___RNAseq.g45527.t1/Montipora_capitata_HIv3___RNAseq.g40991.t1/Montipora_capitata_HIv3___RNAseq.g43161.t1a/Montipora_capitata_HIv3___RNAseq.g23247.t1/Montipora_capitata_HIv3___RNAseq.g47955.t1/Montipora_capitata_HIv3___RNAseq.g15140.t1/Montipora_capitata_HIv3___TS.g47745.t1,0.999912854140822,chromosome organization,BP
GO:0090066,regulation of anatomical structure size,5/164,473/8363,0.9593599511363612,0.5194795181100089,5,473,Montipora_capitata_HIv3___RNAseq.g668.t1/Montipora_capitata_HIv3___RNAseq.g24942.t1/Montipora_capitata_HIv3___RNAseq.g24095.t1/Montipora_capitata_HIv3___RNAseq.g44814.t1/Montipora_capitata_HIv3___RNAseq.g15029.t1b,0.999912854140822,regulation of anatomical structure size,BP
GO:0040008,regulation of growth,8/164,674/8363,0.9595660625551251,0.5800778568258039,8,674,Montipora_capitata_HIv3___RNAseq.g44519.t1/Montipora_capitata_HIv3___RNAseq.g46378.t1/Montipora_capitata_HIv3___RNAseq.g24942.t1/Montipora_capitata_HIv3___RNAseq.g44814.t1/Montipora_capitata_HIv3___RNAseq.g8971.t1/Montipora_capitata_HIv3___RNAseq.g28116.t1/Montipora_capitata_HIv3___RNAseq.g39706.t2/Montipora_capitata_HIv3___RNAseq.g37450.t2,0.999912854140822,regulation of growth,BP
GO:0043933,protein-containing complex organization,17/164,1228/8363,0.9595824087680933,0.6673591227389479,17,1228,Montipora_capitata_HIv3___RNAseq.g36838.t1/Montipora_capitata_HIv3___RNAseq.g26525.t1/Montipora_capitata_HIv3___TS.g5595.t1/Montipora_capitata_HIv3___RNAseq.g27546.t1/Montipora_capitata_HIv3___RNAseq.g44519.t1/Montipora_capitata_HIv3___RNAseq.g38848.t1/Montipora_capitata_HIv3___RNAseq.g13857.t1/Montipora_capitata_HIv3___RNAseq.g35008.t1/Montipora_capitata_HIv3___RNAseq.g40982.t1a/Montipora_capitata_HIv3___RNAseq.g43161.t1a/Montipora_capitata_HIv3___TS.g33523.t1/Montipora_capitata_HIv3___RNAseq.g47955.t1/Montipora_capitata_HIv3___RNAseq.g43111.t1/Montipora_capitata_HIv3___RNAseq.g15140.t1/Montipora_capitata_HIv3___RNAseq.g14488.t1/Montipora_capitata_HIv3___TS.g47745.t1/Montipora_capitata_HIv3___TS.g46192.t3,0.999912854140822,protein-containing complex organization,BP
GO:0006163,purine nucleotide metabolic process,3/164,329/8363,0.9596487286995725,0.4500362819102196,3,329,Montipora_capitata_HIv3___RNAseq.g14956.t1/Montipora_capitata_HIv3___RNAseq.g14960.t1/Montipora_capitata_HIv3___RNAseq.g20763.t1,0.999912854140822,purine nucleotide metabolic process,BP
GO:0009259,ribonucleotide metabolic process,3/164,329/8363,0.9596487286995725,0.4500362819102196,3,329,Montipora_capitata_HIv3___RNAseq.g14956.t1/Montipora_capitata_HIv3___RNAseq.g14960.t1/Montipora_capitata_HIv3___RNAseq.g20763.t1,0.999912854140822,ribonucleotide metabolic process,BP
GO:0051493,regulation of cytoskeleton organization,3/164,329/8363,0.9596487286995725,0.4500362819102196,3,329,Montipora_capitata_HIv3___RNAseq.g24942.t1/Montipora_capitata_HIv3___RNAseq.g18698.t1/Montipora_capitata_HIv3___RNAseq.g15029.t1b,0.999912854140822,regulation of cytoskeleton organization,BP
GO:0007267,cell-cell signaling,7/164,609/8363,0.9597654584252964,0.5627055722507235,7,609,Montipora_capitata_HIv3___RNAseq.g7741.t1/Montipora_capitata_HIv3___TS.g27540.t1/Montipora_capitata_HIv3___RNAseq.g13129.t1/Montipora_capitata_HIv3___RNAseq.g35008.t1/Montipora_capitata_HIv3___RNAseq.g8971.t1/Montipora_capitata_HIv3___RNAseq.g1174.t1/Montipora_capitata_HIv3___TS.g10359.t4b,0.999912854140822,cell-cell signaling,BP
GO:1990904,ribonucleoprotein complex,8/164,675/8363,0.9600216987183623,0.5791310650750745,8,675,Montipora_capitata_HIv3___RNAseq.g27546.t1/Montipora_capitata_HIv3___RNAseq.g42608.t1/Montipora_capitata_HIv3___RNAseq.g18395.t1/Montipora_capitata_HIv3___RNAseq.g4241.t1/Montipora_capitata_HIv3___RNAseq.g47955.t1/Montipora_capitata_HIv3___RNAseq.g43111.t1/Montipora_capitata_HIv3___RNAseq.g11658.t1/Montipora_capitata_HIv3___TS.g47745.t1,0.999912854140822,ribonucleoprotein complex,CC
GO:0000280,nuclear division,3/164,331/8363,0.960856909236719,0.4471786985299197,3,331,Montipora_capitata_HIv3___RNAseq.g43161.t1a/Montipora_capitata_HIv3___RNAseq.g23247.t1/Montipora_capitata_HIv3___RNAseq.g15029.t1b,0.999912854140822,nuclear division,BP
GO:0003723,RNA binding,8/164,679/8363,0.9617989417389483,0.5753721040330853,8,679,Montipora_capitata_HIv3___RNAseq.g27546.t1/Montipora_capitata_HIv3___RNAseq.g42608.t1/Montipora_capitata_HIv3___RNAseq.g27709.t1/Montipora_capitata_HIv3___RNAseq.g24942.t1/Montipora_capitata_HIv3___RNAseq.g18395.t1/Montipora_capitata_HIv3___RNAseq.g47955.t1/Montipora_capitata_HIv3___RNAseq.g43111.t1/Montipora_capitata_HIv3___TS.g47745.t1,0.999912854140822,RNA binding,MF
GO:0060284,regulation of cell development,9/164,744/8363,0.9620034152819752,0.5896815542228103,9,744,Montipora_capitata_HIv3___RNAseq.g6978.t1/Montipora_capitata_HIv3___RNAseq.g5395.t1/Montipora_capitata_HIv3___RNAseq.g35008.t1/Montipora_capitata_HIv3___RNAseq.g24942.t1/Montipora_capitata_HIv3___RNAseq.g44814.t1/Montipora_capitata_HIv3___RNAseq.g8971.t1/Montipora_capitata_HIv3___RNAseq.g24020.t1/Montipora_capitata_HIv3___TS.g10359.t4b/Montipora_capitata_HIv3___RNAseq.g39706.t2,0.999912854140822,regulation of cell development,BP
GO:0034641,cellular nitrogen compound metabolic process,43/164,2699/8363,0.962649857815582,0.7416604173195883,43,2699,Montipora_capitata_HIv3___TS.g1118.t1/Montipora_capitata_HIv3___RNAseq.g26525.t1/Montipora_capitata_HIv3___RNAseq.g40427.t1a/Montipora_capitata_HIv3___RNAseq.g7741.t1/Montipora_capitata_HIv3___RNAseq.g34092.t1/Montipora_capitata_HIv3___TS.g28995.t1/Montipora_capitata_HIv3___RNAseq.g42608.t1/Montipora_capitata_HIv3___RNAseq.g12736.t1/Montipora_capitata_HIv3___RNAseq.g403.t1/Montipora_capitata_HIv3___RNAseq.g45527.t1/Montipora_capitata_HIv3___RNAseq.g44814.t1/Montipora_capitata_HIv3___RNAseq.g30678.t1b/Montipora_capitata_HIv3___RNAseq.g18395.t1/Montipora_capitata_HIv3___TS.g40519.t3/Montipora_capitata_HIv3___RNAseq.g15186.t1/Montipora_capitata_HIv3___RNAseq.g40991.t1/Montipora_capitata_HIv3___RNAseq.g14965.t1/Montipora_capitata_HIv3___RNAseq.g47379.t1/Montipora_capitata_HIv3___RNAseq.g37645.t1/Montipora_capitata_HIv3___RNAseq.g43161.t1a/Montipora_capitata_HIv3___RNAseq.g9918.t1/Montipora_capitata_HIv3___TS.g33523.t1/Montipora_capitata_HIv3___RNAseq.g4241.t1/Montipora_capitata_HIv3___RNAseq.g47955.t1/Montipora_capitata_HIv3___RNAseq.g18929.t1/Montipora_capitata_HIv3___TS.g21293.t1/Montipora_capitata_HIv3___TS.g28908.t1/Montipora_capitata_HIv3___RNAseq.g43111.t1/Montipora_capitata_HIv3___RNAseq.g6934.t1/Montipora_capitata_HIv3___RNAseq.g9561.t1/Montipora_capitata_HIv3___RNAseq.g44719.t1/Montipora_capitata_HIv3___RNAseq.g41226.t1/Montipora_capitata_HIv3___RNAseq.g14956.t1/Montipora_capitata_HIv3___RNAseq.g39706.t2/Montipora_capitata_HIv3___RNAseq.g8867.t2/Montipora_capitata_HIv3___RNAseq.g44445.t1/Montipora_capitata_HIv3___RNAseq.g14960.t1/Montipora_capitata_HIv3___RNAseq.g11658.t1/Montipora_capitata_HIv3___RNAseq.g14488.t1/Montipora_capitata_HIv3___TS.g47745.t1/Montipora_capitata_HIv3___RNAseq.g37450.t2/Montipora_capitata_HIv3___RNAseq.g20763.t1/Montipora_capitata_HIv3___TS.g46192.t3,0.999912854140822,cellular nitrogen compound metabolic process,BP
GO:0042981,regulation of apoptotic process,12/164,935/8363,0.9629533112893192,0.6223714065693511,12,935,Montipora_capitata_HIv3___RNAseq.g7741.t1/Montipora_capitata_HIv3___RNAseq.g44519.t1/Montipora_capitata_HIv3___RNAseq.g44960.t2/Montipora_capitata_HIv3___RNAseq.21467_t/Montipora_capitata_HIv3___RNAseq.g36907.t1/Montipora_capitata_HIv3___RNAseq.g24095.t1/Montipora_capitata_HIv3___RNAseq.g44814.t1/Montipora_capitata_HIv3___RNAseq.g8971.t1/Montipora_capitata_HIv3___RNAseq.g43161.t1a/Montipora_capitata_HIv3___RNAseq.g15188.t1/Montipora_capitata_HIv3___RNAseq.g44445.t1/Montipora_capitata_HIv3___RNAseq.g14488.t1,0.999912854140822,regulation of apoptotic process,BP
GO:0016070,RNA metabolic process,18/164,1298/8363,0.9633138060337564,0.6664578497888209,18,1298,Montipora_capitata_HIv3___RNAseq.g26525.t1/Montipora_capitata_HIv3___RNAseq.g7741.t1/Montipora_capitata_HIv3___RNAseq.g42608.t1/Montipora_capitata_HIv3___RNAseq.g12736.t1/Montipora_capitata_HIv3___RNAseq.g403.t1/Montipora_capitata_HIv3___RNAseq.g45527.t1/Montipora_capitata_HIv3___RNAseq.g44814.t1/Montipora_capitata_HIv3___RNAseq.g18395.t1/Montipora_capitata_HIv3___RNAseq.g40991.t1/Montipora_capitata_HIv3___RNAseq.g47379.t1/Montipora_capitata_HIv3___RNAseq.g4241.t1/Montipora_capitata_HIv3___RNAseq.g47955.t1/Montipora_capitata_HIv3___RNAseq.g18929.t1/Montipora_capitata_HIv3___TS.g28908.t1/Montipora_capitata_HIv3___RNAseq.g44445.t1/Montipora_capitata_HIv3___RNAseq.g11658.t1/Montipora_capitata_HIv3___TS.g47745.t1/Montipora_capitata_HIv3___TS.g46192.t3,0.999912854140822,RNA metabolic process,BP
GO:0048569,post-embryonic animal organ development,4/164,410/8363,0.963495057961977,0.47989544592726474,4,410,Montipora_capitata_HIv3___RNAseq.g35008.t1/Montipora_capitata_HIv3___RNAseq.g18698.t1/Montipora_capitata_HIv3___RNAseq.g8971.t1/Montipora_capitata_HIv3___RNAseq.g18391.t1,0.999912854140822,post-embryonic animal organ development,BP
GO:0070013,intracellular organelle lumen,52/164,3185/8363,0.9637295093763639,0.7507684512811351,52,3185,Montipora_capitata_HIv3___TS.g1118.t1/Montipora_capitata_HIv3___RNAseq.g23734.t3/Montipora_capitata_HIv3___RNAseq.g26525.t1/Montipora_capitata_HIv3___RNAseq.g35804.t1/Montipora_capitata_HIv3___RNAseq.g40427.t1a/Montipora_capitata_HIv3___RNAseq.g5395.t1/Montipora_capitata_HIv3___RNAseq.g35299.t1/Montipora_capitata_HIv3___RNAseq.g7741.t1/Montipora_capitata_HIv3___RNAseq.g27546.t1/Montipora_capitata_HIv3___RNAseq.g44519.t1/Montipora_capitata_HIv3___RNAseq.g50691.t1/Montipora_capitata_HIv3___RNAseq.g37193.t1/Montipora_capitata_HIv3___RNAseq.g42608.t1/Montipora_capitata_HIv3___RNAseq.g12736.t1/Montipora_capitata_HIv3___RNAseq.g403.t1/Montipora_capitata_HIv3___RNAseq.g45527.t1/Montipora_capitata_HIv3___RNAseq.g46378.t1/Montipora_capitata_HIv3___RNAseq.g24942.t1/Montipora_capitata_HIv3___RNAseq.g44814.t1/Montipora_capitata_HIv3___RNAseq.g35720.t1/Montipora_capitata_HIv3___RNAseq.g8971.t1/Montipora_capitata_HIv3___RNAseq.g9027.t1/Montipora_capitata_HIv3___RNAseq.g30678.t1b/Montipora_capitata_HIv3___RNAseq.g18395.t1/Montipora_capitata_HIv3___RNAseq.g15186.t1/Montipora_capitata_HIv3___RNAseq.g9338.t1/Montipora_capitata_HIv3___RNAseq.g40991.t1/Montipora_capitata_HIv3___RNAseq.g14965.t1/Montipora_capitata_HIv3___RNAseq.g47379.t1/Montipora_capitata_HIv3___RNAseq.g43161.t1a/Montipora_capitata_HIv3___RNAseq.g41333.t1/Montipora_capitata_HIv3___RNAseq.g22408.t1/Montipora_capitata_HIv3___RNAseq.g1174.t1/Montipora_capitata_HIv3___RNAseq.g23247.t1/Montipora_capitata_HIv3___TS.g33523.t1/Montipora_capitata_HIv3___RNAseq.g47955.t1/Montipora_capitata_HIv3___RNAseq.g15188.t1/Montipora_capitata_HIv3___RNAseq.g18929.t1/Montipora_capitata_HIv3___TS.g28908.t1/Montipora_capitata_HIv3___RNAseq.g43111.t1/Montipora_capitata_HIv3___RNAseq.g33997.t1/Montipora_capitata_HIv3___RNAseq.g44719.t1/Montipora_capitata_HIv3___RNAseq.g9087.t1/Montipora_capitata_HIv3___RNAseq.g39706.t2/Montipora_capitata_HIv3___RNAseq.g22853.t1/Montipora_capitata_HIv3___RNAseq.g44445.t1/Montipora_capitata_HIv3___TS.g32614.t2/Montipora_capitata_HIv3___RNAseq.g11658.t1/Montipora_capitata_HIv3___RNAseq.g14488.t1/Montipora_capitata_HIv3___TS.g47745.t1/Montipora_capitata_HIv3___RNAseq.g37450.t2/Montipora_capitata_HIv3___RNAseq.g20763.t1,0.999912854140822,intracellular organelle lumen,CC
GO:0009968,negative regulation of signal transduction,10/164,814/8363,0.9645162392582505,0.5972876858003907,10,814,Montipora_capitata_HIv3___RNAseq.g5395.t1/Montipora_capitata_HIv3___RNAseq.g34092.t1/Montipora_capitata_HIv3___RNAseq.g44960.t2/Montipora_capitata_HIv3___RNAseq.21467_t/Montipora_capitata_HIv3___RNAseq.g44814.t1/Montipora_capitata_HIv3___RNAseq.g8971.t1/Montipora_capitata_HIv3___RNAseq.g32149.t1/Montipora_capitata_HIv3___RNAseq.g15188.t1/Montipora_capitata_HIv3___RNAseq.g4457.t1/Montipora_capitata_HIv3___RNAseq.g14488.t1,0.999912854140822,negative regulation of signal transduction,BP
GO:0031974,membrane-enclosed lumen,52/164,3189/8363,0.964719557650889,0.749218567073503,52,3189,Montipora_capitata_HIv3___TS.g1118.t1/Montipora_capitata_HIv3___RNAseq.g23734.t3/Montipora_capitata_HIv3___RNAseq.g26525.t1/Montipora_capitata_HIv3___RNAseq.g35804.t1/Montipora_capitata_HIv3___RNAseq.g40427.t1a/Montipora_capitata_HIv3___RNAseq.g5395.t1/Montipora_capitata_HIv3___RNAseq.g35299.t1/Montipora_capitata_HIv3___RNAseq.g7741.t1/Montipora_capitata_HIv3___RNAseq.g27546.t1/Montipora_capitata_HIv3___RNAseq.g44519.t1/Montipora_capitata_HIv3___RNAseq.g50691.t1/Montipora_capitata_HIv3___RNAseq.g37193.t1/Montipora_capitata_HIv3___RNAseq.g42608.t1/Montipora_capitata_HIv3___RNAseq.g12736.t1/Montipora_capitata_HIv3___RNAseq.g403.t1/Montipora_capitata_HIv3___RNAseq.g45527.t1/Montipora_capitata_HIv3___RNAseq.g46378.t1/Montipora_capitata_HIv3___RNAseq.g24942.t1/Montipora_capitata_HIv3___RNAseq.g44814.t1/Montipora_capitata_HIv3___RNAseq.g35720.t1/Montipora_capitata_HIv3___RNAseq.g8971.t1/Montipora_capitata_HIv3___RNAseq.g9027.t1/Montipora_capitata_HIv3___RNAseq.g30678.t1b/Montipora_capitata_HIv3___RNAseq.g18395.t1/Montipora_capitata_HIv3___RNAseq.g15186.t1/Montipora_capitata_HIv3___RNAseq.g9338.t1/Montipora_capitata_HIv3___RNAseq.g40991.t1/Montipora_capitata_HIv3___RNAseq.g14965.t1/Montipora_capitata_HIv3___RNAseq.g47379.t1/Montipora_capitata_HIv3___RNAseq.g43161.t1a/Montipora_capitata_HIv3___RNAseq.g41333.t1/Montipora_capitata_HIv3___RNAseq.g22408.t1/Montipora_capitata_HIv3___RNAseq.g1174.t1/Montipora_capitata_HIv3___RNAseq.g23247.t1/Montipora_capitata_HIv3___TS.g33523.t1/Montipora_capitata_HIv3___RNAseq.g47955.t1/Montipora_capitata_HIv3___RNAseq.g15188.t1/Montipora_capitata_HIv3___RNAseq.g18929.t1/Montipora_capitata_HIv3___TS.g28908.t1/Montipora_capitata_HIv3___RNAseq.g43111.t1/Montipora_capitata_HIv3___RNAseq.g33997.t1/Montipora_capitata_HIv3___RNAseq.g44719.t1/Montipora_capitata_HIv3___RNAseq.g9087.t1/Montipora_capitata_HIv3___RNAseq.g39706.t2/Montipora_capitata_HIv3___RNAseq.g22853.t1/Montipora_capitata_HIv3___RNAseq.g44445.t1/Montipora_capitata_HIv3___TS.g32614.t2/Montipora_capitata_HIv3___RNAseq.g11658.t1/Montipora_capitata_HIv3___RNAseq.g14488.t1/Montipora_capitata_HIv3___TS.g47745.t1/Montipora_capitata_HIv3___RNAseq.g37450.t2/Montipora_capitata_HIv3___RNAseq.g20763.t1,0.999912854140822,membrane-enclosed lumen,CC
GO:0043233,organelle lumen,52/164,3189/8363,0.964719557650889,0.749218567073503,52,3189,Montipora_capitata_HIv3___TS.g1118.t1/Montipora_capitata_HIv3___RNAseq.g23734.t3/Montipora_capitata_HIv3___RNAseq.g26525.t1/Montipora_capitata_HIv3___RNAseq.g35804.t1/Montipora_capitata_HIv3___RNAseq.g40427.t1a/Montipora_capitata_HIv3___RNAseq.g5395.t1/Montipora_capitata_HIv3___RNAseq.g35299.t1/Montipora_capitata_HIv3___RNAseq.g7741.t1/Montipora_capitata_HIv3___RNAseq.g27546.t1/Montipora_capitata_HIv3___RNAseq.g44519.t1/Montipora_capitata_HIv3___RNAseq.g50691.t1/Montipora_capitata_HIv3___RNAseq.g37193.t1/Montipora_capitata_HIv3___RNAseq.g42608.t1/Montipora_capitata_HIv3___RNAseq.g12736.t1/Montipora_capitata_HIv3___RNAseq.g403.t1/Montipora_capitata_HIv3___RNAseq.g45527.t1/Montipora_capitata_HIv3___RNAseq.g46378.t1/Montipora_capitata_HIv3___RNAseq.g24942.t1/Montipora_capitata_HIv3___RNAseq.g44814.t1/Montipora_capitata_HIv3___RNAseq.g35720.t1/Montipora_capitata_HIv3___RNAseq.g8971.t1/Montipora_capitata_HIv3___RNAseq.g9027.t1/Montipora_capitata_HIv3___RNAseq.g30678.t1b/Montipora_capitata_HIv3___RNAseq.g18395.t1/Montipora_capitata_HIv3___RNAseq.g15186.t1/Montipora_capitata_HIv3___RNAseq.g9338.t1/Montipora_capitata_HIv3___RNAseq.g40991.t1/Montipora_capitata_HIv3___RNAseq.g14965.t1/Montipora_capitata_HIv3___RNAseq.g47379.t1/Montipora_capitata_HIv3___RNAseq.g43161.t1a/Montipora_capitata_HIv3___RNAseq.g41333.t1/Montipora_capitata_HIv3___RNAseq.g22408.t1/Montipora_capitata_HIv3___RNAseq.g1174.t1/Montipora_capitata_HIv3___RNAseq.g23247.t1/Montipora_capitata_HIv3___TS.g33523.t1/Montipora_capitata_HIv3___RNAseq.g47955.t1/Montipora_capitata_HIv3___RNAseq.g15188.t1/Montipora_capitata_HIv3___RNAseq.g18929.t1/Montipora_capitata_HIv3___TS.g28908.t1/Montipora_capitata_HIv3___RNAseq.g43111.t1/Montipora_capitata_HIv3___RNAseq.g33997.t1/Montipora_capitata_HIv3___RNAseq.g44719.t1/Montipora_capitata_HIv3___RNAseq.g9087.t1/Montipora_capitata_HIv3___RNAseq.g39706.t2/Montipora_capitata_HIv3___RNAseq.g22853.t1/Montipora_capitata_HIv3___RNAseq.g44445.t1/Montipora_capitata_HIv3___TS.g32614.t2/Montipora_capitata_HIv3___RNAseq.g11658.t1/Montipora_capitata_HIv3___RNAseq.g14488.t1/Montipora_capitata_HIv3___TS.g47745.t1/Montipora_capitata_HIv3___RNAseq.g37450.t2/Montipora_capitata_HIv3___RNAseq.g20763.t1,0.999912854140822,organelle lumen,CC
GO:0006464,GO:0006464,27/164,1824/8363,0.9651079558712818,0.7021544263441584,27,1824,Montipora_capitata_HIv3___RNAseq.g6978.t1/Montipora_capitata_HIv3___TS.g1118.t1/Montipora_capitata_HIv3___RNAseq.g15043.t1/Montipora_capitata_HIv3___RNAseq.g23762.t1/Montipora_capitata_HIv3___RNAseq.g5395.t1/Montipora_capitata_HIv3___RNAseq.g35299.t1/Montipora_capitata_HIv3___RNAseq.g11548.t1/Montipora_capitata_HIv3___RNAseq.g36836.t1/Montipora_capitata_HIv3___RNAseq.g46819.t1/Montipora_capitata_HIv3___RNAseq.g3374.t1/Montipora_capitata_HIv3___RNAseq.g44960.t2/Montipora_capitata_HIv3___RNAseq.21467_t/Montipora_capitata_HIv3___RNAseq.g44562.t1/Montipora_capitata_HIv3___RNAseq.g44814.t1/Montipora_capitata_HIv3___RNAseq.g8971.t1/Montipora_capitata_HIv3___RNAseq.g30678.t1b/Montipora_capitata_HIv3___RNAseq.g15186.t1/Montipora_capitata_HIv3___RNAseq.g14965.t1/Montipora_capitata_HIv3___RNAseq.g32149.t1/Montipora_capitata_HIv3___RNAseq.g42092.t1/Montipora_capitata_HIv3___RNAseq.g22553.t1c/Montipora_capitata_HIv3___RNAseq.g9060.t1/Montipora_capitata_HIv3___RNAseq.g1174.t1/Montipora_capitata_HIv3___RNAseq.g23247.t1/Montipora_capitata_HIv3___RNAseq.g39974.t1/Montipora_capitata_HIv3___RNAseq.g15188.t1/Montipora_capitata_HIv3___RNAseq.g28116.t1,0.999912854140822,NA,NA
GO:0036211,protein modification process,27/164,1824/8363,0.9651079558712818,0.7021544263441584,27,1824,Montipora_capitata_HIv3___RNAseq.g6978.t1/Montipora_capitata_HIv3___TS.g1118.t1/Montipora_capitata_HIv3___RNAseq.g15043.t1/Montipora_capitata_HIv3___RNAseq.g23762.t1/Montipora_capitata_HIv3___RNAseq.g5395.t1/Montipora_capitata_HIv3___RNAseq.g35299.t1/Montipora_capitata_HIv3___RNAseq.g11548.t1/Montipora_capitata_HIv3___RNAseq.g36836.t1/Montipora_capitata_HIv3___RNAseq.g46819.t1/Montipora_capitata_HIv3___RNAseq.g3374.t1/Montipora_capitata_HIv3___RNAseq.g44960.t2/Montipora_capitata_HIv3___RNAseq.21467_t/Montipora_capitata_HIv3___RNAseq.g44562.t1/Montipora_capitata_HIv3___RNAseq.g44814.t1/Montipora_capitata_HIv3___RNAseq.g8971.t1/Montipora_capitata_HIv3___RNAseq.g30678.t1b/Montipora_capitata_HIv3___RNAseq.g15186.t1/Montipora_capitata_HIv3___RNAseq.g14965.t1/Montipora_capitata_HIv3___RNAseq.g32149.t1/Montipora_capitata_HIv3___RNAseq.g42092.t1/Montipora_capitata_HIv3___RNAseq.g22553.t1c/Montipora_capitata_HIv3___RNAseq.g9060.t1/Montipora_capitata_HIv3___RNAseq.g1174.t1/Montipora_capitata_HIv3___RNAseq.g23247.t1/Montipora_capitata_HIv3___RNAseq.g39974.t1/Montipora_capitata_HIv3___RNAseq.g15188.t1/Montipora_capitata_HIv3___RNAseq.g28116.t1,0.999912854140822,protein modification process,BP
GO:0051960,regulation of nervous system development,9/164,754/8363,0.9659829362865215,0.5809876345293801,9,754,Montipora_capitata_HIv3___RNAseq.g6978.t1/Montipora_capitata_HIv3___RNAseq.g5395.t1/Montipora_capitata_HIv3___RNAseq.g35008.t1/Montipora_capitata_HIv3___RNAseq.g24942.t1/Montipora_capitata_HIv3___RNAseq.g44814.t1/Montipora_capitata_HIv3___RNAseq.g8971.t1/Montipora_capitata_HIv3___RNAseq.g24020.t1/Montipora_capitata_HIv3___TS.g10359.t4b/Montipora_capitata_HIv3___RNAseq.g39706.t2,0.999912854140822,regulation of nervous system development,BP
GO:0004672,protein kinase activity,3/164,341/8363,0.9664075512512773,0.4333980176993033,3,341,Montipora_capitata_HIv3___RNAseq.g6978.t1/Montipora_capitata_HIv3___RNAseq.g8971.t1/Montipora_capitata_HIv3___RNAseq.g28116.t1,0.999912854140822,protein kinase activity,MF
GO:0031966,mitochondrial membrane,4/164,417/8363,0.9669367409320697,0.4713384003123473,4,417,Montipora_capitata_HIv3___RNAseq.g40982.t1a/Montipora_capitata_HIv3___RNAseq.g46378.t1/Montipora_capitata_HIv3___RNAseq.g24095.t1/Montipora_capitata_HIv3___RNAseq.g14488.t1,0.999912854140822,mitochondrial membrane,CC
GO:1903047,mitotic cell cycle process,6/164,558/8363,0.9669667401238808,0.5261291484175863,6,558,Montipora_capitata_HIv3___RNAseq.g22865.t1/Montipora_capitata_HIv3___RNAseq.g7741.t1/Montipora_capitata_HIv3___RNAseq.g14965.t1/Montipora_capitata_HIv3___RNAseq.g43161.t1a/Montipora_capitata_HIv3___RNAseq.g23247.t1/Montipora_capitata_HIv3___TS.g10359.t4b,0.999912854140822,mitotic cell cycle process,BP
GO:0032501,multicellular organismal process,70/164,4139/8363,0.9673365328528403,0.7558722017013786,70,4139,Montipora_capitata_HIv3___TS.g33283.t2/Montipora_capitata_HIv3___RNAseq.g6978.t1/Montipora_capitata_HIv3___RNAseq.g7992.t1/Montipora_capitata_HIv3___RNAseq.g2559.t1a/Montipora_capitata_HIv3___RNAseq.g23734.t3/Montipora_capitata_HIv3___RNAseq.g26525.t1/Montipora_capitata_HIv3___RNAseq.g35804.t1/Montipora_capitata_HIv3___RNAseq.g15043.t1/Montipora_capitata_HIv3___RNAseq.g5395.t1/Montipora_capitata_HIv3___RNAseq.g22865.t1/Montipora_capitata_HIv3___RNAseq.g14946.t1/Montipora_capitata_HIv3___RNAseq.g7741.t1/Montipora_capitata_HIv3___TS.g29616.t1/Montipora_capitata_HIv3___RNAseq.g26580.t1/Montipora_capitata_HIv3___TS.g5595.t1/Montipora_capitata_HIv3___RNAseq.g44519.t1/Montipora_capitata_HIv3___RNAseq.g12596.t1/Montipora_capitata_HIv3___RNAseq.g3374.t1/Montipora_capitata_HIv3___RNAseq.g44960.t2/Montipora_capitata_HIv3___TS.g32048.t1/Montipora_capitata_HIv3___RNAseq.21467_t/Montipora_capitata_HIv3___RNAseq.g13129.t1/Montipora_capitata_HIv3___RNAseq.g47205.t1/Montipora_capitata_HIv3___RNAseq.g29879.t1b/Montipora_capitata_HIv3___RNAseq.g42608.t1/Montipora_capitata_HIv3___RNAseq.g13857.t1/Montipora_capitata_HIv3___RNAseq.g36907.t1/Montipora_capitata_HIv3___RNAseq.g35008.t1/Montipora_capitata_HIv3___RNAseq.g668.t1/Montipora_capitata_HIv3___RNAseq.g46378.t1/Montipora_capitata_HIv3___RNAseq.g24942.t1/Montipora_capitata_HIv3___RNAseq.g24095.t1/Montipora_capitata_HIv3___RNAseq.g44814.t1/Montipora_capitata_HIv3___RNAseq.g35720.t1/Montipora_capitata_HIv3___RNAseq.g18698.t1/Montipora_capitata_HIv3___RNAseq.g8971.t1/Montipora_capitata_HIv3___RNAseq.g15186.t1/Montipora_capitata_HIv3___TS.g4674.t2b/Montipora_capitata_HIv3___RNAseq.g24020.t1/Montipora_capitata_HIv3___RNAseq.g42092.t1/Montipora_capitata_HIv3___RNAseq.g42740.t1/Montipora_capitata_HIv3___RNAseq.g43161.t1a/Montipora_capitata_HIv3___RNAseq.g41333.t1/Montipora_capitata_HIv3___RNAseq.g9918.t1/Montipora_capitata_HIv3___RNAseq.g33449.t1/Montipora_capitata_HIv3___RNAseq.g1174.t1/Montipora_capitata_HIv3___RNAseq.g23247.t1/Montipora_capitata_HIv3___TS.g33523.t1/Montipora_capitata_HIv3___RNAseq.g39974.t1/Montipora_capitata_HIv3___RNAseq.g47955.t1/Montipora_capitata_HIv3___RNAseq.g15188.t1/Montipora_capitata_HIv3___RNAseq.g8270.t1/Montipora_capitata_HIv3___RNAseq.g6934.t1/Montipora_capitata_HIv3___RNAseq.g28116.t1/Montipora_capitata_HIv3___RNAseq.g15029.t1b/Montipora_capitata_HIv3___RNAseq.g4457.t1/Montipora_capitata_HIv3___RNAseq.g14625.t1/Montipora_capitata_HIv3___TS.g10359.t4b/Montipora_capitata_HIv3___RNAseq.g39706.t2/Montipora_capitata_HIv3___RNAseq.g12947.t1/Montipora_capitata_HIv3___RNAseq.g44445.t1/Montipora_capitata_HIv3___RNAseq.g23366.t1/Montipora_capitata_HIv3___RNAseq.g18391.t1/Montipora_capitata_HIv3___RNAseq.g14488.t1/Montipora_capitata_HIv3___TS.g47745.t1/Montipora_capitata_HIv3___RNAseq.g37450.t2/Montipora_capitata_HIv3___RNAseq.g20763.t1/Montipora_capitata_HIv3___TS.g20607.t1/Montipora_capitata_HIv3___TS.g46192.t3/Montipora_capitata_HIv3___RNAseq.g50276.t1,0.999912854140822,multicellular organismal process,BP
GO:0019693,ribose phosphate metabolic process,3/164,343/8363,0.9674253395281732,0.43073915173026456,3,343,Montipora_capitata_HIv3___RNAseq.g14956.t1/Montipora_capitata_HIv3___RNAseq.g14960.t1/Montipora_capitata_HIv3___RNAseq.g20763.t1,0.999912854140822,ribose phosphate metabolic process,BP
GO:0090304,nucleic acid metabolic process,25/164,1720/8363,0.9678135460953865,0.6901724557558849,25,1720,Montipora_capitata_HIv3___TS.g1118.t1/Montipora_capitata_HIv3___RNAseq.g26525.t1/Montipora_capitata_HIv3___RNAseq.g7741.t1/Montipora_capitata_HIv3___TS.g28995.t1/Montipora_capitata_HIv3___RNAseq.g42608.t1/Montipora_capitata_HIv3___RNAseq.g12736.t1/Montipora_capitata_HIv3___RNAseq.g403.t1/Montipora_capitata_HIv3___RNAseq.g45527.t1/Montipora_capitata_HIv3___RNAseq.g44814.t1/Montipora_capitata_HIv3___RNAseq.g30678.t1b/Montipora_capitata_HIv3___RNAseq.g18395.t1/Montipora_capitata_HIv3___TS.g40519.t3/Montipora_capitata_HIv3___RNAseq.g15186.t1/Montipora_capitata_HIv3___RNAseq.g40991.t1/Montipora_capitata_HIv3___RNAseq.g14965.t1/Montipora_capitata_HIv3___RNAseq.g47379.t1/Montipora_capitata_HIv3___RNAseq.g43161.t1a/Montipora_capitata_HIv3___RNAseq.g4241.t1/Montipora_capitata_HIv3___RNAseq.g47955.t1/Montipora_capitata_HIv3___RNAseq.g18929.t1/Montipora_capitata_HIv3___TS.g28908.t1/Montipora_capitata_HIv3___RNAseq.g44445.t1/Montipora_capitata_HIv3___RNAseq.g11658.t1/Montipora_capitata_HIv3___TS.g47745.t1/Montipora_capitata_HIv3___TS.g46192.t3,0.999912854140822,nucleic acid metabolic process,BP
GO:0044238,primary metabolic process,84/164,4856/8363,0.9690001648750504,0.7540899468852768,84,4856,Montipora_capitata_HIv3___TS.g33283.t2/Montipora_capitata_HIv3___RNAseq.g6978.t1/Montipora_capitata_HIv3___TS.g1118.t1/Montipora_capitata_HIv3___RNAseq.g26525.t1/Montipora_capitata_HIv3___RNAseq.g15043.t1/Montipora_capitata_HIv3___RNAseq.g40427.t1a/Montipora_capitata_HIv3___RNAseq.g23762.t1/Montipora_capitata_HIv3___TS.g44069.t1/Montipora_capitata_HIv3___RNAseq.g5395.t1/Montipora_capitata_HIv3___RNAseq.g35299.t1/Montipora_capitata_HIv3___RNAseq.g11548.t1/Montipora_capitata_HIv3___RNAseq.g7741.t1/Montipora_capitata_HIv3___RNAseq.g33991.t1/Montipora_capitata_HIv3___RNAseq.g36836.t1/Montipora_capitata_HIv3___RNAseq.g34092.t1/Montipora_capitata_HIv3___RNAseq.g46819.t1/Montipora_capitata_HIv3___RNAseq.g3374.t1/Montipora_capitata_HIv3___RNAseq.g44960.t2/Montipora_capitata_HIv3___TS.g32048.t1/Montipora_capitata_HIv3___RNAseq.21467_t/Montipora_capitata_HIv3___TS.g28995.t1/Montipora_capitata_HIv3___RNAseq.g37193.t1/Montipora_capitata_HIv3___RNAseq.g42608.t1/Montipora_capitata_HIv3___RNAseq.g12736.t1/Montipora_capitata_HIv3___RNAseq.g33992.t1/Montipora_capitata_HIv3___RNAseq.g27709.t1/Montipora_capitata_HIv3___RNAseq.g44539.t1/Montipora_capitata_HIv3___RNAseq.g403.t1/Montipora_capitata_HIv3___RNAseq.g45527.t1/Montipora_capitata_HIv3___RNAseq.g668.t1/Montipora_capitata_HIv3___RNAseq.g46378.t1/Montipora_capitata_HIv3___RNAseq.g44562.t1/Montipora_capitata_HIv3___RNAseq.g24942.t1/Montipora_capitata_HIv3___RNAseq.g24095.t1/Montipora_capitata_HIv3___RNAseq.g44814.t1/Montipora_capitata_HIv3___RNAseq.g8971.t1/Montipora_capitata_HIv3___RNAseq.g20771.t1/Montipora_capitata_HIv3___RNAseq.g30678.t1b/Montipora_capitata_HIv3___RNAseq.g18395.t1/Montipora_capitata_HIv3___TS.g40519.t3/Montipora_capitata_HIv3___RNAseq.g20807.t2/Montipora_capitata_HIv3___RNAseq.g15186.t1/Montipora_capitata_HIv3___RNAseq.g40991.t1/Montipora_capitata_HIv3___RNAseq.g14965.t1/Montipora_capitata_HIv3___RNAseq.g47379.t1/Montipora_capitata_HIv3___RNAseq.g32149.t1/Montipora_capitata_HIv3___RNAseq.g37645.t1/Montipora_capitata_HIv3___RNAseq.g42092.t1/Montipora_capitata_HIv3___RNAseq.g42740.t1/Montipora_capitata_HIv3___RNAseq.g43161.t1a/Montipora_capitata_HIv3___RNAseq.g22553.t1c/Montipora_capitata_HIv3___RNAseq.g33449.t1/Montipora_capitata_HIv3___RNAseq.g9060.t1/Montipora_capitata_HIv3___RNAseq.g1174.t1/Montipora_capitata_HIv3___RNAseq.g23247.t1/Montipora_capitata_HIv3___RNAseq.g39974.t1/Montipora_capitata_HIv3___RNAseq.g4241.t1/Montipora_capitata_HIv3___RNAseq.g47955.t1/Montipora_capitata_HIv3___RNAseq.g15188.t1/Montipora_capitata_HIv3___RNAseq.g11214.t1/Montipora_capitata_HIv3___RNAseq.g18929.t1/Montipora_capitata_HIv3___TS.g50674.t1/Montipora_capitata_HIv3___TS.g21293.t1/Montipora_capitata_HIv3___TS.g28908.t1/Montipora_capitata_HIv3___RNAseq.g43111.t1/Montipora_capitata_HIv3___RNAseq.g33997.t1/Montipora_capitata_HIv3___RNAseq.g6934.t1/Montipora_capitata_HIv3___RNAseq.g28116.t1/Montipora_capitata_HIv3___RNAseq.g9561.t1/Montipora_capitata_HIv3___RNAseq.g44719.t1/Montipora_capitata_HIv3___RNAseq.g9087.t1/Montipora_capitata_HIv3___RNAseq.g14625.t1/Montipora_capitata_HIv3___RNAseq.g41226.t1/Montipora_capitata_HIv3___RNAseq.g14956.t1/Montipora_capitata_HIv3___RNAseq.g39706.t2/Montipora_capitata_HIv3___RNAseq.g8867.t2/Montipora_capitata_HIv3___RNAseq.g44445.t1/Montipora_capitata_HIv3___RNAseq.g14960.t1/Montipora_capitata_HIv3___RNAseq.g11658.t1/Montipora_capitata_HIv3___RNAseq.g14488.t1/Montipora_capitata_HIv3___TS.g47745.t1/Montipora_capitata_HIv3___RNAseq.g37450.t2/Montipora_capitata_HIv3___RNAseq.g20763.t1/Montipora_capitata_HIv3___TS.g46192.t3,0.999912854140822,primary metabolic process,BP
GO:0000122,negative regulation of transcription by RNA polymerase II,5/164,495/8363,0.9696329197385847,0.4947414153735499,5,495,Montipora_capitata_HIv3___RNAseq.g44960.t2/Montipora_capitata_HIv3___RNAseq.21467_t/Montipora_capitata_HIv3___RNAseq.g35008.t1/Montipora_capitata_HIv3___RNAseq.g44814.t1/Montipora_capitata_HIv3___RNAseq.g8971.t1,0.999912854140822,negative regulation of transcription by RNA polymerase II,BP
GO:0048285,organelle fission,3/164,348/8363,0.969844763033602,0.4242268497163003,3,348,Montipora_capitata_HIv3___RNAseq.g43161.t1a/Montipora_capitata_HIv3___RNAseq.g23247.t1/Montipora_capitata_HIv3___RNAseq.g15029.t1b,0.999912854140822,organelle fission,BP
GO:0043067,regulation of programmed cell death,12/164,961/8363,0.9716174613960905,0.6031587949573808,12,961,Montipora_capitata_HIv3___RNAseq.g7741.t1/Montipora_capitata_HIv3___RNAseq.g44519.t1/Montipora_capitata_HIv3___RNAseq.g44960.t2/Montipora_capitata_HIv3___RNAseq.21467_t/Montipora_capitata_HIv3___RNAseq.g36907.t1/Montipora_capitata_HIv3___RNAseq.g24095.t1/Montipora_capitata_HIv3___RNAseq.g44814.t1/Montipora_capitata_HIv3___RNAseq.g8971.t1/Montipora_capitata_HIv3___RNAseq.g43161.t1a/Montipora_capitata_HIv3___RNAseq.g15188.t1/Montipora_capitata_HIv3___RNAseq.g44445.t1/Montipora_capitata_HIv3___RNAseq.g14488.t1,0.999912854140822,regulation of programmed cell death,BP
GO:0009791,post-embryonic development,8/164,705/8363,0.9717298794892449,0.5519937958890154,8,705,Montipora_capitata_HIv3___RNAseq.g15043.t1/Montipora_capitata_HIv3___RNAseq.g42608.t1/Montipora_capitata_HIv3___RNAseq.g35008.t1/Montipora_capitata_HIv3___RNAseq.g18698.t1/Montipora_capitata_HIv3___RNAseq.g8971.t1/Montipora_capitata_HIv3___RNAseq.g42092.t1/Montipora_capitata_HIv3___RNAseq.g15029.t1b/Montipora_capitata_HIv3___RNAseq.g18391.t1,0.999912854140822,post-embryonic development,BP
GO:0045184,establishment of protein localization,10/164,838/8363,0.9726724131832644,0.5780943017681698,10,838,Montipora_capitata_HIv3___RNAseq.g15043.t1/Montipora_capitata_HIv3___RNAseq.g13857.t1/Montipora_capitata_HIv3___RNAseq.g668.t1/Montipora_capitata_HIv3___RNAseq.g42740.t1/Montipora_capitata_HIv3___TS.g33523.t1/Montipora_capitata_HIv3___RNAseq.g15188.t1/Montipora_capitata_HIv3___RNAseq.g49962.t1/Montipora_capitata_HIv3___RNAseq.g15029.t1b/Montipora_capitata_HIv3___RNAseq.g41226.t1/Montipora_capitata_HIv3___RNAseq.g11658.t1,0.999912854140822,establishment of protein localization,BP
GO:0015031,protein transport,9/164,776/8363,0.9734580307341765,0.5626589413669559,9,776,Montipora_capitata_HIv3___RNAseq.g15043.t1/Montipora_capitata_HIv3___RNAseq.g13857.t1/Montipora_capitata_HIv3___RNAseq.g42740.t1/Montipora_capitata_HIv3___TS.g33523.t1/Montipora_capitata_HIv3___RNAseq.g15188.t1/Montipora_capitata_HIv3___RNAseq.g49962.t1/Montipora_capitata_HIv3___RNAseq.g15029.t1b/Montipora_capitata_HIv3___RNAseq.g41226.t1/Montipora_capitata_HIv3___RNAseq.g11658.t1,0.999912854140822,protein transport,BP
GO:0003006,developmental process involved in reproduction,13/164,1032/8363,0.9740604670294477,0.6066510045948716,13,1032,Montipora_capitata_HIv3___TS.g5595.t1/Montipora_capitata_HIv3___RNAseq.g36907.t1/Montipora_capitata_HIv3___RNAseq.g35008.t1/Montipora_capitata_HIv3___RNAseq.g46378.t1/Montipora_capitata_HIv3___RNAseq.g24942.t1/Montipora_capitata_HIv3___RNAseq.g44814.t1/Montipora_capitata_HIv3___RNAseq.g8971.t1/Montipora_capitata_HIv3___RNAseq.g42092.t1/Montipora_capitata_HIv3___RNAseq.g33449.t1/Montipora_capitata_HIv3___RNAseq.g47955.t1/Montipora_capitata_HIv3___RNAseq.g28116.t1/Montipora_capitata_HIv3___RNAseq.g15029.t1b/Montipora_capitata_HIv3___TS.g47745.t1,0.999912854140822,developmental process involved in reproduction,BP
GO:0007423,sensory organ development,7/164,646/8363,0.9742660548105635,0.5275357932730772,7,646,Montipora_capitata_HIv3___RNAseq.g5395.t1/Montipora_capitata_HIv3___RNAseq.g35008.t1/Montipora_capitata_HIv3___RNAseq.g24942.t1/Montipora_capitata_HIv3___RNAseq.g44814.t1/Montipora_capitata_HIv3___RNAseq.g8971.t1/Montipora_capitata_HIv3___TS.g10359.t4b/Montipora_capitata_HIv3___TS.g46192.t3,0.999912854140822,sensory organ development,BP
GO:0010563,negative regulation of phosphorus metabolic process,3/164,362/8363,0.9757517264820819,0.4069574094259513,3,362,Montipora_capitata_HIv3___RNAseq.g5395.t1/Montipora_capitata_HIv3___RNAseq.g41637.t1/Montipora_capitata_HIv3___RNAseq.g15029.t1b,0.999912854140822,negative regulation of phosphorus metabolic process,BP
GO:0045936,negative regulation of phosphate metabolic process,3/164,362/8363,0.9757517264820819,0.4069574094259513,3,362,Montipora_capitata_HIv3___RNAseq.g5395.t1/Montipora_capitata_HIv3___RNAseq.g41637.t1/Montipora_capitata_HIv3___RNAseq.g15029.t1b,0.999912854140822,negative regulation of phosphate metabolic process,BP
GO:0072521,purine-containing compound metabolic process,3/164,362/8363,0.9757517264820819,0.4069574094259513,3,362,Montipora_capitata_HIv3___RNAseq.g14956.t1/Montipora_capitata_HIv3___RNAseq.g14960.t1/Montipora_capitata_HIv3___RNAseq.g20763.t1,0.999912854140822,purine-containing compound metabolic process,BP
GO:0034645,GO:0034645,17/164,1287/8363,0.9766212780947314,0.6309870610095625,17,1287,Montipora_capitata_HIv3___RNAseq.g7741.t1/Montipora_capitata_HIv3___RNAseq.g36836.t1/Montipora_capitata_HIv3___RNAseq.g3374.t1/Montipora_capitata_HIv3___RNAseq.g37193.t1/Montipora_capitata_HIv3___RNAseq.g12736.t1/Montipora_capitata_HIv3___RNAseq.g45527.t1/Montipora_capitata_HIv3___RNAseq.g44814.t1/Montipora_capitata_HIv3___RNAseq.g30678.t1b/Montipora_capitata_HIv3___RNAseq.g40991.t1/Montipora_capitata_HIv3___RNAseq.g14965.t1/Montipora_capitata_HIv3___RNAseq.g43161.t1a/Montipora_capitata_HIv3___RNAseq.g15188.t1/Montipora_capitata_HIv3___RNAseq.g43111.t1/Montipora_capitata_HIv3___RNAseq.g41226.t1/Montipora_capitata_HIv3___RNAseq.g44445.t1/Montipora_capitata_HIv3___RNAseq.g11658.t1/Montipora_capitata_HIv3___TS.g46192.t3,0.999912854140822,NA,NA
GO:0015833,peptide transport,9/164,791/8363,0.9776707532008084,0.5507533505659048,9,791,Montipora_capitata_HIv3___RNAseq.g15043.t1/Montipora_capitata_HIv3___RNAseq.g13857.t1/Montipora_capitata_HIv3___RNAseq.g42740.t1/Montipora_capitata_HIv3___TS.g33523.t1/Montipora_capitata_HIv3___RNAseq.g15188.t1/Montipora_capitata_HIv3___RNAseq.g49962.t1/Montipora_capitata_HIv3___RNAseq.g15029.t1b/Montipora_capitata_HIv3___RNAseq.g41226.t1/Montipora_capitata_HIv3___RNAseq.g11658.t1,0.999912854140822,peptide transport,BP
GO:0048585,negative regulation of response to stimulus,12/164,987/8363,0.9784335481832835,0.584970799780531,12,987,Montipora_capitata_HIv3___RNAseq.g5395.t1/Montipora_capitata_HIv3___RNAseq.g34092.t1/Montipora_capitata_HIv3___RNAseq.g44960.t2/Montipora_capitata_HIv3___RNAseq.21467_t/Montipora_capitata_HIv3___RNAseq.g44814.t1/Montipora_capitata_HIv3___RNAseq.g8971.t1/Montipora_capitata_HIv3___RNAseq.g30678.t1b/Montipora_capitata_HIv3___RNAseq.g32149.t1/Montipora_capitata_HIv3___RNAseq.g43161.t1a/Montipora_capitata_HIv3___RNAseq.g15188.t1/Montipora_capitata_HIv3___RNAseq.g4457.t1/Montipora_capitata_HIv3___RNAseq.g14488.t1,0.999912854140822,negative regulation of response to stimulus,BP
GO:0044446,GO:0044446,90/164,5206/8363,0.9789056176119195,0.7329620909830029,90,5206,Montipora_capitata_HIv3___RNAseq.g6978.t1/Montipora_capitata_HIv3___RNAseq.g36845.t1/Montipora_capitata_HIv3___TS.g1118.t1/Montipora_capitata_HIv3___RNAseq.g36838.t1/Montipora_capitata_HIv3___RNAseq.g23734.t3/Montipora_capitata_HIv3___RNAseq.g26525.t1/Montipora_capitata_HIv3___RNAseq.g35804.t1/Montipora_capitata_HIv3___RNAseq.g40427.t1a/Montipora_capitata_HIv3___RNAseq.g5395.t1/Montipora_capitata_HIv3___RNAseq.g22865.t1/Montipora_capitata_HIv3___RNAseq.g35299.t1/Montipora_capitata_HIv3___RNAseq.g7741.t1/Montipora_capitata_HIv3___RNAseq.g7739.t1/Montipora_capitata_HIv3___RNAseq.g26580.t1/Montipora_capitata_HIv3___RNAseq.g2640.t1a/Montipora_capitata_HIv3___TS.g5595.t1/Montipora_capitata_HIv3___RNAseq.g36836.t1/Montipora_capitata_HIv3___RNAseq.g27546.t1/Montipora_capitata_HIv3___RNAseq.g24139.t1/Montipora_capitata_HIv3___RNAseq.g34092.t1/Montipora_capitata_HIv3___RNAseq.g44519.t1/Montipora_capitata_HIv3___RNAseq.g50691.t1/Montipora_capitata_HIv3___RNAseq.g3374.t1/Montipora_capitata_HIv3___RNAseq.g44960.t2/Montipora_capitata_HIv3___RNAseq.21467_t/Montipora_capitata_HIv3___RNAseq.g37193.t1/Montipora_capitata_HIv3___RNAseq.g42608.t1/Montipora_capitata_HIv3___RNAseq.g39887.t1/Montipora_capitata_HIv3___RNAseq.g12736.t1/Montipora_capitata_HIv3___RNAseq.g38848.t1/Montipora_capitata_HIv3___RNAseq.g44539.t1/Montipora_capitata_HIv3___RNAseq.g403.t1/Montipora_capitata_HIv3___RNAseq.g24524.t1/Montipora_capitata_HIv3___RNAseq.g13857.t1/Montipora_capitata_HIv3___RNAseq.g45527.t1/Montipora_capitata_HIv3___RNAseq.g35008.t1/Montipora_capitata_HIv3___RNAseq.g40982.t1a/Montipora_capitata_HIv3___RNAseq.g46378.t1/Montipora_capitata_HIv3___RNAseq.g24942.t1/Montipora_capitata_HIv3___RNAseq.g24095.t1/Montipora_capitata_HIv3___RNAseq.g44814.t1/Montipora_capitata_HIv3___RNAseq.g35720.t1/Montipora_capitata_HIv3___RNAseq.g18698.t1/Montipora_capitata_HIv3___RNAseq.g8971.t1/Montipora_capitata_HIv3___RNAseq.g9027.t1/Montipora_capitata_HIv3___RNAseq.g30678.t1b/Montipora_capitata_HIv3___RNAseq.g18395.t1/Montipora_capitata_HIv3___TS.g40519.t3/Montipora_capitata_HIv3___RNAseq.g15186.t1/Montipora_capitata_HIv3___TS.g5653.t1/Montipora_capitata_HIv3___RNAseq.g9338.t1/Montipora_capitata_HIv3___TS.g6904.t1/Montipora_capitata_HIv3___RNAseq.g14155.t1/Montipora_capitata_HIv3___RNAseq.g40991.t1/Montipora_capitata_HIv3___RNAseq.g14965.t1/Montipora_capitata_HIv3___TS.g4674.t2b/Montipora_capitata_HIv3___RNAseq.g47379.t1/Montipora_capitata_HIv3___RNAseq.g42740.t1/Montipora_capitata_HIv3___RNAseq.g43161.t1a/Montipora_capitata_HIv3___RNAseq.g41333.t1/Montipora_capitata_HIv3___RNAseq.g22408.t1/Montipora_capitata_HIv3___RNAseq.g1174.t1/Montipora_capitata_HIv3___RNAseq.g23247.t1/Montipora_capitata_HIv3___TS.g33523.t1/Montipora_capitata_HIv3___RNAseq.g39974.t1/Montipora_capitata_HIv3___RNAseq.g47955.t1/Montipora_capitata_HIv3___RNAseq.g15188.t1/Montipora_capitata_HIv3___RNAseq.g49962.t1/Montipora_capitata_HIv3___RNAseq.g18929.t1/Montipora_capitata_HIv3___TS.g28908.t1/Montipora_capitata_HIv3___RNAseq.g43111.t1/Montipora_capitata_HIv3___RNAseq.g33997.t1/Montipora_capitata_HIv3___RNAseq.g9561.t1/Montipora_capitata_HIv3___RNAseq.g15029.t1b/Montipora_capitata_HIv3___TS.g21895.t1/Montipora_capitata_HIv3___RNAseq.g44719.t1/Montipora_capitata_HIv3___RNAseq.g9087.t1/Montipora_capitata_HIv3___RNAseq.g15140.t1/Montipora_capitata_HIv3___RNAseq.g39706.t2/Montipora_capitata_HIv3___RNAseq.g8867.t2/Montipora_capitata_HIv3___RNAseq.g22853.t1/Montipora_capitata_HIv3___RNAseq.g44445.t1/Montipora_capitata_HIv3___TS.g32614.t2/Montipora_capitata_HIv3___RNAseq.g23366.t1/Montipora_capitata_HIv3___RNAseq.g11658.t1/Montipora_capitata_HIv3___RNAseq.g14488.t1/Montipora_capitata_HIv3___TS.g47745.t1/Montipora_capitata_HIv3___RNAseq.g37450.t2/Montipora_capitata_HIv3___RNAseq.g20763.t1/Montipora_capitata_HIv3___TS.g20607.t1,0.999912854140822,NA,NA
GO:0044237,cellular metabolic process,86/164,5012/8363,0.9795602538214174,0.7326222189401257,86,5012,Montipora_capitata_HIv3___TS.g33283.t2/Montipora_capitata_HIv3___RNAseq.g6978.t1/Montipora_capitata_HIv3___RNAseq.g36845.t1/Montipora_capitata_HIv3___TS.g1118.t1/Montipora_capitata_HIv3___RNAseq.g26525.t1/Montipora_capitata_HIv3___RNAseq.g15043.t1/Montipora_capitata_HIv3___RNAseq.g40427.t1a/Montipora_capitata_HIv3___RNAseq.g23762.t1/Montipora_capitata_HIv3___TS.g44069.t1/Montipora_capitata_HIv3___RNAseq.g5395.t1/Montipora_capitata_HIv3___RNAseq.g35299.t1/Montipora_capitata_HIv3___RNAseq.g11548.t1/Montipora_capitata_HIv3___RNAseq.g7741.t1/Montipora_capitata_HIv3___RNAseq.g33991.t1/Montipora_capitata_HIv3___RNAseq.g36836.t1/Montipora_capitata_HIv3___RNAseq.g34092.t1/Montipora_capitata_HIv3___RNAseq.g44519.t1/Montipora_capitata_HIv3___RNAseq.g46819.t1/Montipora_capitata_HIv3___RNAseq.g3374.t1/Montipora_capitata_HIv3___RNAseq.g44960.t2/Montipora_capitata_HIv3___RNAseq.g40983.t1/Montipora_capitata_HIv3___RNAseq.21467_t/Montipora_capitata_HIv3___RNAseq.g24836.t1/Montipora_capitata_HIv3___TS.g28995.t1/Montipora_capitata_HIv3___RNAseq.g37193.t1/Montipora_capitata_HIv3___RNAseq.g42608.t1/Montipora_capitata_HIv3___RNAseq.g12736.t1/Montipora_capitata_HIv3___RNAseq.g33992.t1/Montipora_capitata_HIv3___RNAseq.g27709.t1/Montipora_capitata_HIv3___RNAseq.g403.t1/Montipora_capitata_HIv3___RNAseq.g45527.t1/Montipora_capitata_HIv3___RNAseq.g668.t1/Montipora_capitata_HIv3___RNAseq.g46378.t1/Montipora_capitata_HIv3___RNAseq.g44562.t1/Montipora_capitata_HIv3___RNAseq.g24095.t1/Montipora_capitata_HIv3___RNAseq.g44814.t1/Montipora_capitata_HIv3___RNAseq.g8971.t1/Montipora_capitata_HIv3___RNAseq.g20771.t1/Montipora_capitata_HIv3___RNAseq.g30678.t1b/Montipora_capitata_HIv3___RNAseq.g18395.t1/Montipora_capitata_HIv3___TS.g40519.t3/Montipora_capitata_HIv3___RNAseq.g15186.t1/Montipora_capitata_HIv3___TS.g6904.t1/Montipora_capitata_HIv3___RNAseq.g40991.t1/Montipora_capitata_HIv3___RNAseq.g14965.t1/Montipora_capitata_HIv3___RNAseq.g47379.t1/Montipora_capitata_HIv3___RNAseq.g32149.t1/Montipora_capitata_HIv3___RNAseq.g37645.t1/Montipora_capitata_HIv3___RNAseq.g42092.t1/Montipora_capitata_HIv3___RNAseq.g42740.t1/Montipora_capitata_HIv3___RNAseq.g43161.t1a/Montipora_capitata_HIv3___RNAseq.g22553.t1c/Montipora_capitata_HIv3___RNAseq.g9918.t1/Montipora_capitata_HIv3___RNAseq.g33449.t1/Montipora_capitata_HIv3___RNAseq.g9060.t1/Montipora_capitata_HIv3___RNAseq.g1174.t1/Montipora_capitata_HIv3___RNAseq.g23247.t1/Montipora_capitata_HIv3___TS.g33523.t1/Montipora_capitata_HIv3___RNAseq.g39974.t1/Montipora_capitata_HIv3___RNAseq.g4241.t1/Montipora_capitata_HIv3___RNAseq.g47955.t1/Montipora_capitata_HIv3___RNAseq.g15188.t1/Montipora_capitata_HIv3___RNAseq.g11214.t1/Montipora_capitata_HIv3___RNAseq.g18929.t1/Montipora_capitata_HIv3___TS.g50674.t1/Montipora_capitata_HIv3___TS.g21293.t1/Montipora_capitata_HIv3___TS.g28908.t1/Montipora_capitata_HIv3___RNAseq.g43111.t1/Montipora_capitata_HIv3___RNAseq.g33997.t1/Montipora_capitata_HIv3___RNAseq.g6934.t1/Montipora_capitata_HIv3___RNAseq.g28116.t1/Montipora_capitata_HIv3___RNAseq.g9561.t1/Montipora_capitata_HIv3___RNAseq.g44719.t1/Montipora_capitata_HIv3___RNAseq.g9087.t1/Montipora_capitata_HIv3___RNAseq.g41226.t1/Montipora_capitata_HIv3___RNAseq.g14956.t1/Montipora_capitata_HIv3___RNAseq.g39706.t2/Montipora_capitata_HIv3___RNAseq.g8867.t2/Montipora_capitata_HIv3___RNAseq.g44445.t1/Montipora_capitata_HIv3___RNAseq.g14960.t1/Montipora_capitata_HIv3___RNAseq.g11658.t1/Montipora_capitata_HIv3___RNAseq.g14488.t1/Montipora_capitata_HIv3___TS.g47745.t1/Montipora_capitata_HIv3___RNAseq.g37450.t2/Montipora_capitata_HIv3___RNAseq.g20763.t1/Montipora_capitata_HIv3___TS.g46192.t3,0.999912854140822,cellular metabolic process,BP
GO:1901565,organonitrogen compound catabolic process,8/164,733/8363,0.9797668737844144,0.5286964788673854,8,733,Montipora_capitata_HIv3___TS.g1118.t1/Montipora_capitata_HIv3___RNAseq.g30678.t1b/Montipora_capitata_HIv3___RNAseq.g22553.t1c/Montipora_capitata_HIv3___RNAseq.g9918.t1/Montipora_capitata_HIv3___RNAseq.g23247.t1/Montipora_capitata_HIv3___RNAseq.g15188.t1/Montipora_capitata_HIv3___RNAseq.g44719.t1/Montipora_capitata_HIv3___RNAseq.g14488.t1,0.999912854140822,organonitrogen compound catabolic process,BP
GO:0022402,cell cycle process,10/164,865/8363,0.979808108481297,0.5577896436733554,10,865,Montipora_capitata_HIv3___RNAseq.g22865.t1/Montipora_capitata_HIv3___RNAseq.g7741.t1/Montipora_capitata_HIv3___RNAseq.g26580.t1/Montipora_capitata_HIv3___RNAseq.g39887.t1/Montipora_capitata_HIv3___RNAseq.g46378.t1/Montipora_capitata_HIv3___RNAseq.g14965.t1/Montipora_capitata_HIv3___RNAseq.g43161.t1a/Montipora_capitata_HIv3___RNAseq.g23247.t1/Montipora_capitata_HIv3___RNAseq.g15029.t1b/Montipora_capitata_HIv3___TS.g10359.t4b,0.999912854140822,cell cycle process,BP
GO:0002165,instar larval or pupal development,3/164,376/8363,0.9805544640724533,0.3909842713842264,3,376,Montipora_capitata_HIv3___RNAseq.g35008.t1/Montipora_capitata_HIv3___RNAseq.g15029.t1b/Montipora_capitata_HIv3___RNAseq.g18391.t1,0.999912854140822,instar larval or pupal development,BP
GO:0042886,amide transport,9/164,803/8363,0.9805944892044745,0.5415527381856152,9,803,Montipora_capitata_HIv3___RNAseq.g15043.t1/Montipora_capitata_HIv3___RNAseq.g13857.t1/Montipora_capitata_HIv3___RNAseq.g42740.t1/Montipora_capitata_HIv3___TS.g33523.t1/Montipora_capitata_HIv3___RNAseq.g15188.t1/Montipora_capitata_HIv3___RNAseq.g49962.t1/Montipora_capitata_HIv3___RNAseq.g15029.t1b/Montipora_capitata_HIv3___RNAseq.g41226.t1/Montipora_capitata_HIv3___RNAseq.g11658.t1,0.999912854140822,amide transport,BP
GO:0005634,nucleus,60/164,3696/8363,0.9809760838088186,0.7240383110802363,60,3696,Montipora_capitata_HIv3___RNAseq.g6978.t1/Montipora_capitata_HIv3___TS.g1118.t1/Montipora_capitata_HIv3___RNAseq.g23734.t3/Montipora_capitata_HIv3___RNAseq.g26525.t1/Montipora_capitata_HIv3___RNAseq.g35804.t1/Montipora_capitata_HIv3___RNAseq.g5395.t1/Montipora_capitata_HIv3___RNAseq.g22865.t1/Montipora_capitata_HIv3___RNAseq.g35299.t1/Montipora_capitata_HIv3___RNAseq.g7741.t1/Montipora_capitata_HIv3___RNAseq.g27546.t1/Montipora_capitata_HIv3___RNAseq.g34092.t1/Montipora_capitata_HIv3___RNAseq.g44519.t1/Montipora_capitata_HIv3___RNAseq.g44960.t2/Montipora_capitata_HIv3___RNAseq.21467_t/Montipora_capitata_HIv3___RNAseq.g42608.t1/Montipora_capitata_HIv3___RNAseq.g12736.t1/Montipora_capitata_HIv3___RNAseq.g403.t1/Montipora_capitata_HIv3___RNAseq.g13857.t1/Montipora_capitata_HIv3___RNAseq.g45527.t1/Montipora_capitata_HIv3___RNAseq.g35008.t1/Montipora_capitata_HIv3___RNAseq.g46378.t1/Montipora_capitata_HIv3___RNAseq.g44814.t1/Montipora_capitata_HIv3___RNAseq.g35720.t1/Montipora_capitata_HIv3___RNAseq.g8971.t1/Montipora_capitata_HIv3___RNAseq.g9027.t1/Montipora_capitata_HIv3___RNAseq.g30678.t1b/Montipora_capitata_HIv3___RNAseq.g18395.t1/Montipora_capitata_HIv3___TS.g40519.t3/Montipora_capitata_HIv3___RNAseq.g15186.t1/Montipora_capitata_HIv3___RNAseq.g36935.t1/Montipora_capitata_HIv3___RNAseq.g9338.t1/Montipora_capitata_HIv3___RNAseq.g40991.t1/Montipora_capitata_HIv3___RNAseq.g14965.t1/Montipora_capitata_HIv3___RNAseq.g47379.t1/Montipora_capitata_HIv3___RNAseq.g32149.t1/Montipora_capitata_HIv3___RNAseq.g42092.t1/Montipora_capitata_HIv3___RNAseq.g43161.t1a/Montipora_capitata_HIv3___RNAseq.g41333.t1/Montipora_capitata_HIv3___RNAseq.g22408.t1/Montipora_capitata_HIv3___RNAseq.g23247.t1/Montipora_capitata_HIv3___TS.g33523.t1/Montipora_capitata_HIv3___RNAseq.g47955.t1/Montipora_capitata_HIv3___RNAseq.g15188.t1/Montipora_capitata_HIv3___RNAseq.g18929.t1/Montipora_capitata_HIv3___RNAseq.g8270.t1/Montipora_capitata_HIv3___TS.g28908.t1/Montipora_capitata_HIv3___RNAseq.g43111.t1/Montipora_capitata_HIv3___RNAseq.g33997.t1/Montipora_capitata_HIv3___RNAseq.g15029.t1b/Montipora_capitata_HIv3___TS.g21895.t1/Montipora_capitata_HIv3___RNAseq.g44719.t1/Montipora_capitata_HIv3___RNAseq.g15140.t1/Montipora_capitata_HIv3___RNAseq.g22853.t1/Montipora_capitata_HIv3___RNAseq.g44445.t1/Montipora_capitata_HIv3___TS.g32614.t2/Montipora_capitata_HIv3___RNAseq.g11658.t1/Montipora_capitata_HIv3___TS.g47745.t1/Montipora_capitata_HIv3___RNAseq.g37450.t2/Montipora_capitata_HIv3___RNAseq.g20763.t1/Montipora_capitata_HIv3___TS.g46192.t3,0.999912854140822,nucleus,CC
GO:0034613,GO:0034613,13/164,1063/8363,0.9812343969644814,0.5862003346312376,13,1063,Montipora_capitata_HIv3___RNAseq.g15043.t1/Montipora_capitata_HIv3___RNAseq.g13857.t1/Montipora_capitata_HIv3___RNAseq.g668.t1/Montipora_capitata_HIv3___RNAseq.g42740.t1/Montipora_capitata_HIv3___TS.g33523.t1/Montipora_capitata_HIv3___RNAseq.g47955.t1/Montipora_capitata_HIv3___RNAseq.g15188.t1/Montipora_capitata_HIv3___RNAseq.g49962.t1/Montipora_capitata_HIv3___RNAseq.g15029.t1b/Montipora_capitata_HIv3___RNAseq.g41226.t1/Montipora_capitata_HIv3___RNAseq.g39706.t2/Montipora_capitata_HIv3___RNAseq.g11658.t1/Montipora_capitata_HIv3___TS.g47745.t1,0.999912854140822,NA,NA
GO:0009059,macromolecule biosynthetic process,17/164,1310/8363,0.9813055826254493,0.6177073274100868,17,1310,Montipora_capitata_HIv3___RNAseq.g7741.t1/Montipora_capitata_HIv3___RNAseq.g36836.t1/Montipora_capitata_HIv3___RNAseq.g3374.t1/Montipora_capitata_HIv3___RNAseq.g37193.t1/Montipora_capitata_HIv3___RNAseq.g12736.t1/Montipora_capitata_HIv3___RNAseq.g45527.t1/Montipora_capitata_HIv3___RNAseq.g44814.t1/Montipora_capitata_HIv3___RNAseq.g30678.t1b/Montipora_capitata_HIv3___RNAseq.g40991.t1/Montipora_capitata_HIv3___RNAseq.g14965.t1/Montipora_capitata_HIv3___RNAseq.g43161.t1a/Montipora_capitata_HIv3___RNAseq.g15188.t1/Montipora_capitata_HIv3___RNAseq.g43111.t1/Montipora_capitata_HIv3___RNAseq.g41226.t1/Montipora_capitata_HIv3___RNAseq.g44445.t1/Montipora_capitata_HIv3___RNAseq.g11658.t1/Montipora_capitata_HIv3___TS.g46192.t3,0.999912854140822,macromolecule biosynthetic process,BP
GO:0007049,cell cycle,11/164,937/8363,0.9814303406633,0.5647136722989599,11,937,Montipora_capitata_HIv3___RNAseq.g5395.t1/Montipora_capitata_HIv3___RNAseq.g22865.t1/Montipora_capitata_HIv3___RNAseq.g7741.t1/Montipora_capitata_HIv3___RNAseq.g26580.t1/Montipora_capitata_HIv3___RNAseq.g39887.t1/Montipora_capitata_HIv3___RNAseq.g46378.t1/Montipora_capitata_HIv3___RNAseq.g14965.t1/Montipora_capitata_HIv3___RNAseq.g43161.t1a/Montipora_capitata_HIv3___RNAseq.g23247.t1/Montipora_capitata_HIv3___RNAseq.g15029.t1b/Montipora_capitata_HIv3___TS.g10359.t4b,0.999912854140822,cell cycle,BP
GO:0005575,cellular_component,150/164,7943/8363,0.9822879823617434,0.5582468014977834,150,7943,Montipora_capitata_HIv3___TS.g33283.t2/Montipora_capitata_HIv3___RNAseq.g6978.t1/Montipora_capitata_HIv3___RNAseq.g36845.t1/Montipora_capitata_HIv3___RNAseq.g7992.t1/Montipora_capitata_HIv3___TS.g1118.t1/Montipora_capitata_HIv3___RNAseq.g36838.t1/Montipora_capitata_HIv3___RNAseq.g2559.t1a/Montipora_capitata_HIv3___RNAseq.g23734.t3/Montipora_capitata_HIv3___RNAseq.g26525.t1/Montipora_capitata_HIv3___RNAseq.g35804.t1/Montipora_capitata_HIv3___RNAseq.g15043.t1/Montipora_capitata_HIv3___RNAseq.g40427.t1a/Montipora_capitata_HIv3___RNAseq.g23762.t1/Montipora_capitata_HIv3___TS.g44069.t1/Montipora_capitata_HIv3___RNAseq.g5395.t1/Montipora_capitata_HIv3___RNAseq.g22865.t1/Montipora_capitata_HIv3___RNAseq.g35299.t1/Montipora_capitata_HIv3___RNAseq.g14946.t1/Montipora_capitata_HIv3___RNAseq.g11548.t1/Montipora_capitata_HIv3___RNAseq.g7741.t1/Montipora_capitata_HIv3___TS.g29616.t1/Montipora_capitata_HIv3___RNAseq.g7739.t1/Montipora_capitata_HIv3___RNAseq.g33991.t1/Montipora_capitata_HIv3___RNAseq.g26580.t1/Montipora_capitata_HIv3___RNAseq.g2640.t1a/Montipora_capitata_HIv3___TS.g5595.t1/Montipora_capitata_HIv3___RNAseq.g36836.t1/Montipora_capitata_HIv3___RNAseq.g27546.t1/Montipora_capitata_HIv3___TS.g27540.t1/Montipora_capitata_HIv3___RNAseq.g24139.t1/Montipora_capitata_HIv3___RNAseq.g12807.t1/Montipora_capitata_HIv3___RNAseq.g34092.t1/Montipora_capitata_HIv3___RNAseq.g44519.t1/Montipora_capitata_HIv3___RNAseq.g46819.t1/Montipora_capitata_HIv3___RNAseq.g12596.t1/Montipora_capitata_HIv3___RNAseq.g50691.t1/Montipora_capitata_HIv3___RNAseq.g11237.t1/Montipora_capitata_HIv3___RNAseq.g3374.t1/Montipora_capitata_HIv3___RNAseq.g44960.t2/Montipora_capitata_HIv3___TS.g32048.t1/Montipora_capitata_HIv3___RNAseq.g40983.t1/Montipora_capitata_HIv3___RNAseq.21467_t/Montipora_capitata_HIv3___RNAseq.g24836.t1/Montipora_capitata_HIv3___RNAseq.g13129.t1/Montipora_capitata_HIv3___RNAseq.g9026.t1/Montipora_capitata_HIv3___RNAseq.g37193.t1/Montipora_capitata_HIv3___RNAseq.g29879.t1b/Montipora_capitata_HIv3___RNAseq.g42608.t1/Montipora_capitata_HIv3___RNAseq.g39887.t1/Montipora_capitata_HIv3___RNAseq.g12736.t1/Montipora_capitata_HIv3___RNAseq.g33992.t1/Montipora_capitata_HIv3___TS.g40937.t3b/Montipora_capitata_HIv3___RNAseq.g38848.t1/Montipora_capitata_HIv3___RNAseq.g27709.t1/Montipora_capitata_HIv3___RNAseq.g39648.t1/Montipora_capitata_HIv3___RNAseq.g44539.t1/Montipora_capitata_HIv3___RNAseq.g49895.t2/Montipora_capitata_HIv3___RNAseq.g403.t1/Montipora_capitata_HIv3___RNAseq.g24524.t1/Montipora_capitata_HIv3___RNAseq.g13857.t1/Montipora_capitata_HIv3___RNAseq.g36907.t1/Montipora_capitata_HIv3___RNAseq.g45527.t1/Montipora_capitata_HIv3___RNAseq.g35008.t1/Montipora_capitata_HIv3___RNAseq.g668.t1/Montipora_capitata_HIv3___RNAseq.g40982.t1a/Montipora_capitata_HIv3___RNAseq.g46378.t1/Montipora_capitata_HIv3___RNAseq.g24942.t1/Montipora_capitata_HIv3___RNAseq.g24095.t1/Montipora_capitata_HIv3___RNAseq.g44814.t1/Montipora_capitata_HIv3___RNAseq.g20250.t1/Montipora_capitata_HIv3___RNAseq.g35720.t1/Montipora_capitata_HIv3___RNAseq.g12548.t1/Montipora_capitata_HIv3___RNAseq.g18698.t1/Montipora_capitata_HIv3___RNAseq.g14515.t1/Montipora_capitata_HIv3___RNAseq.g8971.t1/Montipora_capitata_HIv3___RNAseq.g9027.t1/Montipora_capitata_HIv3___RNAseq.g20771.t1/Montipora_capitata_HIv3___RNAseq.g41416.t2a/Montipora_capitata_HIv3___RNAseq.g30678.t1b/Montipora_capitata_HIv3___RNAseq.g18395.t1/Montipora_capitata_HIv3___TS.g40519.t3/Montipora_capitata_HIv3___RNAseq.g20807.t2/Montipora_capitata_HIv3___RNAseq.g15186.t1/Montipora_capitata_HIv3___RNAseq.g36935.t1/Montipora_capitata_HIv3___TS.g5653.t1/Montipora_capitata_HIv3___RNAseq.g9338.t1/Montipora_capitata_HIv3___TS.g6904.t1/Montipora_capitata_HIv3___RNAseq.g14155.t1/Montipora_capitata_HIv3___RNAseq.g40991.t1/Montipora_capitata_HIv3___RNAseq.g14965.t1/Montipora_capitata_HIv3___TS.g4674.t2b/Montipora_capitata_HIv3___RNAseq.g47379.t1/Montipora_capitata_HIv3___RNAseq.g32149.t1/Montipora_capitata_HIv3___RNAseq.g30434.t1/Montipora_capitata_HIv3___RNAseq.g37645.t1/Montipora_capitata_HIv3___RNAseq.g42092.t1/Montipora_capitata_HIv3___RNAseq.g40284.t1/Montipora_capitata_HIv3___RNAseq.g42740.t1/Montipora_capitata_HIv3___RNAseq.g43161.t1a/Montipora_capitata_HIv3___RNAseq.g22553.t1c/Montipora_capitata_HIv3___RNAseq.g41333.t1/Montipora_capitata_HIv3___RNAseq.g9918.t1/Montipora_capitata_HIv3___RNAseq.g33449.t1/Montipora_capitata_HIv3___RNAseq.g22408.t1/Montipora_capitata_HIv3___RNAseq.g9060.t1/Montipora_capitata_HIv3___RNAseq.g1174.t1/Montipora_capitata_HIv3___RNAseq.g23247.t1/Montipora_capitata_HIv3___TS.g33523.t1/Montipora_capitata_HIv3___RNAseq.g39974.t1/Montipora_capitata_HIv3___RNAseq.g4241.t1/Montipora_capitata_HIv3___RNAseq.g47955.t1/Montipora_capitata_HIv3___RNAseq.g15188.t1/Montipora_capitata_HIv3___RNAseq.g49962.t1/Montipora_capitata_HIv3___RNAseq.g11214.t1/Montipora_capitata_HIv3___RNAseq.g18929.t1/Montipora_capitata_HIv3___TS.g50674.t1/Montipora_capitata_HIv3___RNAseq.g8270.t1/Montipora_capitata_HIv3___TS.g28908.t1/Montipora_capitata_HIv3___RNAseq.g43111.t1/Montipora_capitata_HIv3___RNAseq.g33997.t1/Montipora_capitata_HIv3___RNAseq.g6934.t1/Montipora_capitata_HIv3___RNAseq.g28116.t1/Montipora_capitata_HIv3___RNAseq.g9561.t1/Montipora_capitata_HIv3___RNAseq.g15029.t1b/Montipora_capitata_HIv3___RNAseq.g4457.t1/Montipora_capitata_HIv3___TS.g21895.t1/Montipora_capitata_HIv3___RNAseq.g44719.t1/Montipora_capitata_HIv3___RNAseq.g9087.t1/Montipora_capitata_HIv3___RNAseq.g14625.t1/Montipora_capitata_HIv3___TS.g10359.t4b/Montipora_capitata_HIv3___RNAseq.g15140.t1/Montipora_capitata_HIv3___RNAseq.g41226.t1/Montipora_capitata_HIv3___RNAseq.g14956.t1/Montipora_capitata_HIv3___RNAseq.g39706.t2/Montipora_capitata_HIv3___RNAseq.g8867.t2/Montipora_capitata_HIv3___RNAseq.g12947.t1/Montipora_capitata_HIv3___RNAseq.g22853.t1/Montipora_capitata_HIv3___RNAseq.g44445.t1/Montipora_capitata_HIv3___RNAseq.g14960.t1/Montipora_capitata_HIv3___TS.g32614.t2/Montipora_capitata_HIv3___RNAseq.g23366.t1/Montipora_capitata_HIv3___RNAseq.g18391.t1/Montipora_capitata_HIv3___RNAseq.g11658.t1/Montipora_capitata_HIv3___RNAseq.g14488.t1/Montipora_capitata_HIv3___TS.g47745.t1/Montipora_capitata_HIv3___RNAseq.g37450.t2/Montipora_capitata_HIv3___RNAseq.g20763.t1/Montipora_capitata_HIv3___TS.g20607.t1/Montipora_capitata_HIv3___TS.g46192.t3/Montipora_capitata_HIv3___RNAseq.g50276.t1,0.999912854140822,cellular_component,CC
GO:0010629,negative regulation of gene expression,13/164,1072/8363,0.982953091659307,0.5804872939664821,13,1072,Montipora_capitata_HIv3___RNAseq.g44960.t2/Montipora_capitata_HIv3___RNAseq.21467_t/Montipora_capitata_HIv3___RNAseq.g42608.t1/Montipora_capitata_HIv3___RNAseq.g35008.t1/Montipora_capitata_HIv3___RNAseq.g44814.t1/Montipora_capitata_HIv3___RNAseq.g8971.t1/Montipora_capitata_HIv3___RNAseq.g42092.t1/Montipora_capitata_HIv3___RNAseq.g4241.t1/Montipora_capitata_HIv3___RNAseq.g18929.t1/Montipora_capitata_HIv3___RNAseq.g8270.t1/Montipora_capitata_HIv3___RNAseq.g39706.t2/Montipora_capitata_HIv3___RNAseq.g11658.t1/Montipora_capitata_HIv3___TS.g47745.t1,0.999912854140822,negative regulation of gene expression,BP
GO:0007275,multicellular organism development,54/164,3395/8363,0.9830318424680213,0.7138374498887967,54,3395,Montipora_capitata_HIv3___RNAseq.g6978.t1/Montipora_capitata_HIv3___RNAseq.g2559.t1a/Montipora_capitata_HIv3___RNAseq.g23734.t3/Montipora_capitata_HIv3___RNAseq.g35804.t1/Montipora_capitata_HIv3___RNAseq.g15043.t1/Montipora_capitata_HIv3___RNAseq.g5395.t1/Montipora_capitata_HIv3___RNAseq.g22865.t1/Montipora_capitata_HIv3___RNAseq.g7741.t1/Montipora_capitata_HIv3___RNAseq.g26580.t1/Montipora_capitata_HIv3___RNAseq.g3374.t1/Montipora_capitata_HIv3___RNAseq.g44960.t2/Montipora_capitata_HIv3___RNAseq.21467_t/Montipora_capitata_HIv3___RNAseq.g13129.t1/Montipora_capitata_HIv3___RNAseq.g42608.t1/Montipora_capitata_HIv3___RNAseq.g13857.t1/Montipora_capitata_HIv3___RNAseq.g36907.t1/Montipora_capitata_HIv3___RNAseq.g35008.t1/Montipora_capitata_HIv3___RNAseq.g668.t1/Montipora_capitata_HIv3___RNAseq.g46378.t1/Montipora_capitata_HIv3___RNAseq.g24942.t1/Montipora_capitata_HIv3___RNAseq.g44814.t1/Montipora_capitata_HIv3___RNAseq.g35720.t1/Montipora_capitata_HIv3___RNAseq.g18698.t1/Montipora_capitata_HIv3___RNAseq.g8971.t1/Montipora_capitata_HIv3___TS.g4674.t2b/Montipora_capitata_HIv3___RNAseq.g24020.t1/Montipora_capitata_HIv3___RNAseq.g42092.t1/Montipora_capitata_HIv3___RNAseq.g42740.t1/Montipora_capitata_HIv3___RNAseq.g43161.t1a/Montipora_capitata_HIv3___RNAseq.g41333.t1/Montipora_capitata_HIv3___RNAseq.g9918.t1/Montipora_capitata_HIv3___RNAseq.g33449.t1/Montipora_capitata_HIv3___RNAseq.g1174.t1/Montipora_capitata_HIv3___RNAseq.g23247.t1/Montipora_capitata_HIv3___TS.g33523.t1/Montipora_capitata_HIv3___RNAseq.g39974.t1/Montipora_capitata_HIv3___RNAseq.g47955.t1/Montipora_capitata_HIv3___RNAseq.g15188.t1/Montipora_capitata_HIv3___RNAseq.g8270.t1/Montipora_capitata_HIv3___RNAseq.g6934.t1/Montipora_capitata_HIv3___RNAseq.g28116.t1/Montipora_capitata_HIv3___RNAseq.g15029.t1b/Montipora_capitata_HIv3___RNAseq.g4457.t1/Montipora_capitata_HIv3___RNAseq.g14625.t1/Montipora_capitata_HIv3___TS.g10359.t4b/Montipora_capitata_HIv3___RNAseq.g39706.t2/Montipora_capitata_HIv3___RNAseq.g44445.t1/Montipora_capitata_HIv3___RNAseq.g18391.t1/Montipora_capitata_HIv3___RNAseq.g14488.t1/Montipora_capitata_HIv3___TS.g47745.t1/Montipora_capitata_HIv3___RNAseq.g37450.t2/Montipora_capitata_HIv3___TS.g20607.t1/Montipora_capitata_HIv3___TS.g46192.t3/Montipora_capitata_HIv3___RNAseq.g50276.t1,0.999912854140822,multicellular organism development,BP
GO:0055086,nucleobase-containing small molecule metabolic process,5/164,538/8363,0.9831667297651471,0.4523183714730541,5,538,Montipora_capitata_HIv3___RNAseq.g9561.t1/Montipora_capitata_HIv3___RNAseq.g14956.t1/Montipora_capitata_HIv3___RNAseq.g8867.t2/Montipora_capitata_HIv3___RNAseq.g14960.t1/Montipora_capitata_HIv3___RNAseq.g20763.t1,0.999912854140822,nucleobase-containing small molecule metabolic process,BP
GO:0044429,GO:0044429,7/164,682/8363,0.9836400019644134,0.4970167770832426,7,682,Montipora_capitata_HIv3___RNAseq.g40427.t1a/Montipora_capitata_HIv3___RNAseq.g40982.t1a/Montipora_capitata_HIv3___RNAseq.g46378.t1/Montipora_capitata_HIv3___RNAseq.g24095.t1/Montipora_capitata_HIv3___RNAseq.g1174.t1/Montipora_capitata_HIv3___RNAseq.g9087.t1/Montipora_capitata_HIv3___RNAseq.g14488.t1,0.999912854140822,NA,NA
GO:0043412,macromolecule modification,28/164,1975/8363,0.9841431481249987,0.661153322729404,28,1975,Montipora_capitata_HIv3___RNAseq.g6978.t1/Montipora_capitata_HIv3___TS.g1118.t1/Montipora_capitata_HIv3___RNAseq.g15043.t1/Montipora_capitata_HIv3___RNAseq.g23762.t1/Montipora_capitata_HIv3___RNAseq.g5395.t1/Montipora_capitata_HIv3___RNAseq.g35299.t1/Montipora_capitata_HIv3___RNAseq.g11548.t1/Montipora_capitata_HIv3___RNAseq.g36836.t1/Montipora_capitata_HIv3___RNAseq.g46819.t1/Montipora_capitata_HIv3___RNAseq.g3374.t1/Montipora_capitata_HIv3___RNAseq.g44960.t2/Montipora_capitata_HIv3___RNAseq.21467_t/Montipora_capitata_HIv3___RNAseq.g44562.t1/Montipora_capitata_HIv3___RNAseq.g44814.t1/Montipora_capitata_HIv3___RNAseq.g8971.t1/Montipora_capitata_HIv3___RNAseq.g30678.t1b/Montipora_capitata_HIv3___RNAseq.g15186.t1/Montipora_capitata_HIv3___RNAseq.g14965.t1/Montipora_capitata_HIv3___RNAseq.g32149.t1/Montipora_capitata_HIv3___RNAseq.g42092.t1/Montipora_capitata_HIv3___RNAseq.g22553.t1c/Montipora_capitata_HIv3___RNAseq.g9060.t1/Montipora_capitata_HIv3___RNAseq.g1174.t1/Montipora_capitata_HIv3___RNAseq.g23247.t1/Montipora_capitata_HIv3___RNAseq.g39974.t1/Montipora_capitata_HIv3___RNAseq.g15188.t1/Montipora_capitata_HIv3___RNAseq.g18929.t1/Montipora_capitata_HIv3___RNAseq.g28116.t1,0.999912854140822,macromolecule modification,BP
GO:0044422,GO:0044422,92/164,5344/8363,0.9846407088876443,0.7170411325391596,92,5344,Montipora_capitata_HIv3___RNAseq.g6978.t1/Montipora_capitata_HIv3___RNAseq.g36845.t1/Montipora_capitata_HIv3___TS.g1118.t1/Montipora_capitata_HIv3___RNAseq.g36838.t1/Montipora_capitata_HIv3___RNAseq.g2559.t1a/Montipora_capitata_HIv3___RNAseq.g23734.t3/Montipora_capitata_HIv3___RNAseq.g26525.t1/Montipora_capitata_HIv3___RNAseq.g35804.t1/Montipora_capitata_HIv3___RNAseq.g40427.t1a/Montipora_capitata_HIv3___RNAseq.g5395.t1/Montipora_capitata_HIv3___RNAseq.g22865.t1/Montipora_capitata_HIv3___RNAseq.g35299.t1/Montipora_capitata_HIv3___RNAseq.g7741.t1/Montipora_capitata_HIv3___RNAseq.g7739.t1/Montipora_capitata_HIv3___RNAseq.g26580.t1/Montipora_capitata_HIv3___RNAseq.g2640.t1a/Montipora_capitata_HIv3___TS.g5595.t1/Montipora_capitata_HIv3___RNAseq.g36836.t1/Montipora_capitata_HIv3___RNAseq.g27546.t1/Montipora_capitata_HIv3___RNAseq.g24139.t1/Montipora_capitata_HIv3___RNAseq.g12807.t1/Montipora_capitata_HIv3___RNAseq.g34092.t1/Montipora_capitata_HIv3___RNAseq.g44519.t1/Montipora_capitata_HIv3___RNAseq.g50691.t1/Montipora_capitata_HIv3___RNAseq.g3374.t1/Montipora_capitata_HIv3___RNAseq.g44960.t2/Montipora_capitata_HIv3___RNAseq.21467_t/Montipora_capitata_HIv3___RNAseq.g37193.t1/Montipora_capitata_HIv3___RNAseq.g42608.t1/Montipora_capitata_HIv3___RNAseq.g39887.t1/Montipora_capitata_HIv3___RNAseq.g12736.t1/Montipora_capitata_HIv3___RNAseq.g38848.t1/Montipora_capitata_HIv3___RNAseq.g44539.t1/Montipora_capitata_HIv3___RNAseq.g403.t1/Montipora_capitata_HIv3___RNAseq.g24524.t1/Montipora_capitata_HIv3___RNAseq.g13857.t1/Montipora_capitata_HIv3___RNAseq.g45527.t1/Montipora_capitata_HIv3___RNAseq.g35008.t1/Montipora_capitata_HIv3___RNAseq.g40982.t1a/Montipora_capitata_HIv3___RNAseq.g46378.t1/Montipora_capitata_HIv3___RNAseq.g24942.t1/Montipora_capitata_HIv3___RNAseq.g24095.t1/Montipora_capitata_HIv3___RNAseq.g44814.t1/Montipora_capitata_HIv3___RNAseq.g35720.t1/Montipora_capitata_HIv3___RNAseq.g18698.t1/Montipora_capitata_HIv3___RNAseq.g8971.t1/Montipora_capitata_HIv3___RNAseq.g9027.t1/Montipora_capitata_HIv3___RNAseq.g30678.t1b/Montipora_capitata_HIv3___RNAseq.g18395.t1/Montipora_capitata_HIv3___TS.g40519.t3/Montipora_capitata_HIv3___RNAseq.g15186.t1/Montipora_capitata_HIv3___TS.g5653.t1/Montipora_capitata_HIv3___RNAseq.g9338.t1/Montipora_capitata_HIv3___TS.g6904.t1/Montipora_capitata_HIv3___RNAseq.g14155.t1/Montipora_capitata_HIv3___RNAseq.g40991.t1/Montipora_capitata_HIv3___RNAseq.g14965.t1/Montipora_capitata_HIv3___TS.g4674.t2b/Montipora_capitata_HIv3___RNAseq.g47379.t1/Montipora_capitata_HIv3___RNAseq.g42740.t1/Montipora_capitata_HIv3___RNAseq.g43161.t1a/Montipora_capitata_HIv3___RNAseq.g41333.t1/Montipora_capitata_HIv3___RNAseq.g22408.t1/Montipora_capitata_HIv3___RNAseq.g1174.t1/Montipora_capitata_HIv3___RNAseq.g23247.t1/Montipora_capitata_HIv3___TS.g33523.t1/Montipora_capitata_HIv3___RNAseq.g39974.t1/Montipora_capitata_HIv3___RNAseq.g47955.t1/Montipora_capitata_HIv3___RNAseq.g15188.t1/Montipora_capitata_HIv3___RNAseq.g49962.t1/Montipora_capitata_HIv3___RNAseq.g18929.t1/Montipora_capitata_HIv3___TS.g28908.t1/Montipora_capitata_HIv3___RNAseq.g43111.t1/Montipora_capitata_HIv3___RNAseq.g33997.t1/Montipora_capitata_HIv3___RNAseq.g9561.t1/Montipora_capitata_HIv3___RNAseq.g15029.t1b/Montipora_capitata_HIv3___TS.g21895.t1/Montipora_capitata_HIv3___RNAseq.g44719.t1/Montipora_capitata_HIv3___RNAseq.g9087.t1/Montipora_capitata_HIv3___RNAseq.g15140.t1/Montipora_capitata_HIv3___RNAseq.g39706.t2/Montipora_capitata_HIv3___RNAseq.g8867.t2/Montipora_capitata_HIv3___RNAseq.g22853.t1/Montipora_capitata_HIv3___RNAseq.g44445.t1/Montipora_capitata_HIv3___TS.g32614.t2/Montipora_capitata_HIv3___RNAseq.g23366.t1/Montipora_capitata_HIv3___RNAseq.g11658.t1/Montipora_capitata_HIv3___RNAseq.g14488.t1/Montipora_capitata_HIv3___TS.g47745.t1/Montipora_capitata_HIv3___RNAseq.g37450.t2/Montipora_capitata_HIv3___RNAseq.g20763.t1/Montipora_capitata_HIv3___TS.g20607.t1,0.999912854140822,NA,NA
GO:0007010,cytoskeleton organization,8/164,757/8363,0.9849329031490457,0.510113642038971,8,757,Montipora_capitata_HIv3___TS.g33283.t2/Montipora_capitata_HIv3___RNAseq.g36838.t1/Montipora_capitata_HIv3___RNAseq.g26580.t1/Montipora_capitata_HIv3___TS.g5595.t1/Montipora_capitata_HIv3___RNAseq.g39887.t1/Montipora_capitata_HIv3___RNAseq.g24942.t1/Montipora_capitata_HIv3___RNAseq.g15029.t1b/Montipora_capitata_HIv3___TS.g10359.t4b,0.999912854140822,cytoskeleton organization,BP
GO:0006139,nucleobase-containing compound metabolic process,32/164,2220/8363,0.9863523763700242,0.6660603804560632,32,2220,Montipora_capitata_HIv3___TS.g1118.t1/Montipora_capitata_HIv3___RNAseq.g26525.t1/Montipora_capitata_HIv3___RNAseq.g40427.t1a/Montipora_capitata_HIv3___RNAseq.g7741.t1/Montipora_capitata_HIv3___TS.g28995.t1/Montipora_capitata_HIv3___RNAseq.g42608.t1/Montipora_capitata_HIv3___RNAseq.g12736.t1/Montipora_capitata_HIv3___RNAseq.g403.t1/Montipora_capitata_HIv3___RNAseq.g45527.t1/Montipora_capitata_HIv3___RNAseq.g44814.t1/Montipora_capitata_HIv3___RNAseq.g30678.t1b/Montipora_capitata_HIv3___RNAseq.g18395.t1/Montipora_capitata_HIv3___TS.g40519.t3/Montipora_capitata_HIv3___RNAseq.g15186.t1/Montipora_capitata_HIv3___RNAseq.g40991.t1/Montipora_capitata_HIv3___RNAseq.g14965.t1/Montipora_capitata_HIv3___RNAseq.g47379.t1/Montipora_capitata_HIv3___RNAseq.g43161.t1a/Montipora_capitata_HIv3___RNAseq.g4241.t1/Montipora_capitata_HIv3___RNAseq.g47955.t1/Montipora_capitata_HIv3___RNAseq.g18929.t1/Montipora_capitata_HIv3___TS.g21293.t1/Montipora_capitata_HIv3___TS.g28908.t1/Montipora_capitata_HIv3___RNAseq.g9561.t1/Montipora_capitata_HIv3___RNAseq.g14956.t1/Montipora_capitata_HIv3___RNAseq.g8867.t2/Montipora_capitata_HIv3___RNAseq.g44445.t1/Montipora_capitata_HIv3___RNAseq.g14960.t1/Montipora_capitata_HIv3___RNAseq.g11658.t1/Montipora_capitata_HIv3___TS.g47745.t1/Montipora_capitata_HIv3___RNAseq.g20763.t1/Montipora_capitata_HIv3___TS.g46192.t3,0.999912854140822,nucleobase-containing compound metabolic process,BP
GO:0031400,negative regulation of protein modification process,3/164,401/8363,0.9869716925799326,0.36525569514746126,3,401,Montipora_capitata_HIv3___TS.g1118.t1/Montipora_capitata_HIv3___RNAseq.g5395.t1/Montipora_capitata_HIv3___RNAseq.g7741.t1,0.999912854140822,negative regulation of protein modification process,BP
GO:0044267,GO:0044267,33/164,2283/8363,0.9871010773952573,0.6660478930396184,33,2283,Montipora_capitata_HIv3___RNAseq.g6978.t1/Montipora_capitata_HIv3___TS.g1118.t1/Montipora_capitata_HIv3___RNAseq.g15043.t1/Montipora_capitata_HIv3___RNAseq.g23762.t1/Montipora_capitata_HIv3___RNAseq.g5395.t1/Montipora_capitata_HIv3___RNAseq.g35299.t1/Montipora_capitata_HIv3___RNAseq.g11548.t1/Montipora_capitata_HIv3___RNAseq.g36836.t1/Montipora_capitata_HIv3___RNAseq.g46819.t1/Montipora_capitata_HIv3___RNAseq.g3374.t1/Montipora_capitata_HIv3___RNAseq.g44960.t2/Montipora_capitata_HIv3___RNAseq.21467_t/Montipora_capitata_HIv3___RNAseq.g44562.t1/Montipora_capitata_HIv3___RNAseq.g44814.t1/Montipora_capitata_HIv3___RNAseq.g8971.t1/Montipora_capitata_HIv3___RNAseq.g30678.t1b/Montipora_capitata_HIv3___RNAseq.g15186.t1/Montipora_capitata_HIv3___RNAseq.g40991.t1/Montipora_capitata_HIv3___RNAseq.g14965.t1/Montipora_capitata_HIv3___RNAseq.g32149.t1/Montipora_capitata_HIv3___RNAseq.g42092.t1/Montipora_capitata_HIv3___RNAseq.g42740.t1/Montipora_capitata_HIv3___RNAseq.g22553.t1c/Montipora_capitata_HIv3___RNAseq.g9060.t1/Montipora_capitata_HIv3___RNAseq.g1174.t1/Montipora_capitata_HIv3___RNAseq.g23247.t1/Montipora_capitata_HIv3___RNAseq.g39974.t1/Montipora_capitata_HIv3___RNAseq.g15188.t1/Montipora_capitata_HIv3___RNAseq.g43111.t1/Montipora_capitata_HIv3___RNAseq.g28116.t1/Montipora_capitata_HIv3___RNAseq.g41226.t1/Montipora_capitata_HIv3___RNAseq.g39706.t2/Montipora_capitata_HIv3___RNAseq.g11658.t1,0.999912854140822,NA,NA
GO:0043227,membrane-bounded organelle,107/164,6088/8363,0.9873719936088892,0.6961726692242627,107,6088,Montipora_capitata_HIv3___TS.g33283.t2/Montipora_capitata_HIv3___RNAseq.g6978.t1/Montipora_capitata_HIv3___RNAseq.g36845.t1/Montipora_capitata_HIv3___TS.g1118.t1/Montipora_capitata_HIv3___RNAseq.g23734.t3/Montipora_capitata_HIv3___RNAseq.g26525.t1/Montipora_capitata_HIv3___RNAseq.g35804.t1/Montipora_capitata_HIv3___RNAseq.g40427.t1a/Montipora_capitata_HIv3___RNAseq.g5395.t1/Montipora_capitata_HIv3___RNAseq.g22865.t1/Montipora_capitata_HIv3___RNAseq.g35299.t1/Montipora_capitata_HIv3___RNAseq.g11548.t1/Montipora_capitata_HIv3___RNAseq.g7741.t1/Montipora_capitata_HIv3___RNAseq.g7739.t1/Montipora_capitata_HIv3___RNAseq.g2640.t1a/Montipora_capitata_HIv3___RNAseq.g36836.t1/Montipora_capitata_HIv3___RNAseq.g27546.t1/Montipora_capitata_HIv3___RNAseq.g24139.t1/Montipora_capitata_HIv3___RNAseq.g34092.t1/Montipora_capitata_HIv3___RNAseq.g44519.t1/Montipora_capitata_HIv3___RNAseq.g50691.t1/Montipora_capitata_HIv3___RNAseq.g3374.t1/Montipora_capitata_HIv3___RNAseq.g44960.t2/Montipora_capitata_HIv3___RNAseq.21467_t/Montipora_capitata_HIv3___RNAseq.g9026.t1/Montipora_capitata_HIv3___RNAseq.g37193.t1/Montipora_capitata_HIv3___RNAseq.g42608.t1/Montipora_capitata_HIv3___RNAseq.g12736.t1/Montipora_capitata_HIv3___TS.g40937.t3b/Montipora_capitata_HIv3___RNAseq.g38848.t1/Montipora_capitata_HIv3___RNAseq.g44539.t1/Montipora_capitata_HIv3___RNAseq.g403.t1/Montipora_capitata_HIv3___RNAseq.g24524.t1/Montipora_capitata_HIv3___RNAseq.g13857.t1/Montipora_capitata_HIv3___RNAseq.g36907.t1/Montipora_capitata_HIv3___RNAseq.g45527.t1/Montipora_capitata_HIv3___RNAseq.g35008.t1/Montipora_capitata_HIv3___RNAseq.g668.t1/Montipora_capitata_HIv3___RNAseq.g40982.t1a/Montipora_capitata_HIv3___RNAseq.g46378.t1/Montipora_capitata_HIv3___RNAseq.g24942.t1/Montipora_capitata_HIv3___RNAseq.g24095.t1/Montipora_capitata_HIv3___RNAseq.g44814.t1/Montipora_capitata_HIv3___RNAseq.g35720.t1/Montipora_capitata_HIv3___RNAseq.g12548.t1/Montipora_capitata_HIv3___RNAseq.g14515.t1/Montipora_capitata_HIv3___RNAseq.g8971.t1/Montipora_capitata_HIv3___RNAseq.g9027.t1/Montipora_capitata_HIv3___RNAseq.g30678.t1b/Montipora_capitata_HIv3___RNAseq.g18395.t1/Montipora_capitata_HIv3___TS.g40519.t3/Montipora_capitata_HIv3___RNAseq.g20807.t2/Montipora_capitata_HIv3___RNAseq.g15186.t1/Montipora_capitata_HIv3___RNAseq.g36935.t1/Montipora_capitata_HIv3___RNAseq.g9338.t1/Montipora_capitata_HIv3___TS.g6904.t1/Montipora_capitata_HIv3___RNAseq.g14155.t1/Montipora_capitata_HIv3___RNAseq.g40991.t1/Montipora_capitata_HIv3___RNAseq.g14965.t1/Montipora_capitata_HIv3___TS.g4674.t2b/Montipora_capitata_HIv3___RNAseq.g47379.t1/Montipora_capitata_HIv3___RNAseq.g32149.t1/Montipora_capitata_HIv3___RNAseq.g30434.t1/Montipora_capitata_HIv3___RNAseq.g42092.t1/Montipora_capitata_HIv3___RNAseq.g40284.t1/Montipora_capitata_HIv3___RNAseq.g42740.t1/Montipora_capitata_HIv3___RNAseq.g43161.t1a/Montipora_capitata_HIv3___RNAseq.g22553.t1c/Montipora_capitata_HIv3___RNAseq.g41333.t1/Montipora_capitata_HIv3___RNAseq.g33449.t1/Montipora_capitata_HIv3___RNAseq.g22408.t1/Montipora_capitata_HIv3___RNAseq.g1174.t1/Montipora_capitata_HIv3___RNAseq.g23247.t1/Montipora_capitata_HIv3___TS.g33523.t1/Montipora_capitata_HIv3___RNAseq.g39974.t1/Montipora_capitata_HIv3___RNAseq.g47955.t1/Montipora_capitata_HIv3___RNAseq.g15188.t1/Montipora_capitata_HIv3___RNAseq.g49962.t1/Montipora_capitata_HIv3___RNAseq.g18929.t1/Montipora_capitata_HIv3___TS.g50674.t1/Montipora_capitata_HIv3___RNAseq.g8270.t1/Montipora_capitata_HIv3___TS.g28908.t1/Montipora_capitata_HIv3___RNAseq.g43111.t1/Montipora_capitata_HIv3___RNAseq.g33997.t1/Montipora_capitata_HIv3___RNAseq.g9561.t1/Montipora_capitata_HIv3___RNAseq.g15029.t1b/Montipora_capitata_HIv3___TS.g21895.t1/Montipora_capitata_HIv3___RNAseq.g44719.t1/Montipora_capitata_HIv3___RNAseq.g9087.t1/Montipora_capitata_HIv3___RNAseq.g14625.t1/Montipora_capitata_HIv3___RNAseq.g15140.t1/Montipora_capitata_HIv3___RNAseq.g14956.t1/Montipora_capitata_HIv3___RNAseq.g39706.t2/Montipora_capitata_HIv3___RNAseq.g8867.t2/Montipora_capitata_HIv3___RNAseq.g22853.t1/Montipora_capitata_HIv3___RNAseq.g44445.t1/Montipora_capitata_HIv3___RNAseq.g14960.t1/Montipora_capitata_HIv3___TS.g32614.t2/Montipora_capitata_HIv3___RNAseq.g23366.t1/Montipora_capitata_HIv3___RNAseq.g18391.t1/Montipora_capitata_HIv3___RNAseq.g11658.t1/Montipora_capitata_HIv3___RNAseq.g14488.t1/Montipora_capitata_HIv3___TS.g47745.t1/Montipora_capitata_HIv3___RNAseq.g37450.t2/Montipora_capitata_HIv3___RNAseq.g20763.t1/Montipora_capitata_HIv3___TS.g20607.t1/Montipora_capitata_HIv3___TS.g46192.t3,0.999912854140822,membrane-bounded organelle,CC
GO:0044464,GO:0044464,145/164,7767/8363,0.9875257683296947,0.5777740523527116,145,7767,Montipora_capitata_HIv3___TS.g33283.t2/Montipora_capitata_HIv3___RNAseq.g6978.t1/Montipora_capitata_HIv3___RNAseq.g36845.t1/Montipora_capitata_HIv3___RNAseq.g7992.t1/Montipora_capitata_HIv3___TS.g1118.t1/Montipora_capitata_HIv3___RNAseq.g36838.t1/Montipora_capitata_HIv3___RNAseq.g2559.t1a/Montipora_capitata_HIv3___RNAseq.g23734.t3/Montipora_capitata_HIv3___RNAseq.g26525.t1/Montipora_capitata_HIv3___RNAseq.g35804.t1/Montipora_capitata_HIv3___RNAseq.g15043.t1/Montipora_capitata_HIv3___RNAseq.g40427.t1a/Montipora_capitata_HIv3___RNAseq.g23762.t1/Montipora_capitata_HIv3___TS.g44069.t1/Montipora_capitata_HIv3___RNAseq.g5395.t1/Montipora_capitata_HIv3___RNAseq.g22865.t1/Montipora_capitata_HIv3___RNAseq.g35299.t1/Montipora_capitata_HIv3___RNAseq.g11548.t1/Montipora_capitata_HIv3___RNAseq.g7741.t1/Montipora_capitata_HIv3___TS.g29616.t1/Montipora_capitata_HIv3___RNAseq.g7739.t1/Montipora_capitata_HIv3___RNAseq.g26580.t1/Montipora_capitata_HIv3___RNAseq.g2640.t1a/Montipora_capitata_HIv3___TS.g5595.t1/Montipora_capitata_HIv3___RNAseq.g36836.t1/Montipora_capitata_HIv3___RNAseq.g27546.t1/Montipora_capitata_HIv3___TS.g27540.t1/Montipora_capitata_HIv3___RNAseq.g24139.t1/Montipora_capitata_HIv3___RNAseq.g12807.t1/Montipora_capitata_HIv3___RNAseq.g34092.t1/Montipora_capitata_HIv3___RNAseq.g44519.t1/Montipora_capitata_HIv3___RNAseq.g46819.t1/Montipora_capitata_HIv3___RNAseq.g12596.t1/Montipora_capitata_HIv3___RNAseq.g50691.t1/Montipora_capitata_HIv3___RNAseq.g11237.t1/Montipora_capitata_HIv3___RNAseq.g3374.t1/Montipora_capitata_HIv3___RNAseq.g44960.t2/Montipora_capitata_HIv3___RNAseq.g40983.t1/Montipora_capitata_HIv3___RNAseq.21467_t/Montipora_capitata_HIv3___RNAseq.g24836.t1/Montipora_capitata_HIv3___RNAseq.g13129.t1/Montipora_capitata_HIv3___RNAseq.g9026.t1/Montipora_capitata_HIv3___RNAseq.g37193.t1/Montipora_capitata_HIv3___RNAseq.g29879.t1b/Montipora_capitata_HIv3___RNAseq.g42608.t1/Montipora_capitata_HIv3___RNAseq.g39887.t1/Montipora_capitata_HIv3___RNAseq.g12736.t1/Montipora_capitata_HIv3___TS.g40937.t3b/Montipora_capitata_HIv3___RNAseq.g38848.t1/Montipora_capitata_HIv3___RNAseq.g27709.t1/Montipora_capitata_HIv3___RNAseq.g39648.t1/Montipora_capitata_HIv3___RNAseq.g44539.t1/Montipora_capitata_HIv3___RNAseq.g49895.t2/Montipora_capitata_HIv3___RNAseq.g403.t1/Montipora_capitata_HIv3___RNAseq.g24524.t1/Montipora_capitata_HIv3___RNAseq.g13857.t1/Montipora_capitata_HIv3___RNAseq.g36907.t1/Montipora_capitata_HIv3___RNAseq.g45527.t1/Montipora_capitata_HIv3___RNAseq.g35008.t1/Montipora_capitata_HIv3___RNAseq.g668.t1/Montipora_capitata_HIv3___RNAseq.g40982.t1a/Montipora_capitata_HIv3___RNAseq.g46378.t1/Montipora_capitata_HIv3___RNAseq.g24942.t1/Montipora_capitata_HIv3___RNAseq.g24095.t1/Montipora_capitata_HIv3___RNAseq.g44814.t1/Montipora_capitata_HIv3___RNAseq.g20250.t1/Montipora_capitata_HIv3___RNAseq.g35720.t1/Montipora_capitata_HIv3___RNAseq.g12548.t1/Montipora_capitata_HIv3___RNAseq.g18698.t1/Montipora_capitata_HIv3___RNAseq.g14515.t1/Montipora_capitata_HIv3___RNAseq.g8971.t1/Montipora_capitata_HIv3___RNAseq.g9027.t1/Montipora_capitata_HIv3___RNAseq.g20771.t1/Montipora_capitata_HIv3___RNAseq.g41416.t2a/Montipora_capitata_HIv3___RNAseq.g30678.t1b/Montipora_capitata_HIv3___RNAseq.g18395.t1/Montipora_capitata_HIv3___TS.g40519.t3/Montipora_capitata_HIv3___RNAseq.g20807.t2/Montipora_capitata_HIv3___RNAseq.g15186.t1/Montipora_capitata_HIv3___RNAseq.g36935.t1/Montipora_capitata_HIv3___TS.g5653.t1/Montipora_capitata_HIv3___RNAseq.g9338.t1/Montipora_capitata_HIv3___TS.g6904.t1/Montipora_capitata_HIv3___RNAseq.g14155.t1/Montipora_capitata_HIv3___RNAseq.g40991.t1/Montipora_capitata_HIv3___RNAseq.g14965.t1/Montipora_capitata_HIv3___TS.g4674.t2b/Montipora_capitata_HIv3___RNAseq.g47379.t1/Montipora_capitata_HIv3___RNAseq.g32149.t1/Montipora_capitata_HIv3___RNAseq.g30434.t1/Montipora_capitata_HIv3___RNAseq.g37645.t1/Montipora_capitata_HIv3___RNAseq.g42092.t1/Montipora_capitata_HIv3___RNAseq.g40284.t1/Montipora_capitata_HIv3___RNAseq.g42740.t1/Montipora_capitata_HIv3___RNAseq.g43161.t1a/Montipora_capitata_HIv3___RNAseq.g22553.t1c/Montipora_capitata_HIv3___RNAseq.g41333.t1/Montipora_capitata_HIv3___RNAseq.g9918.t1/Montipora_capitata_HIv3___RNAseq.g33449.t1/Montipora_capitata_HIv3___RNAseq.g22408.t1/Montipora_capitata_HIv3___RNAseq.g9060.t1/Montipora_capitata_HIv3___RNAseq.g1174.t1/Montipora_capitata_HIv3___RNAseq.g23247.t1/Montipora_capitata_HIv3___TS.g33523.t1/Montipora_capitata_HIv3___RNAseq.g39974.t1/Montipora_capitata_HIv3___RNAseq.g4241.t1/Montipora_capitata_HIv3___RNAseq.g47955.t1/Montipora_capitata_HIv3___RNAseq.g15188.t1/Montipora_capitata_HIv3___RNAseq.g49962.t1/Montipora_capitata_HIv3___RNAseq.g11214.t1/Montipora_capitata_HIv3___RNAseq.g18929.t1/Montipora_capitata_HIv3___TS.g50674.t1/Montipora_capitata_HIv3___RNAseq.g8270.t1/Montipora_capitata_HIv3___TS.g28908.t1/Montipora_capitata_HIv3___RNAseq.g43111.t1/Montipora_capitata_HIv3___RNAseq.g33997.t1/Montipora_capitata_HIv3___RNAseq.g6934.t1/Montipora_capitata_HIv3___RNAseq.g28116.t1/Montipora_capitata_HIv3___RNAseq.g9561.t1/Montipora_capitata_HIv3___RNAseq.g15029.t1b/Montipora_capitata_HIv3___RNAseq.g4457.t1/Montipora_capitata_HIv3___TS.g21895.t1/Montipora_capitata_HIv3___RNAseq.g44719.t1/Montipora_capitata_HIv3___RNAseq.g9087.t1/Montipora_capitata_HIv3___RNAseq.g14625.t1/Montipora_capitata_HIv3___TS.g10359.t4b/Montipora_capitata_HIv3___RNAseq.g15140.t1/Montipora_capitata_HIv3___RNAseq.g41226.t1/Montipora_capitata_HIv3___RNAseq.g14956.t1/Montipora_capitata_HIv3___RNAseq.g39706.t2/Montipora_capitata_HIv3___RNAseq.g8867.t2/Montipora_capitata_HIv3___RNAseq.g12947.t1/Montipora_capitata_HIv3___RNAseq.g22853.t1/Montipora_capitata_HIv3___RNAseq.g44445.t1/Montipora_capitata_HIv3___RNAseq.g14960.t1/Montipora_capitata_HIv3___TS.g32614.t2/Montipora_capitata_HIv3___RNAseq.g23366.t1/Montipora_capitata_HIv3___RNAseq.g18391.t1/Montipora_capitata_HIv3___RNAseq.g11658.t1/Montipora_capitata_HIv3___RNAseq.g14488.t1/Montipora_capitata_HIv3___TS.g47745.t1/Montipora_capitata_HIv3___RNAseq.g37450.t2/Montipora_capitata_HIv3___RNAseq.g20763.t1/Montipora_capitata_HIv3___TS.g20607.t1/Montipora_capitata_HIv3___TS.g46192.t3,0.999912854140822,NA,NA
GO:0070727,cellular macromolecule localization,13/164,1101/8363,0.9875680364356015,0.5627215332905523,13,1101,Montipora_capitata_HIv3___RNAseq.g15043.t1/Montipora_capitata_HIv3___RNAseq.g13857.t1/Montipora_capitata_HIv3___RNAseq.g668.t1/Montipora_capitata_HIv3___RNAseq.g42740.t1/Montipora_capitata_HIv3___TS.g33523.t1/Montipora_capitata_HIv3___RNAseq.g47955.t1/Montipora_capitata_HIv3___RNAseq.g15188.t1/Montipora_capitata_HIv3___RNAseq.g49962.t1/Montipora_capitata_HIv3___RNAseq.g15029.t1b/Montipora_capitata_HIv3___RNAseq.g41226.t1/Montipora_capitata_HIv3___RNAseq.g39706.t2/Montipora_capitata_HIv3___RNAseq.g11658.t1/Montipora_capitata_HIv3___TS.g47745.t1,0.999912854140822,cellular macromolecule localization,BP
GO:0005623,GO:0005623,145/164,7770/8363,0.9881520419545642,0.5745443457577121,145,7770,Montipora_capitata_HIv3___TS.g33283.t2/Montipora_capitata_HIv3___RNAseq.g6978.t1/Montipora_capitata_HIv3___RNAseq.g36845.t1/Montipora_capitata_HIv3___RNAseq.g7992.t1/Montipora_capitata_HIv3___TS.g1118.t1/Montipora_capitata_HIv3___RNAseq.g36838.t1/Montipora_capitata_HIv3___RNAseq.g2559.t1a/Montipora_capitata_HIv3___RNAseq.g23734.t3/Montipora_capitata_HIv3___RNAseq.g26525.t1/Montipora_capitata_HIv3___RNAseq.g35804.t1/Montipora_capitata_HIv3___RNAseq.g15043.t1/Montipora_capitata_HIv3___RNAseq.g40427.t1a/Montipora_capitata_HIv3___RNAseq.g23762.t1/Montipora_capitata_HIv3___TS.g44069.t1/Montipora_capitata_HIv3___RNAseq.g5395.t1/Montipora_capitata_HIv3___RNAseq.g22865.t1/Montipora_capitata_HIv3___RNAseq.g35299.t1/Montipora_capitata_HIv3___RNAseq.g11548.t1/Montipora_capitata_HIv3___RNAseq.g7741.t1/Montipora_capitata_HIv3___TS.g29616.t1/Montipora_capitata_HIv3___RNAseq.g7739.t1/Montipora_capitata_HIv3___RNAseq.g26580.t1/Montipora_capitata_HIv3___RNAseq.g2640.t1a/Montipora_capitata_HIv3___TS.g5595.t1/Montipora_capitata_HIv3___RNAseq.g36836.t1/Montipora_capitata_HIv3___RNAseq.g27546.t1/Montipora_capitata_HIv3___TS.g27540.t1/Montipora_capitata_HIv3___RNAseq.g24139.t1/Montipora_capitata_HIv3___RNAseq.g12807.t1/Montipora_capitata_HIv3___RNAseq.g34092.t1/Montipora_capitata_HIv3___RNAseq.g44519.t1/Montipora_capitata_HIv3___RNAseq.g46819.t1/Montipora_capitata_HIv3___RNAseq.g12596.t1/Montipora_capitata_HIv3___RNAseq.g50691.t1/Montipora_capitata_HIv3___RNAseq.g11237.t1/Montipora_capitata_HIv3___RNAseq.g3374.t1/Montipora_capitata_HIv3___RNAseq.g44960.t2/Montipora_capitata_HIv3___RNAseq.g40983.t1/Montipora_capitata_HIv3___RNAseq.21467_t/Montipora_capitata_HIv3___RNAseq.g24836.t1/Montipora_capitata_HIv3___RNAseq.g13129.t1/Montipora_capitata_HIv3___RNAseq.g9026.t1/Montipora_capitata_HIv3___RNAseq.g37193.t1/Montipora_capitata_HIv3___RNAseq.g29879.t1b/Montipora_capitata_HIv3___RNAseq.g42608.t1/Montipora_capitata_HIv3___RNAseq.g39887.t1/Montipora_capitata_HIv3___RNAseq.g12736.t1/Montipora_capitata_HIv3___TS.g40937.t3b/Montipora_capitata_HIv3___RNAseq.g38848.t1/Montipora_capitata_HIv3___RNAseq.g27709.t1/Montipora_capitata_HIv3___RNAseq.g39648.t1/Montipora_capitata_HIv3___RNAseq.g44539.t1/Montipora_capitata_HIv3___RNAseq.g49895.t2/Montipora_capitata_HIv3___RNAseq.g403.t1/Montipora_capitata_HIv3___RNAseq.g24524.t1/Montipora_capitata_HIv3___RNAseq.g13857.t1/Montipora_capitata_HIv3___RNAseq.g36907.t1/Montipora_capitata_HIv3___RNAseq.g45527.t1/Montipora_capitata_HIv3___RNAseq.g35008.t1/Montipora_capitata_HIv3___RNAseq.g668.t1/Montipora_capitata_HIv3___RNAseq.g40982.t1a/Montipora_capitata_HIv3___RNAseq.g46378.t1/Montipora_capitata_HIv3___RNAseq.g24942.t1/Montipora_capitata_HIv3___RNAseq.g24095.t1/Montipora_capitata_HIv3___RNAseq.g44814.t1/Montipora_capitata_HIv3___RNAseq.g20250.t1/Montipora_capitata_HIv3___RNAseq.g35720.t1/Montipora_capitata_HIv3___RNAseq.g12548.t1/Montipora_capitata_HIv3___RNAseq.g18698.t1/Montipora_capitata_HIv3___RNAseq.g14515.t1/Montipora_capitata_HIv3___RNAseq.g8971.t1/Montipora_capitata_HIv3___RNAseq.g9027.t1/Montipora_capitata_HIv3___RNAseq.g20771.t1/Montipora_capitata_HIv3___RNAseq.g41416.t2a/Montipora_capitata_HIv3___RNAseq.g30678.t1b/Montipora_capitata_HIv3___RNAseq.g18395.t1/Montipora_capitata_HIv3___TS.g40519.t3/Montipora_capitata_HIv3___RNAseq.g20807.t2/Montipora_capitata_HIv3___RNAseq.g15186.t1/Montipora_capitata_HIv3___RNAseq.g36935.t1/Montipora_capitata_HIv3___TS.g5653.t1/Montipora_capitata_HIv3___RNAseq.g9338.t1/Montipora_capitata_HIv3___TS.g6904.t1/Montipora_capitata_HIv3___RNAseq.g14155.t1/Montipora_capitata_HIv3___RNAseq.g40991.t1/Montipora_capitata_HIv3___RNAseq.g14965.t1/Montipora_capitata_HIv3___TS.g4674.t2b/Montipora_capitata_HIv3___RNAseq.g47379.t1/Montipora_capitata_HIv3___RNAseq.g32149.t1/Montipora_capitata_HIv3___RNAseq.g30434.t1/Montipora_capitata_HIv3___RNAseq.g37645.t1/Montipora_capitata_HIv3___RNAseq.g42092.t1/Montipora_capitata_HIv3___RNAseq.g40284.t1/Montipora_capitata_HIv3___RNAseq.g42740.t1/Montipora_capitata_HIv3___RNAseq.g43161.t1a/Montipora_capitata_HIv3___RNAseq.g22553.t1c/Montipora_capitata_HIv3___RNAseq.g41333.t1/Montipora_capitata_HIv3___RNAseq.g9918.t1/Montipora_capitata_HIv3___RNAseq.g33449.t1/Montipora_capitata_HIv3___RNAseq.g22408.t1/Montipora_capitata_HIv3___RNAseq.g9060.t1/Montipora_capitata_HIv3___RNAseq.g1174.t1/Montipora_capitata_HIv3___RNAseq.g23247.t1/Montipora_capitata_HIv3___TS.g33523.t1/Montipora_capitata_HIv3___RNAseq.g39974.t1/Montipora_capitata_HIv3___RNAseq.g4241.t1/Montipora_capitata_HIv3___RNAseq.g47955.t1/Montipora_capitata_HIv3___RNAseq.g15188.t1/Montipora_capitata_HIv3___RNAseq.g49962.t1/Montipora_capitata_HIv3___RNAseq.g11214.t1/Montipora_capitata_HIv3___RNAseq.g18929.t1/Montipora_capitata_HIv3___TS.g50674.t1/Montipora_capitata_HIv3___RNAseq.g8270.t1/Montipora_capitata_HIv3___TS.g28908.t1/Montipora_capitata_HIv3___RNAseq.g43111.t1/Montipora_capitata_HIv3___RNAseq.g33997.t1/Montipora_capitata_HIv3___RNAseq.g6934.t1/Montipora_capitata_HIv3___RNAseq.g28116.t1/Montipora_capitata_HIv3___RNAseq.g9561.t1/Montipora_capitata_HIv3___RNAseq.g15029.t1b/Montipora_capitata_HIv3___RNAseq.g4457.t1/Montipora_capitata_HIv3___TS.g21895.t1/Montipora_capitata_HIv3___RNAseq.g44719.t1/Montipora_capitata_HIv3___RNAseq.g9087.t1/Montipora_capitata_HIv3___RNAseq.g14625.t1/Montipora_capitata_HIv3___TS.g10359.t4b/Montipora_capitata_HIv3___RNAseq.g15140.t1/Montipora_capitata_HIv3___RNAseq.g41226.t1/Montipora_capitata_HIv3___RNAseq.g14956.t1/Montipora_capitata_HIv3___RNAseq.g39706.t2/Montipora_capitata_HIv3___RNAseq.g8867.t2/Montipora_capitata_HIv3___RNAseq.g12947.t1/Montipora_capitata_HIv3___RNAseq.g22853.t1/Montipora_capitata_HIv3___RNAseq.g44445.t1/Montipora_capitata_HIv3___RNAseq.g14960.t1/Montipora_capitata_HIv3___TS.g32614.t2/Montipora_capitata_HIv3___RNAseq.g23366.t1/Montipora_capitata_HIv3___RNAseq.g18391.t1/Montipora_capitata_HIv3___RNAseq.g11658.t1/Montipora_capitata_HIv3___RNAseq.g14488.t1/Montipora_capitata_HIv3___TS.g47745.t1/Montipora_capitata_HIv3___RNAseq.g37450.t2/Montipora_capitata_HIv3___RNAseq.g20763.t1/Montipora_capitata_HIv3___TS.g20607.t1/Montipora_capitata_HIv3___TS.g46192.t3,0.999912854140822,NA,NA
GO:0022412,cellular process involved in reproduction in multicellular organism,9/164,846/8363,0.9884344458156824,0.5107501663528455,9,846,Montipora_capitata_HIv3___TS.g5595.t1/Montipora_capitata_HIv3___RNAseq.g36907.t1/Montipora_capitata_HIv3___RNAseq.g24942.t1/Montipora_capitata_HIv3___RNAseq.g44814.t1/Montipora_capitata_HIv3___RNAseq.g8971.t1/Montipora_capitata_HIv3___RNAseq.g47955.t1/Montipora_capitata_HIv3___RNAseq.g28116.t1/Montipora_capitata_HIv3___RNAseq.g15029.t1b/Montipora_capitata_HIv3___TS.g47745.t1,0.999912854140822,cellular process involved in reproduction in multicellular organism,BP
GO:0010564,regulation of cell cycle process,5/164,565/8363,0.9885258986450799,0.4289952551743983,5,565,Montipora_capitata_HIv3___RNAseq.g7741.t1/Montipora_capitata_HIv3___RNAseq.g8971.t1/Montipora_capitata_HIv3___RNAseq.g14965.t1/Montipora_capitata_HIv3___RNAseq.g43161.t1a/Montipora_capitata_HIv3___RNAseq.g23247.t1,0.999912854140822,regulation of cell cycle process,BP
GO:2000026,regulation of multicellular organismal development,17/164,1360/8363,0.9887199652798706,0.5904075699586824,17,1360,Montipora_capitata_HIv3___RNAseq.g6978.t1/Montipora_capitata_HIv3___RNAseq.g5395.t1/Montipora_capitata_HIv3___RNAseq.g44960.t2/Montipora_capitata_HIv3___RNAseq.21467_t/Montipora_capitata_HIv3___RNAseq.g35008.t1/Montipora_capitata_HIv3___RNAseq.g46378.t1/Montipora_capitata_HIv3___RNAseq.g24942.t1/Montipora_capitata_HIv3___RNAseq.g44814.t1/Montipora_capitata_HIv3___RNAseq.g8971.t1/Montipora_capitata_HIv3___RNAseq.g32149.t1/Montipora_capitata_HIv3___RNAseq.g24020.t1/Montipora_capitata_HIv3___RNAseq.g42740.t1/Montipora_capitata_HIv3___RNAseq.g23247.t1/Montipora_capitata_HIv3___RNAseq.g49962.t1/Montipora_capitata_HIv3___TS.g10359.t4b/Montipora_capitata_HIv3___RNAseq.g39706.t2/Montipora_capitata_HIv3___TS.g46192.t3,0.999912854140822,regulation of multicellular organismal development,BP
GO:0009892,negative regulation of metabolic process,22/164,1666/8363,0.9891507075196776,0.6177786939033642,22,1666,Montipora_capitata_HIv3___TS.g1118.t1/Montipora_capitata_HIv3___RNAseq.g5395.t1/Montipora_capitata_HIv3___RNAseq.g41637.t1/Montipora_capitata_HIv3___RNAseq.g7741.t1/Montipora_capitata_HIv3___RNAseq.g44960.t2/Montipora_capitata_HIv3___TS.g32048.t1/Montipora_capitata_HIv3___RNAseq.21467_t/Montipora_capitata_HIv3___RNAseq.g42608.t1/Montipora_capitata_HIv3___RNAseq.g35008.t1/Montipora_capitata_HIv3___RNAseq.g46378.t1/Montipora_capitata_HIv3___RNAseq.g44814.t1/Montipora_capitata_HIv3___RNAseq.g8971.t1/Montipora_capitata_HIv3___RNAseq.g42092.t1/Montipora_capitata_HIv3___RNAseq.g43161.t1a/Montipora_capitata_HIv3___RNAseq.g4241.t1/Montipora_capitata_HIv3___RNAseq.g18929.t1/Montipora_capitata_HIv3___RNAseq.g8270.t1/Montipora_capitata_HIv3___RNAseq.g15029.t1b/Montipora_capitata_HIv3___RNAseq.g39706.t2/Montipora_capitata_HIv3___RNAseq.g11658.t1/Montipora_capitata_HIv3___RNAseq.g14488.t1/Montipora_capitata_HIv3___TS.g47745.t1,0.999912854140822,negative regulation of metabolic process,BP
GO:0071705,nitrogen compound transport,11/164,993/8363,0.990237899099242,0.528412865830883,11,993,Montipora_capitata_HIv3___RNAseq.g15043.t1/Montipora_capitata_HIv3___RNAseq.g24139.t1/Montipora_capitata_HIv3___RNAseq.g13857.t1/Montipora_capitata_HIv3___RNAseq.g668.t1/Montipora_capitata_HIv3___RNAseq.g42740.t1/Montipora_capitata_HIv3___TS.g33523.t1/Montipora_capitata_HIv3___RNAseq.g15188.t1/Montipora_capitata_HIv3___RNAseq.g49962.t1/Montipora_capitata_HIv3___RNAseq.g15029.t1b/Montipora_capitata_HIv3___RNAseq.g41226.t1/Montipora_capitata_HIv3___RNAseq.g11658.t1,0.999912854140822,nitrogen compound transport,BP
GO:0007417,central nervous system development,7/164,728/8363,0.9910479089682006,0.46246405109339717,7,728,Montipora_capitata_HIv3___RNAseq.g7741.t1/Montipora_capitata_HIv3___RNAseq.g13129.t1/Montipora_capitata_HIv3___RNAseq.g36907.t1/Montipora_capitata_HIv3___RNAseq.g44814.t1/Montipora_capitata_HIv3___RNAseq.g8971.t1/Montipora_capitata_HIv3___RNAseq.g41333.t1/Montipora_capitata_HIv3___TS.g46192.t3,0.999912854140822,central nervous system development,BP
GO:0043228,non-membrane-bounded organelle,35/164,2444/8363,0.991574990492694,0.652130588383051,35,2444,Montipora_capitata_HIv3___RNAseq.g36838.t1/Montipora_capitata_HIv3___RNAseq.g26525.t1/Montipora_capitata_HIv3___RNAseq.g22865.t1/Montipora_capitata_HIv3___RNAseq.g26580.t1/Montipora_capitata_HIv3___TS.g5595.t1/Montipora_capitata_HIv3___RNAseq.g27546.t1/Montipora_capitata_HIv3___RNAseq.g44960.t2/Montipora_capitata_HIv3___RNAseq.21467_t/Montipora_capitata_HIv3___RNAseq.g42608.t1/Montipora_capitata_HIv3___RNAseq.g39887.t1/Montipora_capitata_HIv3___RNAseq.g403.t1/Montipora_capitata_HIv3___RNAseq.g13857.t1/Montipora_capitata_HIv3___RNAseq.g45527.t1/Montipora_capitata_HIv3___RNAseq.g24095.t1/Montipora_capitata_HIv3___RNAseq.g18698.t1/Montipora_capitata_HIv3___RNAseq.g8971.t1/Montipora_capitata_HIv3___TS.g5653.t1/Montipora_capitata_HIv3___RNAseq.g9338.t1/Montipora_capitata_HIv3___RNAseq.g40991.t1/Montipora_capitata_HIv3___RNAseq.g47379.t1/Montipora_capitata_HIv3___RNAseq.g43161.t1a/Montipora_capitata_HIv3___RNAseq.g41333.t1/Montipora_capitata_HIv3___RNAseq.g33449.t1/Montipora_capitata_HIv3___RNAseq.g4241.t1/Montipora_capitata_HIv3___RNAseq.g47955.t1/Montipora_capitata_HIv3___RNAseq.g18929.t1/Montipora_capitata_HIv3___RNAseq.g43111.t1/Montipora_capitata_HIv3___RNAseq.g15029.t1b/Montipora_capitata_HIv3___TS.g21895.t1/Montipora_capitata_HIv3___RNAseq.g15140.t1/Montipora_capitata_HIv3___RNAseq.g22853.t1/Montipora_capitata_HIv3___RNAseq.g44445.t1/Montipora_capitata_HIv3___TS.g32614.t2/Montipora_capitata_HIv3___RNAseq.g11658.t1/Montipora_capitata_HIv3___TS.g47745.t1,0.999912854140822,non-membrane-bounded organelle,CC
GO:0043232,intracellular non-membrane-bounded organelle,35/164,2444/8363,0.991574990492694,0.652130588383051,35,2444,Montipora_capitata_HIv3___RNAseq.g36838.t1/Montipora_capitata_HIv3___RNAseq.g26525.t1/Montipora_capitata_HIv3___RNAseq.g22865.t1/Montipora_capitata_HIv3___RNAseq.g26580.t1/Montipora_capitata_HIv3___TS.g5595.t1/Montipora_capitata_HIv3___RNAseq.g27546.t1/Montipora_capitata_HIv3___RNAseq.g44960.t2/Montipora_capitata_HIv3___RNAseq.21467_t/Montipora_capitata_HIv3___RNAseq.g42608.t1/Montipora_capitata_HIv3___RNAseq.g39887.t1/Montipora_capitata_HIv3___RNAseq.g403.t1/Montipora_capitata_HIv3___RNAseq.g13857.t1/Montipora_capitata_HIv3___RNAseq.g45527.t1/Montipora_capitata_HIv3___RNAseq.g24095.t1/Montipora_capitata_HIv3___RNAseq.g18698.t1/Montipora_capitata_HIv3___RNAseq.g8971.t1/Montipora_capitata_HIv3___TS.g5653.t1/Montipora_capitata_HIv3___RNAseq.g9338.t1/Montipora_capitata_HIv3___RNAseq.g40991.t1/Montipora_capitata_HIv3___RNAseq.g47379.t1/Montipora_capitata_HIv3___RNAseq.g43161.t1a/Montipora_capitata_HIv3___RNAseq.g41333.t1/Montipora_capitata_HIv3___RNAseq.g33449.t1/Montipora_capitata_HIv3___RNAseq.g4241.t1/Montipora_capitata_HIv3___RNAseq.g47955.t1/Montipora_capitata_HIv3___RNAseq.g18929.t1/Montipora_capitata_HIv3___RNAseq.g43111.t1/Montipora_capitata_HIv3___RNAseq.g15029.t1b/Montipora_capitata_HIv3___TS.g21895.t1/Montipora_capitata_HIv3___RNAseq.g15140.t1/Montipora_capitata_HIv3___RNAseq.g22853.t1/Montipora_capitata_HIv3___RNAseq.g44445.t1/Montipora_capitata_HIv3___TS.g32614.t2/Montipora_capitata_HIv3___RNAseq.g11658.t1/Montipora_capitata_HIv3___TS.g47745.t1,0.999912854140822,intracellular non-membrane-bounded organelle,CC
GO:0045595,regulation of cell differentiation,13/164,1142/8363,0.9921677474309422,0.5391616786597512,13,1142,Montipora_capitata_HIv3___RNAseq.g6978.t1/Montipora_capitata_HIv3___RNAseq.g5395.t1/Montipora_capitata_HIv3___RNAseq.g44960.t2/Montipora_capitata_HIv3___RNAseq.21467_t/Montipora_capitata_HIv3___RNAseq.g35008.t1/Montipora_capitata_HIv3___RNAseq.g46378.t1/Montipora_capitata_HIv3___RNAseq.g24942.t1/Montipora_capitata_HIv3___RNAseq.g44814.t1/Montipora_capitata_HIv3___RNAseq.g8971.t1/Montipora_capitata_HIv3___RNAseq.g24020.t1/Montipora_capitata_HIv3___RNAseq.g42740.t1/Montipora_capitata_HIv3___TS.g10359.t4b/Montipora_capitata_HIv3___RNAseq.g39706.t2,0.999912854140822,regulation of cell differentiation,BP
GO:0051128,regulation of cellular component organization,22/164,1711/8363,0.9930613214099504,0.5971953947453575,22,1711,Montipora_capitata_HIv3___RNAseq.g6978.t1/Montipora_capitata_HIv3___RNAseq.g23734.t3/Montipora_capitata_HIv3___RNAseq.g35804.t1/Montipora_capitata_HIv3___RNAseq.g5395.t1/Montipora_capitata_HIv3___RNAseq.g42608.t1/Montipora_capitata_HIv3___RNAseq.g35008.t1/Montipora_capitata_HIv3___RNAseq.g46378.t1/Montipora_capitata_HIv3___RNAseq.g24942.t1/Montipora_capitata_HIv3___RNAseq.g24095.t1/Montipora_capitata_HIv3___RNAseq.g44814.t1/Montipora_capitata_HIv3___RNAseq.g35720.t1/Montipora_capitata_HIv3___RNAseq.g18698.t1/Montipora_capitata_HIv3___RNAseq.g8971.t1/Montipora_capitata_HIv3___RNAseq.g24020.t1/Montipora_capitata_HIv3___RNAseq.g23247.t1/Montipora_capitata_HIv3___RNAseq.g49962.t1/Montipora_capitata_HIv3___RNAseq.g15029.t1b/Montipora_capitata_HIv3___TS.g10359.t4b/Montipora_capitata_HIv3___RNAseq.g41226.t1/Montipora_capitata_HIv3___RNAseq.g39706.t2/Montipora_capitata_HIv3___TS.g47745.t1/Montipora_capitata_HIv3___TS.g20607.t1,0.999912854140822,regulation of cellular component organization,BP
GO:0032269,GO:0032269,5/164,605/8363,0.9936041131656788,0.3983006870637211,5,605,Montipora_capitata_HIv3___TS.g1118.t1/Montipora_capitata_HIv3___RNAseq.g5395.t1/Montipora_capitata_HIv3___RNAseq.g7741.t1/Montipora_capitata_HIv3___TS.g32048.t1/Montipora_capitata_HIv3___RNAseq.g39706.t2,0.999912854140822,NA,NA
GO:0044703,multi-organism reproductive process,14/164,1226/8363,0.9937537149163042,0.5380873798672795,14,1226,Montipora_capitata_HIv3___RNAseq.g14946.t1/Montipora_capitata_HIv3___TS.g5595.t1/Montipora_capitata_HIv3___RNAseq.g36907.t1/Montipora_capitata_HIv3___RNAseq.g46378.t1/Montipora_capitata_HIv3___RNAseq.g24942.t1/Montipora_capitata_HIv3___RNAseq.g24095.t1/Montipora_capitata_HIv3___RNAseq.g44814.t1/Montipora_capitata_HIv3___RNAseq.g8971.t1/Montipora_capitata_HIv3___RNAseq.g15186.t1/Montipora_capitata_HIv3___RNAseq.g47955.t1/Montipora_capitata_HIv3___RNAseq.g28116.t1/Montipora_capitata_HIv3___RNAseq.g15029.t1b/Montipora_capitata_HIv3___RNAseq.g14488.t1/Montipora_capitata_HIv3___TS.g47745.t1,0.999912854140822,multi-organism reproductive process,BP
GO:0048477,oogenesis,4/164,529/8363,0.9938170852270836,0.3654577903348205,4,529,Montipora_capitata_HIv3___RNAseq.g24942.t1/Montipora_capitata_HIv3___RNAseq.g44814.t1/Montipora_capitata_HIv3___RNAseq.g47955.t1/Montipora_capitata_HIv3___RNAseq.g15029.t1b,0.999912854140822,oogenesis,BP
GO:0022607,cellular component assembly,23/164,1786/8363,0.9940485180013752,0.5955324252038559,23,1786,Montipora_capitata_HIv3___RNAseq.g36838.t1/Montipora_capitata_HIv3___RNAseq.g26525.t1/Montipora_capitata_HIv3___RNAseq.g22865.t1/Montipora_capitata_HIv3___TS.g5595.t1/Montipora_capitata_HIv3___RNAseq.g27546.t1/Montipora_capitata_HIv3___RNAseq.g3374.t1/Montipora_capitata_HIv3___RNAseq.g38848.t1/Montipora_capitata_HIv3___RNAseq.g35008.t1/Montipora_capitata_HIv3___RNAseq.g40982.t1a/Montipora_capitata_HIv3___RNAseq.g24942.t1/Montipora_capitata_HIv3___RNAseq.g8971.t1/Montipora_capitata_HIv3___TS.g5653.t1/Montipora_capitata_HIv3___TS.g4674.t2b/Montipora_capitata_HIv3___RNAseq.g43161.t1a/Montipora_capitata_HIv3___TS.g33523.t1/Montipora_capitata_HIv3___RNAseq.g47955.t1/Montipora_capitata_HIv3___RNAseq.g8270.t1/Montipora_capitata_HIv3___RNAseq.g43111.t1/Montipora_capitata_HIv3___RNAseq.g15029.t1b/Montipora_capitata_HIv3___RNAseq.g15140.t1/Montipora_capitata_HIv3___RNAseq.g14488.t1/Montipora_capitata_HIv3___TS.g47745.t1/Montipora_capitata_HIv3___TS.g46192.t3,0.999912854140822,cellular component assembly,BP
GO:0048856,anatomical structure development,56/164,3631/8363,0.9941935823868363,0.6706977247303494,56,3631,Montipora_capitata_HIv3___RNAseq.g6978.t1/Montipora_capitata_HIv3___RNAseq.g2559.t1a/Montipora_capitata_HIv3___RNAseq.g23734.t3/Montipora_capitata_HIv3___RNAseq.g35804.t1/Montipora_capitata_HIv3___RNAseq.g15043.t1/Montipora_capitata_HIv3___RNAseq.g5395.t1/Montipora_capitata_HIv3___RNAseq.g22865.t1/Montipora_capitata_HIv3___RNAseq.g7741.t1/Montipora_capitata_HIv3___RNAseq.g26580.t1/Montipora_capitata_HIv3___TS.g5595.t1/Montipora_capitata_HIv3___RNAseq.g3374.t1/Montipora_capitata_HIv3___RNAseq.g44960.t2/Montipora_capitata_HIv3___RNAseq.21467_t/Montipora_capitata_HIv3___RNAseq.g13129.t1/Montipora_capitata_HIv3___RNAseq.g42608.t1/Montipora_capitata_HIv3___RNAseq.g13857.t1/Montipora_capitata_HIv3___RNAseq.g36907.t1/Montipora_capitata_HIv3___RNAseq.g35008.t1/Montipora_capitata_HIv3___RNAseq.g668.t1/Montipora_capitata_HIv3___RNAseq.g46378.t1/Montipora_capitata_HIv3___RNAseq.g24942.t1/Montipora_capitata_HIv3___RNAseq.g44814.t1/Montipora_capitata_HIv3___RNAseq.g35720.t1/Montipora_capitata_HIv3___RNAseq.g18698.t1/Montipora_capitata_HIv3___RNAseq.g8971.t1/Montipora_capitata_HIv3___TS.g4674.t2b/Montipora_capitata_HIv3___RNAseq.g24020.t1/Montipora_capitata_HIv3___RNAseq.g42092.t1/Montipora_capitata_HIv3___RNAseq.g42740.t1/Montipora_capitata_HIv3___RNAseq.g43161.t1a/Montipora_capitata_HIv3___RNAseq.g41333.t1/Montipora_capitata_HIv3___RNAseq.g9918.t1/Montipora_capitata_HIv3___RNAseq.g33449.t1/Montipora_capitata_HIv3___RNAseq.g9060.t1/Montipora_capitata_HIv3___RNAseq.g1174.t1/Montipora_capitata_HIv3___RNAseq.g23247.t1/Montipora_capitata_HIv3___TS.g33523.t1/Montipora_capitata_HIv3___RNAseq.g39974.t1/Montipora_capitata_HIv3___RNAseq.g47955.t1/Montipora_capitata_HIv3___RNAseq.g15188.t1/Montipora_capitata_HIv3___RNAseq.g8270.t1/Montipora_capitata_HIv3___RNAseq.g6934.t1/Montipora_capitata_HIv3___RNAseq.g28116.t1/Montipora_capitata_HIv3___RNAseq.g15029.t1b/Montipora_capitata_HIv3___RNAseq.g4457.t1/Montipora_capitata_HIv3___RNAseq.g14625.t1/Montipora_capitata_HIv3___TS.g10359.t4b/Montipora_capitata_HIv3___RNAseq.g39706.t2/Montipora_capitata_HIv3___RNAseq.g44445.t1/Montipora_capitata_HIv3___RNAseq.g18391.t1/Montipora_capitata_HIv3___RNAseq.g14488.t1/Montipora_capitata_HIv3___TS.g47745.t1/Montipora_capitata_HIv3___RNAseq.g37450.t2/Montipora_capitata_HIv3___TS.g20607.t1/Montipora_capitata_HIv3___TS.g46192.t3/Montipora_capitata_HIv3___RNAseq.g50276.t1,0.999912854140822,anatomical structure development,BP
GO:0016043,cellular component organization,55/164,3583/8363,0.9944437050047379,0.6680951710079722,55,3583,Montipora_capitata_HIv3___TS.g33283.t2/Montipora_capitata_HIv3___RNAseq.g6978.t1/Montipora_capitata_HIv3___TS.g1118.t1/Montipora_capitata_HIv3___RNAseq.g36838.t1/Montipora_capitata_HIv3___RNAseq.g23734.t3/Montipora_capitata_HIv3___RNAseq.g26525.t1/Montipora_capitata_HIv3___RNAseq.g35804.t1/Montipora_capitata_HIv3___TS.g44069.t1/Montipora_capitata_HIv3___RNAseq.g22865.t1/Montipora_capitata_HIv3___RNAseq.g26580.t1/Montipora_capitata_HIv3___TS.g5595.t1/Montipora_capitata_HIv3___RNAseq.g27546.t1/Montipora_capitata_HIv3___RNAseq.g44519.t1/Montipora_capitata_HIv3___RNAseq.g3374.t1/Montipora_capitata_HIv3___TS.g28995.t1/Montipora_capitata_HIv3___RNAseq.g39887.t1/Montipora_capitata_HIv3___RNAseq.g38848.t1/Montipora_capitata_HIv3___RNAseq.g13857.t1/Montipora_capitata_HIv3___RNAseq.g45527.t1/Montipora_capitata_HIv3___RNAseq.g35008.t1/Montipora_capitata_HIv3___RNAseq.g668.t1/Montipora_capitata_HIv3___RNAseq.g40982.t1a/Montipora_capitata_HIv3___RNAseq.g24942.t1/Montipora_capitata_HIv3___RNAseq.g44814.t1/Montipora_capitata_HIv3___RNAseq.g20250.t1/Montipora_capitata_HIv3___RNAseq.g35720.t1/Montipora_capitata_HIv3___RNAseq.g18698.t1/Montipora_capitata_HIv3___RNAseq.g8971.t1/Montipora_capitata_HIv3___TS.g5653.t1/Montipora_capitata_HIv3___RNAseq.g40991.t1/Montipora_capitata_HIv3___TS.g4674.t2b/Montipora_capitata_HIv3___RNAseq.g24020.t1/Montipora_capitata_HIv3___RNAseq.g42740.t1/Montipora_capitata_HIv3___RNAseq.g43161.t1a/Montipora_capitata_HIv3___RNAseq.g1174.t1/Montipora_capitata_HIv3___RNAseq.g23247.t1/Montipora_capitata_HIv3___TS.g33523.t1/Montipora_capitata_HIv3___RNAseq.g47955.t1/Montipora_capitata_HIv3___RNAseq.g49962.t1/Montipora_capitata_HIv3___RNAseq.g11214.t1/Montipora_capitata_HIv3___RNAseq.g18929.t1/Montipora_capitata_HIv3___RNAseq.g8270.t1/Montipora_capitata_HIv3___RNAseq.g43111.t1/Montipora_capitata_HIv3___RNAseq.g6934.t1/Montipora_capitata_HIv3___RNAseq.g15029.t1b/Montipora_capitata_HIv3___TS.g10359.t4b/Montipora_capitata_HIv3___RNAseq.g15140.t1/Montipora_capitata_HIv3___RNAseq.g39706.t2/Montipora_capitata_HIv3___RNAseq.g8867.t2/Montipora_capitata_HIv3___RNAseq.g44445.t1/Montipora_capitata_HIv3___RNAseq.g14488.t1/Montipora_capitata_HIv3___TS.g47745.t1/Montipora_capitata_HIv3___RNAseq.g37450.t2/Montipora_capitata_HIv3___TS.g20607.t1/Montipora_capitata_HIv3___TS.g46192.t3,0.999912854140822,cellular component organization,BP
GO:0048609,multicellular organismal reproductive process,14/164,1240/8363,0.9946856963614826,0.5308777294414552,14,1240,Montipora_capitata_HIv3___RNAseq.g14946.t1/Montipora_capitata_HIv3___TS.g5595.t1/Montipora_capitata_HIv3___RNAseq.g36907.t1/Montipora_capitata_HIv3___RNAseq.g46378.t1/Montipora_capitata_HIv3___RNAseq.g24942.t1/Montipora_capitata_HIv3___RNAseq.g24095.t1/Montipora_capitata_HIv3___RNAseq.g44814.t1/Montipora_capitata_HIv3___RNAseq.g8971.t1/Montipora_capitata_HIv3___RNAseq.g15186.t1/Montipora_capitata_HIv3___RNAseq.g47955.t1/Montipora_capitata_HIv3___RNAseq.g28116.t1/Montipora_capitata_HIv3___RNAseq.g15029.t1b/Montipora_capitata_HIv3___RNAseq.g14488.t1/Montipora_capitata_HIv3___TS.g47745.t1,0.999912854140822,multicellular organismal reproductive process,BP
GO:0045934,negative regulation of nucleobase-containing compound metabolic process,8/164,840/8363,0.9948484553106048,0.4541116889565726,8,840,Montipora_capitata_HIv3___RNAseq.g44960.t2/Montipora_capitata_HIv3___RNAseq.21467_t/Montipora_capitata_HIv3___RNAseq.g42608.t1/Montipora_capitata_HIv3___RNAseq.g35008.t1/Montipora_capitata_HIv3___RNAseq.g44814.t1/Montipora_capitata_HIv3___RNAseq.g8971.t1/Montipora_capitata_HIv3___RNAseq.g43161.t1a/Montipora_capitata_HIv3___TS.g47745.t1,0.999912854140822,negative regulation of nucleobase-containing compound metabolic process,BP
GO:0044085,cellular component biogenesis,26/164,1985/8363,0.9951815247589364,0.6001834126791036,26,1985,Montipora_capitata_HIv3___RNAseq.g36838.t1/Montipora_capitata_HIv3___RNAseq.g26525.t1/Montipora_capitata_HIv3___RNAseq.g22865.t1/Montipora_capitata_HIv3___TS.g5595.t1/Montipora_capitata_HIv3___RNAseq.g27546.t1/Montipora_capitata_HIv3___RNAseq.g3374.t1/Montipora_capitata_HIv3___RNAseq.g38848.t1/Montipora_capitata_HIv3___RNAseq.g403.t1/Montipora_capitata_HIv3___RNAseq.g35008.t1/Montipora_capitata_HIv3___RNAseq.g40982.t1a/Montipora_capitata_HIv3___RNAseq.g24942.t1/Montipora_capitata_HIv3___RNAseq.g8971.t1/Montipora_capitata_HIv3___TS.g5653.t1/Montipora_capitata_HIv3___TS.g4674.t2b/Montipora_capitata_HIv3___RNAseq.g47379.t1/Montipora_capitata_HIv3___RNAseq.g43161.t1a/Montipora_capitata_HIv3___TS.g33523.t1/Montipora_capitata_HIv3___RNAseq.g47955.t1/Montipora_capitata_HIv3___RNAseq.g18929.t1/Montipora_capitata_HIv3___RNAseq.g8270.t1/Montipora_capitata_HIv3___RNAseq.g43111.t1/Montipora_capitata_HIv3___RNAseq.g15029.t1b/Montipora_capitata_HIv3___RNAseq.g15140.t1/Montipora_capitata_HIv3___RNAseq.g14488.t1/Montipora_capitata_HIv3___TS.g47745.t1/Montipora_capitata_HIv3___TS.g46192.t3,0.999912854140822,cellular component biogenesis,BP
GO:0051248,negative regulation of protein metabolic process,5/164,624/8363,0.9951860585467859,0.3851103843199883,5,624,Montipora_capitata_HIv3___TS.g1118.t1/Montipora_capitata_HIv3___RNAseq.g5395.t1/Montipora_capitata_HIv3___RNAseq.g7741.t1/Montipora_capitata_HIv3___TS.g32048.t1/Montipora_capitata_HIv3___RNAseq.g39706.t2,0.999912854140822,negative regulation of protein metabolic process,BP
GO:0000003,reproduction,20/164,1625/8363,0.9951910426428903,0.5706539329009728,20,1625,Montipora_capitata_HIv3___RNAseq.g14946.t1/Montipora_capitata_HIv3___TS.g5595.t1/Montipora_capitata_HIv3___RNAseq.g42608.t1/Montipora_capitata_HIv3___RNAseq.g36907.t1/Montipora_capitata_HIv3___RNAseq.g35008.t1/Montipora_capitata_HIv3___RNAseq.g46378.t1/Montipora_capitata_HIv3___RNAseq.g24942.t1/Montipora_capitata_HIv3___RNAseq.g24095.t1/Montipora_capitata_HIv3___RNAseq.g44814.t1/Montipora_capitata_HIv3___RNAseq.g8971.t1/Montipora_capitata_HIv3___RNAseq.g15186.t1/Montipora_capitata_HIv3___RNAseq.g42092.t1/Montipora_capitata_HIv3___RNAseq.g43161.t1a/Montipora_capitata_HIv3___RNAseq.g33449.t1/Montipora_capitata_HIv3___RNAseq.g4241.t1/Montipora_capitata_HIv3___RNAseq.g47955.t1/Montipora_capitata_HIv3___RNAseq.g28116.t1/Montipora_capitata_HIv3___RNAseq.g15029.t1b/Montipora_capitata_HIv3___RNAseq.g14488.t1/Montipora_capitata_HIv3___TS.g47745.t1,0.999912854140822,reproduction,BP
GO:0032504,multicellular organism reproduction,14/164,1255/8363,0.9955402958002527,0.5233336148553821,14,1255,Montipora_capitata_HIv3___RNAseq.g14946.t1/Montipora_capitata_HIv3___TS.g5595.t1/Montipora_capitata_HIv3___RNAseq.g36907.t1/Montipora_capitata_HIv3___RNAseq.g46378.t1/Montipora_capitata_HIv3___RNAseq.g24942.t1/Montipora_capitata_HIv3___RNAseq.g24095.t1/Montipora_capitata_HIv3___RNAseq.g44814.t1/Montipora_capitata_HIv3___RNAseq.g8971.t1/Montipora_capitata_HIv3___RNAseq.g15186.t1/Montipora_capitata_HIv3___RNAseq.g47955.t1/Montipora_capitata_HIv3___RNAseq.g28116.t1/Montipora_capitata_HIv3___RNAseq.g15029.t1b/Montipora_capitata_HIv3___RNAseq.g14488.t1/Montipora_capitata_HIv3___TS.g47745.t1,0.999912854140822,multicellular organism reproduction,BP
GO:0007281,germ cell development,6/164,707/8363,0.9956542990608395,0.4062134299409125,6,707,Montipora_capitata_HIv3___TS.g5595.t1/Montipora_capitata_HIv3___RNAseq.g24942.t1/Montipora_capitata_HIv3___RNAseq.g44814.t1/Montipora_capitata_HIv3___RNAseq.g47955.t1/Montipora_capitata_HIv3___RNAseq.g15029.t1b/Montipora_capitata_HIv3___TS.g47745.t1,0.999912854140822,germ cell development,BP
GO:0032502,developmental process,58/164,3778/8363,0.995991217642306,0.6588436641531004,58,3778,Montipora_capitata_HIv3___RNAseq.g6978.t1/Montipora_capitata_HIv3___RNAseq.g2559.t1a/Montipora_capitata_HIv3___RNAseq.g23734.t3/Montipora_capitata_HIv3___RNAseq.g35804.t1/Montipora_capitata_HIv3___RNAseq.g15043.t1/Montipora_capitata_HIv3___RNAseq.g5395.t1/Montipora_capitata_HIv3___RNAseq.g22865.t1/Montipora_capitata_HIv3___RNAseq.g7741.t1/Montipora_capitata_HIv3___RNAseq.g26580.t1/Montipora_capitata_HIv3___TS.g5595.t1/Montipora_capitata_HIv3___RNAseq.g3374.t1/Montipora_capitata_HIv3___RNAseq.g44960.t2/Montipora_capitata_HIv3___RNAseq.21467_t/Montipora_capitata_HIv3___RNAseq.g13129.t1/Montipora_capitata_HIv3___RNAseq.g42608.t1/Montipora_capitata_HIv3___RNAseq.g13857.t1/Montipora_capitata_HIv3___RNAseq.g36907.t1/Montipora_capitata_HIv3___RNAseq.g35008.t1/Montipora_capitata_HIv3___RNAseq.g668.t1/Montipora_capitata_HIv3___RNAseq.g46378.t1/Montipora_capitata_HIv3___RNAseq.g24942.t1/Montipora_capitata_HIv3___RNAseq.g44814.t1/Montipora_capitata_HIv3___RNAseq.g35720.t1/Montipora_capitata_HIv3___RNAseq.g18698.t1/Montipora_capitata_HIv3___RNAseq.g8971.t1/Montipora_capitata_HIv3___RNAseq.g40991.t1/Montipora_capitata_HIv3___TS.g4674.t2b/Montipora_capitata_HIv3___RNAseq.g24020.t1/Montipora_capitata_HIv3___RNAseq.g42092.t1/Montipora_capitata_HIv3___RNAseq.g42740.t1/Montipora_capitata_HIv3___RNAseq.g43161.t1a/Montipora_capitata_HIv3___RNAseq.g41333.t1/Montipora_capitata_HIv3___RNAseq.g9918.t1/Montipora_capitata_HIv3___RNAseq.g33449.t1/Montipora_capitata_HIv3___RNAseq.g9060.t1/Montipora_capitata_HIv3___RNAseq.g1174.t1/Montipora_capitata_HIv3___RNAseq.g23247.t1/Montipora_capitata_HIv3___TS.g33523.t1/Montipora_capitata_HIv3___RNAseq.g39974.t1/Montipora_capitata_HIv3___RNAseq.g47955.t1/Montipora_capitata_HIv3___RNAseq.g15188.t1/Montipora_capitata_HIv3___RNAseq.g49962.t1/Montipora_capitata_HIv3___RNAseq.g8270.t1/Montipora_capitata_HIv3___RNAseq.g6934.t1/Montipora_capitata_HIv3___RNAseq.g28116.t1/Montipora_capitata_HIv3___RNAseq.g15029.t1b/Montipora_capitata_HIv3___RNAseq.g4457.t1/Montipora_capitata_HIv3___RNAseq.g14625.t1/Montipora_capitata_HIv3___TS.g10359.t4b/Montipora_capitata_HIv3___RNAseq.g39706.t2/Montipora_capitata_HIv3___RNAseq.g44445.t1/Montipora_capitata_HIv3___RNAseq.g18391.t1/Montipora_capitata_HIv3___RNAseq.g14488.t1/Montipora_capitata_HIv3___TS.g47745.t1/Montipora_capitata_HIv3___RNAseq.g37450.t2/Montipora_capitata_HIv3___TS.g20607.t1/Montipora_capitata_HIv3___TS.g46192.t3/Montipora_capitata_HIv3___RNAseq.g50276.t1,0.999912854140822,developmental process,BP
GO:0010605,negative regulation of macromolecule metabolic process,18/164,1522/8363,0.9961614940718826,0.548849902923745,18,1522,Montipora_capitata_HIv3___TS.g1118.t1/Montipora_capitata_HIv3___RNAseq.g5395.t1/Montipora_capitata_HIv3___RNAseq.g7741.t1/Montipora_capitata_HIv3___RNAseq.g44960.t2/Montipora_capitata_HIv3___TS.g32048.t1/Montipora_capitata_HIv3___RNAseq.21467_t/Montipora_capitata_HIv3___RNAseq.g42608.t1/Montipora_capitata_HIv3___RNAseq.g35008.t1/Montipora_capitata_HIv3___RNAseq.g44814.t1/Montipora_capitata_HIv3___RNAseq.g8971.t1/Montipora_capitata_HIv3___RNAseq.g42092.t1/Montipora_capitata_HIv3___RNAseq.g43161.t1a/Montipora_capitata_HIv3___RNAseq.g4241.t1/Montipora_capitata_HIv3___RNAseq.g18929.t1/Montipora_capitata_HIv3___RNAseq.g8270.t1/Montipora_capitata_HIv3___RNAseq.g39706.t2/Montipora_capitata_HIv3___RNAseq.g11658.t1/Montipora_capitata_HIv3___TS.g47745.t1,0.999912854140822,negative regulation of macromolecule metabolic process,BP
GO:0019904,protein domain specific binding,3/164,477/8363,0.9963103368973429,0.3037062195815353,3,477,Montipora_capitata_HIv3___RNAseq.g35008.t1/Montipora_capitata_HIv3___RNAseq.g44814.t1/Montipora_capitata_HIv3___RNAseq.g44445.t1,0.999912854140822,protein domain specific binding,MF
GO:0031327,negative regulation of cellular biosynthetic process,8/164,866/8363,0.9963777356491887,0.4387975593871888,8,866,Montipora_capitata_HIv3___RNAseq.g44960.t2/Montipora_capitata_HIv3___RNAseq.21467_t/Montipora_capitata_HIv3___RNAseq.g42608.t1/Montipora_capitata_HIv3___RNAseq.g35008.t1/Montipora_capitata_HIv3___RNAseq.g46378.t1/Montipora_capitata_HIv3___RNAseq.g44814.t1/Montipora_capitata_HIv3___RNAseq.g8971.t1/Montipora_capitata_HIv3___RNAseq.g43161.t1a,0.999912854140822,negative regulation of cellular biosynthetic process,BP
GO:0071840,cellular component organization or biogenesis,57/164,3744/8363,0.9966262524093137,0.6519429117264764,57,3744,Montipora_capitata_HIv3___TS.g33283.t2/Montipora_capitata_HIv3___RNAseq.g6978.t1/Montipora_capitata_HIv3___TS.g1118.t1/Montipora_capitata_HIv3___RNAseq.g36838.t1/Montipora_capitata_HIv3___RNAseq.g23734.t3/Montipora_capitata_HIv3___RNAseq.g26525.t1/Montipora_capitata_HIv3___RNAseq.g35804.t1/Montipora_capitata_HIv3___TS.g44069.t1/Montipora_capitata_HIv3___RNAseq.g22865.t1/Montipora_capitata_HIv3___RNAseq.g26580.t1/Montipora_capitata_HIv3___TS.g5595.t1/Montipora_capitata_HIv3___RNAseq.g27546.t1/Montipora_capitata_HIv3___RNAseq.g44519.t1/Montipora_capitata_HIv3___RNAseq.g3374.t1/Montipora_capitata_HIv3___TS.g28995.t1/Montipora_capitata_HIv3___RNAseq.g39887.t1/Montipora_capitata_HIv3___RNAseq.g38848.t1/Montipora_capitata_HIv3___RNAseq.g403.t1/Montipora_capitata_HIv3___RNAseq.g13857.t1/Montipora_capitata_HIv3___RNAseq.g45527.t1/Montipora_capitata_HIv3___RNAseq.g35008.t1/Montipora_capitata_HIv3___RNAseq.g668.t1/Montipora_capitata_HIv3___RNAseq.g40982.t1a/Montipora_capitata_HIv3___RNAseq.g24942.t1/Montipora_capitata_HIv3___RNAseq.g44814.t1/Montipora_capitata_HIv3___RNAseq.g20250.t1/Montipora_capitata_HIv3___RNAseq.g35720.t1/Montipora_capitata_HIv3___RNAseq.g18698.t1/Montipora_capitata_HIv3___RNAseq.g8971.t1/Montipora_capitata_HIv3___TS.g5653.t1/Montipora_capitata_HIv3___RNAseq.g40991.t1/Montipora_capitata_HIv3___TS.g4674.t2b/Montipora_capitata_HIv3___RNAseq.g47379.t1/Montipora_capitata_HIv3___RNAseq.g24020.t1/Montipora_capitata_HIv3___RNAseq.g42740.t1/Montipora_capitata_HIv3___RNAseq.g43161.t1a/Montipora_capitata_HIv3___RNAseq.g1174.t1/Montipora_capitata_HIv3___RNAseq.g23247.t1/Montipora_capitata_HIv3___TS.g33523.t1/Montipora_capitata_HIv3___RNAseq.g47955.t1/Montipora_capitata_HIv3___RNAseq.g49962.t1/Montipora_capitata_HIv3___RNAseq.g11214.t1/Montipora_capitata_HIv3___RNAseq.g18929.t1/Montipora_capitata_HIv3___RNAseq.g8270.t1/Montipora_capitata_HIv3___RNAseq.g43111.t1/Montipora_capitata_HIv3___RNAseq.g6934.t1/Montipora_capitata_HIv3___RNAseq.g15029.t1b/Montipora_capitata_HIv3___TS.g10359.t4b/Montipora_capitata_HIv3___RNAseq.g15140.t1/Montipora_capitata_HIv3___RNAseq.g39706.t2/Montipora_capitata_HIv3___RNAseq.g8867.t2/Montipora_capitata_HIv3___RNAseq.g44445.t1/Montipora_capitata_HIv3___RNAseq.g14488.t1/Montipora_capitata_HIv3___TS.g47745.t1/Montipora_capitata_HIv3___RNAseq.g37450.t2/Montipora_capitata_HIv3___TS.g20607.t1/Montipora_capitata_HIv3___TS.g46192.t3,0.999912854140822,cellular component organization or biogenesis,BP
GO:2000113,GO:2000113,7/164,799/8363,0.9966378878768234,0.4170111954671001,7,799,Montipora_capitata_HIv3___RNAseq.g44960.t2/Montipora_capitata_HIv3___RNAseq.21467_t/Montipora_capitata_HIv3___RNAseq.g42608.t1/Montipora_capitata_HIv3___RNAseq.g35008.t1/Montipora_capitata_HIv3___RNAseq.g44814.t1/Montipora_capitata_HIv3___RNAseq.g8971.t1/Montipora_capitata_HIv3___RNAseq.g43161.t1a,0.999912854140822,NA,NA
GO:0007276,gamete generation,10/164,1014/8363,0.9967396097622815,0.4653795884193552,10,1014,Montipora_capitata_HIv3___TS.g5595.t1/Montipora_capitata_HIv3___RNAseq.g36907.t1/Montipora_capitata_HIv3___RNAseq.g24942.t1/Montipora_capitata_HIv3___RNAseq.g44814.t1/Montipora_capitata_HIv3___RNAseq.g8971.t1/Montipora_capitata_HIv3___RNAseq.g15186.t1/Montipora_capitata_HIv3___RNAseq.g47955.t1/Montipora_capitata_HIv3___RNAseq.g28116.t1/Montipora_capitata_HIv3___RNAseq.g15029.t1b/Montipora_capitata_HIv3___TS.g47745.t1,0.999912854140822,gamete generation,BP
GO:0050793,regulation of developmental process,20/164,1670/8363,0.9970578568482713,0.551306363119662,20,1670,Montipora_capitata_HIv3___RNAseq.g6978.t1/Montipora_capitata_HIv3___RNAseq.g5395.t1/Montipora_capitata_HIv3___RNAseq.g44960.t2/Montipora_capitata_HIv3___RNAseq.21467_t/Montipora_capitata_HIv3___RNAseq.g35008.t1/Montipora_capitata_HIv3___RNAseq.g46378.t1/Montipora_capitata_HIv3___RNAseq.g24942.t1/Montipora_capitata_HIv3___RNAseq.g44814.t1/Montipora_capitata_HIv3___RNAseq.g8971.t1/Montipora_capitata_HIv3___RNAseq.g32149.t1/Montipora_capitata_HIv3___RNAseq.g24020.t1/Montipora_capitata_HIv3___RNAseq.g42740.t1/Montipora_capitata_HIv3___RNAseq.g23247.t1/Montipora_capitata_HIv3___RNAseq.g49962.t1/Montipora_capitata_HIv3___RNAseq.g28116.t1/Montipora_capitata_HIv3___TS.g10359.t4b/Montipora_capitata_HIv3___RNAseq.g39706.t2/Montipora_capitata_HIv3___RNAseq.g14488.t1/Montipora_capitata_HIv3___RNAseq.g37450.t2/Montipora_capitata_HIv3___TS.g46192.t3,0.999912854140822,regulation of developmental process,BP
GO:0009890,negative regulation of biosynthetic process,8/164,883/8363,0.9971339601013745,0.42927651815730383,8,883,Montipora_capitata_HIv3___RNAseq.g44960.t2/Montipora_capitata_HIv3___RNAseq.21467_t/Montipora_capitata_HIv3___RNAseq.g42608.t1/Montipora_capitata_HIv3___RNAseq.g35008.t1/Montipora_capitata_HIv3___RNAseq.g46378.t1/Montipora_capitata_HIv3___RNAseq.g44814.t1/Montipora_capitata_HIv3___RNAseq.g8971.t1/Montipora_capitata_HIv3___RNAseq.g43161.t1a,0.999912854140822,negative regulation of biosynthetic process,BP
GO:0043170,macromolecule metabolic process,60/164,3925/8363,0.997285818439618,0.6469652477748901,60,3925,Montipora_capitata_HIv3___RNAseq.g6978.t1/Montipora_capitata_HIv3___TS.g1118.t1/Montipora_capitata_HIv3___RNAseq.g26525.t1/Montipora_capitata_HIv3___RNAseq.g15043.t1/Montipora_capitata_HIv3___RNAseq.g23762.t1/Montipora_capitata_HIv3___RNAseq.g5395.t1/Montipora_capitata_HIv3___RNAseq.g35299.t1/Montipora_capitata_HIv3___RNAseq.g11548.t1/Montipora_capitata_HIv3___RNAseq.g7741.t1/Montipora_capitata_HIv3___RNAseq.g33991.t1/Montipora_capitata_HIv3___RNAseq.g36836.t1/Montipora_capitata_HIv3___RNAseq.g46819.t1/Montipora_capitata_HIv3___RNAseq.g3374.t1/Montipora_capitata_HIv3___RNAseq.g44960.t2/Montipora_capitata_HIv3___TS.g32048.t1/Montipora_capitata_HIv3___RNAseq.21467_t/Montipora_capitata_HIv3___TS.g28995.t1/Montipora_capitata_HIv3___RNAseq.g37193.t1/Montipora_capitata_HIv3___RNAseq.g42608.t1/Montipora_capitata_HIv3___RNAseq.g12736.t1/Montipora_capitata_HIv3___RNAseq.g33992.t1/Montipora_capitata_HIv3___RNAseq.g403.t1/Montipora_capitata_HIv3___RNAseq.g13857.t1/Montipora_capitata_HIv3___RNAseq.g45527.t1/Montipora_capitata_HIv3___RNAseq.g44562.t1/Montipora_capitata_HIv3___RNAseq.g24942.t1/Montipora_capitata_HIv3___RNAseq.g44814.t1/Montipora_capitata_HIv3___RNAseq.g8971.t1/Montipora_capitata_HIv3___RNAseq.g20771.t1/Montipora_capitata_HIv3___RNAseq.g30678.t1b/Montipora_capitata_HIv3___RNAseq.g18395.t1/Montipora_capitata_HIv3___TS.g40519.t3/Montipora_capitata_HIv3___RNAseq.g20807.t2/Montipora_capitata_HIv3___RNAseq.g15186.t1/Montipora_capitata_HIv3___RNAseq.g40991.t1/Montipora_capitata_HIv3___RNAseq.g14965.t1/Montipora_capitata_HIv3___RNAseq.g47379.t1/Montipora_capitata_HIv3___RNAseq.g32149.t1/Montipora_capitata_HIv3___RNAseq.g42092.t1/Montipora_capitata_HIv3___RNAseq.g42740.t1/Montipora_capitata_HIv3___RNAseq.g43161.t1a/Montipora_capitata_HIv3___RNAseq.g22553.t1c/Montipora_capitata_HIv3___RNAseq.g9060.t1/Montipora_capitata_HIv3___RNAseq.g1174.t1/Montipora_capitata_HIv3___RNAseq.g23247.t1/Montipora_capitata_HIv3___RNAseq.g39974.t1/Montipora_capitata_HIv3___RNAseq.g4241.t1/Montipora_capitata_HIv3___RNAseq.g47955.t1/Montipora_capitata_HIv3___RNAseq.g15188.t1/Montipora_capitata_HIv3___RNAseq.g18929.t1/Montipora_capitata_HIv3___TS.g28908.t1/Montipora_capitata_HIv3___RNAseq.g43111.t1/Montipora_capitata_HIv3___RNAseq.g28116.t1/Montipora_capitata_HIv3___RNAseq.g14625.t1/Montipora_capitata_HIv3___RNAseq.g41226.t1/Montipora_capitata_HIv3___RNAseq.g39706.t2/Montipora_capitata_HIv3___RNAseq.g44445.t1/Montipora_capitata_HIv3___RNAseq.g11658.t1/Montipora_capitata_HIv3___TS.g47745.t1/Montipora_capitata_HIv3___TS.g46192.t3,0.999912854140822,macromolecule metabolic process,BP
GO:0031324,negative regulation of cellular metabolic process,16/164,1426/8363,0.9972915922906567,0.5205671005813589,16,1426,Montipora_capitata_HIv3___TS.g1118.t1/Montipora_capitata_HIv3___RNAseq.g5395.t1/Montipora_capitata_HIv3___RNAseq.g41637.t1/Montipora_capitata_HIv3___RNAseq.g7741.t1/Montipora_capitata_HIv3___RNAseq.g44960.t2/Montipora_capitata_HIv3___TS.g32048.t1/Montipora_capitata_HIv3___RNAseq.21467_t/Montipora_capitata_HIv3___RNAseq.g42608.t1/Montipora_capitata_HIv3___RNAseq.g35008.t1/Montipora_capitata_HIv3___RNAseq.g46378.t1/Montipora_capitata_HIv3___RNAseq.g44814.t1/Montipora_capitata_HIv3___RNAseq.g8971.t1/Montipora_capitata_HIv3___RNAseq.g43161.t1a/Montipora_capitata_HIv3___RNAseq.g15029.t1b/Montipora_capitata_HIv3___RNAseq.g39706.t2/Montipora_capitata_HIv3___TS.g47745.t1,0.999912854140822,negative regulation of cellular metabolic process,BP
GO:0043226,organelle,116/164,6646/8363,0.9973155968722731,0.6177158845731366,116,6646,Montipora_capitata_HIv3___TS.g33283.t2/Montipora_capitata_HIv3___RNAseq.g6978.t1/Montipora_capitata_HIv3___RNAseq.g36845.t1/Montipora_capitata_HIv3___TS.g1118.t1/Montipora_capitata_HIv3___RNAseq.g36838.t1/Montipora_capitata_HIv3___RNAseq.g2559.t1a/Montipora_capitata_HIv3___RNAseq.g23734.t3/Montipora_capitata_HIv3___RNAseq.g26525.t1/Montipora_capitata_HIv3___RNAseq.g35804.t1/Montipora_capitata_HIv3___RNAseq.g40427.t1a/Montipora_capitata_HIv3___RNAseq.g5395.t1/Montipora_capitata_HIv3___RNAseq.g22865.t1/Montipora_capitata_HIv3___RNAseq.g35299.t1/Montipora_capitata_HIv3___RNAseq.g11548.t1/Montipora_capitata_HIv3___RNAseq.g7741.t1/Montipora_capitata_HIv3___RNAseq.g7739.t1/Montipora_capitata_HIv3___RNAseq.g26580.t1/Montipora_capitata_HIv3___RNAseq.g2640.t1a/Montipora_capitata_HIv3___TS.g5595.t1/Montipora_capitata_HIv3___RNAseq.g36836.t1/Montipora_capitata_HIv3___RNAseq.g27546.t1/Montipora_capitata_HIv3___RNAseq.g24139.t1/Montipora_capitata_HIv3___RNAseq.g12807.t1/Montipora_capitata_HIv3___RNAseq.g34092.t1/Montipora_capitata_HIv3___RNAseq.g44519.t1/Montipora_capitata_HIv3___RNAseq.g50691.t1/Montipora_capitata_HIv3___RNAseq.g3374.t1/Montipora_capitata_HIv3___RNAseq.g44960.t2/Montipora_capitata_HIv3___RNAseq.21467_t/Montipora_capitata_HIv3___RNAseq.g9026.t1/Montipora_capitata_HIv3___RNAseq.g37193.t1/Montipora_capitata_HIv3___RNAseq.g42608.t1/Montipora_capitata_HIv3___RNAseq.g39887.t1/Montipora_capitata_HIv3___RNAseq.g12736.t1/Montipora_capitata_HIv3___TS.g40937.t3b/Montipora_capitata_HIv3___RNAseq.g38848.t1/Montipora_capitata_HIv3___RNAseq.g44539.t1/Montipora_capitata_HIv3___RNAseq.g403.t1/Montipora_capitata_HIv3___RNAseq.g24524.t1/Montipora_capitata_HIv3___RNAseq.g13857.t1/Montipora_capitata_HIv3___RNAseq.g36907.t1/Montipora_capitata_HIv3___RNAseq.g45527.t1/Montipora_capitata_HIv3___RNAseq.g35008.t1/Montipora_capitata_HIv3___RNAseq.g668.t1/Montipora_capitata_HIv3___RNAseq.g40982.t1a/Montipora_capitata_HIv3___RNAseq.g46378.t1/Montipora_capitata_HIv3___RNAseq.g24942.t1/Montipora_capitata_HIv3___RNAseq.g24095.t1/Montipora_capitata_HIv3___RNAseq.g44814.t1/Montipora_capitata_HIv3___RNAseq.g35720.t1/Montipora_capitata_HIv3___RNAseq.g12548.t1/Montipora_capitata_HIv3___RNAseq.g18698.t1/Montipora_capitata_HIv3___RNAseq.g14515.t1/Montipora_capitata_HIv3___RNAseq.g8971.t1/Montipora_capitata_HIv3___RNAseq.g9027.t1/Montipora_capitata_HIv3___RNAseq.g30678.t1b/Montipora_capitata_HIv3___RNAseq.g18395.t1/Montipora_capitata_HIv3___TS.g40519.t3/Montipora_capitata_HIv3___RNAseq.g20807.t2/Montipora_capitata_HIv3___RNAseq.g15186.t1/Montipora_capitata_HIv3___RNAseq.g36935.t1/Montipora_capitata_HIv3___TS.g5653.t1/Montipora_capitata_HIv3___RNAseq.g9338.t1/Montipora_capitata_HIv3___TS.g6904.t1/Montipora_capitata_HIv3___RNAseq.g14155.t1/Montipora_capitata_HIv3___RNAseq.g40991.t1/Montipora_capitata_HIv3___RNAseq.g14965.t1/Montipora_capitata_HIv3___TS.g4674.t2b/Montipora_capitata_HIv3___RNAseq.g47379.t1/Montipora_capitata_HIv3___RNAseq.g32149.t1/Montipora_capitata_HIv3___RNAseq.g30434.t1/Montipora_capitata_HIv3___RNAseq.g42092.t1/Montipora_capitata_HIv3___RNAseq.g40284.t1/Montipora_capitata_HIv3___RNAseq.g42740.t1/Montipora_capitata_HIv3___RNAseq.g43161.t1a/Montipora_capitata_HIv3___RNAseq.g22553.t1c/Montipora_capitata_HIv3___RNAseq.g41333.t1/Montipora_capitata_HIv3___RNAseq.g33449.t1/Montipora_capitata_HIv3___RNAseq.g22408.t1/Montipora_capitata_HIv3___RNAseq.g1174.t1/Montipora_capitata_HIv3___RNAseq.g23247.t1/Montipora_capitata_HIv3___TS.g33523.t1/Montipora_capitata_HIv3___RNAseq.g39974.t1/Montipora_capitata_HIv3___RNAseq.g4241.t1/Montipora_capitata_HIv3___RNAseq.g47955.t1/Montipora_capitata_HIv3___RNAseq.g15188.t1/Montipora_capitata_HIv3___RNAseq.g49962.t1/Montipora_capitata_HIv3___RNAseq.g18929.t1/Montipora_capitata_HIv3___TS.g50674.t1/Montipora_capitata_HIv3___RNAseq.g8270.t1/Montipora_capitata_HIv3___TS.g28908.t1/Montipora_capitata_HIv3___RNAseq.g43111.t1/Montipora_capitata_HIv3___RNAseq.g33997.t1/Montipora_capitata_HIv3___RNAseq.g9561.t1/Montipora_capitata_HIv3___RNAseq.g15029.t1b/Montipora_capitata_HIv3___TS.g21895.t1/Montipora_capitata_HIv3___RNAseq.g44719.t1/Montipora_capitata_HIv3___RNAseq.g9087.t1/Montipora_capitata_HIv3___RNAseq.g14625.t1/Montipora_capitata_HIv3___RNAseq.g15140.t1/Montipora_capitata_HIv3___RNAseq.g14956.t1/Montipora_capitata_HIv3___RNAseq.g39706.t2/Montipora_capitata_HIv3___RNAseq.g8867.t2/Montipora_capitata_HIv3___RNAseq.g22853.t1/Montipora_capitata_HIv3___RNAseq.g44445.t1/Montipora_capitata_HIv3___RNAseq.g14960.t1/Montipora_capitata_HIv3___TS.g32614.t2/Montipora_capitata_HIv3___RNAseq.g23366.t1/Montipora_capitata_HIv3___RNAseq.g18391.t1/Montipora_capitata_HIv3___RNAseq.g11658.t1/Montipora_capitata_HIv3___RNAseq.g14488.t1/Montipora_capitata_HIv3___TS.g47745.t1/Montipora_capitata_HIv3___RNAseq.g37450.t2/Montipora_capitata_HIv3___RNAseq.g20763.t1/Montipora_capitata_HIv3___TS.g20607.t1/Montipora_capitata_HIv3___TS.g46192.t3,0.999912854140822,organelle,CC
GO:0051253,negative regulation of RNA metabolic process,6/164,741/8363,0.9973629637398551,0.38566695954473884,6,741,Montipora_capitata_HIv3___RNAseq.g44960.t2/Montipora_capitata_HIv3___RNAseq.21467_t/Montipora_capitata_HIv3___RNAseq.g35008.t1/Montipora_capitata_HIv3___RNAseq.g44814.t1/Montipora_capitata_HIv3___RNAseq.g8971.t1/Montipora_capitata_HIv3___TS.g47745.t1,0.999912854140822,negative regulation of RNA metabolic process,BP
GO:0043231,intracellular membrane-bounded organelle,96/164,5729/8363,0.9974590422914904,0.6431330032347504,96,5729,Montipora_capitata_HIv3___RNAseq.g6978.t1/Montipora_capitata_HIv3___RNAseq.g36845.t1/Montipora_capitata_HIv3___TS.g1118.t1/Montipora_capitata_HIv3___RNAseq.g23734.t3/Montipora_capitata_HIv3___RNAseq.g26525.t1/Montipora_capitata_HIv3___RNAseq.g35804.t1/Montipora_capitata_HIv3___RNAseq.g40427.t1a/Montipora_capitata_HIv3___RNAseq.g5395.t1/Montipora_capitata_HIv3___RNAseq.g22865.t1/Montipora_capitata_HIv3___RNAseq.g35299.t1/Montipora_capitata_HIv3___RNAseq.g11548.t1/Montipora_capitata_HIv3___RNAseq.g7741.t1/Montipora_capitata_HIv3___RNAseq.g7739.t1/Montipora_capitata_HIv3___RNAseq.g36836.t1/Montipora_capitata_HIv3___RNAseq.g27546.t1/Montipora_capitata_HIv3___RNAseq.g24139.t1/Montipora_capitata_HIv3___RNAseq.g34092.t1/Montipora_capitata_HIv3___RNAseq.g44519.t1/Montipora_capitata_HIv3___RNAseq.g50691.t1/Montipora_capitata_HIv3___RNAseq.g3374.t1/Montipora_capitata_HIv3___RNAseq.g44960.t2/Montipora_capitata_HIv3___RNAseq.21467_t/Montipora_capitata_HIv3___RNAseq.g37193.t1/Montipora_capitata_HIv3___RNAseq.g42608.t1/Montipora_capitata_HIv3___RNAseq.g12736.t1/Montipora_capitata_HIv3___TS.g40937.t3b/Montipora_capitata_HIv3___RNAseq.g44539.t1/Montipora_capitata_HIv3___RNAseq.g403.t1/Montipora_capitata_HIv3___RNAseq.g24524.t1/Montipora_capitata_HIv3___RNAseq.g13857.t1/Montipora_capitata_HIv3___RNAseq.g36907.t1/Montipora_capitata_HIv3___RNAseq.g45527.t1/Montipora_capitata_HIv3___RNAseq.g35008.t1/Montipora_capitata_HIv3___RNAseq.g40982.t1a/Montipora_capitata_HIv3___RNAseq.g46378.t1/Montipora_capitata_HIv3___RNAseq.g24095.t1/Montipora_capitata_HIv3___RNAseq.g44814.t1/Montipora_capitata_HIv3___RNAseq.g35720.t1/Montipora_capitata_HIv3___RNAseq.g12548.t1/Montipora_capitata_HIv3___RNAseq.g14515.t1/Montipora_capitata_HIv3___RNAseq.g8971.t1/Montipora_capitata_HIv3___RNAseq.g9027.t1/Montipora_capitata_HIv3___RNAseq.g30678.t1b/Montipora_capitata_HIv3___RNAseq.g18395.t1/Montipora_capitata_HIv3___TS.g40519.t3/Montipora_capitata_HIv3___RNAseq.g15186.t1/Montipora_capitata_HIv3___RNAseq.g36935.t1/Montipora_capitata_HIv3___RNAseq.g9338.t1/Montipora_capitata_HIv3___TS.g6904.t1/Montipora_capitata_HIv3___RNAseq.g14155.t1/Montipora_capitata_HIv3___RNAseq.g40991.t1/Montipora_capitata_HIv3___RNAseq.g14965.t1/Montipora_capitata_HIv3___RNAseq.g47379.t1/Montipora_capitata_HIv3___RNAseq.g32149.t1/Montipora_capitata_HIv3___RNAseq.g30434.t1/Montipora_capitata_HIv3___RNAseq.g42092.t1/Montipora_capitata_HIv3___RNAseq.g40284.t1/Montipora_capitata_HIv3___RNAseq.g42740.t1/Montipora_capitata_HIv3___RNAseq.g43161.t1a/Montipora_capitata_HIv3___RNAseq.g22553.t1c/Montipora_capitata_HIv3___RNAseq.g41333.t1/Montipora_capitata_HIv3___RNAseq.g22408.t1/Montipora_capitata_HIv3___RNAseq.g1174.t1/Montipora_capitata_HIv3___RNAseq.g23247.t1/Montipora_capitata_HIv3___TS.g33523.t1/Montipora_capitata_HIv3___RNAseq.g39974.t1/Montipora_capitata_HIv3___RNAseq.g47955.t1/Montipora_capitata_HIv3___RNAseq.g15188.t1/Montipora_capitata_HIv3___RNAseq.g49962.t1/Montipora_capitata_HIv3___RNAseq.g18929.t1/Montipora_capitata_HIv3___TS.g50674.t1/Montipora_capitata_HIv3___RNAseq.g8270.t1/Montipora_capitata_HIv3___TS.g28908.t1/Montipora_capitata_HIv3___RNAseq.g43111.t1/Montipora_capitata_HIv3___RNAseq.g33997.t1/Montipora_capitata_HIv3___RNAseq.g9561.t1/Montipora_capitata_HIv3___RNAseq.g15029.t1b/Montipora_capitata_HIv3___TS.g21895.t1/Montipora_capitata_HIv3___RNAseq.g44719.t1/Montipora_capitata_HIv3___RNAseq.g9087.t1/Montipora_capitata_HIv3___RNAseq.g15140.t1/Montipora_capitata_HIv3___RNAseq.g14956.t1/Montipora_capitata_HIv3___RNAseq.g39706.t2/Montipora_capitata_HIv3___RNAseq.g8867.t2/Montipora_capitata_HIv3___RNAseq.g22853.t1/Montipora_capitata_HIv3___RNAseq.g44445.t1/Montipora_capitata_HIv3___RNAseq.g14960.t1/Montipora_capitata_HIv3___TS.g32614.t2/Montipora_capitata_HIv3___RNAseq.g18391.t1/Montipora_capitata_HIv3___RNAseq.g11658.t1/Montipora_capitata_HIv3___RNAseq.g14488.t1/Montipora_capitata_HIv3___TS.g47745.t1/Montipora_capitata_HIv3___RNAseq.g37450.t2/Montipora_capitata_HIv3___RNAseq.g20763.t1/Montipora_capitata_HIv3___TS.g20607.t1/Montipora_capitata_HIv3___TS.g46192.t3,0.999912854140822,intracellular membrane-bounded organelle,CC
GO:0008104,protein localization,14/164,1303/8363,0.9974928839622679,0.5003723585941529,14,1303,Montipora_capitata_HIv3___RNAseq.g15043.t1/Montipora_capitata_HIv3___RNAseq.g14946.t1/Montipora_capitata_HIv3___RNAseq.g13857.t1/Montipora_capitata_HIv3___RNAseq.g668.t1/Montipora_capitata_HIv3___RNAseq.g42740.t1/Montipora_capitata_HIv3___TS.g33523.t1/Montipora_capitata_HIv3___RNAseq.g47955.t1/Montipora_capitata_HIv3___RNAseq.g15188.t1/Montipora_capitata_HIv3___RNAseq.g49962.t1/Montipora_capitata_HIv3___RNAseq.g15029.t1b/Montipora_capitata_HIv3___RNAseq.g41226.t1/Montipora_capitata_HIv3___RNAseq.g39706.t2/Montipora_capitata_HIv3___RNAseq.g11658.t1/Montipora_capitata_HIv3___TS.g47745.t1,0.999912854140822,protein localization,BP
GO:0051093,negative regulation of developmental process,5/164,667/8363,0.9975057586907246,0.3580542998664161,5,667,Montipora_capitata_HIv3___RNAseq.g44814.t1/Montipora_capitata_HIv3___RNAseq.g8971.t1/Montipora_capitata_HIv3___RNAseq.g28116.t1/Montipora_capitata_HIv3___TS.g10359.t4b/Montipora_capitata_HIv3___RNAseq.g39706.t2,0.999912854140822,negative regulation of developmental process,BP
GO:0010558,negative regulation of macromolecule biosynthetic process,7/164,820/8363,0.9975096802164984,0.4050886282739563,7,820,Montipora_capitata_HIv3___RNAseq.g44960.t2/Montipora_capitata_HIv3___RNAseq.21467_t/Montipora_capitata_HIv3___RNAseq.g42608.t1/Montipora_capitata_HIv3___RNAseq.g35008.t1/Montipora_capitata_HIv3___RNAseq.g44814.t1/Montipora_capitata_HIv3___RNAseq.g8971.t1/Montipora_capitata_HIv3___RNAseq.g43161.t1a,0.999912854140822,negative regulation of macromolecule biosynthetic process,BP
GO:0045892,negative regulation of DNA-templated transcription,5/164,669/8363,0.9975820190230191,0.356881158072487,5,669,Montipora_capitata_HIv3___RNAseq.g44960.t2/Montipora_capitata_HIv3___RNAseq.21467_t/Montipora_capitata_HIv3___RNAseq.g35008.t1/Montipora_capitata_HIv3___RNAseq.g44814.t1/Montipora_capitata_HIv3___RNAseq.g8971.t1,0.999912854140822,negative regulation of DNA-templated transcription,BP
GO:0043229,intracellular organelle,113/164,6521/8363,0.997605153385746,0.61931231707149,113,6521,Montipora_capitata_HIv3___TS.g33283.t2/Montipora_capitata_HIv3___RNAseq.g6978.t1/Montipora_capitata_HIv3___RNAseq.g36845.t1/Montipora_capitata_HIv3___TS.g1118.t1/Montipora_capitata_HIv3___RNAseq.g36838.t1/Montipora_capitata_HIv3___RNAseq.g23734.t3/Montipora_capitata_HIv3___RNAseq.g26525.t1/Montipora_capitata_HIv3___RNAseq.g35804.t1/Montipora_capitata_HIv3___RNAseq.g40427.t1a/Montipora_capitata_HIv3___RNAseq.g5395.t1/Montipora_capitata_HIv3___RNAseq.g22865.t1/Montipora_capitata_HIv3___RNAseq.g35299.t1/Montipora_capitata_HIv3___RNAseq.g11548.t1/Montipora_capitata_HIv3___RNAseq.g7741.t1/Montipora_capitata_HIv3___RNAseq.g7739.t1/Montipora_capitata_HIv3___RNAseq.g26580.t1/Montipora_capitata_HIv3___RNAseq.g2640.t1a/Montipora_capitata_HIv3___TS.g5595.t1/Montipora_capitata_HIv3___RNAseq.g36836.t1/Montipora_capitata_HIv3___RNAseq.g27546.t1/Montipora_capitata_HIv3___RNAseq.g24139.t1/Montipora_capitata_HIv3___RNAseq.g34092.t1/Montipora_capitata_HIv3___RNAseq.g44519.t1/Montipora_capitata_HIv3___RNAseq.g50691.t1/Montipora_capitata_HIv3___RNAseq.g3374.t1/Montipora_capitata_HIv3___RNAseq.g44960.t2/Montipora_capitata_HIv3___RNAseq.21467_t/Montipora_capitata_HIv3___RNAseq.g9026.t1/Montipora_capitata_HIv3___RNAseq.g37193.t1/Montipora_capitata_HIv3___RNAseq.g42608.t1/Montipora_capitata_HIv3___RNAseq.g39887.t1/Montipora_capitata_HIv3___RNAseq.g12736.t1/Montipora_capitata_HIv3___TS.g40937.t3b/Montipora_capitata_HIv3___RNAseq.g38848.t1/Montipora_capitata_HIv3___RNAseq.g44539.t1/Montipora_capitata_HIv3___RNAseq.g403.t1/Montipora_capitata_HIv3___RNAseq.g24524.t1/Montipora_capitata_HIv3___RNAseq.g13857.t1/Montipora_capitata_HIv3___RNAseq.g36907.t1/Montipora_capitata_HIv3___RNAseq.g45527.t1/Montipora_capitata_HIv3___RNAseq.g35008.t1/Montipora_capitata_HIv3___RNAseq.g40982.t1a/Montipora_capitata_HIv3___RNAseq.g46378.t1/Montipora_capitata_HIv3___RNAseq.g24942.t1/Montipora_capitata_HIv3___RNAseq.g24095.t1/Montipora_capitata_HIv3___RNAseq.g44814.t1/Montipora_capitata_HIv3___RNAseq.g35720.t1/Montipora_capitata_HIv3___RNAseq.g12548.t1/Montipora_capitata_HIv3___RNAseq.g18698.t1/Montipora_capitata_HIv3___RNAseq.g14515.t1/Montipora_capitata_HIv3___RNAseq.g8971.t1/Montipora_capitata_HIv3___RNAseq.g9027.t1/Montipora_capitata_HIv3___RNAseq.g30678.t1b/Montipora_capitata_HIv3___RNAseq.g18395.t1/Montipora_capitata_HIv3___TS.g40519.t3/Montipora_capitata_HIv3___RNAseq.g20807.t2/Montipora_capitata_HIv3___RNAseq.g15186.t1/Montipora_capitata_HIv3___RNAseq.g36935.t1/Montipora_capitata_HIv3___TS.g5653.t1/Montipora_capitata_HIv3___RNAseq.g9338.t1/Montipora_capitata_HIv3___TS.g6904.t1/Montipora_capitata_HIv3___RNAseq.g14155.t1/Montipora_capitata_HIv3___RNAseq.g40991.t1/Montipora_capitata_HIv3___RNAseq.g14965.t1/Montipora_capitata_HIv3___TS.g4674.t2b/Montipora_capitata_HIv3___RNAseq.g47379.t1/Montipora_capitata_HIv3___RNAseq.g32149.t1/Montipora_capitata_HIv3___RNAseq.g30434.t1/Montipora_capitata_HIv3___RNAseq.g42092.t1/Montipora_capitata_HIv3___RNAseq.g40284.t1/Montipora_capitata_HIv3___RNAseq.g42740.t1/Montipora_capitata_HIv3___RNAseq.g43161.t1a/Montipora_capitata_HIv3___RNAseq.g22553.t1c/Montipora_capitata_HIv3___RNAseq.g41333.t1/Montipora_capitata_HIv3___RNAseq.g33449.t1/Montipora_capitata_HIv3___RNAseq.g22408.t1/Montipora_capitata_HIv3___RNAseq.g1174.t1/Montipora_capitata_HIv3___RNAseq.g23247.t1/Montipora_capitata_HIv3___TS.g33523.t1/Montipora_capitata_HIv3___RNAseq.g39974.t1/Montipora_capitata_HIv3___RNAseq.g4241.t1/Montipora_capitata_HIv3___RNAseq.g47955.t1/Montipora_capitata_HIv3___RNAseq.g15188.t1/Montipora_capitata_HIv3___RNAseq.g49962.t1/Montipora_capitata_HIv3___RNAseq.g18929.t1/Montipora_capitata_HIv3___TS.g50674.t1/Montipora_capitata_HIv3___RNAseq.g8270.t1/Montipora_capitata_HIv3___TS.g28908.t1/Montipora_capitata_HIv3___RNAseq.g43111.t1/Montipora_capitata_HIv3___RNAseq.g33997.t1/Montipora_capitata_HIv3___RNAseq.g9561.t1/Montipora_capitata_HIv3___RNAseq.g15029.t1b/Montipora_capitata_HIv3___TS.g21895.t1/Montipora_capitata_HIv3___RNAseq.g44719.t1/Montipora_capitata_HIv3___RNAseq.g9087.t1/Montipora_capitata_HIv3___RNAseq.g14625.t1/Montipora_capitata_HIv3___RNAseq.g15140.t1/Montipora_capitata_HIv3___RNAseq.g14956.t1/Montipora_capitata_HIv3___RNAseq.g39706.t2/Montipora_capitata_HIv3___RNAseq.g8867.t2/Montipora_capitata_HIv3___RNAseq.g22853.t1/Montipora_capitata_HIv3___RNAseq.g44445.t1/Montipora_capitata_HIv3___RNAseq.g14960.t1/Montipora_capitata_HIv3___TS.g32614.t2/Montipora_capitata_HIv3___RNAseq.g23366.t1/Montipora_capitata_HIv3___RNAseq.g18391.t1/Montipora_capitata_HIv3___RNAseq.g11658.t1/Montipora_capitata_HIv3___RNAseq.g14488.t1/Montipora_capitata_HIv3___TS.g47745.t1/Montipora_capitata_HIv3___RNAseq.g37450.t2/Montipora_capitata_HIv3___RNAseq.g20763.t1/Montipora_capitata_HIv3___TS.g20607.t1/Montipora_capitata_HIv3___TS.g46192.t3,0.999912854140822,intracellular organelle,CC
GO:0060322,head development,4/164,597/8363,0.9979204666898857,0.32068538328941554,4,597,Montipora_capitata_HIv3___RNAseq.g44814.t1/Montipora_capitata_HIv3___RNAseq.g8971.t1/Montipora_capitata_HIv3___RNAseq.g42092.t1/Montipora_capitata_HIv3___TS.g46192.t3,0.999912854140822,head development,BP
GO:0022414,reproductive process,18/164,1576/8363,0.9979296127408441,0.5255573637160542,18,1576,Montipora_capitata_HIv3___RNAseq.g14946.t1/Montipora_capitata_HIv3___TS.g5595.t1/Montipora_capitata_HIv3___RNAseq.g36907.t1/Montipora_capitata_HIv3___RNAseq.g35008.t1/Montipora_capitata_HIv3___RNAseq.g46378.t1/Montipora_capitata_HIv3___RNAseq.g24942.t1/Montipora_capitata_HIv3___RNAseq.g24095.t1/Montipora_capitata_HIv3___RNAseq.g44814.t1/Montipora_capitata_HIv3___RNAseq.g8971.t1/Montipora_capitata_HIv3___RNAseq.g15186.t1/Montipora_capitata_HIv3___RNAseq.g42092.t1/Montipora_capitata_HIv3___RNAseq.g43161.t1a/Montipora_capitata_HIv3___RNAseq.g33449.t1/Montipora_capitata_HIv3___RNAseq.g47955.t1/Montipora_capitata_HIv3___RNAseq.g28116.t1/Montipora_capitata_HIv3___RNAseq.g15029.t1b/Montipora_capitata_HIv3___RNAseq.g14488.t1/Montipora_capitata_HIv3___TS.g47745.t1,0.999912854140822,reproductive process,BP
GO:0007292,female gamete generation,4/164,599/8363,0.9979874775879468,0.31952346325886344,4,599,Montipora_capitata_HIv3___RNAseq.g24942.t1/Montipora_capitata_HIv3___RNAseq.g44814.t1/Montipora_capitata_HIv3___RNAseq.g47955.t1/Montipora_capitata_HIv3___RNAseq.g15029.t1b,0.999912854140822,female gamete generation,BP
GO:1903507,GO:1903507,5/164,681/8363,0.9979947311264631,0.3499880757343886,5,681,Montipora_capitata_HIv3___RNAseq.g44960.t2/Montipora_capitata_HIv3___RNAseq.21467_t/Montipora_capitata_HIv3___RNAseq.g35008.t1/Montipora_capitata_HIv3___RNAseq.g44814.t1/Montipora_capitata_HIv3___RNAseq.g8971.t1,0.999912854140822,NA,NA
GO:1902679,negative regulation of RNA biosynthetic process,5/164,682/8363,0.9980258909721917,0.3494246819974506,5,682,Montipora_capitata_HIv3___RNAseq.g44960.t2/Montipora_capitata_HIv3___RNAseq.21467_t/Montipora_capitata_HIv3___RNAseq.g35008.t1/Montipora_capitata_HIv3___RNAseq.g44814.t1/Montipora_capitata_HIv3___RNAseq.g8971.t1,0.999912854140822,negative regulation of RNA biosynthetic process,BP
GO:0006996,organelle organization,32/164,2427/8363,0.9981125113993377,0.5875197186727139,32,2427,Montipora_capitata_HIv3___TS.g33283.t2/Montipora_capitata_HIv3___RNAseq.g6978.t1/Montipora_capitata_HIv3___TS.g1118.t1/Montipora_capitata_HIv3___RNAseq.g36838.t1/Montipora_capitata_HIv3___RNAseq.g22865.t1/Montipora_capitata_HIv3___RNAseq.g26580.t1/Montipora_capitata_HIv3___TS.g5595.t1/Montipora_capitata_HIv3___RNAseq.g27546.t1/Montipora_capitata_HIv3___RNAseq.g3374.t1/Montipora_capitata_HIv3___RNAseq.g39887.t1/Montipora_capitata_HIv3___RNAseq.g13857.t1/Montipora_capitata_HIv3___RNAseq.g45527.t1/Montipora_capitata_HIv3___RNAseq.g40982.t1a/Montipora_capitata_HIv3___RNAseq.g24942.t1/Montipora_capitata_HIv3___RNAseq.g44814.t1/Montipora_capitata_HIv3___RNAseq.g8971.t1/Montipora_capitata_HIv3___TS.g5653.t1/Montipora_capitata_HIv3___RNAseq.g40991.t1/Montipora_capitata_HIv3___TS.g4674.t2b/Montipora_capitata_HIv3___RNAseq.g42740.t1/Montipora_capitata_HIv3___RNAseq.g43161.t1a/Montipora_capitata_HIv3___RNAseq.g1174.t1/Montipora_capitata_HIv3___RNAseq.g23247.t1/Montipora_capitata_HIv3___TS.g33523.t1/Montipora_capitata_HIv3___RNAseq.g47955.t1/Montipora_capitata_HIv3___RNAseq.g49962.t1/Montipora_capitata_HIv3___RNAseq.g43111.t1/Montipora_capitata_HIv3___RNAseq.g15029.t1b/Montipora_capitata_HIv3___TS.g10359.t4b/Montipora_capitata_HIv3___RNAseq.g15140.t1/Montipora_capitata_HIv3___TS.g47745.t1/Montipora_capitata_HIv3___TS.g20607.t1,0.999912854140822,organelle organization,BP
GO:0048519,negative regulation of biological process,41/164,2943/8363,0.9982122168762034,0.6084644792710213,41,2943,Montipora_capitata_HIv3___RNAseq.g6978.t1/Montipora_capitata_HIv3___TS.g1118.t1/Montipora_capitata_HIv3___RNAseq.g5395.t1/Montipora_capitata_HIv3___RNAseq.g41637.t1/Montipora_capitata_HIv3___RNAseq.g11548.t1/Montipora_capitata_HIv3___RNAseq.g7741.t1/Montipora_capitata_HIv3___RNAseq.g34092.t1/Montipora_capitata_HIv3___RNAseq.g44519.t1/Montipora_capitata_HIv3___RNAseq.g44960.t2/Montipora_capitata_HIv3___TS.g32048.t1/Montipora_capitata_HIv3___RNAseq.21467_t/Montipora_capitata_HIv3___RNAseq.g42608.t1/Montipora_capitata_HIv3___RNAseq.g36907.t1/Montipora_capitata_HIv3___RNAseq.g35008.t1/Montipora_capitata_HIv3___RNAseq.g46378.t1/Montipora_capitata_HIv3___RNAseq.g24942.t1/Montipora_capitata_HIv3___RNAseq.g24095.t1/Montipora_capitata_HIv3___RNAseq.g44814.t1/Montipora_capitata_HIv3___RNAseq.g18698.t1/Montipora_capitata_HIv3___RNAseq.g8971.t1/Montipora_capitata_HIv3___RNAseq.g30678.t1b/Montipora_capitata_HIv3___RNAseq.g14965.t1/Montipora_capitata_HIv3___RNAseq.g32149.t1/Montipora_capitata_HIv3___RNAseq.g37645.t1/Montipora_capitata_HIv3___RNAseq.g42092.t1/Montipora_capitata_HIv3___RNAseq.g42740.t1/Montipora_capitata_HIv3___RNAseq.g43161.t1a/Montipora_capitata_HIv3___RNAseq.g4241.t1/Montipora_capitata_HIv3___RNAseq.g15188.t1/Montipora_capitata_HIv3___RNAseq.g18929.t1/Montipora_capitata_HIv3___RNAseq.g8270.t1/Montipora_capitata_HIv3___RNAseq.g28116.t1/Montipora_capitata_HIv3___RNAseq.g15029.t1b/Montipora_capitata_HIv3___RNAseq.g4457.t1/Montipora_capitata_HIv3___TS.g10359.t4b/Montipora_capitata_HIv3___RNAseq.g39706.t2/Montipora_capitata_HIv3___RNAseq.g44445.t1/Montipora_capitata_HIv3___RNAseq.g23366.t1/Montipora_capitata_HIv3___RNAseq.g11658.t1/Montipora_capitata_HIv3___RNAseq.g14488.t1/Montipora_capitata_HIv3___TS.g47745.t1,0.999912854140822,negative regulation of biological process,BP
GO:0019953,sexual reproduction,11/164,1158/8363,0.998792976352211,0.44205905334425327,11,1158,Montipora_capitata_HIv3___RNAseq.g14946.t1/Montipora_capitata_HIv3___TS.g5595.t1/Montipora_capitata_HIv3___RNAseq.g36907.t1/Montipora_capitata_HIv3___RNAseq.g24942.t1/Montipora_capitata_HIv3___RNAseq.g44814.t1/Montipora_capitata_HIv3___RNAseq.g8971.t1/Montipora_capitata_HIv3___RNAseq.g15186.t1/Montipora_capitata_HIv3___RNAseq.g47955.t1/Montipora_capitata_HIv3___RNAseq.g28116.t1/Montipora_capitata_HIv3___RNAseq.g15029.t1b/Montipora_capitata_HIv3___TS.g47745.t1,0.999912854140822,sexual reproduction,BP
GO:0051129,negative regulation of cellular component organization,3/164,543/8363,0.9988218278213103,0.2643104794062352,3,543,Montipora_capitata_HIv3___RNAseq.g6978.t1/Montipora_capitata_HIv3___RNAseq.g42608.t1/Montipora_capitata_HIv3___RNAseq.g8971.t1,0.999912854140822,negative regulation of cellular component organization,BP
GO:0007420,brain development,3/164,551/8363,0.9989766993446041,0.2601800484312189,3,551,Montipora_capitata_HIv3___RNAseq.g44814.t1/Montipora_capitata_HIv3___RNAseq.g8971.t1/Montipora_capitata_HIv3___TS.g46192.t3,0.999912854140822,brain development,BP
GO:0051172,negative regulation of nitrogen compound metabolic process,13/164,1313/8363,0.9990514756783047,0.4569238772348394,13,1313,Montipora_capitata_HIv3___TS.g1118.t1/Montipora_capitata_HIv3___RNAseq.g5395.t1/Montipora_capitata_HIv3___RNAseq.g7741.t1/Montipora_capitata_HIv3___RNAseq.g44960.t2/Montipora_capitata_HIv3___TS.g32048.t1/Montipora_capitata_HIv3___RNAseq.21467_t/Montipora_capitata_HIv3___RNAseq.g42608.t1/Montipora_capitata_HIv3___RNAseq.g35008.t1/Montipora_capitata_HIv3___RNAseq.g44814.t1/Montipora_capitata_HIv3___RNAseq.g8971.t1/Montipora_capitata_HIv3___RNAseq.g43161.t1a/Montipora_capitata_HIv3___RNAseq.g39706.t2/Montipora_capitata_HIv3___TS.g47745.t1,0.999912854140822,negative regulation of nitrogen compound metabolic process,BP
GO:0044260,GO:0044260,46/164,3288/8363,0.9991177327077638,0.5960841584162883,46,3288,Montipora_capitata_HIv3___RNAseq.g6978.t1/Montipora_capitata_HIv3___TS.g1118.t1/Montipora_capitata_HIv3___RNAseq.g15043.t1/Montipora_capitata_HIv3___RNAseq.g23762.t1/Montipora_capitata_HIv3___RNAseq.g5395.t1/Montipora_capitata_HIv3___RNAseq.g35299.t1/Montipora_capitata_HIv3___RNAseq.g11548.t1/Montipora_capitata_HIv3___RNAseq.g7741.t1/Montipora_capitata_HIv3___RNAseq.g36836.t1/Montipora_capitata_HIv3___RNAseq.g46819.t1/Montipora_capitata_HIv3___RNAseq.g3374.t1/Montipora_capitata_HIv3___RNAseq.g44960.t2/Montipora_capitata_HIv3___RNAseq.21467_t/Montipora_capitata_HIv3___TS.g28995.t1/Montipora_capitata_HIv3___RNAseq.g37193.t1/Montipora_capitata_HIv3___RNAseq.g42608.t1/Montipora_capitata_HIv3___RNAseq.g12736.t1/Montipora_capitata_HIv3___RNAseq.g45527.t1/Montipora_capitata_HIv3___RNAseq.g44562.t1/Montipora_capitata_HIv3___RNAseq.g44814.t1/Montipora_capitata_HIv3___RNAseq.g8971.t1/Montipora_capitata_HIv3___RNAseq.g30678.t1b/Montipora_capitata_HIv3___TS.g40519.t3/Montipora_capitata_HIv3___RNAseq.g15186.t1/Montipora_capitata_HIv3___RNAseq.g40991.t1/Montipora_capitata_HIv3___RNAseq.g14965.t1/Montipora_capitata_HIv3___RNAseq.g32149.t1/Montipora_capitata_HIv3___RNAseq.g42092.t1/Montipora_capitata_HIv3___RNAseq.g42740.t1/Montipora_capitata_HIv3___RNAseq.g43161.t1a/Montipora_capitata_HIv3___RNAseq.g22553.t1c/Montipora_capitata_HIv3___RNAseq.g9060.t1/Montipora_capitata_HIv3___RNAseq.g1174.t1/Montipora_capitata_HIv3___RNAseq.g23247.t1/Montipora_capitata_HIv3___RNAseq.g39974.t1/Montipora_capitata_HIv3___RNAseq.g4241.t1/Montipora_capitata_HIv3___RNAseq.g47955.t1/Montipora_capitata_HIv3___RNAseq.g15188.t1/Montipora_capitata_HIv3___RNAseq.g18929.t1/Montipora_capitata_HIv3___RNAseq.g43111.t1/Montipora_capitata_HIv3___RNAseq.g28116.t1/Montipora_capitata_HIv3___RNAseq.g41226.t1/Montipora_capitata_HIv3___RNAseq.g39706.t2/Montipora_capitata_HIv3___RNAseq.g44445.t1/Montipora_capitata_HIv3___RNAseq.g11658.t1/Montipora_capitata_HIv3___TS.g46192.t3,0.999912854140822,NA,NA
GO:0005622,intracellular anatomical structure,130/164,7332/8363,0.999285618029849,0.5293834780708614,130,7332,Montipora_capitata_HIv3___TS.g33283.t2/Montipora_capitata_HIv3___RNAseq.g6978.t1/Montipora_capitata_HIv3___RNAseq.g36845.t1/Montipora_capitata_HIv3___RNAseq.g7992.t1/Montipora_capitata_HIv3___TS.g1118.t1/Montipora_capitata_HIv3___RNAseq.g36838.t1/Montipora_capitata_HIv3___RNAseq.g23734.t3/Montipora_capitata_HIv3___RNAseq.g26525.t1/Montipora_capitata_HIv3___RNAseq.g35804.t1/Montipora_capitata_HIv3___RNAseq.g15043.t1/Montipora_capitata_HIv3___RNAseq.g40427.t1a/Montipora_capitata_HIv3___RNAseq.g23762.t1/Montipora_capitata_HIv3___TS.g44069.t1/Montipora_capitata_HIv3___RNAseq.g5395.t1/Montipora_capitata_HIv3___RNAseq.g22865.t1/Montipora_capitata_HIv3___RNAseq.g35299.t1/Montipora_capitata_HIv3___RNAseq.g11548.t1/Montipora_capitata_HIv3___RNAseq.g7741.t1/Montipora_capitata_HIv3___TS.g29616.t1/Montipora_capitata_HIv3___RNAseq.g7739.t1/Montipora_capitata_HIv3___RNAseq.g26580.t1/Montipora_capitata_HIv3___RNAseq.g2640.t1a/Montipora_capitata_HIv3___TS.g5595.t1/Montipora_capitata_HIv3___RNAseq.g36836.t1/Montipora_capitata_HIv3___RNAseq.g27546.t1/Montipora_capitata_HIv3___RNAseq.g24139.t1/Montipora_capitata_HIv3___RNAseq.g34092.t1/Montipora_capitata_HIv3___RNAseq.g44519.t1/Montipora_capitata_HIv3___RNAseq.g46819.t1/Montipora_capitata_HIv3___RNAseq.g12596.t1/Montipora_capitata_HIv3___RNAseq.g50691.t1/Montipora_capitata_HIv3___RNAseq.g3374.t1/Montipora_capitata_HIv3___RNAseq.g44960.t2/Montipora_capitata_HIv3___RNAseq.21467_t/Montipora_capitata_HIv3___RNAseq.g9026.t1/Montipora_capitata_HIv3___RNAseq.g37193.t1/Montipora_capitata_HIv3___RNAseq.g29879.t1b/Montipora_capitata_HIv3___RNAseq.g42608.t1/Montipora_capitata_HIv3___RNAseq.g39887.t1/Montipora_capitata_HIv3___RNAseq.g12736.t1/Montipora_capitata_HIv3___TS.g40937.t3b/Montipora_capitata_HIv3___RNAseq.g38848.t1/Montipora_capitata_HIv3___RNAseq.g27709.t1/Montipora_capitata_HIv3___RNAseq.g44539.t1/Montipora_capitata_HIv3___RNAseq.g403.t1/Montipora_capitata_HIv3___RNAseq.g24524.t1/Montipora_capitata_HIv3___RNAseq.g13857.t1/Montipora_capitata_HIv3___RNAseq.g36907.t1/Montipora_capitata_HIv3___RNAseq.g45527.t1/Montipora_capitata_HIv3___RNAseq.g35008.t1/Montipora_capitata_HIv3___RNAseq.g40982.t1a/Montipora_capitata_HIv3___RNAseq.g46378.t1/Montipora_capitata_HIv3___RNAseq.g24942.t1/Montipora_capitata_HIv3___RNAseq.g24095.t1/Montipora_capitata_HIv3___RNAseq.g44814.t1/Montipora_capitata_HIv3___RNAseq.g20250.t1/Montipora_capitata_HIv3___RNAseq.g35720.t1/Montipora_capitata_HIv3___RNAseq.g12548.t1/Montipora_capitata_HIv3___RNAseq.g18698.t1/Montipora_capitata_HIv3___RNAseq.g14515.t1/Montipora_capitata_HIv3___RNAseq.g8971.t1/Montipora_capitata_HIv3___RNAseq.g9027.t1/Montipora_capitata_HIv3___RNAseq.g41416.t2a/Montipora_capitata_HIv3___RNAseq.g30678.t1b/Montipora_capitata_HIv3___RNAseq.g18395.t1/Montipora_capitata_HIv3___TS.g40519.t3/Montipora_capitata_HIv3___RNAseq.g20807.t2/Montipora_capitata_HIv3___RNAseq.g15186.t1/Montipora_capitata_HIv3___RNAseq.g36935.t1/Montipora_capitata_HIv3___TS.g5653.t1/Montipora_capitata_HIv3___RNAseq.g9338.t1/Montipora_capitata_HIv3___TS.g6904.t1/Montipora_capitata_HIv3___RNAseq.g14155.t1/Montipora_capitata_HIv3___RNAseq.g40991.t1/Montipora_capitata_HIv3___RNAseq.g14965.t1/Montipora_capitata_HIv3___TS.g4674.t2b/Montipora_capitata_HIv3___RNAseq.g47379.t1/Montipora_capitata_HIv3___RNAseq.g32149.t1/Montipora_capitata_HIv3___RNAseq.g30434.t1/Montipora_capitata_HIv3___RNAseq.g37645.t1/Montipora_capitata_HIv3___RNAseq.g42092.t1/Montipora_capitata_HIv3___RNAseq.g40284.t1/Montipora_capitata_HIv3___RNAseq.g42740.t1/Montipora_capitata_HIv3___RNAseq.g43161.t1a/Montipora_capitata_HIv3___RNAseq.g22553.t1c/Montipora_capitata_HIv3___RNAseq.g41333.t1/Montipora_capitata_HIv3___RNAseq.g9918.t1/Montipora_capitata_HIv3___RNAseq.g33449.t1/Montipora_capitata_HIv3___RNAseq.g22408.t1/Montipora_capitata_HIv3___RNAseq.g9060.t1/Montipora_capitata_HIv3___RNAseq.g1174.t1/Montipora_capitata_HIv3___RNAseq.g23247.t1/Montipora_capitata_HIv3___TS.g33523.t1/Montipora_capitata_HIv3___RNAseq.g39974.t1/Montipora_capitata_HIv3___RNAseq.g4241.t1/Montipora_capitata_HIv3___RNAseq.g47955.t1/Montipora_capitata_HIv3___RNAseq.g15188.t1/Montipora_capitata_HIv3___RNAseq.g49962.t1/Montipora_capitata_HIv3___RNAseq.g11214.t1/Montipora_capitata_HIv3___RNAseq.g18929.t1/Montipora_capitata_HIv3___TS.g50674.t1/Montipora_capitata_HIv3___RNAseq.g8270.t1/Montipora_capitata_HIv3___TS.g28908.t1/Montipora_capitata_HIv3___RNAseq.g43111.t1/Montipora_capitata_HIv3___RNAseq.g33997.t1/Montipora_capitata_HIv3___RNAseq.g9561.t1/Montipora_capitata_HIv3___RNAseq.g15029.t1b/Montipora_capitata_HIv3___TS.g21895.t1/Montipora_capitata_HIv3___RNAseq.g44719.t1/Montipora_capitata_HIv3___RNAseq.g9087.t1/Montipora_capitata_HIv3___RNAseq.g14625.t1/Montipora_capitata_HIv3___TS.g10359.t4b/Montipora_capitata_HIv3___RNAseq.g15140.t1/Montipora_capitata_HIv3___RNAseq.g41226.t1/Montipora_capitata_HIv3___RNAseq.g14956.t1/Montipora_capitata_HIv3___RNAseq.g39706.t2/Montipora_capitata_HIv3___RNAseq.g8867.t2/Montipora_capitata_HIv3___RNAseq.g22853.t1/Montipora_capitata_HIv3___RNAseq.g44445.t1/Montipora_capitata_HIv3___RNAseq.g14960.t1/Montipora_capitata_HIv3___TS.g32614.t2/Montipora_capitata_HIv3___RNAseq.g23366.t1/Montipora_capitata_HIv3___RNAseq.g18391.t1/Montipora_capitata_HIv3___RNAseq.g11658.t1/Montipora_capitata_HIv3___RNAseq.g14488.t1/Montipora_capitata_HIv3___TS.g47745.t1/Montipora_capitata_HIv3___RNAseq.g37450.t2/Montipora_capitata_HIv3___RNAseq.g20763.t1/Montipora_capitata_HIv3___TS.g20607.t1/Montipora_capitata_HIv3___TS.g46192.t3,0.999912854140822,intracellular anatomical structure,CC
GO:0044424,GO:0044424,129/164,7314/8363,0.9995207730161552,0.5201811764269416,129,7314,Montipora_capitata_HIv3___TS.g33283.t2/Montipora_capitata_HIv3___RNAseq.g6978.t1/Montipora_capitata_HIv3___RNAseq.g36845.t1/Montipora_capitata_HIv3___RNAseq.g7992.t1/Montipora_capitata_HIv3___TS.g1118.t1/Montipora_capitata_HIv3___RNAseq.g36838.t1/Montipora_capitata_HIv3___RNAseq.g23734.t3/Montipora_capitata_HIv3___RNAseq.g26525.t1/Montipora_capitata_HIv3___RNAseq.g35804.t1/Montipora_capitata_HIv3___RNAseq.g15043.t1/Montipora_capitata_HIv3___RNAseq.g40427.t1a/Montipora_capitata_HIv3___RNAseq.g23762.t1/Montipora_capitata_HIv3___TS.g44069.t1/Montipora_capitata_HIv3___RNAseq.g5395.t1/Montipora_capitata_HIv3___RNAseq.g22865.t1/Montipora_capitata_HIv3___RNAseq.g35299.t1/Montipora_capitata_HIv3___RNAseq.g11548.t1/Montipora_capitata_HIv3___RNAseq.g7741.t1/Montipora_capitata_HIv3___TS.g29616.t1/Montipora_capitata_HIv3___RNAseq.g7739.t1/Montipora_capitata_HIv3___RNAseq.g26580.t1/Montipora_capitata_HIv3___RNAseq.g2640.t1a/Montipora_capitata_HIv3___TS.g5595.t1/Montipora_capitata_HIv3___RNAseq.g36836.t1/Montipora_capitata_HIv3___RNAseq.g27546.t1/Montipora_capitata_HIv3___RNAseq.g24139.t1/Montipora_capitata_HIv3___RNAseq.g34092.t1/Montipora_capitata_HIv3___RNAseq.g44519.t1/Montipora_capitata_HIv3___RNAseq.g46819.t1/Montipora_capitata_HIv3___RNAseq.g12596.t1/Montipora_capitata_HIv3___RNAseq.g50691.t1/Montipora_capitata_HIv3___RNAseq.g3374.t1/Montipora_capitata_HIv3___RNAseq.g44960.t2/Montipora_capitata_HIv3___RNAseq.21467_t/Montipora_capitata_HIv3___RNAseq.g9026.t1/Montipora_capitata_HIv3___RNAseq.g37193.t1/Montipora_capitata_HIv3___RNAseq.g29879.t1b/Montipora_capitata_HIv3___RNAseq.g42608.t1/Montipora_capitata_HIv3___RNAseq.g39887.t1/Montipora_capitata_HIv3___RNAseq.g12736.t1/Montipora_capitata_HIv3___TS.g40937.t3b/Montipora_capitata_HIv3___RNAseq.g38848.t1/Montipora_capitata_HIv3___RNAseq.g27709.t1/Montipora_capitata_HIv3___RNAseq.g44539.t1/Montipora_capitata_HIv3___RNAseq.g403.t1/Montipora_capitata_HIv3___RNAseq.g24524.t1/Montipora_capitata_HIv3___RNAseq.g13857.t1/Montipora_capitata_HIv3___RNAseq.g36907.t1/Montipora_capitata_HIv3___RNAseq.g45527.t1/Montipora_capitata_HIv3___RNAseq.g35008.t1/Montipora_capitata_HIv3___RNAseq.g40982.t1a/Montipora_capitata_HIv3___RNAseq.g46378.t1/Montipora_capitata_HIv3___RNAseq.g24942.t1/Montipora_capitata_HIv3___RNAseq.g24095.t1/Montipora_capitata_HIv3___RNAseq.g44814.t1/Montipora_capitata_HIv3___RNAseq.g35720.t1/Montipora_capitata_HIv3___RNAseq.g12548.t1/Montipora_capitata_HIv3___RNAseq.g18698.t1/Montipora_capitata_HIv3___RNAseq.g14515.t1/Montipora_capitata_HIv3___RNAseq.g8971.t1/Montipora_capitata_HIv3___RNAseq.g9027.t1/Montipora_capitata_HIv3___RNAseq.g41416.t2a/Montipora_capitata_HIv3___RNAseq.g30678.t1b/Montipora_capitata_HIv3___RNAseq.g18395.t1/Montipora_capitata_HIv3___TS.g40519.t3/Montipora_capitata_HIv3___RNAseq.g20807.t2/Montipora_capitata_HIv3___RNAseq.g15186.t1/Montipora_capitata_HIv3___RNAseq.g36935.t1/Montipora_capitata_HIv3___TS.g5653.t1/Montipora_capitata_HIv3___RNAseq.g9338.t1/Montipora_capitata_HIv3___TS.g6904.t1/Montipora_capitata_HIv3___RNAseq.g14155.t1/Montipora_capitata_HIv3___RNAseq.g40991.t1/Montipora_capitata_HIv3___RNAseq.g14965.t1/Montipora_capitata_HIv3___TS.g4674.t2b/Montipora_capitata_HIv3___RNAseq.g47379.t1/Montipora_capitata_HIv3___RNAseq.g32149.t1/Montipora_capitata_HIv3___RNAseq.g30434.t1/Montipora_capitata_HIv3___RNAseq.g37645.t1/Montipora_capitata_HIv3___RNAseq.g42092.t1/Montipora_capitata_HIv3___RNAseq.g40284.t1/Montipora_capitata_HIv3___RNAseq.g42740.t1/Montipora_capitata_HIv3___RNAseq.g43161.t1a/Montipora_capitata_HIv3___RNAseq.g22553.t1c/Montipora_capitata_HIv3___RNAseq.g41333.t1/Montipora_capitata_HIv3___RNAseq.g9918.t1/Montipora_capitata_HIv3___RNAseq.g33449.t1/Montipora_capitata_HIv3___RNAseq.g22408.t1/Montipora_capitata_HIv3___RNAseq.g9060.t1/Montipora_capitata_HIv3___RNAseq.g1174.t1/Montipora_capitata_HIv3___RNAseq.g23247.t1/Montipora_capitata_HIv3___TS.g33523.t1/Montipora_capitata_HIv3___RNAseq.g39974.t1/Montipora_capitata_HIv3___RNAseq.g4241.t1/Montipora_capitata_HIv3___RNAseq.g47955.t1/Montipora_capitata_HIv3___RNAseq.g15188.t1/Montipora_capitata_HIv3___RNAseq.g49962.t1/Montipora_capitata_HIv3___RNAseq.g11214.t1/Montipora_capitata_HIv3___RNAseq.g18929.t1/Montipora_capitata_HIv3___TS.g50674.t1/Montipora_capitata_HIv3___RNAseq.g8270.t1/Montipora_capitata_HIv3___TS.g28908.t1/Montipora_capitata_HIv3___RNAseq.g43111.t1/Montipora_capitata_HIv3___RNAseq.g33997.t1/Montipora_capitata_HIv3___RNAseq.g9561.t1/Montipora_capitata_HIv3___RNAseq.g15029.t1b/Montipora_capitata_HIv3___TS.g21895.t1/Montipora_capitata_HIv3___RNAseq.g44719.t1/Montipora_capitata_HIv3___RNAseq.g9087.t1/Montipora_capitata_HIv3___RNAseq.g14625.t1/Montipora_capitata_HIv3___TS.g10359.t4b/Montipora_capitata_HIv3___RNAseq.g15140.t1/Montipora_capitata_HIv3___RNAseq.g41226.t1/Montipora_capitata_HIv3___RNAseq.g14956.t1/Montipora_capitata_HIv3___RNAseq.g39706.t2/Montipora_capitata_HIv3___RNAseq.g8867.t2/Montipora_capitata_HIv3___RNAseq.g22853.t1/Montipora_capitata_HIv3___RNAseq.g44445.t1/Montipora_capitata_HIv3___RNAseq.g14960.t1/Montipora_capitata_HIv3___TS.g32614.t2/Montipora_capitata_HIv3___RNAseq.g23366.t1/Montipora_capitata_HIv3___RNAseq.g18391.t1/Montipora_capitata_HIv3___RNAseq.g11658.t1/Montipora_capitata_HIv3___RNAseq.g14488.t1/Montipora_capitata_HIv3___TS.g47745.t1/Montipora_capitata_HIv3___RNAseq.g37450.t2/Montipora_capitata_HIv3___RNAseq.g20763.t1/Montipora_capitata_HIv3___TS.g20607.t1/Montipora_capitata_HIv3___TS.g46192.t3,0.999912854140822,NA,NA
GO:0051726,regulation of cell cycle,6/164,898/8363,0.9997729750526807,0.31110522162120197,6,898,Montipora_capitata_HIv3___RNAseq.g7741.t1/Montipora_capitata_HIv3___RNAseq.g8971.t1/Montipora_capitata_HIv3___RNAseq.g14965.t1/Montipora_capitata_HIv3___RNAseq.g32149.t1/Montipora_capitata_HIv3___RNAseq.g43161.t1a/Montipora_capitata_HIv3___RNAseq.g23247.t1,0.999912854140822,regulation of cell cycle,BP
GO:0048523,negative regulation of cellular process,31/164,2592/8363,0.9998520602084138,0.513163397849209,31,2592,Montipora_capitata_HIv3___RNAseq.g6978.t1/Montipora_capitata_HIv3___TS.g1118.t1/Montipora_capitata_HIv3___RNAseq.g5395.t1/Montipora_capitata_HIv3___RNAseq.g41637.t1/Montipora_capitata_HIv3___RNAseq.g7741.t1/Montipora_capitata_HIv3___RNAseq.g34092.t1/Montipora_capitata_HIv3___RNAseq.g44519.t1/Montipora_capitata_HIv3___RNAseq.g44960.t2/Montipora_capitata_HIv3___TS.g32048.t1/Montipora_capitata_HIv3___RNAseq.21467_t/Montipora_capitata_HIv3___RNAseq.g42608.t1/Montipora_capitata_HIv3___RNAseq.g36907.t1/Montipora_capitata_HIv3___RNAseq.g35008.t1/Montipora_capitata_HIv3___RNAseq.g46378.t1/Montipora_capitata_HIv3___RNAseq.g24095.t1/Montipora_capitata_HIv3___RNAseq.g44814.t1/Montipora_capitata_HIv3___RNAseq.g18698.t1/Montipora_capitata_HIv3___RNAseq.g8971.t1/Montipora_capitata_HIv3___RNAseq.g14965.t1/Montipora_capitata_HIv3___RNAseq.g32149.t1/Montipora_capitata_HIv3___RNAseq.g37645.t1/Montipora_capitata_HIv3___RNAseq.g42740.t1/Montipora_capitata_HIv3___RNAseq.g43161.t1a/Montipora_capitata_HIv3___RNAseq.g15188.t1/Montipora_capitata_HIv3___RNAseq.g15029.t1b/Montipora_capitata_HIv3___RNAseq.g4457.t1/Montipora_capitata_HIv3___TS.g10359.t4b/Montipora_capitata_HIv3___RNAseq.g39706.t2/Montipora_capitata_HIv3___RNAseq.g23366.t1/Montipora_capitata_HIv3___RNAseq.g14488.t1/Montipora_capitata_HIv3___TS.g47745.t1,0.999912854140822,negative regulation of cellular process,BP
GO:0032991,protein-containing complex,41/164,3170/8363,0.9998536644750619,0.5401459745451694,41,3170,Montipora_capitata_HIv3___RNAseq.g6978.t1/Montipora_capitata_HIv3___TS.g1118.t1/Montipora_capitata_HIv3___RNAseq.g36838.t1/Montipora_capitata_HIv3___RNAseq.g11548.t1/Montipora_capitata_HIv3___RNAseq.g7741.t1/Montipora_capitata_HIv3___RNAseq.g26580.t1/Montipora_capitata_HIv3___TS.g5595.t1/Montipora_capitata_HIv3___RNAseq.g27546.t1/Montipora_capitata_HIv3___RNAseq.g12807.t1/Montipora_capitata_HIv3___RNAseq.g44960.t2/Montipora_capitata_HIv3___RNAseq.21467_t/Montipora_capitata_HIv3___RNAseq.g42608.t1/Montipora_capitata_HIv3___RNAseq.g403.t1/Montipora_capitata_HIv3___RNAseq.g13857.t1/Montipora_capitata_HIv3___RNAseq.g45527.t1/Montipora_capitata_HIv3___RNAseq.g35008.t1/Montipora_capitata_HIv3___RNAseq.g40982.t1a/Montipora_capitata_HIv3___RNAseq.g24942.t1/Montipora_capitata_HIv3___RNAseq.g44814.t1/Montipora_capitata_HIv3___RNAseq.g18698.t1/Montipora_capitata_HIv3___RNAseq.g8971.t1/Montipora_capitata_HIv3___RNAseq.g30678.t1b/Montipora_capitata_HIv3___RNAseq.g18395.t1/Montipora_capitata_HIv3___TS.g40519.t3/Montipora_capitata_HIv3___RNAseq.g15186.t1/Montipora_capitata_HIv3___TS.g5653.t1/Montipora_capitata_HIv3___RNAseq.g47379.t1/Montipora_capitata_HIv3___RNAseq.g42740.t1/Montipora_capitata_HIv3___RNAseq.g1174.t1/Montipora_capitata_HIv3___RNAseq.g23247.t1/Montipora_capitata_HIv3___RNAseq.g4241.t1/Montipora_capitata_HIv3___RNAseq.g47955.t1/Montipora_capitata_HIv3___RNAseq.g15188.t1/Montipora_capitata_HIv3___RNAseq.g18929.t1/Montipora_capitata_HIv3___TS.g28908.t1/Montipora_capitata_HIv3___RNAseq.g43111.t1/Montipora_capitata_HIv3___RNAseq.g15029.t1b/Montipora_capitata_HIv3___TS.g32614.t2/Montipora_capitata_HIv3___RNAseq.g11658.t1/Montipora_capitata_HIv3___TS.g47745.t1/Montipora_capitata_HIv3___TS.g46192.t3,0.999912854140822,protein-containing complex,CC
GO:0009987,cellular process,125/164,7244/8363,0.999912854140822,0.4862867664274851,125,7244,Montipora_capitata_HIv3___TS.g33283.t2/Montipora_capitata_HIv3___RNAseq.g6978.t1/Montipora_capitata_HIv3___RNAseq.g36845.t1/Montipora_capitata_HIv3___TS.g1118.t1/Montipora_capitata_HIv3___RNAseq.g36838.t1/Montipora_capitata_HIv3___RNAseq.g23734.t3/Montipora_capitata_HIv3___RNAseq.g26525.t1/Montipora_capitata_HIv3___RNAseq.g35804.t1/Montipora_capitata_HIv3___RNAseq.g15043.t1/Montipora_capitata_HIv3___RNAseq.g40427.t1a/Montipora_capitata_HIv3___RNAseq.g23762.t1/Montipora_capitata_HIv3___TS.g44069.t1/Montipora_capitata_HIv3___RNAseq.g5395.t1/Montipora_capitata_HIv3___RNAseq.g22865.t1/Montipora_capitata_HIv3___RNAseq.g35299.t1/Montipora_capitata_HIv3___RNAseq.g11548.t1/Montipora_capitata_HIv3___RNAseq.g7741.t1/Montipora_capitata_HIv3___RNAseq.g33991.t1/Montipora_capitata_HIv3___RNAseq.g26580.t1/Montipora_capitata_HIv3___RNAseq.g2640.t1a/Montipora_capitata_HIv3___TS.g5595.t1/Montipora_capitata_HIv3___RNAseq.g36836.t1/Montipora_capitata_HIv3___RNAseq.g27546.t1/Montipora_capitata_HIv3___TS.g27540.t1/Montipora_capitata_HIv3___RNAseq.g34092.t1/Montipora_capitata_HIv3___RNAseq.g44519.t1/Montipora_capitata_HIv3___RNAseq.g46819.t1/Montipora_capitata_HIv3___RNAseq.g50691.t1/Montipora_capitata_HIv3___RNAseq.g11237.t1/Montipora_capitata_HIv3___RNAseq.g3374.t1/Montipora_capitata_HIv3___RNAseq.g44960.t2/Montipora_capitata_HIv3___RNAseq.g40983.t1/Montipora_capitata_HIv3___RNAseq.21467_t/Montipora_capitata_HIv3___RNAseq.g24836.t1/Montipora_capitata_HIv3___RNAseq.g13129.t1/Montipora_capitata_HIv3___TS.g28995.t1/Montipora_capitata_HIv3___RNAseq.g37193.t1/Montipora_capitata_HIv3___RNAseq.g42608.t1/Montipora_capitata_HIv3___RNAseq.g39887.t1/Montipora_capitata_HIv3___RNAseq.g12736.t1/Montipora_capitata_HIv3___RNAseq.g33992.t1/Montipora_capitata_HIv3___RNAseq.g38848.t1/Montipora_capitata_HIv3___RNAseq.g27709.t1/Montipora_capitata_HIv3___RNAseq.g39648.t1/Montipora_capitata_HIv3___RNAseq.g403.t1/Montipora_capitata_HIv3___RNAseq.g13857.t1/Montipora_capitata_HIv3___RNAseq.g36907.t1/Montipora_capitata_HIv3___RNAseq.g45527.t1/Montipora_capitata_HIv3___RNAseq.g35008.t1/Montipora_capitata_HIv3___RNAseq.g668.t1/Montipora_capitata_HIv3___RNAseq.g40982.t1a/Montipora_capitata_HIv3___RNAseq.g46378.t1/Montipora_capitata_HIv3___RNAseq.g44562.t1/Montipora_capitata_HIv3___RNAseq.g24942.t1/Montipora_capitata_HIv3___RNAseq.g24095.t1/Montipora_capitata_HIv3___RNAseq.g44814.t1/Montipora_capitata_HIv3___RNAseq.g20250.t1/Montipora_capitata_HIv3___RNAseq.g35720.t1/Montipora_capitata_HIv3___RNAseq.g18698.t1/Montipora_capitata_HIv3___RNAseq.g8971.t1/Montipora_capitata_HIv3___RNAseq.g20771.t1/Montipora_capitata_HIv3___RNAseq.g30678.t1b/Montipora_capitata_HIv3___RNAseq.g18395.t1/Montipora_capitata_HIv3___TS.g40519.t3/Montipora_capitata_HIv3___RNAseq.g20807.t2/Montipora_capitata_HIv3___RNAseq.g15186.t1/Montipora_capitata_HIv3___TS.g5653.t1/Montipora_capitata_HIv3___TS.g6904.t1/Montipora_capitata_HIv3___RNAseq.g40991.t1/Montipora_capitata_HIv3___RNAseq.g14965.t1/Montipora_capitata_HIv3___TS.g4674.t2b/Montipora_capitata_HIv3___RNAseq.g47379.t1/Montipora_capitata_HIv3___RNAseq.g32149.t1/Montipora_capitata_HIv3___RNAseq.g24020.t1/Montipora_capitata_HIv3___RNAseq.g37645.t1/Montipora_capitata_HIv3___RNAseq.g42092.t1/Montipora_capitata_HIv3___RNAseq.g42740.t1/Montipora_capitata_HIv3___RNAseq.g43161.t1a/Montipora_capitata_HIv3___RNAseq.g22553.t1c/Montipora_capitata_HIv3___RNAseq.g41333.t1/Montipora_capitata_HIv3___RNAseq.g9918.t1/Montipora_capitata_HIv3___RNAseq.g33449.t1/Montipora_capitata_HIv3___RNAseq.g9060.t1/Montipora_capitata_HIv3___RNAseq.g1174.t1/Montipora_capitata_HIv3___RNAseq.g23247.t1/Montipora_capitata_HIv3___TS.g33523.t1/Montipora_capitata_HIv3___RNAseq.g39974.t1/Montipora_capitata_HIv3___RNAseq.g4241.t1/Montipora_capitata_HIv3___RNAseq.g47955.t1/Montipora_capitata_HIv3___RNAseq.g15188.t1/Montipora_capitata_HIv3___RNAseq.g49962.t1/Montipora_capitata_HIv3___RNAseq.g11214.t1/Montipora_capitata_HIv3___RNAseq.g18929.t1/Montipora_capitata_HIv3___TS.g50674.t1/Montipora_capitata_HIv3___TS.g21293.t1/Montipora_capitata_HIv3___RNAseq.g8270.t1/Montipora_capitata_HIv3___TS.g28908.t1/Montipora_capitata_HIv3___RNAseq.g43111.t1/Montipora_capitata_HIv3___RNAseq.g33997.t1/Montipora_capitata_HIv3___RNAseq.g6934.t1/Montipora_capitata_HIv3___RNAseq.g28116.t1/Montipora_capitata_HIv3___RNAseq.g9561.t1/Montipora_capitata_HIv3___RNAseq.g15029.t1b/Montipora_capitata_HIv3___RNAseq.g4457.t1/Montipora_capitata_HIv3___TS.g21895.t1/Montipora_capitata_HIv3___RNAseq.g44719.t1/Montipora_capitata_HIv3___RNAseq.g9087.t1/Montipora_capitata_HIv3___RNAseq.g14625.t1/Montipora_capitata_HIv3___TS.g10359.t4b/Montipora_capitata_HIv3___RNAseq.g15140.t1/Montipora_capitata_HIv3___RNAseq.g41226.t1/Montipora_capitata_HIv3___RNAseq.g14956.t1/Montipora_capitata_HIv3___RNAseq.g39706.t2/Montipora_capitata_HIv3___RNAseq.g26867.t1/Montipora_capitata_HIv3___RNAseq.g8867.t2/Montipora_capitata_HIv3___RNAseq.g44445.t1/Montipora_capitata_HIv3___RNAseq.g14960.t1/Montipora_capitata_HIv3___RNAseq.g23366.t1/Montipora_capitata_HIv3___RNAseq.g11658.t1/Montipora_capitata_HIv3___RNAseq.g14488.t1/Montipora_capitata_HIv3___TS.g47745.t1/Montipora_capitata_HIv3___RNAseq.g37450.t2/Montipora_capitata_HIv3___RNAseq.g20763.t1/Montipora_capitata_HIv3___TS.g20607.t1/Montipora_capitata_HIv3___TS.g46192.t3,0.999912854140822,cellular process,BP
