ID,Description,GeneRatio,BgRatio,pvalue,OddsRatio,Count,TermSize,GeneIDs,p.adjust,TERM,ONTOLOGY
GO:1903409,reactive oxygen species biosynthetic process,3/79,18/8363,5.977479551673803e-4,21.72000207610883,3,18,Montipora_capitata_HIv3___RNAseq.g44519.t1/Montipora_capitata_HIv3___RNAseq.g14488.t1/Montipora_capitata_HIv3___RNAseq.g37450.t2,0.2788274762272938,reactive oxygen species biosynthetic process,BP
GO:0017171,serine hydrolase activity,5/79,74/8363,6.409827039707904e-4,8.038439337469168,5,74,Montipora_capitata_HIv3___RNAseq.g24095.t1/Montipora_capitata_HIv3___RNAseq.g20771.t1/Montipora_capitata_HIv3___RNAseq.g20807.t2/Montipora_capitata_HIv3___RNAseq.g14625.t1/Montipora_capitata_HIv3___RNAseq.g39706.t2,0.2788274762272938,serine hydrolase activity,MF
GO:0004623,phospholipase A2 activity,3/79,24/8363,0.0014233992626408118,15.510352145082612,3,24,Montipora_capitata_HIv3___TS.g33283.t2/Montipora_capitata_HIv3___RNAseq.g24095.t1/Montipora_capitata_HIv3___RNAseq.g44719.t1,0.355301078542832,phospholipase A2 activity,MF
GO:0006892,post-Golgi vesicle-mediated transport,5/79,91/8363,0.001633568177208423,6.4370555436030354,5,91,Montipora_capitata_HIv3___RNAseq.g12548.t1/Montipora_capitata_HIv3___RNAseq.g14155.t1/Montipora_capitata_HIv3___RNAseq.g40284.t1/Montipora_capitata_HIv3___RNAseq.g42740.t1/Montipora_capitata_HIv3___TS.g20607.t1,0.355301078542832,post-Golgi vesicle-mediated transport,BP
GO:0060191,regulation of lipase activity,4/79,58/8363,0.0021259020445782,8.122169817819884,4,58,Montipora_capitata_HIv3___TS.g33283.t2/Montipora_capitata_HIv3___RNAseq.g13129.t1/Montipora_capitata_HIv3___RNAseq.g8971.t1/Montipora_capitata_HIv3___RNAseq.g39706.t2,0.36990695575660676,regulation of lipase activity,BP
GO:0001818,negative regulation of cytokine production,5/79,106/8363,0.0031898439077398333,5.471607137219408,5,106,Montipora_capitata_HIv3___RNAseq.g44519.t1/Montipora_capitata_HIv3___RNAseq.g8971.t1/Montipora_capitata_HIv3___RNAseq.g32149.t1/Montipora_capitata_HIv3___RNAseq.g39706.t2/Montipora_capitata_HIv3___RNAseq.g14488.t1,0.41331152854669595,negative regulation of cytokine production,BP
GO:0009110,vitamin biosynthetic process,3/79,33/8363,0.0036099378236282274,10.847068568299038,3,33,Montipora_capitata_HIv3___RNAseq.g36845.t1/Montipora_capitata_HIv3___RNAseq.g34092.t1/Montipora_capitata_HIv3___TS.g6904.t1,0.41331152854669595,vitamin biosynthetic process,BP
GO:0008236,serine-type peptidase activity,4/79,68/8363,0.003800565779739733,6.844692499588249,4,68,Montipora_capitata_HIv3___RNAseq.g20771.t1/Montipora_capitata_HIv3___RNAseq.g20807.t2/Montipora_capitata_HIv3___RNAseq.g14625.t1/Montipora_capitata_HIv3___RNAseq.g39706.t2,0.41331152854669595,serine-type peptidase activity,MF
GO:0010518,positive regulation of phospholipase activity,3/79,36/8363,0.0046292861745547585,9.863149432039366,3,36,Montipora_capitata_HIv3___TS.g33283.t2/Montipora_capitata_HIv3___RNAseq.g13129.t1/Montipora_capitata_HIv3___RNAseq.g8971.t1,0.4152455885421894,positive regulation of phospholipase activity,BP
GO:0006775,fat-soluble vitamin metabolic process,3/79,38/8363,0.005396164568079914,9.295312592596208,3,38,Montipora_capitata_HIv3___RNAseq.g36845.t1/Montipora_capitata_HIv3___RNAseq.g8971.t1/Montipora_capitata_HIv3___TS.g6904.t1,0.4152455885421894,fat-soluble vitamin metabolic process,BP
GO:0043551,regulation of phosphatidylinositol 3-kinase activity,3/79,39/8363,0.005806513595086899,9.035139386784214,3,39,Montipora_capitata_HIv3___RNAseq.g6978.t1/Montipora_capitata_HIv3___RNAseq.g8971.t1/Montipora_capitata_HIv3___RNAseq.g15029.t1b,0.4152455885421894,regulation of phosphatidylinositol 3-kinase activity,BP
GO:0045740,positive regulation of DNA replication,3/79,40/8363,0.006235094553485882,8.790976215002397,3,40,Montipora_capitata_HIv3___TS.g33283.t2/Montipora_capitata_HIv3___RNAseq.g8971.t1/Montipora_capitata_HIv3___TS.g47745.t1,0.4152455885421894,positive regulation of DNA replication,BP
GO:0060443,mammary gland morphogenesis,3/79,41/8363,0.006682112919069714,8.558758641193116,3,41,Montipora_capitata_HIv3___RNAseq.g668.t1/Montipora_capitata_HIv3___RNAseq.g8971.t1/Montipora_capitata_HIv3___RNAseq.g14488.t1,0.4152455885421894,mammary gland morphogenesis,BP
GO:0010517,regulation of phospholipase activity,3/79,41/8363,0.006682112919069714,8.558758641193116,3,41,Montipora_capitata_HIv3___TS.g33283.t2/Montipora_capitata_HIv3___RNAseq.g13129.t1/Montipora_capitata_HIv3___RNAseq.g8971.t1,0.4152455885421894,regulation of phospholipase activity,BP
GO:0043550,regulation of lipid kinase activity,3/79,43/8363,0.007632231118789544,8.129227756700743,3,43,Montipora_capitata_HIv3___RNAseq.g6978.t1/Montipora_capitata_HIv3___RNAseq.g8971.t1/Montipora_capitata_HIv3___RNAseq.g15029.t1b,0.41635589533459383,regulation of lipid kinase activity,BP
GO:0098542,defense response to other organism,7/79,242/8363,0.007690755979933506,3.329084543920535,7,242,Montipora_capitata_HIv3___TS.g33283.t2/Montipora_capitata_HIv3___RNAseq.g6978.t1/Montipora_capitata_HIv3___RNAseq.g44519.t1/Montipora_capitata_HIv3___RNAseq.g24095.t1/Montipora_capitata_HIv3___RNAseq.g18698.t1/Montipora_capitata_HIv3___RNAseq.g18929.t1/Montipora_capitata_HIv3___RNAseq.g14488.t1,0.41635589533459383,defense response to other organism,BP
GO:0060193,positive regulation of lipase activity,3/79,44/8363,0.008135689908836891,7.930209679386529,3,44,Montipora_capitata_HIv3___TS.g33283.t2/Montipora_capitata_HIv3___RNAseq.g13129.t1/Montipora_capitata_HIv3___RNAseq.g8971.t1,0.41635589533459383,positive regulation of lipase activity,BP
GO:0046470,phosphatidylcholine metabolic process,3/79,47/8363,0.009761610389730047,7.387822559715567,3,47,Montipora_capitata_HIv3___TS.g33283.t2/Montipora_capitata_HIv3___RNAseq.g24095.t1/Montipora_capitata_HIv3___RNAseq.g44719.t1,0.4718111688369523,phosphatidylcholine metabolic process,BP
GO:0004252,serine-type endopeptidase activity,3/79,54/8363,0.014246339010256655,6.368423104880112,3,54,Montipora_capitata_HIv3___RNAseq.g20807.t2/Montipora_capitata_HIv3___RNAseq.g14625.t1/Montipora_capitata_HIv3___RNAseq.g39706.t2,0.6394420224426682,serine-type endopeptidase activity,MF
GO:0009108,GO:0009108,5/79,154/8363,0.015003858086534151,3.6881770524031205,5,154,Montipora_capitata_HIv3___RNAseq.g36845.t1/Montipora_capitata_HIv3___RNAseq.g34092.t1/Montipora_capitata_HIv3___TS.g6904.t1/Montipora_capitata_HIv3___RNAseq.g14956.t1/Montipora_capitata_HIv3___RNAseq.g37450.t2,0.6394420224426682,NA,NA
GO:0010522,regulation of calcium ion transport into cytosol,3/79,58/8363,0.0172535152774835,5.902693757439378,3,58,Montipora_capitata_HIv3___TS.g33283.t2/Montipora_capitata_HIv3___RNAseq.g6978.t1/Montipora_capitata_HIv3___RNAseq.g34092.t1,0.6394420224426682,regulation of calcium ion transport into cytosol,BP
GO:0048193,Golgi vesicle transport,7/79,285/8363,0.017752915885778396,2.799284380299423,7,285,Montipora_capitata_HIv3___RNAseq.g6978.t1/Montipora_capitata_HIv3___RNAseq.g12548.t1/Montipora_capitata_HIv3___RNAseq.g14155.t1/Montipora_capitata_HIv3___RNAseq.g40284.t1/Montipora_capitata_HIv3___RNAseq.g42740.t1/Montipora_capitata_HIv3___RNAseq.g22408.t1/Montipora_capitata_HIv3___TS.g20607.t1,0.6394420224426682,Golgi vesicle transport,BP
GO:0060759,regulation of response to cytokine stimulus,3/79,60/8363,0.018880066841537438,5.694336012682787,3,60,Montipora_capitata_HIv3___RNAseq.g32149.t1/Montipora_capitata_HIv3___RNAseq.g14488.t1/Montipora_capitata_HIv3___TS.g47745.t1,0.6394420224426682,regulation of response to cytokine stimulus,BP
GO:0042742,defense response to bacterium,5/79,165/8363,0.019649231931574244,3.4297948207037265,5,165,Montipora_capitata_HIv3___TS.g33283.t2/Montipora_capitata_HIv3___RNAseq.g6978.t1/Montipora_capitata_HIv3___RNAseq.g44519.t1/Montipora_capitata_HIv3___RNAseq.g24095.t1/Montipora_capitata_HIv3___RNAseq.g18698.t1,0.6394420224426682,defense response to bacterium,BP
GO:1903725,regulation of phospholipid metabolic process,3/79,61/8363,0.019724227056905984,5.59554333527077,3,61,Montipora_capitata_HIv3___RNAseq.g6978.t1/Montipora_capitata_HIv3___RNAseq.g8971.t1/Montipora_capitata_HIv3___RNAseq.g15029.t1b,0.6394420224426682,regulation of phospholipid metabolic process,BP
GO:0001938,positive regulation of endothelial cell proliferation,3/79,61/8363,0.019724227056905984,5.59554333527077,3,61,Montipora_capitata_HIv3___RNAseq.g6978.t1/Montipora_capitata_HIv3___RNAseq.g8971.t1/Montipora_capitata_HIv3___RNAseq.g14488.t1,0.6394420224426682,positive regulation of endothelial cell proliferation,BP
GO:0050830,defense response to Gram-positive bacterium,3/79,62/8363,0.020589013115868554,5.500097687242153,3,62,Montipora_capitata_HIv3___TS.g33283.t2/Montipora_capitata_HIv3___RNAseq.g6978.t1/Montipora_capitata_HIv3___RNAseq.g18698.t1,0.6394420224426682,defense response to Gram-positive bacterium,BP
GO:0098876,vesicle-mediated transport to the plasma membrane,3/79,63/8363,0.021474443888803454,5.408493523018506,3,63,Montipora_capitata_HIv3___RNAseq.g12548.t1/Montipora_capitata_HIv3___RNAseq.g40284.t1/Montipora_capitata_HIv3___RNAseq.g15029.t1b,0.6394420224426682,vesicle-mediated transport to the plasma membrane,BP
GO:1905952,regulation of lipid localization,4/79,114/8363,0.022505058897138677,3.9618438539995386,4,114,Montipora_capitata_HIv3___RNAseq.g45361.t1/Montipora_capitata_HIv3___RNAseq.g24095.t1/Montipora_capitata_HIv3___RNAseq.g42740.t1/Montipora_capitata_HIv3___RNAseq.g15029.t1b,0.6394420224426682,regulation of lipid localization,BP
GO:0007204,positive regulation of cytosolic calcium ion concentration,4/79,114/8363,0.022505058897138677,3.9618438539995386,4,114,Montipora_capitata_HIv3___TS.g33283.t2/Montipora_capitata_HIv3___RNAseq.g34092.t1/Montipora_capitata_HIv3___RNAseq.g13129.t1/Montipora_capitata_HIv3___RNAseq.g24095.t1,0.6394420224426682,positive regulation of cytosolic calcium ion concentration,BP
GO:0051924,regulation of calcium ion transport,4/79,116/8363,0.023812326325752187,3.890196923262384,4,116,Montipora_capitata_HIv3___TS.g33283.t2/Montipora_capitata_HIv3___RNAseq.g6978.t1/Montipora_capitata_HIv3___RNAseq.g34092.t1/Montipora_capitata_HIv3___RNAseq.g24095.t1,0.6394420224426682,regulation of calcium ion transport,BP
GO:0072593,reactive oxygen species metabolic process,3/79,66/8363,0.02425469740299776,5.148776000221808,3,66,Montipora_capitata_HIv3___RNAseq.g44519.t1/Montipora_capitata_HIv3___RNAseq.g14488.t1/Montipora_capitata_HIv3___RNAseq.g37450.t2,0.6394420224426682,reactive oxygen species metabolic process,BP
GO:1903169,regulation of calcium ion transmembrane transport,3/79,66/8363,0.02425469740299776,5.148776000221808,3,66,Montipora_capitata_HIv3___RNAseq.g6978.t1/Montipora_capitata_HIv3___RNAseq.g34092.t1/Montipora_capitata_HIv3___RNAseq.g24095.t1,0.6394420224426682,regulation of calcium ion transmembrane transport,BP
GO:0042133,neurotransmitter metabolic process,3/79,68/8363,0.026211486156082348,4.988610771211629,3,68,Montipora_capitata_HIv3___RNAseq.g20771.t1/Montipora_capitata_HIv3___RNAseq.g14488.t1/Montipora_capitata_HIv3___RNAseq.g37450.t2,0.6707056751703424,neurotransmitter metabolic process,BP
GO:0005795,Golgi stack,4/79,121/8363,0.027279754830617443,3.7218870660170396,4,121,Montipora_capitata_HIv3___RNAseq.g44539.t1/Montipora_capitata_HIv3___RNAseq.g24524.t1/Montipora_capitata_HIv3___RNAseq.g49962.t1/Montipora_capitata_HIv3___RNAseq.g39706.t2,0.6731943968869569,Golgi stack,CC
GO:0004620,phospholipase activity,3/79,70/8363,0.028250780730174004,4.838911951488647,3,70,Montipora_capitata_HIv3___TS.g33283.t2/Montipora_capitata_HIv3___RNAseq.g24095.t1/Montipora_capitata_HIv3___RNAseq.g44719.t1,0.6731943968869569,phospholipase activity,MF
GO:0051092,positive regulation of NF-kappaB transcription factor activity,3/79,71/8363,0.029301306583216835,4.767269490808359,3,71,Montipora_capitata_HIv3___TS.g33283.t2/Montipora_capitata_HIv3___RNAseq.g6978.t1/Montipora_capitata_HIv3___TS.g47745.t1,0.6731943968869569,positive regulation of NF-kappaB transcription factor activity,BP
GO:0006766,vitamin metabolic process,4/79,124/8363,0.02949827367847253,3.6277104600144883,4,124,Montipora_capitata_HIv3___RNAseq.g36845.t1/Montipora_capitata_HIv3___RNAseq.g34092.t1/Montipora_capitata_HIv3___RNAseq.g8971.t1/Montipora_capitata_HIv3___TS.g6904.t1,0.6731943968869569,vitamin metabolic process,BP
GO:0001817,regulation of cytokine production,6/79,251/8363,0.030939943573035828,2.6962378488379044,6,251,Montipora_capitata_HIv3___RNAseq.g44519.t1/Montipora_capitata_HIv3___RNAseq.g8971.t1/Montipora_capitata_HIv3___RNAseq.g32149.t1/Montipora_capitata_HIv3___RNAseq.g39706.t2/Montipora_capitata_HIv3___RNAseq.g14488.t1/Montipora_capitata_HIv3___TS.g47745.t1,0.6731943968869569,regulation of cytokine production,BP
GO:0032103,positive regulation of response to external stimulus,5/79,186/8363,0.03095146652353825,3.024133106303295,5,186,Montipora_capitata_HIv3___RNAseq.g6978.t1/Montipora_capitata_HIv3___RNAseq.g8971.t1/Montipora_capitata_HIv3___RNAseq.g24020.t1/Montipora_capitata_HIv3___RNAseq.g14488.t1/Montipora_capitata_HIv3___TS.g47745.t1,0.6731943968869569,positive regulation of response to external stimulus,BP
GO:0008340,determination of adult lifespan,6/79,258/8363,0.034721298672568554,2.6192196564683043,6,258,Montipora_capitata_HIv3___RNAseq.g6978.t1/Montipora_capitata_HIv3___RNAseq.g15043.t1/Montipora_capitata_HIv3___RNAseq.g42608.t1/Montipora_capitata_HIv3___RNAseq.g42740.t1/Montipora_capitata_HIv3___RNAseq.g15029.t1b/Montipora_capitata_HIv3___TS.g47745.t1,0.7221252258686991,determination of adult lifespan,BP
GO:0001936,regulation of endothelial cell proliferation,3/79,76/8363,0.034861217800557884,4.438380762118902,3,76,Montipora_capitata_HIv3___RNAseq.g6978.t1/Montipora_capitata_HIv3___RNAseq.g8971.t1/Montipora_capitata_HIv3___RNAseq.g14488.t1,0.7221252258686991,regulation of endothelial cell proliferation,BP
GO:0090257,regulation of muscle system process,4/79,134/8363,0.037651531082815756,3.344322362627789,4,134,Montipora_capitata_HIv3___RNAseq.g34092.t1/Montipora_capitata_HIv3___RNAseq.g13129.t1/Montipora_capitata_HIv3___RNAseq.g14488.t1/Montipora_capitata_HIv3___RNAseq.g20763.t1,0.7328898364452481,regulation of muscle system process,BP
GO:0097164,ammonium ion metabolic process,4/79,135/8363,0.03853147684267119,3.318392698956794,4,135,Montipora_capitata_HIv3___TS.g33283.t2/Montipora_capitata_HIv3___RNAseq.g24095.t1/Montipora_capitata_HIv3___RNAseq.g44719.t1/Montipora_capitata_HIv3___RNAseq.g37450.t2,0.7328898364452481,ammonium ion metabolic process,BP
GO:0044706,multi-multicellular organism process,4/79,136/8363,0.0394232181807423,3.292855609551647,4,136,Montipora_capitata_HIv3___RNAseq.g14946.t1/Montipora_capitata_HIv3___RNAseq.g24095.t1/Montipora_capitata_HIv3___RNAseq.g8971.t1/Montipora_capitata_HIv3___RNAseq.g14488.t1,0.7328898364452481,multi-multicellular organism process,BP
GO:0044070,regulation of monoatomic anion transport,3/79,80/8363,0.03967474937592626,4.205725219978229,3,80,Montipora_capitata_HIv3___RNAseq.g24095.t1/Montipora_capitata_HIv3___RNAseq.g8971.t1/Montipora_capitata_HIv3___RNAseq.g14488.t1,0.7328898364452481,regulation of monoatomic anion transport,BP
GO:0051188,GO:0051188,5/79,200/8363,0.040382369997689904,2.802246903139709,5,200,Montipora_capitata_HIv3___RNAseq.g36845.t1/Montipora_capitata_HIv3___RNAseq.g34092.t1/Montipora_capitata_HIv3___TS.g6904.t1/Montipora_capitata_HIv3___RNAseq.g14956.t1/Montipora_capitata_HIv3___RNAseq.g37450.t2,0.7328898364452481,NA,NA
GO:0033273,response to vitamin,3/79,81/8363,0.04092837033795744,4.15111938152138,3,81,Montipora_capitata_HIv3___RNAseq.g15043.t1/Montipora_capitata_HIv3___RNAseq.g39974.t1/Montipora_capitata_HIv3___RNAseq.g14488.t1,0.7328898364452481,response to vitamin,BP
GO:0010259,GO:0010259,6/79,270/8363,0.041879315675464504,2.496347151030412,6,270,Montipora_capitata_HIv3___RNAseq.g6978.t1/Montipora_capitata_HIv3___RNAseq.g15043.t1/Montipora_capitata_HIv3___RNAseq.g42608.t1/Montipora_capitata_HIv3___RNAseq.g42740.t1/Montipora_capitata_HIv3___RNAseq.g15029.t1b/Montipora_capitata_HIv3___TS.g47745.t1,0.7328898364452481,NA,NA
GO:0044242,cellular lipid catabolic process,4/79,139/8363,0.04216926853690736,3.21851276019581,4,139,Montipora_capitata_HIv3___TS.g33283.t2/Montipora_capitata_HIv3___RNAseq.g44719.t1/Montipora_capitata_HIv3___RNAseq.g9087.t1/Montipora_capitata_HIv3___RNAseq.g14956.t1,0.7328898364452481,cellular lipid catabolic process,BP
GO:0043488,regulation of mRNA stability,3/79,83/8363,0.043495355063281754,4.046653136259516,3,83,Montipora_capitata_HIv3___RNAseq.g42608.t1/Montipora_capitata_HIv3___RNAseq.g18929.t1/Montipora_capitata_HIv3___TS.g47745.t1,0.7328898364452481,regulation of mRNA stability,BP
GO:0072001,renal system development,6/79,273/8363,0.04380490976454356,2.467428081475264,6,273,Montipora_capitata_HIv3___RNAseq.g2559.t1a/Montipora_capitata_HIv3___RNAseq.g668.t1/Montipora_capitata_HIv3___RNAseq.g18698.t1/Montipora_capitata_HIv3___RNAseq.g8971.t1/Montipora_capitata_HIv3___RNAseq.g28116.t1/Montipora_capitata_HIv3___RNAseq.g14488.t1,0.7328898364452481,renal system development,BP
GO:0031985,Golgi cisterna,3/79,86/8363,0.04749387946214442,3.899020032393133,3,86,Montipora_capitata_HIv3___RNAseq.g24524.t1/Montipora_capitata_HIv3___RNAseq.g49962.t1/Montipora_capitata_HIv3___RNAseq.g39706.t2,0.7726811512760944,Golgi cisterna,CC
GO:0051345,positive regulation of hydrolase activity,8/79,428/8363,0.04816959641667925,2.1094607159759757,8,428,Montipora_capitata_HIv3___TS.g33283.t2/Montipora_capitata_HIv3___RNAseq.g6978.t1/Montipora_capitata_HIv3___RNAseq.g15043.t1/Montipora_capitata_HIv3___RNAseq.g13129.t1/Montipora_capitata_HIv3___RNAseq.g8971.t1/Montipora_capitata_HIv3___RNAseq.g49962.t1/Montipora_capitata_HIv3___RNAseq.g18929.t1/Montipora_capitata_HIv3___TS.g47745.t1,0.7726811512760944,positive regulation of hydrolase activity,BP
GO:0000041,transition metal ion transport,3/79,87/8363,0.04886582532621171,3.8521707602804804,3,87,Montipora_capitata_HIv3___RNAseq.g41416.t2a/Montipora_capitata_HIv3___RNAseq.g14155.t1/Montipora_capitata_HIv3___RNAseq.g42740.t1,0.7726811512760944,transition metal ion transport,BP
GO:0016298,lipase activity,3/79,88/8363,0.05025715700025941,3.8064328403476626,3,88,Montipora_capitata_HIv3___TS.g33283.t2/Montipora_capitata_HIv3___RNAseq.g24095.t1/Montipora_capitata_HIv3___RNAseq.g44719.t1,0.7726811512760944,lipase activity,MF
GO:0046486,glycerolipid metabolic process,6/79,283/8363,0.05062393749739929,2.375466199245797,6,283,Montipora_capitata_HIv3___TS.g33283.t2/Montipora_capitata_HIv3___RNAseq.g24095.t1/Montipora_capitata_HIv3___RNAseq.g8971.t1/Montipora_capitata_HIv3___TS.g50674.t1/Montipora_capitata_HIv3___RNAseq.g44719.t1/Montipora_capitata_HIv3___RNAseq.g14956.t1,0.7726811512760944,glycerolipid metabolic process,BP
GO:0001822,kidney development,5/79,218/8363,0.05484061588697001,2.5598165676061937,5,218,Montipora_capitata_HIv3___RNAseq.g2559.t1a/Montipora_capitata_HIv3___RNAseq.g668.t1/Montipora_capitata_HIv3___RNAseq.g18698.t1/Montipora_capitata_HIv3___RNAseq.g8971.t1/Montipora_capitata_HIv3___RNAseq.g14488.t1,0.7832755845831314,kidney development,BP
GO:0006275,regulation of DNA replication,3/79,92/8363,0.056014198070895756,3.6338720555432475,3,92,Montipora_capitata_HIv3___TS.g33283.t2/Montipora_capitata_HIv3___RNAseq.g8971.t1/Montipora_capitata_HIv3___TS.g47745.t1,0.7832755845831314,regulation of DNA replication,BP
GO:0043487,regulation of RNA stability,3/79,93/8363,0.057500824129291826,3.5931596149386436,3,93,Montipora_capitata_HIv3___RNAseq.g42608.t1/Montipora_capitata_HIv3___RNAseq.g18929.t1/Montipora_capitata_HIv3___TS.g47745.t1,0.7832755845831314,regulation of RNA stability,BP
GO:0005615,extracellular space,8/79,445/8363,0.05806900039911542,2.0230393195579723,8,445,Montipora_capitata_HIv3___TS.g33283.t2/Montipora_capitata_HIv3___RNAseq.g14946.t1/Montipora_capitata_HIv3___RNAseq.g44519.t1/Montipora_capitata_HIv3___RNAseq.g668.t1/Montipora_capitata_HIv3___RNAseq.g24095.t1/Montipora_capitata_HIv3___RNAseq.g44719.t1/Montipora_capitata_HIv3___RNAseq.g14625.t1/Montipora_capitata_HIv3___RNAseq.g14488.t1,0.7832755845831314,extracellular space,CC
GO:0016032,viral process,4/79,155/8363,0.05860596174528948,2.8719361669014716,4,155,Montipora_capitata_HIv3___RNAseq.g26525.t1/Montipora_capitata_HIv3___RNAseq.g13857.t1/Montipora_capitata_HIv3___RNAseq.g39706.t2/Montipora_capitata_HIv3___TS.g47745.t1,0.7832755845831314,viral process,BP
GO:0030879,mammary gland development,3/79,94/8363,0.05900616116743082,3.5525837454017584,3,94,Montipora_capitata_HIv3___RNAseq.g668.t1/Montipora_capitata_HIv3___RNAseq.g8971.t1/Montipora_capitata_HIv3___RNAseq.g14488.t1,0.7832755845831314,mammary gland development,BP
GO:0035264,multicellular organism growth,3/79,95/8363,0.060530086668682904,3.5136720543106943,3,95,Montipora_capitata_HIv3___RNAseq.g668.t1/Montipora_capitata_HIv3___RNAseq.g8971.t1/Montipora_capitata_HIv3___RNAseq.g15188.t1,0.7832755845831314,multicellular organism growth,BP
GO:0001655,urogenital system development,6/79,297/8363,0.06121960352805518,2.257338871350904,6,297,Montipora_capitata_HIv3___RNAseq.g2559.t1a/Montipora_capitata_HIv3___RNAseq.g668.t1/Montipora_capitata_HIv3___RNAseq.g18698.t1/Montipora_capitata_HIv3___RNAseq.g8971.t1/Montipora_capitata_HIv3___RNAseq.g28116.t1/Montipora_capitata_HIv3___RNAseq.g14488.t1,0.7832755845831314,urogenital system development,BP
GO:0006937,regulation of muscle contraction,3/79,96/8363,0.06207247549006751,3.475607624727233,3,96,Montipora_capitata_HIv3___RNAseq.g34092.t1/Montipora_capitata_HIv3___RNAseq.g13129.t1/Montipora_capitata_HIv3___RNAseq.g14488.t1,0.7832755845831314,regulation of muscle contraction,BP
GO:0007568,GO:0007568,8/79,454/8363,0.06380272596989246,1.9799594444689412,8,454,Montipora_capitata_HIv3___RNAseq.g6978.t1/Montipora_capitata_HIv3___RNAseq.g15043.t1/Montipora_capitata_HIv3___RNAseq.g42608.t1/Montipora_capitata_HIv3___RNAseq.g42740.t1/Montipora_capitata_HIv3___RNAseq.g15029.t1b/Montipora_capitata_HIv3___RNAseq.g39706.t2/Montipora_capitata_HIv3___RNAseq.g14488.t1/Montipora_capitata_HIv3___TS.g47745.t1,0.7832755845831314,NA,NA
GO:0006650,glycerophospholipid metabolic process,5/79,229/8363,0.06498737593929933,2.430770154590803,5,229,Montipora_capitata_HIv3___TS.g33283.t2/Montipora_capitata_HIv3___RNAseq.g24095.t1/Montipora_capitata_HIv3___RNAseq.g8971.t1/Montipora_capitata_HIv3___TS.g50674.t1/Montipora_capitata_HIv3___RNAseq.g44719.t1,0.7832755845831314,glycerophospholipid metabolic process,BP
GO:0052689,carboxylic ester hydrolase activity,3/79,98/8363,0.06521212991354862,3.4016852820145687,3,98,Montipora_capitata_HIv3___TS.g33283.t2/Montipora_capitata_HIv3___RNAseq.g24095.t1/Montipora_capitata_HIv3___RNAseq.g44719.t1,0.7832755845831314,carboxylic ester hydrolase activity,MF
GO:0043269,regulation of monoatomic ion transport,6/79,302/8363,0.06530317677675172,2.217784157632977,6,302,Montipora_capitata_HIv3___TS.g33283.t2/Montipora_capitata_HIv3___RNAseq.g6978.t1/Montipora_capitata_HIv3___RNAseq.g34092.t1/Montipora_capitata_HIv3___RNAseq.g24095.t1/Montipora_capitata_HIv3___RNAseq.g8971.t1/Montipora_capitata_HIv3___RNAseq.g14488.t1,0.7832755845831314,regulation of monoatomic ion transport,BP
GO:0009408,response to heat,4/79,162/8363,0.06673623869412404,2.742385743959886,4,162,Montipora_capitata_HIv3___RNAseq.g26525.t1/Montipora_capitata_HIv3___RNAseq.g42608.t1/Montipora_capitata_HIv3___RNAseq.g26867.t1/Montipora_capitata_HIv3___TS.g47745.t1,0.7832755845831314,response to heat,BP
GO:0042277,peptide binding,4/79,163/8363,0.06794363798465926,2.724695138422399,4,163,Montipora_capitata_HIv3___RNAseq.g34092.t1/Montipora_capitata_HIv3___RNAseq.g13129.t1/Montipora_capitata_HIv3___RNAseq.g39974.t1/Montipora_capitata_HIv3___RNAseq.g39706.t2,0.7832755845831314,peptide binding,MF
GO:0006665,sphingolipid metabolic process,3/79,100/8363,0.06842407405553791,3.3307527251304427,3,100,Montipora_capitata_HIv3___RNAseq.g6978.t1/Montipora_capitata_HIv3___TS.g44069.t1/Montipora_capitata_HIv3___RNAseq.g44719.t1,0.7832755845831314,sphingolipid metabolic process,BP
GO:0008589,regulation of smoothened signaling pathway,3/79,100/8363,0.06842407405553791,3.3307527251304427,3,100,Montipora_capitata_HIv3___RNAseq.g8971.t1/Montipora_capitata_HIv3___RNAseq.g22853.t1/Montipora_capitata_HIv3___TS.g46192.t3,0.7832755845831314,regulation of smoothened signaling pathway,BP
GO:0007565,female pregnancy,3/79,100/8363,0.06842407405553791,3.3307527251304427,3,100,Montipora_capitata_HIv3___RNAseq.g24095.t1/Montipora_capitata_HIv3___RNAseq.g8971.t1/Montipora_capitata_HIv3___RNAseq.g14488.t1,0.7832755845831314,female pregnancy,BP
GO:1903037,regulation of leukocyte cell-cell adhesion,3/79,100/8363,0.06842407405553791,3.3307527251304427,3,100,Montipora_capitata_HIv3___RNAseq.g42740.t1/Montipora_capitata_HIv3___RNAseq.g14488.t1/Montipora_capitata_HIv3___RNAseq.g20763.t1,0.7832755845831314,regulation of leukocyte cell-cell adhesion,BP
GO:0051480,regulation of cytosolic calcium ion concentration,4/79,166/8363,0.07163402653301379,2.6732890910531713,4,166,Montipora_capitata_HIv3___TS.g33283.t2/Montipora_capitata_HIv3___RNAseq.g34092.t1/Montipora_capitata_HIv3___RNAseq.g13129.t1/Montipora_capitata_HIv3___RNAseq.g24095.t1,0.806168369854681,regulation of cytosolic calcium ion concentration,BP
GO:0061013,regulation of mRNA catabolic process,3/79,103/8363,0.07337514639025158,3.229669413617987,3,103,Montipora_capitata_HIv3___RNAseq.g42608.t1/Montipora_capitata_HIv3___RNAseq.g18929.t1/Montipora_capitata_HIv3___TS.g47745.t1,0.806168369854681,regulation of mRNA catabolic process,BP
GO:0051336,regulation of hydrolase activity,10/79,633/8363,0.07348130901972359,1.7820074443755145,10,633,Montipora_capitata_HIv3___TS.g33283.t2/Montipora_capitata_HIv3___RNAseq.g6978.t1/Montipora_capitata_HIv3___RNAseq.g15043.t1/Montipora_capitata_HIv3___RNAseq.g41637.t1/Montipora_capitata_HIv3___RNAseq.g13129.t1/Montipora_capitata_HIv3___RNAseq.g8971.t1/Montipora_capitata_HIv3___RNAseq.g49962.t1/Montipora_capitata_HIv3___RNAseq.g18929.t1/Montipora_capitata_HIv3___RNAseq.g39706.t2/Montipora_capitata_HIv3___TS.g47745.t1,0.806168369854681,regulation of hydrolase activity,BP
GO:0098791,Golgi apparatus subcompartment,8/79,469/8363,0.07413042481422354,1.9119196090394703,8,469,Montipora_capitata_HIv3___RNAseq.g6978.t1/Montipora_capitata_HIv3___RNAseq.g3374.t1/Montipora_capitata_HIv3___RNAseq.g44539.t1/Montipora_capitata_HIv3___RNAseq.g24524.t1/Montipora_capitata_HIv3___RNAseq.g14155.t1/Montipora_capitata_HIv3___RNAseq.g42740.t1/Montipora_capitata_HIv3___RNAseq.g49962.t1/Montipora_capitata_HIv3___RNAseq.g39706.t2,0.806168369854681,Golgi apparatus subcompartment,CC
GO:0044283,small molecule biosynthetic process,8/79,477/8363,0.08003602334940989,1.8774259258159112,8,477,Montipora_capitata_HIv3___TS.g33283.t2/Montipora_capitata_HIv3___RNAseq.g36845.t1/Montipora_capitata_HIv3___RNAseq.g34092.t1/Montipora_capitata_HIv3___RNAseq.g44519.t1/Montipora_capitata_HIv3___RNAseq.g20771.t1/Montipora_capitata_HIv3___TS.g6904.t1/Montipora_capitata_HIv3___RNAseq.g37450.t2/Montipora_capitata_HIv3___RNAseq.g20763.t1,0.8479977956516522,small molecule biosynthetic process,BP
GO:0072073,kidney epithelium development,3/79,107/8363,0.08021916689021646,3.1039574841386366,3,107,Montipora_capitata_HIv3___RNAseq.g18698.t1/Montipora_capitata_HIv3___RNAseq.g8971.t1/Montipora_capitata_HIv3___RNAseq.g14488.t1,0.8479977956516522,kidney epithelium development,BP
GO:0046474,glycerophospholipid biosynthetic process,4/79,176/8363,0.08466238684739821,2.5149114821508656,4,176,Montipora_capitata_HIv3___TS.g33283.t2/Montipora_capitata_HIv3___RNAseq.g24095.t1/Montipora_capitata_HIv3___RNAseq.g8971.t1/Montipora_capitata_HIv3___TS.g50674.t1,0.8479977956516522,glycerophospholipid biosynthetic process,BP
GO:0044421,GO:0044421,9/79,568/8363,0.08618594377803679,1.7766110160552488,9,568,Montipora_capitata_HIv3___TS.g33283.t2/Montipora_capitata_HIv3___RNAseq.g14946.t1/Montipora_capitata_HIv3___RNAseq.g34092.t1/Montipora_capitata_HIv3___RNAseq.g44519.t1/Montipora_capitata_HIv3___RNAseq.g668.t1/Montipora_capitata_HIv3___RNAseq.g24095.t1/Montipora_capitata_HIv3___RNAseq.g44719.t1/Montipora_capitata_HIv3___RNAseq.g14625.t1/Montipora_capitata_HIv3___RNAseq.g14488.t1,0.8479977956516522,NA,NA
GO:0050679,positive regulation of epithelial cell proliferation,3/79,111/8363,0.08733174819693769,2.987574213296439,3,111,Montipora_capitata_HIv3___RNAseq.g6978.t1/Montipora_capitata_HIv3___RNAseq.g8971.t1/Montipora_capitata_HIv3___RNAseq.g14488.t1,0.8479977956516522,positive regulation of epithelial cell proliferation,BP
GO:0005802,trans-Golgi network,4/79,178/8363,0.08739970594066024,2.4855274575301958,4,178,Montipora_capitata_HIv3___RNAseq.g6978.t1/Montipora_capitata_HIv3___RNAseq.g14155.t1/Montipora_capitata_HIv3___RNAseq.g42740.t1/Montipora_capitata_HIv3___RNAseq.g39706.t2,0.8479977956516522,trans-Golgi network,CC
GO:0044255,cellular lipid metabolic process,10/79,655/8363,0.08776431466741069,1.7162923045170146,10,655,Montipora_capitata_HIv3___TS.g33283.t2/Montipora_capitata_HIv3___RNAseq.g6978.t1/Montipora_capitata_HIv3___TS.g44069.t1/Montipora_capitata_HIv3___RNAseq.g668.t1/Montipora_capitata_HIv3___RNAseq.g24095.t1/Montipora_capitata_HIv3___RNAseq.g8971.t1/Montipora_capitata_HIv3___TS.g50674.t1/Montipora_capitata_HIv3___RNAseq.g44719.t1/Montipora_capitata_HIv3___RNAseq.g9087.t1/Montipora_capitata_HIv3___RNAseq.g14956.t1,0.8479977956516522,cellular lipid metabolic process,BP
GO:0006936,muscle contraction,3/79,112/8363,0.0891507089209883,2.959813603606214,3,112,Montipora_capitata_HIv3___RNAseq.g13129.t1/Montipora_capitata_HIv3___RNAseq.g24095.t1/Montipora_capitata_HIv3___RNAseq.g14488.t1,0.8479977956516522,muscle contraction,BP
GO:0005773,vacuole,8/79,491/8363,0.09103844719175756,1.8196358634167888,8,491,Montipora_capitata_HIv3___RNAseq.g6978.t1/Montipora_capitata_HIv3___RNAseq.g44519.t1/Montipora_capitata_HIv3___RNAseq.g8971.t1/Montipora_capitata_HIv3___RNAseq.g1174.t1/Montipora_capitata_HIv3___RNAseq.g15029.t1b/Montipora_capitata_HIv3___RNAseq.g44719.t1/Montipora_capitata_HIv3___RNAseq.g14488.t1/Montipora_capitata_HIv3___TS.g20607.t1,0.8479977956516522,vacuole,CC
GO:0030335,positive regulation of cell migration,5/79,257/8363,0.09525865570856219,2.153301784645313,5,257,Montipora_capitata_HIv3___RNAseq.g6978.t1/Montipora_capitata_HIv3___RNAseq.g18698.t1/Montipora_capitata_HIv3___RNAseq.g8971.t1/Montipora_capitata_HIv3___RNAseq.g15029.t1b/Montipora_capitata_HIv3___RNAseq.g39706.t2,0.8479977956516522,positive regulation of cell migration,BP
GO:0045834,positive regulation of lipid metabolic process,3/79,116/8363,0.09658508591341407,2.853685353006431,3,116,Montipora_capitata_HIv3___RNAseq.g6978.t1/Montipora_capitata_HIv3___RNAseq.g24095.t1/Montipora_capitata_HIv3___RNAseq.g8971.t1,0.8479977956516522,positive regulation of lipid metabolic process,BP
GO:0048489,synaptic vesicle transport,3/79,116/8363,0.09658508591341407,2.853685353006431,3,116,Montipora_capitata_HIv3___RNAseq.g8971.t1/Montipora_capitata_HIv3___RNAseq.g42740.t1/Montipora_capitata_HIv3___RNAseq.g1174.t1,0.8479977956516522,synaptic vesicle transport,BP
GO:0097480,establishment of synaptic vesicle localization,3/79,116/8363,0.09658508591341407,2.853685353006431,3,116,Montipora_capitata_HIv3___RNAseq.g8971.t1/Montipora_capitata_HIv3___RNAseq.g42740.t1/Montipora_capitata_HIv3___RNAseq.g1174.t1,0.8479977956516522,establishment of synaptic vesicle localization,BP
GO:0051234,establishment of localization,30/79,2558/8363,0.09682318912492642,1.393980302571395,30,2558,Montipora_capitata_HIv3___TS.g33283.t2/Montipora_capitata_HIv3___RNAseq.g6978.t1/Montipora_capitata_HIv3___RNAseq.g26525.t1/Montipora_capitata_HIv3___RNAseq.g15043.t1/Montipora_capitata_HIv3___TS.g44069.t1/Montipora_capitata_HIv3___RNAseq.g44519.t1/Montipora_capitata_HIv3___RNAseq.g13129.t1/Montipora_capitata_HIv3___RNAseq.g45361.t1/Montipora_capitata_HIv3___RNAseq.g13857.t1/Montipora_capitata_HIv3___RNAseq.g668.t1/Montipora_capitata_HIv3___RNAseq.g24095.t1/Montipora_capitata_HIv3___RNAseq.g12548.t1/Montipora_capitata_HIv3___RNAseq.g18698.t1/Montipora_capitata_HIv3___RNAseq.g8971.t1/Montipora_capitata_HIv3___RNAseq.g41416.t2a/Montipora_capitata_HIv3___RNAseq.g20807.t2/Montipora_capitata_HIv3___RNAseq.g14155.t1/Montipora_capitata_HIv3___RNAseq.g40284.t1/Montipora_capitata_HIv3___RNAseq.g42740.t1/Montipora_capitata_HIv3___RNAseq.g22408.t1/Montipora_capitata_HIv3___RNAseq.g1174.t1/Montipora_capitata_HIv3___RNAseq.g23247.t1/Montipora_capitata_HIv3___RNAseq.g15188.t1/Montipora_capitata_HIv3___RNAseq.g49962.t1/Montipora_capitata_HIv3___RNAseq.g15029.t1b/Montipora_capitata_HIv3___TS.g21895.t1/Montipora_capitata_HIv3___RNAseq.g39706.t2/Montipora_capitata_HIv3___RNAseq.g11658.t1/Montipora_capitata_HIv3___RNAseq.g14488.t1/Montipora_capitata_HIv3___TS.g20607.t1,0.8479977956516522,establishment of localization,BP
GO:0045017,glycerolipid biosynthetic process,4/79,185/8363,0.0973161552735401,2.3872022034464577,4,185,Montipora_capitata_HIv3___TS.g33283.t2/Montipora_capitata_HIv3___RNAseq.g24095.t1/Montipora_capitata_HIv3___RNAseq.g8971.t1/Montipora_capitata_HIv3___TS.g50674.t1,0.8479977956516522,glycerolipid biosynthetic process,BP
GO:0003713,transcription coactivator activity,4/79,185/8363,0.0973161552735401,2.3872022034464577,4,185,Montipora_capitata_HIv3___RNAseq.g26525.t1/Montipora_capitata_HIv3___RNAseq.g36935.t1/Montipora_capitata_HIv3___RNAseq.g41333.t1/Montipora_capitata_HIv3___TS.g47745.t1,0.8479977956516522,transcription coactivator activity,MF
GO:0044057,regulation of system process,6/79,337/8363,0.09829586721784958,1.9746236393719403,6,337,Montipora_capitata_HIv3___RNAseq.g34092.t1/Montipora_capitata_HIv3___RNAseq.g13129.t1/Montipora_capitata_HIv3___RNAseq.g8971.t1/Montipora_capitata_HIv3___RNAseq.g49962.t1/Montipora_capitata_HIv3___RNAseq.g14488.t1/Montipora_capitata_HIv3___RNAseq.g20763.t1,0.8479977956516522,regulation of system process,BP
GO:0097479,synaptic vesicle localization,3/79,117/8363,0.09848251023546677,2.828317008831936,3,117,Montipora_capitata_HIv3___RNAseq.g8971.t1/Montipora_capitata_HIv3___RNAseq.g42740.t1/Montipora_capitata_HIv3___RNAseq.g1174.t1,0.8479977956516522,synaptic vesicle localization,BP
GO:0051054,positive regulation of DNA metabolic process,4/79,186/8363,0.09877471986145234,2.373806305416406,4,186,Montipora_capitata_HIv3___TS.g33283.t2/Montipora_capitata_HIv3___RNAseq.g8971.t1/Montipora_capitata_HIv3___RNAseq.g18929.t1/Montipora_capitata_HIv3___TS.g47745.t1,0.8479977956516522,positive regulation of DNA metabolic process,BP
GO:0006810,transport,29/79,2463/8363,0.0988006146880919,1.3939472286456924,29,2463,Montipora_capitata_HIv3___TS.g33283.t2/Montipora_capitata_HIv3___RNAseq.g6978.t1/Montipora_capitata_HIv3___RNAseq.g26525.t1/Montipora_capitata_HIv3___RNAseq.g15043.t1/Montipora_capitata_HIv3___TS.g44069.t1/Montipora_capitata_HIv3___RNAseq.g44519.t1/Montipora_capitata_HIv3___RNAseq.g13129.t1/Montipora_capitata_HIv3___RNAseq.g45361.t1/Montipora_capitata_HIv3___RNAseq.g13857.t1/Montipora_capitata_HIv3___RNAseq.g668.t1/Montipora_capitata_HIv3___RNAseq.g24095.t1/Montipora_capitata_HIv3___RNAseq.g12548.t1/Montipora_capitata_HIv3___RNAseq.g18698.t1/Montipora_capitata_HIv3___RNAseq.g8971.t1/Montipora_capitata_HIv3___RNAseq.g41416.t2a/Montipora_capitata_HIv3___RNAseq.g20807.t2/Montipora_capitata_HIv3___RNAseq.g14155.t1/Montipora_capitata_HIv3___RNAseq.g40284.t1/Montipora_capitata_HIv3___RNAseq.g42740.t1/Montipora_capitata_HIv3___RNAseq.g22408.t1/Montipora_capitata_HIv3___RNAseq.g1174.t1/Montipora_capitata_HIv3___RNAseq.g15188.t1/Montipora_capitata_HIv3___RNAseq.g49962.t1/Montipora_capitata_HIv3___RNAseq.g15029.t1b/Montipora_capitata_HIv3___TS.g21895.t1/Montipora_capitata_HIv3___RNAseq.g39706.t2/Montipora_capitata_HIv3___RNAseq.g11658.t1/Montipora_capitata_HIv3___RNAseq.g14488.t1/Montipora_capitata_HIv3___TS.g20607.t1,0.8479977956516522,transport,BP
GO:0016042,lipid catabolic process,4/79,187/8363,0.10024359797831825,2.360554565090711,4,187,Montipora_capitata_HIv3___TS.g33283.t2/Montipora_capitata_HIv3___RNAseq.g44719.t1/Montipora_capitata_HIv3___RNAseq.g9087.t1/Montipora_capitata_HIv3___RNAseq.g14956.t1,0.8479977956516522,lipid catabolic process,BP
GO:0043588,skin development,3/79,118/8363,0.10039514132427606,2.803389801313163,3,118,Montipora_capitata_HIv3___RNAseq.g8971.t1/Montipora_capitata_HIv3___RNAseq.g14625.t1/Montipora_capitata_HIv3___RNAseq.g39706.t2,0.8479977956516522,skin development,BP
GO:0050863,regulation of T cell activation,3/79,118/8363,0.10039514132427606,2.803389801313163,3,118,Montipora_capitata_HIv3___RNAseq.g42740.t1/Montipora_capitata_HIv3___RNAseq.g14488.t1/Montipora_capitata_HIv3___RNAseq.g20763.t1,0.8479977956516522,regulation of T cell activation,BP
GO:0010959,regulation of metal ion transport,4/79,190/8363,0.10471152517459975,2.321645065656821,4,190,Montipora_capitata_HIv3___TS.g33283.t2/Montipora_capitata_HIv3___RNAseq.g6978.t1/Montipora_capitata_HIv3___RNAseq.g34092.t1/Montipora_capitata_HIv3___RNAseq.g24095.t1,0.856903724740386,regulation of metal ion transport,BP
GO:2000147,positive regulation of cell motility,5/79,266/8363,0.10630284790083898,2.0766991439724216,5,266,Montipora_capitata_HIv3___RNAseq.g6978.t1/Montipora_capitata_HIv3___RNAseq.g18698.t1/Montipora_capitata_HIv3___RNAseq.g8971.t1/Montipora_capitata_HIv3___RNAseq.g15029.t1b/Montipora_capitata_HIv3___RNAseq.g39706.t2,0.856903724740386,positive regulation of cell motility,BP
GO:0006952,defense response,8/79,509/8363,0.10642811622950717,1.750261481359084,8,509,Montipora_capitata_HIv3___TS.g33283.t2/Montipora_capitata_HIv3___RNAseq.g6978.t1/Montipora_capitata_HIv3___RNAseq.g44519.t1/Montipora_capitata_HIv3___RNAseq.g24095.t1/Montipora_capitata_HIv3___RNAseq.g18698.t1/Montipora_capitata_HIv3___RNAseq.g18929.t1/Montipora_capitata_HIv3___RNAseq.g15140.t1/Montipora_capitata_HIv3___RNAseq.g14488.t1,0.856903724740386,defense response,BP
GO:0016050,vesicle organization,5/79,267/8363,0.10756800603883265,2.0685509722865567,5,267,Montipora_capitata_HIv3___RNAseq.g42740.t1/Montipora_capitata_HIv3___RNAseq.g1174.t1/Montipora_capitata_HIv3___RNAseq.g49962.t1/Montipora_capitata_HIv3___RNAseq.g15029.t1b/Montipora_capitata_HIv3___TS.g20607.t1,0.856903724740386,vesicle organization,BP
GO:0051050,positive regulation of transport,9/79,597/8363,0.10887056035231144,1.6826609029150037,9,597,Montipora_capitata_HIv3___TS.g33283.t2/Montipora_capitata_HIv3___RNAseq.g6978.t1/Montipora_capitata_HIv3___RNAseq.g34092.t1/Montipora_capitata_HIv3___RNAseq.g24095.t1/Montipora_capitata_HIv3___RNAseq.g8971.t1/Montipora_capitata_HIv3___RNAseq.g49962.t1/Montipora_capitata_HIv3___RNAseq.g15029.t1b/Montipora_capitata_HIv3___TS.g47745.t1/Montipora_capitata_HIv3___TS.g20607.t1,0.856903724740386,positive regulation of transport,BP
GO:0050714,positive regulation of protein secretion,3/79,123/8363,0.11018061266248737,2.6849020364022964,3,123,Montipora_capitata_HIv3___TS.g33283.t2/Montipora_capitata_HIv3___RNAseq.g24095.t1/Montipora_capitata_HIv3___TS.g47745.t1,0.856903724740386,positive regulation of protein secretion,BP
GO:0040017,positive regulation of locomotion,6/79,348/8363,0.11022915911629769,1.9085116495880747,6,348,Montipora_capitata_HIv3___RNAseq.g6978.t1/Montipora_capitata_HIv3___RNAseq.g18698.t1/Montipora_capitata_HIv3___RNAseq.g8971.t1/Montipora_capitata_HIv3___RNAseq.g49962.t1/Montipora_capitata_HIv3___RNAseq.g15029.t1b/Montipora_capitata_HIv3___RNAseq.g39706.t2,0.856903724740386,positive regulation of locomotion,BP
GO:0019216,regulation of lipid metabolic process,5/79,270/8363,0.11140837423011996,2.044440753383565,5,270,Montipora_capitata_HIv3___RNAseq.g6978.t1/Montipora_capitata_HIv3___RNAseq.g24095.t1/Montipora_capitata_HIv3___RNAseq.g8971.t1/Montipora_capitata_HIv3___RNAseq.g41333.t1/Montipora_capitata_HIv3___RNAseq.g15029.t1b,0.856903724740386,regulation of lipid metabolic process,BP
GO:1901681,sulfur compound binding,3/79,124/8363,0.11218100123233891,2.6624040249059195,3,124,Montipora_capitata_HIv3___RNAseq.g34092.t1/Montipora_capitata_HIv3___RNAseq.g44519.t1/Montipora_capitata_HIv3___RNAseq.g8971.t1,0.856903724740386,sulfur compound binding,MF
GO:0005576,extracellular region,12/79,866/8363,0.11234626273416345,1.5581394378862408,12,866,Montipora_capitata_HIv3___TS.g33283.t2/Montipora_capitata_HIv3___RNAseq.g14946.t1/Montipora_capitata_HIv3___RNAseq.g34092.t1/Montipora_capitata_HIv3___RNAseq.g44519.t1/Montipora_capitata_HIv3___RNAseq.g668.t1/Montipora_capitata_HIv3___RNAseq.g24095.t1/Montipora_capitata_HIv3___RNAseq.g8971.t1/Montipora_capitata_HIv3___RNAseq.g20807.t2/Montipora_capitata_HIv3___RNAseq.g44719.t1/Montipora_capitata_HIv3___RNAseq.g14625.t1/Montipora_capitata_HIv3___RNAseq.g39706.t2/Montipora_capitata_HIv3___RNAseq.g14488.t1,0.856903724740386,extracellular region,CC
GO:0044431,GO:0044431,8/79,518/8363,0.1146419445895971,1.7173907401688622,8,518,Montipora_capitata_HIv3___RNAseq.g6978.t1/Montipora_capitata_HIv3___RNAseq.g3374.t1/Montipora_capitata_HIv3___RNAseq.g44539.t1/Montipora_capitata_HIv3___RNAseq.g24524.t1/Montipora_capitata_HIv3___RNAseq.g14155.t1/Montipora_capitata_HIv3___RNAseq.g42740.t1/Montipora_capitata_HIv3___RNAseq.g49962.t1/Montipora_capitata_HIv3___RNAseq.g39706.t2,0.856903724740386,NA,NA
GO:0006644,phospholipid metabolic process,5/79,273/8363,0.1153154455878733,2.0207396336228087,5,273,Montipora_capitata_HIv3___TS.g33283.t2/Montipora_capitata_HIv3___RNAseq.g24095.t1/Montipora_capitata_HIv3___RNAseq.g8971.t1/Montipora_capitata_HIv3___TS.g50674.t1/Montipora_capitata_HIv3___RNAseq.g44719.t1,0.856903724740386,phospholipid metabolic process,BP
GO:0043062,extracellular structure organization,4/79,197/8363,0.11548637078221054,2.2356473839746505,4,197,Montipora_capitata_HIv3___RNAseq.g44519.t1/Montipora_capitata_HIv3___RNAseq.g18698.t1/Montipora_capitata_HIv3___RNAseq.g15029.t1b/Montipora_capitata_HIv3___RNAseq.g39706.t2,0.856903724740386,extracellular structure organization,BP
GO:0006979,response to oxidative stress,6/79,353/8363,0.11589258849142604,1.8798580818472557,6,353,Montipora_capitata_HIv3___RNAseq.g6978.t1/Montipora_capitata_HIv3___RNAseq.g26525.t1/Montipora_capitata_HIv3___RNAseq.g34092.t1/Montipora_capitata_HIv3___RNAseq.g44519.t1/Montipora_capitata_HIv3___RNAseq.g42608.t1/Montipora_capitata_HIv3___RNAseq.g14488.t1,0.856903724740386,response to oxidative stress,BP
GO:0030324,lung development,3/79,126/8363,0.11622372358547764,2.61850104936443,3,126,Montipora_capitata_HIv3___RNAseq.g8971.t1/Montipora_capitata_HIv3___RNAseq.g39974.t1/Montipora_capitata_HIv3___RNAseq.g14488.t1,0.856903724740386,lung development,BP
GO:0016192,vesicle-mediated transport,15/79,1153/8363,0.12059401438845485,1.47166078393649,15,1153,Montipora_capitata_HIv3___RNAseq.g6978.t1/Montipora_capitata_HIv3___RNAseq.g44519.t1/Montipora_capitata_HIv3___RNAseq.g24095.t1/Montipora_capitata_HIv3___RNAseq.g12548.t1/Montipora_capitata_HIv3___RNAseq.g18698.t1/Montipora_capitata_HIv3___RNAseq.g8971.t1/Montipora_capitata_HIv3___RNAseq.g20807.t2/Montipora_capitata_HIv3___RNAseq.g14155.t1/Montipora_capitata_HIv3___RNAseq.g40284.t1/Montipora_capitata_HIv3___RNAseq.g42740.t1/Montipora_capitata_HIv3___RNAseq.g22408.t1/Montipora_capitata_HIv3___RNAseq.g1174.t1/Montipora_capitata_HIv3___RNAseq.g15029.t1b/Montipora_capitata_HIv3___RNAseq.g14488.t1/Montipora_capitata_HIv3___TS.g20607.t1,0.8729331353081942,vesicle-mediated transport,BP
GO:0008654,phospholipid biosynthetic process,4/79,201/8363,0.12185664853018899,2.1891051578811824,4,201,Montipora_capitata_HIv3___TS.g33283.t2/Montipora_capitata_HIv3___RNAseq.g24095.t1/Montipora_capitata_HIv3___RNAseq.g8971.t1/Montipora_capitata_HIv3___TS.g50674.t1,0.8729331353081942,phospholipid biosynthetic process,BP
GO:0016482,cytosolic transport,3/79,129/8363,0.1223901152397178,2.555300152895288,3,129,Montipora_capitata_HIv3___RNAseq.g14155.t1/Montipora_capitata_HIv3___RNAseq.g15029.t1b/Montipora_capitata_HIv3___TS.g20607.t1,0.8729331353081942,cytosolic transport,BP
GO:1901617,organic hydroxy compound biosynthetic process,3/79,130/8363,0.12447217647933052,2.534876991389036,3,130,Montipora_capitata_HIv3___RNAseq.g36845.t1/Montipora_capitata_HIv3___TS.g6904.t1/Montipora_capitata_HIv3___RNAseq.g37450.t2,0.8729331353081942,organic hydroxy compound biosynthetic process,BP
GO:0030323,respiratory tube development,3/79,130/8363,0.12447217647933052,2.534876991389036,3,130,Montipora_capitata_HIv3___RNAseq.g8971.t1/Montipora_capitata_HIv3___RNAseq.g39974.t1/Montipora_capitata_HIv3___RNAseq.g14488.t1,0.8729331353081942,respiratory tube development,BP
GO:0009617,response to bacterium,6/79,361/8363,0.125257972854778,1.8355034459108341,6,361,Montipora_capitata_HIv3___TS.g33283.t2/Montipora_capitata_HIv3___RNAseq.g6978.t1/Montipora_capitata_HIv3___RNAseq.g44519.t1/Montipora_capitata_HIv3___RNAseq.g24095.t1/Montipora_capitata_HIv3___RNAseq.g18698.t1/Montipora_capitata_HIv3___RNAseq.g14488.t1,0.8729331353081942,response to bacterium,BP
GO:0043903,regulation of biological process involved in symbiotic interaction,3/79,131/8363,0.12656724981140285,2.514772047177172,3,131,Montipora_capitata_HIv3___RNAseq.g44519.t1/Montipora_capitata_HIv3___RNAseq.g14488.t1/Montipora_capitata_HIv3___TS.g47745.t1,0.8729331353081942,regulation of biological process involved in symbiotic interaction,BP
GO:0033218,amide binding,4/79,204/8363,0.12673283854715237,2.155455613768782,4,204,Montipora_capitata_HIv3___RNAseq.g34092.t1/Montipora_capitata_HIv3___RNAseq.g13129.t1/Montipora_capitata_HIv3___RNAseq.g39974.t1/Montipora_capitata_HIv3___RNAseq.g39706.t2,0.8729331353081942,amide binding,MF
GO:0006732,GO:0006732,5/79,282/8363,0.12742817032659845,1.9529117834534258,5,282,Montipora_capitata_HIv3___RNAseq.g36845.t1/Montipora_capitata_HIv3___RNAseq.g34092.t1/Montipora_capitata_HIv3___TS.g6904.t1/Montipora_capitata_HIv3___RNAseq.g14956.t1/Montipora_capitata_HIv3___RNAseq.g37450.t2,0.8729331353081942,NA,NA
GO:1903311,regulation of mRNA metabolic process,4/79,206/8363,0.13002948448138685,2.1335859457328104,4,206,Montipora_capitata_HIv3___RNAseq.g42608.t1/Montipora_capitata_HIv3___RNAseq.g12736.t1/Montipora_capitata_HIv3___RNAseq.g18929.t1/Montipora_capitata_HIv3___TS.g47745.t1,0.8837941523344263,regulation of mRNA metabolic process,BP
GO:0044403,biological process involved in symbiotic interaction,4/79,207/8363,0.13169135014564792,2.122814047616478,4,207,Montipora_capitata_HIv3___RNAseq.g26525.t1/Montipora_capitata_HIv3___RNAseq.g13857.t1/Montipora_capitata_HIv3___RNAseq.g39706.t2/Montipora_capitata_HIv3___TS.g47745.t1,0.8881509660985558,biological process involved in symbiotic interaction,BP
GO:0050776,regulation of immune response,6/79,368/8363,0.1337526988135675,1.7985003344699344,6,368,Montipora_capitata_HIv3___TS.g33283.t2/Montipora_capitata_HIv3___RNAseq.g24095.t1/Montipora_capitata_HIv3___RNAseq.g18698.t1/Montipora_capitata_HIv3___RNAseq.g15029.t1b/Montipora_capitata_HIv3___RNAseq.g14488.t1/Montipora_capitata_HIv3___TS.g47745.t1,0.8902618394768864,regulation of immune response,BP
GO:0050920,regulation of chemotaxis,3/79,135/8363,0.1350742101275276,2.4372180752494157,3,135,Montipora_capitata_HIv3___RNAseq.g6978.t1/Montipora_capitata_HIv3___RNAseq.g15043.t1/Montipora_capitata_HIv3___RNAseq.g8971.t1,0.8902618394768864,regulation of chemotaxis,BP
GO:0017137,GO:0017137,3/79,135/8363,0.1350742101275276,2.4372180752494157,3,135,Montipora_capitata_HIv3___RNAseq.g24524.t1/Montipora_capitata_HIv3___RNAseq.g49962.t1/Montipora_capitata_HIv3___TS.g20607.t1,0.8902618394768864,NA,NA
GO:0002684,positive regulation of immune system process,6/79,372/8363,0.13872959013586084,1.7779657658960668,6,372,Montipora_capitata_HIv3___TS.g33283.t2/Montipora_capitata_HIv3___RNAseq.g24095.t1/Montipora_capitata_HIv3___RNAseq.g42740.t1/Montipora_capitata_HIv3___RNAseq.g14488.t1/Montipora_capitata_HIv3___TS.g47745.t1/Montipora_capitata_HIv3___RNAseq.g20763.t1,0.8925858340396925,positive regulation of immune system process,BP
GO:0009913,epidermal cell differentiation,3/79,137/8363,0.13940126600270875,2.400346590865023,3,137,Montipora_capitata_HIv3___RNAseq.g8971.t1/Montipora_capitata_HIv3___RNAseq.g14625.t1/Montipora_capitata_HIv3___RNAseq.g39706.t2,0.8925858340396925,epidermal cell differentiation,BP
GO:0003012,muscle system process,3/79,137/8363,0.13940126600270875,2.400346590865023,3,137,Montipora_capitata_HIv3___RNAseq.g13129.t1/Montipora_capitata_HIv3___RNAseq.g24095.t1/Montipora_capitata_HIv3___RNAseq.g14488.t1,0.8925858340396925,muscle system process,BP
GO:0050808,synapse organization,4/79,212/8363,0.14013320491166295,2.0703906230160785,4,212,Montipora_capitata_HIv3___RNAseq.g8971.t1/Montipora_capitata_HIv3___RNAseq.g1174.t1/Montipora_capitata_HIv3___RNAseq.g8270.t1/Montipora_capitata_HIv3___RNAseq.g39706.t2,0.8925858340396925,synapse organization,BP
GO:0051272,GO:0051272,5/79,292/8363,0.14155111950073052,1.8825666769681457,5,292,Montipora_capitata_HIv3___RNAseq.g6978.t1/Montipora_capitata_HIv3___RNAseq.g18698.t1/Montipora_capitata_HIv3___RNAseq.g8971.t1/Montipora_capitata_HIv3___RNAseq.g15029.t1b/Montipora_capitata_HIv3___RNAseq.g39706.t2,0.8925858340396925,NA,NA
GO:0002793,positive regulation of peptide secretion,3/79,138/8363,0.1415825805718133,2.3823048008651724,3,138,Montipora_capitata_HIv3___TS.g33283.t2/Montipora_capitata_HIv3___RNAseq.g24095.t1/Montipora_capitata_HIv3___TS.g47745.t1,0.8925858340396925,positive regulation of peptide secretion,BP
GO:0030155,regulation of cell adhesion,5/79,295/8363,0.14591899754868484,1.8624183431423282,5,295,Montipora_capitata_HIv3___RNAseq.g18698.t1/Montipora_capitata_HIv3___RNAseq.g42740.t1/Montipora_capitata_HIv3___RNAseq.g15029.t1b/Montipora_capitata_HIv3___RNAseq.g14488.t1/Montipora_capitata_HIv3___RNAseq.g20763.t1,0.9007271312109338,regulation of cell adhesion,BP
GO:0051091,positive regulation of DNA-binding transcription factor activity,3/79,140/8363,0.14597991436866858,2.3469919699922093,3,140,Montipora_capitata_HIv3___TS.g33283.t2/Montipora_capitata_HIv3___RNAseq.g6978.t1/Montipora_capitata_HIv3___TS.g47745.t1,0.9007271312109338,positive regulation of DNA-binding transcription factor activity,BP
GO:0006869,lipid transport,3/79,140/8363,0.14597991436866858,2.3469919699922093,3,140,Montipora_capitata_HIv3___TS.g33283.t2/Montipora_capitata_HIv3___TS.g44069.t1/Montipora_capitata_HIv3___RNAseq.g13129.t1,0.9007271312109338,lipid transport,BP
GO:0044419,biological process involved in interspecies interaction between organisms,4/79,216/8363,0.14704128018633042,2.03050638852552,4,216,Montipora_capitata_HIv3___RNAseq.g26525.t1/Montipora_capitata_HIv3___RNAseq.g13857.t1/Montipora_capitata_HIv3___RNAseq.g39706.t2/Montipora_capitata_HIv3___TS.g47745.t1,0.9008867166345597,biological process involved in interspecies interaction between organisms,BP
GO:0030705,cytoskeleton-dependent intracellular transport,3/79,141/8363,0.1481955860978621,2.3297128571263412,3,141,Montipora_capitata_HIv3___RNAseq.g42740.t1/Montipora_capitata_HIv3___RNAseq.g1174.t1/Montipora_capitata_HIv3___TS.g21895.t1,0.9016095098261541,cytoskeleton-dependent intracellular transport,BP
GO:1904062,regulation of monoatomic cation transmembrane transport,3/79,142/8363,0.1504223627654335,2.312679501194859,3,142,Montipora_capitata_HIv3___RNAseq.g6978.t1/Montipora_capitata_HIv3___RNAseq.g34092.t1/Montipora_capitata_HIv3___RNAseq.g24095.t1,0.9088017750411608,regulation of monoatomic cation transmembrane transport,BP
GO:1903532,positive regulation of secretion by cell,4/79,222/8363,0.15764967706479335,1.9731136940561382,4,222,Montipora_capitata_HIv3___TS.g33283.t2/Montipora_capitata_HIv3___RNAseq.g24095.t1/Montipora_capitata_HIv3___RNAseq.g8971.t1/Montipora_capitata_HIv3___TS.g47745.t1,0.9177109076623788,positive regulation of secretion by cell,BP
GO:0051052,regulation of DNA metabolic process,5/79,305/8363,0.160895021869363,1.7980047566584603,5,305,Montipora_capitata_HIv3___TS.g33283.t2/Montipora_capitata_HIv3___RNAseq.g42608.t1/Montipora_capitata_HIv3___RNAseq.g8971.t1/Montipora_capitata_HIv3___RNAseq.g18929.t1/Montipora_capitata_HIv3___TS.g47745.t1,0.9177109076623788,regulation of DNA metabolic process,BP
GO:0034762,regulation of transmembrane transport,4/79,224/8363,0.16124900583830834,1.9546985262569483,4,224,Montipora_capitata_HIv3___TS.g33283.t2/Montipora_capitata_HIv3___RNAseq.g6978.t1/Montipora_capitata_HIv3___RNAseq.g34092.t1/Montipora_capitata_HIv3___RNAseq.g24095.t1,0.9177109076623788,regulation of transmembrane transport,BP
GO:0002682,regulation of immune system process,9/79,653/8363,0.16137146351860407,1.5251829266981887,9,653,Montipora_capitata_HIv3___TS.g33283.t2/Montipora_capitata_HIv3___RNAseq.g24095.t1/Montipora_capitata_HIv3___RNAseq.g18698.t1/Montipora_capitata_HIv3___RNAseq.g8971.t1/Montipora_capitata_HIv3___RNAseq.g42740.t1/Montipora_capitata_HIv3___RNAseq.g15029.t1b/Montipora_capitata_HIv3___RNAseq.g14488.t1/Montipora_capitata_HIv3___TS.g47745.t1/Montipora_capitata_HIv3___RNAseq.g20763.t1,0.9177109076623788,regulation of immune system process,BP
GO:0043473,pigmentation,3/79,147/8363,0.16171674791531296,2.2308952508218276,3,147,Montipora_capitata_HIv3___RNAseq.g34092.t1/Montipora_capitata_HIv3___RNAseq.g42740.t1/Montipora_capitata_HIv3___RNAseq.g1174.t1,0.9177109076623788,pigmentation,BP
GO:0036094,small molecule binding,10/79,744/8363,0.16175892852132595,1.4906451285042153,10,744,Montipora_capitata_HIv3___TS.g33283.t2/Montipora_capitata_HIv3___RNAseq.g14946.t1/Montipora_capitata_HIv3___RNAseq.g13129.t1/Montipora_capitata_HIv3___RNAseq.g12736.t1/Montipora_capitata_HIv3___RNAseq.g24524.t1/Montipora_capitata_HIv3___RNAseq.g18698.t1/Montipora_capitata_HIv3___RNAseq.g39974.t1/Montipora_capitata_HIv3___RNAseq.g9087.t1/Montipora_capitata_HIv3___TS.g47745.t1/Montipora_capitata_HIv3___RNAseq.g37450.t2,0.9177109076623788,small molecule binding,MF
GO:0051222,positive regulation of protein transport,4/79,225/8363,0.16306016582253421,1.945616570481635,4,225,Montipora_capitata_HIv3___TS.g33283.t2/Montipora_capitata_HIv3___RNAseq.g6978.t1/Montipora_capitata_HIv3___RNAseq.g24095.t1/Montipora_capitata_HIv3___TS.g47745.t1,0.9177109076623788,positive regulation of protein transport,BP
GO:0060541,respiratory system development,5/79,308/8363,0.16550831708095984,1.779562794004779,5,308,Montipora_capitata_HIv3___RNAseq.g8971.t1/Montipora_capitata_HIv3___RNAseq.g41333.t1/Montipora_capitata_HIv3___RNAseq.g39974.t1/Montipora_capitata_HIv3___RNAseq.g15029.t1b/Montipora_capitata_HIv3___RNAseq.g14488.t1,0.9177109076623788,respiratory system development,BP
GO:0001709,cell fate determination,3/79,149/8363,0.16630617130354036,2.2000192427603524,3,149,Montipora_capitata_HIv3___RNAseq.g8971.t1/Montipora_capitata_HIv3___RNAseq.g28116.t1/Montipora_capitata_HIv3___TS.g46192.t3,0.9177109076623788,cell fate determination,BP
GO:0097237,cellular response to toxic substance,3/79,149/8363,0.16630617130354036,2.2000192427603524,3,149,Montipora_capitata_HIv3___RNAseq.g34092.t1/Montipora_capitata_HIv3___RNAseq.g44519.t1/Montipora_capitata_HIv3___RNAseq.g14488.t1,0.9177109076623788,cellular response to toxic substance,BP
GO:0022612,gland morphogenesis,3/79,149/8363,0.16630617130354036,2.2000192427603524,3,149,Montipora_capitata_HIv3___RNAseq.g668.t1/Montipora_capitata_HIv3___RNAseq.g8971.t1/Montipora_capitata_HIv3___RNAseq.g14488.t1,0.9177109076623788,gland morphogenesis,BP
GO:0045087,innate immune response,4/79,228/8363,0.16853867379528537,1.9188604518097807,4,228,Montipora_capitata_HIv3___TS.g33283.t2/Montipora_capitata_HIv3___RNAseq.g6978.t1/Montipora_capitata_HIv3___RNAseq.g15140.t1/Montipora_capitata_HIv3___RNAseq.g14488.t1,0.9177109076623788,innate immune response,BP
GO:0043270,positive regulation of monoatomic ion transport,3/79,150/8363,0.16861555029489667,2.1847634363598,3,150,Montipora_capitata_HIv3___TS.g33283.t2/Montipora_capitata_HIv3___RNAseq.g34092.t1/Montipora_capitata_HIv3___RNAseq.g24095.t1,0.9177109076623788,positive regulation of monoatomic ion transport,BP
GO:0099003,vesicle-mediated transport in synapse,3/79,150/8363,0.16861555029489667,2.1847634363598,3,150,Montipora_capitata_HIv3___RNAseq.g8971.t1/Montipora_capitata_HIv3___RNAseq.g42740.t1/Montipora_capitata_HIv3___RNAseq.g1174.t1,0.9177109076623788,vesicle-mediated transport in synapse,BP
GO:0040014,regulation of multicellular organism growth,3/79,151/8363,0.17093447820409427,2.1697211543049133,3,151,Montipora_capitata_HIv3___RNAseq.g8971.t1/Montipora_capitata_HIv3___RNAseq.g28116.t1/Montipora_capitata_HIv3___RNAseq.g37450.t2,0.9177109076623788,regulation of multicellular organism growth,BP
GO:0006643,membrane lipid metabolic process,3/79,151/8363,0.17093447820409427,2.1697211543049133,3,151,Montipora_capitata_HIv3___RNAseq.g6978.t1/Montipora_capitata_HIv3___TS.g44069.t1/Montipora_capitata_HIv3___RNAseq.g44719.t1,0.9177109076623788,membrane lipid metabolic process,BP
GO:0051090,regulation of DNA-binding transcription factor activity,4/79,230/8363,0.1722277350505806,1.9014208570910847,4,230,Montipora_capitata_HIv3___TS.g33283.t2/Montipora_capitata_HIv3___RNAseq.g6978.t1/Montipora_capitata_HIv3___RNAseq.g32149.t1/Montipora_capitata_HIv3___TS.g47745.t1,0.9177109076623788,regulation of DNA-binding transcription factor activity,BP
GO:0006629,lipid metabolic process,10/79,757/8363,0.17464646650623755,1.4621869739966813,10,757,Montipora_capitata_HIv3___TS.g33283.t2/Montipora_capitata_HIv3___RNAseq.g6978.t1/Montipora_capitata_HIv3___TS.g44069.t1/Montipora_capitata_HIv3___RNAseq.g668.t1/Montipora_capitata_HIv3___RNAseq.g24095.t1/Montipora_capitata_HIv3___RNAseq.g8971.t1/Montipora_capitata_HIv3___TS.g50674.t1/Montipora_capitata_HIv3___RNAseq.g44719.t1/Montipora_capitata_HIv3___RNAseq.g9087.t1/Montipora_capitata_HIv3___RNAseq.g14956.t1,0.9177109076623788,lipid metabolic process,BP
GO:0005198,structural molecule activity,5/79,314/8363,0.17489415901522018,1.743701745949068,5,314,Montipora_capitata_HIv3___RNAseq.g39887.t1/Montipora_capitata_HIv3___RNAseq.g13857.t1/Montipora_capitata_HIv3___RNAseq.g43111.t1/Montipora_capitata_HIv3___TS.g21895.t1/Montipora_capitata_HIv3___RNAseq.g11658.t1,0.9177109076623788,structural molecule activity,MF
GO:0046777,protein autophosphorylation,3/79,156/8363,0.1826663614593872,2.0975149036104215,3,156,Montipora_capitata_HIv3___RNAseq.g6978.t1/Montipora_capitata_HIv3___RNAseq.g8971.t1/Montipora_capitata_HIv3___RNAseq.g28116.t1,0.9177109076623788,protein autophosphorylation,BP
GO:0006874,intracellular calcium ion homeostasis,4/79,236/8363,0.18346407808475895,1.8509247123233976,4,236,Montipora_capitata_HIv3___TS.g33283.t2/Montipora_capitata_HIv3___RNAseq.g34092.t1/Montipora_capitata_HIv3___RNAseq.g13129.t1/Montipora_capitata_HIv3___RNAseq.g24095.t1,0.9177109076623788,intracellular calcium ion homeostasis,BP
GO:0051047,positive regulation of secretion,4/79,236/8363,0.18346407808475895,1.8509247123233976,4,236,Montipora_capitata_HIv3___TS.g33283.t2/Montipora_capitata_HIv3___RNAseq.g24095.t1/Montipora_capitata_HIv3___RNAseq.g8971.t1/Montipora_capitata_HIv3___TS.g47745.t1,0.9177109076623788,positive regulation of secretion,BP
GO:0009266,response to temperature stimulus,4/79,237/8363,0.18536061621682912,1.8427645345751988,4,237,Montipora_capitata_HIv3___RNAseq.g26525.t1/Montipora_capitata_HIv3___RNAseq.g42608.t1/Montipora_capitata_HIv3___RNAseq.g26867.t1/Montipora_capitata_HIv3___TS.g47745.t1,0.9177109076623788,response to temperature stimulus,BP
GO:0012501,programmed cell death,7/79,496/8363,0.1869510282495451,1.5496713417112389,7,496,Montipora_capitata_HIv3___RNAseq.g8971.t1/Montipora_capitata_HIv3___RNAseq.g32149.t1/Montipora_capitata_HIv3___RNAseq.g18929.t1/Montipora_capitata_HIv3___RNAseq.g14625.t1/Montipora_capitata_HIv3___RNAseq.g39706.t2/Montipora_capitata_HIv3___RNAseq.g14488.t1/Montipora_capitata_HIv3___TS.g47745.t1,0.9177109076623788,programmed cell death,BP
GO:0006631,fatty acid metabolic process,4/79,238/8363,0.1872637401741205,1.8346750083557886,4,238,Montipora_capitata_HIv3___TS.g33283.t2/Montipora_capitata_HIv3___RNAseq.g44719.t1/Montipora_capitata_HIv3___RNAseq.g9087.t1/Montipora_capitata_HIv3___RNAseq.g14956.t1,0.9177109076623788,fatty acid metabolic process,BP
GO:0050708,regulation of protein secretion,4/79,238/8363,0.1872637401741205,1.8346750083557886,4,238,Montipora_capitata_HIv3___TS.g33283.t2/Montipora_capitata_HIv3___RNAseq.g24095.t1/Montipora_capitata_HIv3___RNAseq.g14488.t1/Montipora_capitata_HIv3___TS.g47745.t1,0.9177109076623788,regulation of protein secretion,BP
GO:0050801,monoatomic ion homeostasis,7/79,497/8363,0.18825013613087713,1.54631055538635,7,497,Montipora_capitata_HIv3___TS.g33283.t2/Montipora_capitata_HIv3___RNAseq.g34092.t1/Montipora_capitata_HIv3___RNAseq.g13129.t1/Montipora_capitata_HIv3___RNAseq.g24095.t1/Montipora_capitata_HIv3___RNAseq.g8971.t1/Montipora_capitata_HIv3___RNAseq.g14155.t1/Montipora_capitata_HIv3___RNAseq.g15029.t1b,0.9177109076623788,monoatomic ion homeostasis,BP
GO:0061630,ubiquitin protein ligase activity,3/79,159/8363,0.18980916328991992,2.056302826979685,3,159,Montipora_capitata_HIv3___RNAseq.g32149.t1/Montipora_capitata_HIv3___RNAseq.g23247.t1/Montipora_capitata_HIv3___RNAseq.g15188.t1,0.9177109076623788,ubiquitin protein ligase activity,MF
GO:0005840,ribosome,3/79,159/8363,0.18980916328991992,2.056302826979685,3,159,Montipora_capitata_HIv3___RNAseq.g43111.t1/Montipora_capitata_HIv3___RNAseq.g11658.t1/Montipora_capitata_HIv3___TS.g47745.t1,0.9177109076623788,ribosome,CC
GO:0007368,determination of left/right symmetry,3/79,159/8363,0.18980916328991992,2.056302826979685,3,159,Montipora_capitata_HIv3___RNAseq.g2559.t1a/Montipora_capitata_HIv3___RNAseq.g3374.t1/Montipora_capitata_HIv3___RNAseq.g8971.t1,0.9177109076623788,determination of left/right symmetry,BP
GO:0005769,early endosome,4/79,240/8363,0.19108941668651305,1.8185024921403043,4,240,Montipora_capitata_HIv3___RNAseq.g1174.t1/Montipora_capitata_HIv3___RNAseq.g15029.t1b/Montipora_capitata_HIv3___RNAseq.g39706.t2/Montipora_capitata_HIv3___TS.g20607.t1,0.9177109076623788,early endosome,CC
GO:0043207,response to external biotic stimulus,7/79,500/8363,0.19217040214030023,1.5363099966835092,7,500,Montipora_capitata_HIv3___TS.g33283.t2/Montipora_capitata_HIv3___RNAseq.g6978.t1/Montipora_capitata_HIv3___RNAseq.g44519.t1/Montipora_capitata_HIv3___RNAseq.g24095.t1/Montipora_capitata_HIv3___RNAseq.g18698.t1/Montipora_capitata_HIv3___RNAseq.g18929.t1/Montipora_capitata_HIv3___RNAseq.g14488.t1,0.9177109076623788,response to external biotic stimulus,BP
GO:0051707,response to other organism,7/79,500/8363,0.19217040214030023,1.5363099966835092,7,500,Montipora_capitata_HIv3___TS.g33283.t2/Montipora_capitata_HIv3___RNAseq.g6978.t1/Montipora_capitata_HIv3___RNAseq.g44519.t1/Montipora_capitata_HIv3___RNAseq.g24095.t1/Montipora_capitata_HIv3___RNAseq.g18698.t1/Montipora_capitata_HIv3___RNAseq.g18929.t1/Montipora_capitata_HIv3___RNAseq.g14488.t1,0.9177109076623788,response to other organism,BP
GO:0045931,positive regulation of mitotic cell cycle,3/79,161/8363,0.19461141506571383,2.029868321354231,3,161,Montipora_capitata_HIv3___RNAseq.g8971.t1/Montipora_capitata_HIv3___RNAseq.g32149.t1/Montipora_capitata_HIv3___RNAseq.g23247.t1,0.9177109076623788,positive regulation of mitotic cell cycle,BP
GO:0061659,ubiquitin-like protein ligase activity,3/79,161/8363,0.19461141506571383,2.029868321354231,3,161,Montipora_capitata_HIv3___RNAseq.g32149.t1/Montipora_capitata_HIv3___RNAseq.g23247.t1/Montipora_capitata_HIv3___RNAseq.g15188.t1,0.9177109076623788,ubiquitin-like protein ligase activity,MF
GO:2001252,positive regulation of chromosome organization,3/79,161/8363,0.19461141506571383,2.029868321354231,3,161,Montipora_capitata_HIv3___RNAseq.g6978.t1/Montipora_capitata_HIv3___RNAseq.g23247.t1/Montipora_capitata_HIv3___TS.g47745.t1,0.9177109076623788,positive regulation of chromosome organization,BP
GO:0032388,positive regulation of intracellular transport,3/79,161/8363,0.19461141506571383,2.029868321354231,3,161,Montipora_capitata_HIv3___RNAseq.g6978.t1/Montipora_capitata_HIv3___RNAseq.g49962.t1/Montipora_capitata_HIv3___TS.g47745.t1,0.9177109076623788,positive regulation of intracellular transport,BP
GO:0034765,regulation of monoatomic ion transmembrane transport,3/79,162/8363,0.19702415424253622,2.016938484263705,3,162,Montipora_capitata_HIv3___RNAseq.g6978.t1/Montipora_capitata_HIv3___RNAseq.g34092.t1/Montipora_capitata_HIv3___RNAseq.g24095.t1,0.9177109076623788,regulation of monoatomic ion transmembrane transport,BP
GO:1904951,positive regulation of establishment of protein localization,4/79,244/8363,0.19881617534005527,1.787377364499159,4,244,Montipora_capitata_HIv3___TS.g33283.t2/Montipora_capitata_HIv3___RNAseq.g6978.t1/Montipora_capitata_HIv3___RNAseq.g24095.t1/Montipora_capitata_HIv3___TS.g47745.t1,0.9177109076623788,positive regulation of establishment of protein localization,BP
GO:0042330,taxis,6/79,416/8363,0.1988772088234554,1.5783591474035241,6,416,Montipora_capitata_HIv3___TS.g33283.t2/Montipora_capitata_HIv3___RNAseq.g15043.t1/Montipora_capitata_HIv3___RNAseq.g24020.t1/Montipora_capitata_HIv3___RNAseq.g28116.t1/Montipora_capitata_HIv3___RNAseq.g12947.t1/Montipora_capitata_HIv3___TS.g46192.t3,0.9177109076623788,taxis,BP
GO:0008380,RNA splicing,5/79,329/8363,0.19922920698667473,1.6598562775107988,5,329,Montipora_capitata_HIv3___RNAseq.g26525.t1/Montipora_capitata_HIv3___RNAseq.g12736.t1/Montipora_capitata_HIv3___RNAseq.g18395.t1/Montipora_capitata_HIv3___TS.g28908.t1/Montipora_capitata_HIv3___TS.g47745.t1,0.9177109076623788,RNA splicing,BP
GO:0045785,positive regulation of cell adhesion,3/79,163/8363,0.19944441392237153,2.0040423798545532,3,163,Montipora_capitata_HIv3___RNAseq.g42740.t1/Montipora_capitata_HIv3___RNAseq.g15029.t1b/Montipora_capitata_HIv3___RNAseq.g20763.t1,0.9177109076623788,positive regulation of cell adhesion,BP
GO:0051249,regulation of lymphocyte activation,3/79,164/8363,0.2018720286104142,1.9913529159560648,3,164,Montipora_capitata_HIv3___RNAseq.g42740.t1/Montipora_capitata_HIv3___RNAseq.g14488.t1/Montipora_capitata_HIv3___RNAseq.g20763.t1,0.9177109076623788,regulation of lymphocyte activation,BP
GO:0001763,morphogenesis of a branching structure,3/79,164/8363,0.2018720286104142,1.9913529159560648,3,164,Montipora_capitata_HIv3___RNAseq.g668.t1/Montipora_capitata_HIv3___RNAseq.g8971.t1/Montipora_capitata_HIv3___RNAseq.g8270.t1,0.9177109076623788,morphogenesis of a branching structure,BP
GO:0060560,developmental growth involved in morphogenesis,3/79,164/8363,0.2018720286104142,1.9913529159560648,3,164,Montipora_capitata_HIv3___RNAseq.g668.t1/Montipora_capitata_HIv3___RNAseq.g8971.t1/Montipora_capitata_HIv3___TS.g47745.t1,0.9177109076623788,developmental growth involved in morphogenesis,BP
GO:0090150,establishment of protein localization to membrane,3/79,164/8363,0.2018720286104142,1.9913529159560648,3,164,Montipora_capitata_HIv3___RNAseq.g668.t1/Montipora_capitata_HIv3___RNAseq.g15029.t1b/Montipora_capitata_HIv3___RNAseq.g11658.t1,0.9177109076623788,establishment of protein localization to membrane,BP
GO:0046907,intracellular transport,14/79,1163/8363,0.20196634283382642,1.3374304783538997,14,1163,Montipora_capitata_HIv3___RNAseq.g26525.t1/Montipora_capitata_HIv3___RNAseq.g15043.t1/Montipora_capitata_HIv3___RNAseq.g13857.t1/Montipora_capitata_HIv3___RNAseq.g8971.t1/Montipora_capitata_HIv3___RNAseq.g14155.t1/Montipora_capitata_HIv3___RNAseq.g42740.t1/Montipora_capitata_HIv3___RNAseq.g22408.t1/Montipora_capitata_HIv3___RNAseq.g1174.t1/Montipora_capitata_HIv3___RNAseq.g15188.t1/Montipora_capitata_HIv3___RNAseq.g49962.t1/Montipora_capitata_HIv3___RNAseq.g15029.t1b/Montipora_capitata_HIv3___TS.g21895.t1/Montipora_capitata_HIv3___RNAseq.g11658.t1/Montipora_capitata_HIv3___TS.g20607.t1,0.9177109076623788,intracellular transport,BP
GO:0004175,endopeptidase activity,3/79,166/8363,0.2067486642549727,1.9664419966733508,3,166,Montipora_capitata_HIv3___RNAseq.g20807.t2/Montipora_capitata_HIv3___RNAseq.g14625.t1/Montipora_capitata_HIv3___RNAseq.g39706.t2,0.9177109076623788,endopeptidase activity,MF
GO:0009948,anterior/posterior axis specification,3/79,166/8363,0.2067486642549727,1.9664419966733508,3,166,Montipora_capitata_HIv3___RNAseq.g23247.t1/Montipora_capitata_HIv3___RNAseq.g28116.t1/Montipora_capitata_HIv3___TS.g46192.t3,0.9177109076623788,anterior/posterior axis specification,BP
GO:0000302,response to reactive oxygen species,3/79,166/8363,0.2067486642549727,1.9664419966733508,3,166,Montipora_capitata_HIv3___RNAseq.g34092.t1/Montipora_capitata_HIv3___RNAseq.g44519.t1/Montipora_capitata_HIv3___RNAseq.g14488.t1,0.9177109076623788,response to reactive oxygen species,BP
GO:0030198,extracellular matrix organization,3/79,166/8363,0.2067486642549727,1.9664419966733508,3,166,Montipora_capitata_HIv3___RNAseq.g18698.t1/Montipora_capitata_HIv3___RNAseq.g15029.t1b/Montipora_capitata_HIv3___RNAseq.g39706.t2,0.9177109076623788,extracellular matrix organization,BP
GO:0000956,nuclear-transcribed mRNA catabolic process,3/79,166/8363,0.2067486642549727,1.9664419966733508,3,166,Montipora_capitata_HIv3___RNAseq.g42608.t1/Montipora_capitata_HIv3___RNAseq.g18929.t1/Montipora_capitata_HIv3___RNAseq.g11658.t1,0.9177109076623788,nuclear-transcribed mRNA catabolic process,BP
GO:0022407,regulation of cell-cell adhesion,3/79,167/8363,0.20919735749998808,1.9542151226547688,3,167,Montipora_capitata_HIv3___RNAseq.g42740.t1/Montipora_capitata_HIv3___RNAseq.g14488.t1/Montipora_capitata_HIv3___RNAseq.g20763.t1,0.9194977726830114,regulation of cell-cell adhesion,BP
GO:0051186,GO:0051186,6/79,423/8363,0.20926501033475434,1.5504857021352652,6,423,Montipora_capitata_HIv3___RNAseq.g36845.t1/Montipora_capitata_HIv3___RNAseq.g34092.t1/Montipora_capitata_HIv3___RNAseq.g44519.t1/Montipora_capitata_HIv3___TS.g6904.t1/Montipora_capitata_HIv3___RNAseq.g14956.t1/Montipora_capitata_HIv3___RNAseq.g37450.t2,0.9194977726830114,NA,NA
GO:0005938,cell cortex,4/79,251/8363,0.21256612254399032,1.7352321436275284,4,251,Montipora_capitata_HIv3___RNAseq.g6978.t1/Montipora_capitata_HIv3___RNAseq.g403.t1/Montipora_capitata_HIv3___RNAseq.g18698.t1/Montipora_capitata_HIv3___RNAseq.g8971.t1,0.9200623214590625,cell cortex,CC
GO:0055074,calcium ion homeostasis,4/79,251/8363,0.21256612254399032,1.7352321436275284,4,251,Montipora_capitata_HIv3___TS.g33283.t2/Montipora_capitata_HIv3___RNAseq.g34092.t1/Montipora_capitata_HIv3___RNAseq.g13129.t1/Montipora_capitata_HIv3___RNAseq.g24095.t1,0.9200623214590625,calcium ion homeostasis,BP
GO:0072503,GO:0072503,4/79,251/8363,0.21256612254399032,1.7352321436275284,4,251,Montipora_capitata_HIv3___TS.g33283.t2/Montipora_capitata_HIv3___RNAseq.g34092.t1/Montipora_capitata_HIv3___RNAseq.g13129.t1/Montipora_capitata_HIv3___RNAseq.g24095.t1,0.9200623214590625,NA,NA
GO:0034599,cellular response to oxidative stress,3/79,169/8363,0.2141146807416969,1.930205533568459,3,169,Montipora_capitata_HIv3___RNAseq.g6978.t1/Montipora_capitata_HIv3___RNAseq.g44519.t1/Montipora_capitata_HIv3___RNAseq.g14488.t1,0.9215226934618838,cellular response to oxidative stress,BP
GO:0046903,secretion,9/79,702/8363,0.2158432131640302,1.4082736684060146,9,702,Montipora_capitata_HIv3___TS.g33283.t2/Montipora_capitata_HIv3___RNAseq.g44519.t1/Montipora_capitata_HIv3___RNAseq.g13129.t1/Montipora_capitata_HIv3___RNAseq.g18698.t1/Montipora_capitata_HIv3___RNAseq.g20807.t2/Montipora_capitata_HIv3___RNAseq.g42740.t1/Montipora_capitata_HIv3___RNAseq.g15029.t1b/Montipora_capitata_HIv3___RNAseq.g39706.t2/Montipora_capitata_HIv3___RNAseq.g14488.t1,0.9215226934618838,secretion,BP
GO:0031346,positive regulation of cell projection organization,5/79,339/8363,0.21608118329451068,1.6081406909708496,5,339,Montipora_capitata_HIv3___RNAseq.g6978.t1/Montipora_capitata_HIv3___RNAseq.g8971.t1/Montipora_capitata_HIv3___RNAseq.g24020.t1/Montipora_capitata_HIv3___RNAseq.g15029.t1b/Montipora_capitata_HIv3___RNAseq.g39706.t2,0.9215226934618838,positive regulation of cell projection organization,BP
GO:0010976,positive regulation of neuron projection development,4/79,255/8363,0.220544462632119,1.7067327712540388,4,255,Montipora_capitata_HIv3___RNAseq.g6978.t1/Montipora_capitata_HIv3___RNAseq.g8971.t1/Montipora_capitata_HIv3___RNAseq.g24020.t1/Montipora_capitata_HIv3___RNAseq.g39706.t2,0.9311021041449327,positive regulation of neuron projection development,BP
GO:0050954,sensory perception of mechanical stimulus,3/79,172/8363,0.22153808684827708,1.8952642937331265,3,172,Montipora_capitata_HIv3___RNAseq.g668.t1/Montipora_capitata_HIv3___RNAseq.g8971.t1/Montipora_capitata_HIv3___RNAseq.g12947.t1,0.9311021041449327,sensory perception of mechanical stimulus,BP
GO:0044445,GO:0044445,3/79,172/8363,0.22153808684827708,1.8952642937331265,3,172,Montipora_capitata_HIv3___RNAseq.g1174.t1/Montipora_capitata_HIv3___RNAseq.g43111.t1/Montipora_capitata_HIv3___RNAseq.g11658.t1,0.9311021041449327,NA,NA
GO:0009607,response to biotic stimulus,7/79,523/8363,0.22330699212565286,1.4635149562425522,7,523,Montipora_capitata_HIv3___TS.g33283.t2/Montipora_capitata_HIv3___RNAseq.g6978.t1/Montipora_capitata_HIv3___RNAseq.g44519.t1/Montipora_capitata_HIv3___RNAseq.g24095.t1/Montipora_capitata_HIv3___RNAseq.g18698.t1/Montipora_capitata_HIv3___RNAseq.g18929.t1/Montipora_capitata_HIv3___RNAseq.g14488.t1,0.9340244382178748,response to biotic stimulus,BP
GO:0000785,chromatin,5/79,344/8363,0.2246771487102953,1.583426504212447,5,344,Montipora_capitata_HIv3___RNAseq.g26525.t1/Montipora_capitata_HIv3___RNAseq.g18929.t1/Montipora_capitata_HIv3___RNAseq.g15140.t1/Montipora_capitata_HIv3___TS.g32614.t2/Montipora_capitata_HIv3___TS.g47745.t1,0.9352589443921383,chromatin,CC
GO:0008219,cell death,7/79,526/8363,0.22750029313794223,1.4544952808100091,7,526,Montipora_capitata_HIv3___RNAseq.g8971.t1/Montipora_capitata_HIv3___RNAseq.g32149.t1/Montipora_capitata_HIv3___RNAseq.g18929.t1/Montipora_capitata_HIv3___RNAseq.g14625.t1/Montipora_capitata_HIv3___RNAseq.g39706.t2/Montipora_capitata_HIv3___RNAseq.g14488.t1/Montipora_capitata_HIv3___TS.g47745.t1,0.9369047760350541,cell death,BP
GO:0009799,specification of symmetry,3/79,176/8363,0.2315177832546165,1.8505799878541351,3,176,Montipora_capitata_HIv3___RNAseq.g2559.t1a/Montipora_capitata_HIv3___RNAseq.g3374.t1/Montipora_capitata_HIv3___RNAseq.g8971.t1,0.9369047760350541,specification of symmetry,BP
GO:0009855,determination of bilateral symmetry,3/79,176/8363,0.2315177832546165,1.8505799878541351,3,176,Montipora_capitata_HIv3___RNAseq.g2559.t1a/Montipora_capitata_HIv3___RNAseq.g3374.t1/Montipora_capitata_HIv3___RNAseq.g8971.t1,0.9369047760350541,determination of bilateral symmetry,BP
GO:0010876,lipid localization,3/79,176/8363,0.2315177832546165,1.8505799878541351,3,176,Montipora_capitata_HIv3___TS.g33283.t2/Montipora_capitata_HIv3___TS.g44069.t1/Montipora_capitata_HIv3___RNAseq.g13129.t1,0.9369047760350541,lipid localization,BP
GO:0032101,regulation of response to external stimulus,6/79,438/8363,0.23216567542343305,1.4938067666892596,6,438,Montipora_capitata_HIv3___RNAseq.g6978.t1/Montipora_capitata_HIv3___RNAseq.g15043.t1/Montipora_capitata_HIv3___RNAseq.g8971.t1/Montipora_capitata_HIv3___RNAseq.g24020.t1/Montipora_capitata_HIv3___RNAseq.g14488.t1/Montipora_capitata_HIv3___TS.g47745.t1,0.9369047760350541,regulation of response to external stimulus,BP
GO:0002791,regulation of peptide secretion,4/79,262/8363,0.23469953580130912,1.6589837721382383,4,262,Montipora_capitata_HIv3___TS.g33283.t2/Montipora_capitata_HIv3___RNAseq.g24095.t1/Montipora_capitata_HIv3___RNAseq.g14488.t1/Montipora_capitata_HIv3___TS.g47745.t1,0.9369047760350541,regulation of peptide secretion,BP
GO:0030001,metal ion transport,5/79,350/8363,0.23513018066481037,1.5547147629194724,5,350,Montipora_capitata_HIv3___RNAseq.g13129.t1/Montipora_capitata_HIv3___RNAseq.g668.t1/Montipora_capitata_HIv3___RNAseq.g41416.t2a/Montipora_capitata_HIv3___RNAseq.g14155.t1/Montipora_capitata_HIv3___RNAseq.g42740.t1,0.9369047760350541,metal ion transport,BP
GO:0009605,response to external stimulus,16/79,1396/8363,0.23639153995663031,1.2705374632713984,16,1396,Montipora_capitata_HIv3___TS.g33283.t2/Montipora_capitata_HIv3___RNAseq.g6978.t1/Montipora_capitata_HIv3___RNAseq.g15043.t1/Montipora_capitata_HIv3___RNAseq.g44519.t1/Montipora_capitata_HIv3___RNAseq.g13129.t1/Montipora_capitata_HIv3___RNAseq.g668.t1/Montipora_capitata_HIv3___RNAseq.g24095.t1/Montipora_capitata_HIv3___RNAseq.g18698.t1/Montipora_capitata_HIv3___RNAseq.g8971.t1/Montipora_capitata_HIv3___RNAseq.g24020.t1/Montipora_capitata_HIv3___RNAseq.g39974.t1/Montipora_capitata_HIv3___RNAseq.g18929.t1/Montipora_capitata_HIv3___RNAseq.g28116.t1/Montipora_capitata_HIv3___RNAseq.g12947.t1/Montipora_capitata_HIv3___RNAseq.g14488.t1/Montipora_capitata_HIv3___TS.g46192.t3,0.9369047760350541,response to external stimulus,BP
GO:0070838,GO:0070838,3/79,178/8363,0.23653986657699014,1.8290134095018307,3,178,Montipora_capitata_HIv3___RNAseq.g13129.t1/Montipora_capitata_HIv3___RNAseq.g14155.t1/Montipora_capitata_HIv3___RNAseq.g42740.t1,0.9369047760350541,NA,NA
GO:0072511,GO:0072511,3/79,178/8363,0.23653986657699014,1.8290134095018307,3,178,Montipora_capitata_HIv3___RNAseq.g13129.t1/Montipora_capitata_HIv3___RNAseq.g14155.t1/Montipora_capitata_HIv3___RNAseq.g42740.t1,0.9369047760350541,NA,NA
GO:0090407,organophosphate biosynthetic process,6/79,442/8363,0.23840887104338315,1.4793510390901854,6,442,Montipora_capitata_HIv3___TS.g33283.t2/Montipora_capitata_HIv3___RNAseq.g24095.t1/Montipora_capitata_HIv3___RNAseq.g8971.t1/Montipora_capitata_HIv3___TS.g50674.t1/Montipora_capitata_HIv3___RNAseq.g14956.t1/Montipora_capitata_HIv3___RNAseq.g20763.t1,0.9369047760350541,organophosphate biosynthetic process,BP
GO:0006402,mRNA catabolic process,3/79,179/8363,0.23905842372684857,1.8182146827673946,3,179,Montipora_capitata_HIv3___RNAseq.g42608.t1/Montipora_capitata_HIv3___RNAseq.g18929.t1/Montipora_capitata_HIv3___RNAseq.g11658.t1,0.9369047760350541,mRNA catabolic process,BP
GO:0043168,anion binding,11/79,912/8363,0.2392790079830286,1.3254839697042504,11,912,Montipora_capitata_HIv3___TS.g33283.t2/Montipora_capitata_HIv3___RNAseq.g34092.t1/Montipora_capitata_HIv3___RNAseq.g44519.t1/Montipora_capitata_HIv3___RNAseq.g13129.t1/Montipora_capitata_HIv3___RNAseq.g12736.t1/Montipora_capitata_HIv3___RNAseq.g18698.t1/Montipora_capitata_HIv3___RNAseq.g8971.t1/Montipora_capitata_HIv3___RNAseq.g44719.t1/Montipora_capitata_HIv3___RNAseq.g9087.t1/Montipora_capitata_HIv3___TS.g47745.t1/Montipora_capitata_HIv3___TS.g20607.t1,0.9369047760350541,anion binding,MF
GO:0060341,regulation of cellular localization,8/79,628/8363,0.24014915523657132,1.3927486978777985,8,628,Montipora_capitata_HIv3___TS.g33283.t2/Montipora_capitata_HIv3___RNAseq.g6978.t1/Montipora_capitata_HIv3___RNAseq.g34092.t1/Montipora_capitata_HIv3___RNAseq.g24095.t1/Montipora_capitata_HIv3___RNAseq.g49962.t1/Montipora_capitata_HIv3___RNAseq.g15029.t1b/Montipora_capitata_HIv3___RNAseq.g39706.t2/Montipora_capitata_HIv3___TS.g47745.t1,0.9369047760350541,regulation of cellular localization,BP
GO:0004842,ubiquitin-protein transferase activity,4/79,267/8363,0.24494743932944568,1.6264324770162264,4,267,Montipora_capitata_HIv3___RNAseq.g35299.t1/Montipora_capitata_HIv3___RNAseq.g32149.t1/Montipora_capitata_HIv3___RNAseq.g23247.t1/Montipora_capitata_HIv3___RNAseq.g15188.t1,0.9513583581099007,ubiquitin-protein transferase activity,MF
GO:0045088,regulation of innate immune response,3/79,182/8363,0.2466423202009198,1.7871514035145,3,182,Montipora_capitata_HIv3___RNAseq.g18698.t1/Montipora_capitata_HIv3___RNAseq.g14488.t1/Montipora_capitata_HIv3___TS.g47745.t1,0.9536836381102233,regulation of innate immune response,BP
GO:0048562,embryonic organ morphogenesis,4/79,269/8363,0.24907591016833772,1.613755686527167,4,269,Montipora_capitata_HIv3___RNAseq.g2559.t1a/Montipora_capitata_HIv3___RNAseq.g8971.t1/Montipora_capitata_HIv3___TS.g46192.t3/Montipora_capitata_HIv3___RNAseq.g50276.t1,0.9560836673485932,embryonic organ morphogenesis,BP
GO:0051046,regulation of secretion,6/79,449/8363,0.2494609109058973,1.454681815293101,6,449,Montipora_capitata_HIv3___TS.g33283.t2/Montipora_capitata_HIv3___RNAseq.g24095.t1/Montipora_capitata_HIv3___RNAseq.g8971.t1/Montipora_capitata_HIv3___RNAseq.g49962.t1/Montipora_capitata_HIv3___RNAseq.g14488.t1/Montipora_capitata_HIv3___TS.g47745.t1,0.9560836673485932,regulation of secretion,BP
GO:0090087,regulation of peptide transport,6/79,450/8363,0.25105234212537336,1.4512211504943018,6,450,Montipora_capitata_HIv3___TS.g33283.t2/Montipora_capitata_HIv3___RNAseq.g6978.t1/Montipora_capitata_HIv3___RNAseq.g45361.t1/Montipora_capitata_HIv3___RNAseq.g24095.t1/Montipora_capitata_HIv3___RNAseq.g14488.t1/Montipora_capitata_HIv3___TS.g47745.t1,0.9579628844257668,regulation of peptide transport,BP
GO:0016071,mRNA metabolic process,7/79,544/8363,0.2532302764325147,1.4024936574907572,7,544,Montipora_capitata_HIv3___RNAseq.g26525.t1/Montipora_capitata_HIv3___RNAseq.g42608.t1/Montipora_capitata_HIv3___RNAseq.g12736.t1/Montipora_capitata_HIv3___RNAseq.g18395.t1/Montipora_capitata_HIv3___RNAseq.g18929.t1/Montipora_capitata_HIv3___RNAseq.g11658.t1/Montipora_capitata_HIv3___TS.g47745.t1,0.9620538886300778,mRNA metabolic process,BP
GO:0072507,GO:0072507,4/79,272/8363,0.25529797432042817,1.5950950721409871,4,272,Montipora_capitata_HIv3___TS.g33283.t2/Montipora_capitata_HIv3___RNAseq.g34092.t1/Montipora_capitata_HIv3___RNAseq.g13129.t1/Montipora_capitata_HIv3___RNAseq.g24095.t1,0.9656923376468369,NA,NA
GO:0098771,inorganic ion homeostasis,6/79,454/8363,0.25744805604387927,1.4375330045198038,6,454,Montipora_capitata_HIv3___TS.g33283.t2/Montipora_capitata_HIv3___RNAseq.g34092.t1/Montipora_capitata_HIv3___RNAseq.g13129.t1/Montipora_capitata_HIv3___RNAseq.g24095.t1/Montipora_capitata_HIv3___RNAseq.g8971.t1/Montipora_capitata_HIv3___RNAseq.g15029.t1b,0.9684140083346725,inorganic ion homeostasis,BP
GO:0016887,ATP hydrolysis activity,5/79,363/8363,0.2582437355559127,1.4958147597862375,5,363,Montipora_capitata_HIv3___RNAseq.g15043.t1/Montipora_capitata_HIv3___RNAseq.g18698.t1/Montipora_capitata_HIv3___TS.g40519.t3/Montipora_capitata_HIv3___TS.g5653.t1/Montipora_capitata_HIv3___TS.g47745.t1,0.9684140083346725,ATP hydrolysis activity,MF
GO:0016740,transferase activity,16/79,1424/8363,0.2623868732257081,1.2402251315817445,16,1424,Montipora_capitata_HIv3___RNAseq.g6978.t1/Montipora_capitata_HIv3___RNAseq.g36845.t1/Montipora_capitata_HIv3___RNAseq.g35299.t1/Montipora_capitata_HIv3___RNAseq.g34092.t1/Montipora_capitata_HIv3___RNAseq.g3374.t1/Montipora_capitata_HIv3___RNAseq.g12736.t1/Montipora_capitata_HIv3___RNAseq.g44539.t1/Montipora_capitata_HIv3___RNAseq.g44562.t1/Montipora_capitata_HIv3___RNAseq.g8971.t1/Montipora_capitata_HIv3___TS.g6904.t1/Montipora_capitata_HIv3___RNAseq.g32149.t1/Montipora_capitata_HIv3___RNAseq.g23247.t1/Montipora_capitata_HIv3___RNAseq.g15188.t1/Montipora_capitata_HIv3___RNAseq.g28116.t1/Montipora_capitata_HIv3___RNAseq.g44719.t1/Montipora_capitata_HIv3___RNAseq.g20763.t1,0.9722389630561505,transferase activity,MF
GO:0032880,regulation of protein localization,8/79,646/8363,0.26433149911731885,1.3502847971412,8,646,Montipora_capitata_HIv3___TS.g33283.t2/Montipora_capitata_HIv3___RNAseq.g6978.t1/Montipora_capitata_HIv3___RNAseq.g24095.t1/Montipora_capitata_HIv3___RNAseq.g8270.t1/Montipora_capitata_HIv3___RNAseq.g15029.t1b/Montipora_capitata_HIv3___RNAseq.g39706.t2/Montipora_capitata_HIv3___RNAseq.g14488.t1/Montipora_capitata_HIv3___TS.g47745.t1,0.9722389630561505,regulation of protein localization,BP
GO:0002694,regulation of leukocyte activation,3/79,190/8363,0.26704663989200716,1.7090419684740579,3,190,Montipora_capitata_HIv3___RNAseq.g42740.t1/Montipora_capitata_HIv3___RNAseq.g14488.t1/Montipora_capitata_HIv3___RNAseq.g20763.t1,0.9722389630561505,regulation of leukocyte activation,BP
GO:0016054,organic acid catabolic process,3/79,190/8363,0.26704663989200716,1.7090419684740579,3,190,Montipora_capitata_HIv3___RNAseq.g44719.t1/Montipora_capitata_HIv3___RNAseq.g9087.t1/Montipora_capitata_HIv3___RNAseq.g14488.t1,0.9722389630561505,organic acid catabolic process,BP
GO:0046395,carboxylic acid catabolic process,3/79,190/8363,0.26704663989200716,1.7090419684740579,3,190,Montipora_capitata_HIv3___RNAseq.g44719.t1/Montipora_capitata_HIv3___RNAseq.g9087.t1/Montipora_capitata_HIv3___RNAseq.g14488.t1,0.9722389630561505,carboxylic acid catabolic process,BP
GO:0019787,ubiquitin-like protein transferase activity,4/79,278/8363,0.2678397546491516,1.558999207124059,4,278,Montipora_capitata_HIv3___RNAseq.g35299.t1/Montipora_capitata_HIv3___RNAseq.g32149.t1/Montipora_capitata_HIv3___RNAseq.g23247.t1/Montipora_capitata_HIv3___RNAseq.g15188.t1,0.9722389630561505,ubiquitin-like protein transferase activity,MF
GO:0000166,nucleotide binding,7/79,556/8363,0.27087476321726534,1.3697201870909372,7,556,Montipora_capitata_HIv3___RNAseq.g13129.t1/Montipora_capitata_HIv3___RNAseq.g12736.t1/Montipora_capitata_HIv3___RNAseq.g24524.t1/Montipora_capitata_HIv3___RNAseq.g18698.t1/Montipora_capitata_HIv3___RNAseq.g9087.t1/Montipora_capitata_HIv3___TS.g47745.t1/Montipora_capitata_HIv3___RNAseq.g37450.t2,0.9722389630561505,nucleotide binding,MF
GO:0019098,reproductive behavior,3/79,192/8363,0.2721824084245489,1.6905412095782995,3,192,Montipora_capitata_HIv3___RNAseq.g14946.t1/Montipora_capitata_HIv3___RNAseq.g8971.t1/Montipora_capitata_HIv3___TS.g47745.t1,0.9722389630561505,reproductive behavior,BP
GO:0016197,endosomal transport,3/79,192/8363,0.2721824084245489,1.6905412095782995,3,192,Montipora_capitata_HIv3___RNAseq.g1174.t1/Montipora_capitata_HIv3___RNAseq.g15029.t1b/Montipora_capitata_HIv3___TS.g20607.t1,0.9722389630561505,endosomal transport,BP
GO:1901265,nucleoside phosphate binding,7/79,557/8363,0.27236108013967597,1.3670536073782762,7,557,Montipora_capitata_HIv3___RNAseq.g13129.t1/Montipora_capitata_HIv3___RNAseq.g12736.t1/Montipora_capitata_HIv3___RNAseq.g24524.t1/Montipora_capitata_HIv3___RNAseq.g18698.t1/Montipora_capitata_HIv3___RNAseq.g9087.t1/Montipora_capitata_HIv3___TS.g47745.t1/Montipora_capitata_HIv3___RNAseq.g37450.t2,0.9722389630561505,nucleoside phosphate binding,MF
GO:0051649,establishment of localization in cell,15/79,1335/8363,0.2724144566835892,1.236451383585666,15,1335,Montipora_capitata_HIv3___RNAseq.g26525.t1/Montipora_capitata_HIv3___RNAseq.g15043.t1/Montipora_capitata_HIv3___RNAseq.g13857.t1/Montipora_capitata_HIv3___RNAseq.g8971.t1/Montipora_capitata_HIv3___RNAseq.g14155.t1/Montipora_capitata_HIv3___RNAseq.g42740.t1/Montipora_capitata_HIv3___RNAseq.g22408.t1/Montipora_capitata_HIv3___RNAseq.g1174.t1/Montipora_capitata_HIv3___RNAseq.g23247.t1/Montipora_capitata_HIv3___RNAseq.g15188.t1/Montipora_capitata_HIv3___RNAseq.g49962.t1/Montipora_capitata_HIv3___RNAseq.g15029.t1b/Montipora_capitata_HIv3___TS.g21895.t1/Montipora_capitata_HIv3___RNAseq.g11658.t1/Montipora_capitata_HIv3___TS.g20607.t1,0.9722389630561505,establishment of localization in cell,BP
GO:0030003,intracellular monoatomic cation homeostasis,5/79,371/8363,0.27274499142604075,1.4616496310419047,5,371,Montipora_capitata_HIv3___TS.g33283.t2/Montipora_capitata_HIv3___RNAseq.g34092.t1/Montipora_capitata_HIv3___RNAseq.g13129.t1/Montipora_capitata_HIv3___RNAseq.g24095.t1/Montipora_capitata_HIv3___RNAseq.g15029.t1b,0.9722389630561505,intracellular monoatomic cation homeostasis,BP
GO:0045995,regulation of embryonic development,3/79,193/8363,0.2747547076858672,1.6814367737682783,3,193,Montipora_capitata_HIv3___RNAseq.g8971.t1/Montipora_capitata_HIv3___RNAseq.g32149.t1/Montipora_capitata_HIv3___TS.g46192.t3,0.9722389630561505,regulation of embryonic development,BP
GO:0018193,peptidyl-amino acid modification,7/79,559/8363,0.27534066580702415,1.361749426337734,7,559,Montipora_capitata_HIv3___RNAseq.g6978.t1/Montipora_capitata_HIv3___RNAseq.g3374.t1/Montipora_capitata_HIv3___RNAseq.g8971.t1/Montipora_capitata_HIv3___RNAseq.g1174.t1/Montipora_capitata_HIv3___RNAseq.g39974.t1/Montipora_capitata_HIv3___RNAseq.g15188.t1/Montipora_capitata_HIv3___RNAseq.g28116.t1,0.9722389630561505,peptidyl-amino acid modification,BP
GO:0031396,regulation of protein ubiquitination,3/79,194/8363,0.27732976309396484,1.672427597319462,3,194,Montipora_capitata_HIv3___RNAseq.g8971.t1/Montipora_capitata_HIv3___RNAseq.g42740.t1/Montipora_capitata_HIv3___RNAseq.g15029.t1b,0.9722389630561505,regulation of protein ubiquitination,BP
GO:0051020,GTPase binding,5/79,375/8363,0.2800646031045211,1.4451212485369853,5,375,Montipora_capitata_HIv3___RNAseq.g24524.t1/Montipora_capitata_HIv3___RNAseq.g8971.t1/Montipora_capitata_HIv3___RNAseq.g49962.t1/Montipora_capitata_HIv3___RNAseq.g15029.t1b/Montipora_capitata_HIv3___TS.g20607.t1,0.9722389630561505,GTPase binding,MF
GO:0070011,GO:0070011,4/79,284/8363,0.2804972692909452,1.5244499271708545,4,284,Montipora_capitata_HIv3___RNAseq.g20771.t1/Montipora_capitata_HIv3___RNAseq.g20807.t2/Montipora_capitata_HIv3___RNAseq.g14625.t1/Montipora_capitata_HIv3___RNAseq.g39706.t2,0.9722389630561505,NA,NA
GO:0009410,response to xenobiotic stimulus,3/79,196/8363,0.2824875867935632,1.6546891055204975,3,196,Montipora_capitata_HIv3___RNAseq.g34092.t1/Montipora_capitata_HIv3___RNAseq.g39974.t1/Montipora_capitata_HIv3___RNAseq.g14488.t1,0.9722389630561505,response to xenobiotic stimulus,BP
GO:0043436,oxoacid metabolic process,9/79,756/8363,0.28327124518674124,1.2972001419637513,9,756,Montipora_capitata_HIv3___TS.g33283.t2/Montipora_capitata_HIv3___RNAseq.g34092.t1/Montipora_capitata_HIv3___RNAseq.g44519.t1/Montipora_capitata_HIv3___RNAseq.g20771.t1/Montipora_capitata_HIv3___RNAseq.g44719.t1/Montipora_capitata_HIv3___RNAseq.g9087.t1/Montipora_capitata_HIv3___RNAseq.g14956.t1/Montipora_capitata_HIv3___RNAseq.g14488.t1/Montipora_capitata_HIv3___RNAseq.g37450.t2,0.9722389630561505,oxoacid metabolic process,BP
GO:0006887,exocytosis,6/79,471/8363,0.28511788874711613,1.3819856871293037,6,471,Montipora_capitata_HIv3___RNAseq.g44519.t1/Montipora_capitata_HIv3___RNAseq.g18698.t1/Montipora_capitata_HIv3___RNAseq.g20807.t2/Montipora_capitata_HIv3___RNAseq.g42740.t1/Montipora_capitata_HIv3___RNAseq.g15029.t1b/Montipora_capitata_HIv3___RNAseq.g14488.t1,0.9722389630561505,exocytosis,BP
GO:0097367,carbohydrate derivative binding,7/79,567/8363,0.28734769513450686,1.340911482005096,7,567,Montipora_capitata_HIv3___TS.g44069.t1/Montipora_capitata_HIv3___RNAseq.g44519.t1/Montipora_capitata_HIv3___RNAseq.g13129.t1/Montipora_capitata_HIv3___RNAseq.g12736.t1/Montipora_capitata_HIv3___RNAseq.g18698.t1/Montipora_capitata_HIv3___RNAseq.g8971.t1/Montipora_capitata_HIv3___TS.g47745.t1,0.9722389630561505,carbohydrate derivative binding,MF
GO:0099568,cytoplasmic region,5/79,379/8363,0.28742582102676395,1.4289464780688634,5,379,Montipora_capitata_HIv3___RNAseq.g6978.t1/Montipora_capitata_HIv3___RNAseq.g403.t1/Montipora_capitata_HIv3___RNAseq.g18698.t1/Montipora_capitata_HIv3___RNAseq.g8971.t1/Montipora_capitata_HIv3___TS.g5653.t1,0.9722389630561505,cytoplasmic region,CC
GO:0050865,regulation of cell activation,3/79,199/8363,0.2902415477111073,1.6287596336337087,3,199,Montipora_capitata_HIv3___RNAseq.g42740.t1/Montipora_capitata_HIv3___RNAseq.g14488.t1/Montipora_capitata_HIv3___RNAseq.g20763.t1,0.9722389630561505,regulation of cell activation,BP
GO:0022618,protein-RNA complex assembly,3/79,199/8363,0.2902415477111073,1.6287596336337087,3,199,Montipora_capitata_HIv3___RNAseq.g26525.t1/Montipora_capitata_HIv3___RNAseq.g43111.t1/Montipora_capitata_HIv3___TS.g47745.t1,0.9722389630561505,protein-RNA complex assembly,BP
GO:1901566,organonitrogen compound biosynthetic process,12/79,1056/8363,0.29148435215295115,1.242029956043588,12,1056,Montipora_capitata_HIv3___RNAseq.g6978.t1/Montipora_capitata_HIv3___RNAseq.g34092.t1/Montipora_capitata_HIv3___RNAseq.g3374.t1/Montipora_capitata_HIv3___RNAseq.g20771.t1/Montipora_capitata_HIv3___RNAseq.g15188.t1/Montipora_capitata_HIv3___RNAseq.g43111.t1/Montipora_capitata_HIv3___RNAseq.g14956.t1/Montipora_capitata_HIv3___RNAseq.g39706.t2/Montipora_capitata_HIv3___RNAseq.g11658.t1/Montipora_capitata_HIv3___RNAseq.g14488.t1/Montipora_capitata_HIv3___RNAseq.g37450.t2/Montipora_capitata_HIv3___RNAseq.g20763.t1,0.9722389630561505,organonitrogen compound biosynthetic process,BP
GO:0043009,chordate embryonic development,6/79,476/8363,0.2933891651008779,1.366412903444689,6,476,Montipora_capitata_HIv3___RNAseq.g13857.t1/Montipora_capitata_HIv3___RNAseq.g18698.t1/Montipora_capitata_HIv3___RNAseq.g8971.t1/Montipora_capitata_HIv3___RNAseq.g15188.t1/Montipora_capitata_HIv3___TS.g46192.t3/Montipora_capitata_HIv3___RNAseq.g50276.t1,0.9722389630561505,chordate embryonic development,BP
GO:0140096,"catalytic activity, acting on a protein",14/79,1257/8363,0.294375657925442,1.2200027617880291,14,1257,Montipora_capitata_HIv3___RNAseq.g6978.t1/Montipora_capitata_HIv3___RNAseq.g35299.t1/Montipora_capitata_HIv3___RNAseq.g50691.t1/Montipora_capitata_HIv3___RNAseq.g3374.t1/Montipora_capitata_HIv3___RNAseq.g44539.t1/Montipora_capitata_HIv3___RNAseq.g8971.t1/Montipora_capitata_HIv3___RNAseq.g20771.t1/Montipora_capitata_HIv3___RNAseq.g20807.t2/Montipora_capitata_HIv3___RNAseq.g32149.t1/Montipora_capitata_HIv3___RNAseq.g23247.t1/Montipora_capitata_HIv3___RNAseq.g15188.t1/Montipora_capitata_HIv3___RNAseq.g28116.t1/Montipora_capitata_HIv3___RNAseq.g14625.t1/Montipora_capitata_HIv3___RNAseq.g39706.t2,0.9722389630561505,"catalytic activity, acting on a protein",MF
GO:0008544,epidermis development,3/79,201/8363,0.29542076258281974,1.6119095415700273,3,201,Montipora_capitata_HIv3___RNAseq.g8971.t1/Montipora_capitata_HIv3___RNAseq.g14625.t1/Montipora_capitata_HIv3___RNAseq.g39706.t2,0.9722389630561505,epidermis development,BP
GO:0050678,regulation of epithelial cell proliferation,3/79,201/8363,0.29542076258281974,1.6119095415700273,3,201,Montipora_capitata_HIv3___RNAseq.g6978.t1/Montipora_capitata_HIv3___RNAseq.g8971.t1/Montipora_capitata_HIv3___RNAseq.g14488.t1,0.9722389630561505,regulation of epithelial cell proliferation,BP
GO:0031330,negative regulation of cellular catabolic process,3/79,202/8363,0.29801294321071353,1.6036114263045118,3,202,Montipora_capitata_HIv3___RNAseq.g15029.t1b/Montipora_capitata_HIv3___RNAseq.g39706.t2/Montipora_capitata_HIv3___TS.g47745.t1,0.9722389630561505,negative regulation of cellular catabolic process,BP
GO:0006082,organic acid metabolic process,9/79,768/8363,0.2990701383348112,1.274661646409141,9,768,Montipora_capitata_HIv3___TS.g33283.t2/Montipora_capitata_HIv3___RNAseq.g34092.t1/Montipora_capitata_HIv3___RNAseq.g44519.t1/Montipora_capitata_HIv3___RNAseq.g20771.t1/Montipora_capitata_HIv3___RNAseq.g44719.t1/Montipora_capitata_HIv3___RNAseq.g9087.t1/Montipora_capitata_HIv3___RNAseq.g14956.t1/Montipora_capitata_HIv3___RNAseq.g14488.t1/Montipora_capitata_HIv3___RNAseq.g37450.t2,0.9722389630561505,organic acid metabolic process,BP
GO:0005815,microtubule organizing center,6/79,480/8363,0.30004407256304827,1.3541911785633156,6,480,Montipora_capitata_HIv3___RNAseq.g39887.t1/Montipora_capitata_HIv3___RNAseq.g403.t1/Montipora_capitata_HIv3___RNAseq.g24095.t1/Montipora_capitata_HIv3___RNAseq.g15029.t1b/Montipora_capitata_HIv3___RNAseq.g22853.t1/Montipora_capitata_HIv3___TS.g47745.t1,0.9722389630561505,microtubule organizing center,CC
GO:0099513,polymeric cytoskeletal fiber,3/79,203/8363,0.30060666434541317,1.5953962440154381,3,203,Montipora_capitata_HIv3___RNAseq.g403.t1/Montipora_capitata_HIv3___RNAseq.g18698.t1/Montipora_capitata_HIv3___TS.g21895.t1,0.9722389630561505,polymeric cytoskeletal fiber,CC
GO:0040012,regulation of locomotion,8/79,673/8363,0.301935216185101,1.2909005881558526,8,673,Montipora_capitata_HIv3___RNAseq.g6978.t1/Montipora_capitata_HIv3___RNAseq.g15043.t1/Montipora_capitata_HIv3___RNAseq.g42608.t1/Montipora_capitata_HIv3___RNAseq.g18698.t1/Montipora_capitata_HIv3___RNAseq.g8971.t1/Montipora_capitata_HIv3___RNAseq.g49962.t1/Montipora_capitata_HIv3___RNAseq.g15029.t1b/Montipora_capitata_HIv3___RNAseq.g39706.t2,0.9722389630561505,regulation of locomotion,BP
GO:0006401,RNA catabolic process,3/79,205/8363,0.30579820952900927,1.5792097673274537,3,205,Montipora_capitata_HIv3___RNAseq.g42608.t1/Montipora_capitata_HIv3___RNAseq.g18929.t1/Montipora_capitata_HIv3___RNAseq.g11658.t1,0.9722389630561505,RNA catabolic process,BP
GO:0022613,ribonucleoprotein complex biogenesis,5/79,389/8363,0.3059894722168105,1.3899839129868976,5,389,Montipora_capitata_HIv3___RNAseq.g26525.t1/Montipora_capitata_HIv3___RNAseq.g403.t1/Montipora_capitata_HIv3___RNAseq.g18929.t1/Montipora_capitata_HIv3___RNAseq.g43111.t1/Montipora_capitata_HIv3___TS.g47745.t1,0.9722389630561505,ribonucleoprotein complex biogenesis,BP
GO:0032879,regulation of localization,17/79,1571/8363,0.30756237134316716,1.1874023957046547,17,1571,Montipora_capitata_HIv3___TS.g33283.t2/Montipora_capitata_HIv3___RNAseq.g6978.t1/Montipora_capitata_HIv3___RNAseq.g34092.t1/Montipora_capitata_HIv3___RNAseq.g42608.t1/Montipora_capitata_HIv3___RNAseq.g45361.t1/Montipora_capitata_HIv3___RNAseq.g24095.t1/Montipora_capitata_HIv3___RNAseq.g18698.t1/Montipora_capitata_HIv3___RNAseq.g8971.t1/Montipora_capitata_HIv3___RNAseq.g14155.t1/Montipora_capitata_HIv3___RNAseq.g42740.t1/Montipora_capitata_HIv3___RNAseq.g49962.t1/Montipora_capitata_HIv3___RNAseq.g8270.t1/Montipora_capitata_HIv3___RNAseq.g15029.t1b/Montipora_capitata_HIv3___RNAseq.g39706.t2/Montipora_capitata_HIv3___RNAseq.g14488.t1/Montipora_capitata_HIv3___TS.g47745.t1/Montipora_capitata_HIv3___TS.g20607.t1,0.9722389630561505,regulation of localization,BP
GO:0003824,catalytic activity,37/79,3633/8363,0.30826258636558385,1.1484503194932982,37,3633,Montipora_capitata_HIv3___TS.g33283.t2/Montipora_capitata_HIv3___RNAseq.g6978.t1/Montipora_capitata_HIv3___RNAseq.g36845.t1/Montipora_capitata_HIv3___RNAseq.g15043.t1/Montipora_capitata_HIv3___RNAseq.g35299.t1/Montipora_capitata_HIv3___RNAseq.g34092.t1/Montipora_capitata_HIv3___RNAseq.g44519.t1/Montipora_capitata_HIv3___RNAseq.g50691.t1/Montipora_capitata_HIv3___RNAseq.g3374.t1/Montipora_capitata_HIv3___RNAseq.g42608.t1/Montipora_capitata_HIv3___RNAseq.g12736.t1/Montipora_capitata_HIv3___RNAseq.g44539.t1/Montipora_capitata_HIv3___RNAseq.g44562.t1/Montipora_capitata_HIv3___RNAseq.g24095.t1/Montipora_capitata_HIv3___RNAseq.g18698.t1/Montipora_capitata_HIv3___RNAseq.g8971.t1/Montipora_capitata_HIv3___RNAseq.g20771.t1/Montipora_capitata_HIv3___RNAseq.g41416.t2a/Montipora_capitata_HIv3___TS.g40519.t3/Montipora_capitata_HIv3___RNAseq.g20807.t2/Montipora_capitata_HIv3___TS.g5653.t1/Montipora_capitata_HIv3___TS.g6904.t1/Montipora_capitata_HIv3___RNAseq.g32149.t1/Montipora_capitata_HIv3___RNAseq.g23247.t1/Montipora_capitata_HIv3___RNAseq.g39974.t1/Montipora_capitata_HIv3___RNAseq.g15188.t1/Montipora_capitata_HIv3___RNAseq.g18929.t1/Montipora_capitata_HIv3___RNAseq.g28116.t1/Montipora_capitata_HIv3___RNAseq.g44719.t1/Montipora_capitata_HIv3___RNAseq.g9087.t1/Montipora_capitata_HIv3___RNAseq.g14625.t1/Montipora_capitata_HIv3___RNAseq.g14956.t1/Montipora_capitata_HIv3___RNAseq.g39706.t2/Montipora_capitata_HIv3___RNAseq.g14488.t1/Montipora_capitata_HIv3___TS.g47745.t1/Montipora_capitata_HIv3___RNAseq.g37450.t2/Montipora_capitata_HIv3___RNAseq.g20763.t1,0.9722389630561505,catalytic activity,MF
GO:0060627,regulation of vesicle-mediated transport,5/79,391/8363,0.30972649481494574,1.382433646451115,5,391,Montipora_capitata_HIv3___RNAseq.g6978.t1/Montipora_capitata_HIv3___RNAseq.g24095.t1/Montipora_capitata_HIv3___RNAseq.g49962.t1/Montipora_capitata_HIv3___RNAseq.g15029.t1b/Montipora_capitata_HIv3___TS.g20607.t1,0.9722389630561505,regulation of vesicle-mediated transport,BP
GO:0019752,carboxylic acid metabolic process,8/79,681/8363,0.31333056637520323,1.2742186527537227,8,681,Montipora_capitata_HIv3___TS.g33283.t2/Montipora_capitata_HIv3___RNAseq.g34092.t1/Montipora_capitata_HIv3___RNAseq.g20771.t1/Montipora_capitata_HIv3___RNAseq.g44719.t1/Montipora_capitata_HIv3___RNAseq.g9087.t1/Montipora_capitata_HIv3___RNAseq.g14956.t1/Montipora_capitata_HIv3___RNAseq.g14488.t1/Montipora_capitata_HIv3___RNAseq.g37450.t2,0.9722389630561505,carboxylic acid metabolic process,BP
GO:0000377,"RNA splicing, via transesterification reactions with bulged adenosine as nucleophile",4/79,300/8363,0.3146873252911457,1.4391837291540845,4,300,Montipora_capitata_HIv3___RNAseq.g26525.t1/Montipora_capitata_HIv3___RNAseq.g12736.t1/Montipora_capitata_HIv3___RNAseq.g18395.t1/Montipora_capitata_HIv3___TS.g47745.t1,0.9722389630561505,"RNA splicing, via transesterification reactions with bulged adenosine as nucleophile",BP
GO:0000398,"mRNA splicing, via spliceosome",4/79,300/8363,0.3146873252911457,1.4391837291540845,4,300,Montipora_capitata_HIv3___RNAseq.g26525.t1/Montipora_capitata_HIv3___RNAseq.g12736.t1/Montipora_capitata_HIv3___RNAseq.g18395.t1/Montipora_capitata_HIv3___TS.g47745.t1,0.9722389630561505,"mRNA splicing, via spliceosome",BP
GO:0051240,positive regulation of multicellular organismal process,12/79,1079/8363,0.3179130998857238,1.2113954649493222,12,1079,Montipora_capitata_HIv3___RNAseq.g6978.t1/Montipora_capitata_HIv3___RNAseq.g34092.t1/Montipora_capitata_HIv3___RNAseq.g44519.t1/Montipora_capitata_HIv3___RNAseq.g8971.t1/Montipora_capitata_HIv3___RNAseq.g32149.t1/Montipora_capitata_HIv3___RNAseq.g24020.t1/Montipora_capitata_HIv3___RNAseq.g42740.t1/Montipora_capitata_HIv3___RNAseq.g49962.t1/Montipora_capitata_HIv3___RNAseq.g39706.t2/Montipora_capitata_HIv3___TS.g47745.t1/Montipora_capitata_HIv3___RNAseq.g20763.t1/Montipora_capitata_HIv3___TS.g46192.t3,0.9722389630561505,positive regulation of multicellular organismal process,BP
GO:0032259,methylation,3/79,210/8363,0.3187950660189155,1.540111465285296,3,210,Montipora_capitata_HIv3___RNAseq.g36845.t1/Montipora_capitata_HIv3___RNAseq.g34092.t1/Montipora_capitata_HIv3___TS.g6904.t1,0.9722389630561505,methylation,BP
GO:0000790,GO:0000790,3/79,210/8363,0.3187950660189155,1.540111465285296,3,210,Montipora_capitata_HIv3___RNAseq.g26525.t1/Montipora_capitata_HIv3___TS.g32614.t2/Montipora_capitata_HIv3___TS.g47745.t1,0.9722389630561505,NA,NA
GO:0003712,transcription coregulator activity,4/79,302/8363,0.31899471038899846,1.42916921736695,4,302,Montipora_capitata_HIv3___RNAseq.g26525.t1/Montipora_capitata_HIv3___RNAseq.g36935.t1/Montipora_capitata_HIv3___RNAseq.g41333.t1/Montipora_capitata_HIv3___TS.g47745.t1,0.9722389630561505,transcription coregulator activity,MF
GO:0031984,organelle subcompartment,11/79,981/8363,0.3196626648856624,1.2197072793978045,11,981,Montipora_capitata_HIv3___RNAseq.g6978.t1/Montipora_capitata_HIv3___RNAseq.g50691.t1/Montipora_capitata_HIv3___RNAseq.g3374.t1/Montipora_capitata_HIv3___RNAseq.g44539.t1/Montipora_capitata_HIv3___RNAseq.g24524.t1/Montipora_capitata_HIv3___RNAseq.g14155.t1/Montipora_capitata_HIv3___RNAseq.g42740.t1/Montipora_capitata_HIv3___RNAseq.g39974.t1/Montipora_capitata_HIv3___RNAseq.g15188.t1/Montipora_capitata_HIv3___RNAseq.g49962.t1/Montipora_capitata_HIv3___RNAseq.g39706.t2,0.9722389630561505,organelle subcompartment,CC
GO:0000904,GO:0000904,7/79,589/8363,0.3210019653515952,1.2865629334037394,7,589,Montipora_capitata_HIv3___RNAseq.g8971.t1/Montipora_capitata_HIv3___RNAseq.g24020.t1/Montipora_capitata_HIv3___RNAseq.g39706.t2/Montipora_capitata_HIv3___TS.g47745.t1/Montipora_capitata_HIv3___RNAseq.g37450.t2/Montipora_capitata_HIv3___TS.g20607.t1/Montipora_capitata_HIv3___TS.g46192.t3,0.9722389630561505,NA,NA
GO:0009058,biosynthetic process,23/79,2197/8363,0.32126900839969474,1.1542635320228667,23,2197,Montipora_capitata_HIv3___TS.g33283.t2/Montipora_capitata_HIv3___RNAseq.g6978.t1/Montipora_capitata_HIv3___RNAseq.g36845.t1/Montipora_capitata_HIv3___RNAseq.g34092.t1/Montipora_capitata_HIv3___RNAseq.g44519.t1/Montipora_capitata_HIv3___RNAseq.g3374.t1/Montipora_capitata_HIv3___RNAseq.g12736.t1/Montipora_capitata_HIv3___RNAseq.g44539.t1/Montipora_capitata_HIv3___RNAseq.g24095.t1/Montipora_capitata_HIv3___RNAseq.g8971.t1/Montipora_capitata_HIv3___RNAseq.g20771.t1/Montipora_capitata_HIv3___TS.g6904.t1/Montipora_capitata_HIv3___RNAseq.g42740.t1/Montipora_capitata_HIv3___RNAseq.g15188.t1/Montipora_capitata_HIv3___TS.g50674.t1/Montipora_capitata_HIv3___RNAseq.g43111.t1/Montipora_capitata_HIv3___RNAseq.g14956.t1/Montipora_capitata_HIv3___RNAseq.g39706.t2/Montipora_capitata_HIv3___RNAseq.g11658.t1/Montipora_capitata_HIv3___RNAseq.g14488.t1/Montipora_capitata_HIv3___RNAseq.g37450.t2/Montipora_capitata_HIv3___RNAseq.g20763.t1/Montipora_capitata_HIv3___TS.g46192.t3,0.9722389630561505,biosynthetic process,BP
GO:0048565,digestive tract development,3/79,211/8363,0.32139652261832646,1.5325173157653498,3,211,Montipora_capitata_HIv3___RNAseq.g8971.t1/Montipora_capitata_HIv3___RNAseq.g28116.t1/Montipora_capitata_HIv3___RNAseq.g14488.t1,0.9722389630561505,digestive tract development,BP
GO:0006873,intracellular monoatomic ion homeostasis,5/79,398/8363,0.3228598473811589,1.3566128014797396,5,398,Montipora_capitata_HIv3___TS.g33283.t2/Montipora_capitata_HIv3___RNAseq.g34092.t1/Montipora_capitata_HIv3___RNAseq.g13129.t1/Montipora_capitata_HIv3___RNAseq.g24095.t1/Montipora_capitata_HIv3___RNAseq.g15029.t1b,0.9722389630561505,intracellular monoatomic ion homeostasis,BP
GO:0000375,"RNA splicing, via transesterification reactions",4/79,304/8363,0.32330757696679685,1.4192882557319912,4,304,Montipora_capitata_HIv3___RNAseq.g26525.t1/Montipora_capitata_HIv3___RNAseq.g12736.t1/Montipora_capitata_HIv3___RNAseq.g18395.t1/Montipora_capitata_HIv3___TS.g47745.t1,0.9722389630561505,"RNA splicing, via transesterification reactions",BP
GO:0031667,response to nutrient levels,6/79,495/8363,0.325258585535113,1.3101449749265894,6,495,Montipora_capitata_HIv3___RNAseq.g6978.t1/Montipora_capitata_HIv3___RNAseq.g15043.t1/Montipora_capitata_HIv3___RNAseq.g13129.t1/Montipora_capitata_HIv3___RNAseq.g8971.t1/Montipora_capitata_HIv3___RNAseq.g39974.t1/Montipora_capitata_HIv3___RNAseq.g14488.t1,0.9722389630561505,response to nutrient levels,BP
GO:0005764,lysosome,5/79,400/8363,0.3266259632608222,1.3494034758078182,5,400,Montipora_capitata_HIv3___RNAseq.g44519.t1/Montipora_capitata_HIv3___RNAseq.g8971.t1/Montipora_capitata_HIv3___RNAseq.g1174.t1/Montipora_capitata_HIv3___RNAseq.g44719.t1/Montipora_capitata_HIv3___RNAseq.g14488.t1,0.9722389630561505,lysosome,CC
GO:0002252,immune effector process,6/79,496/8363,0.32695214746105844,1.3073038988852521,6,496,Montipora_capitata_HIv3___TS.g33283.t2/Montipora_capitata_HIv3___RNAseq.g44519.t1/Montipora_capitata_HIv3___RNAseq.g24095.t1/Montipora_capitata_HIv3___RNAseq.g18698.t1/Montipora_capitata_HIv3___RNAseq.g18929.t1/Montipora_capitata_HIv3___RNAseq.g14488.t1,0.9722389630561505,immune effector process,BP
GO:0008233,peptidase activity,4/79,306/8363,0.32762534182119246,1.409538183495302,4,306,Montipora_capitata_HIv3___RNAseq.g20771.t1/Montipora_capitata_HIv3___RNAseq.g20807.t2/Montipora_capitata_HIv3___RNAseq.g14625.t1/Montipora_capitata_HIv3___RNAseq.g39706.t2,0.9722389630561505,peptidase activity,MF
GO:0032386,regulation of intracellular transport,4/79,306/8363,0.32762534182119246,1.409538183495302,4,306,Montipora_capitata_HIv3___RNAseq.g6978.t1/Montipora_capitata_HIv3___RNAseq.g49962.t1/Montipora_capitata_HIv3___RNAseq.g15029.t1b/Montipora_capitata_HIv3___TS.g47745.t1,0.9722389630561505,regulation of intracellular transport,BP
GO:0051650,establishment of vesicle localization,3/79,214/8363,0.32920286712343105,1.5101699848292671,3,214,Montipora_capitata_HIv3___RNAseq.g8971.t1/Montipora_capitata_HIv3___RNAseq.g42740.t1/Montipora_capitata_HIv3___RNAseq.g1174.t1,0.9722389630561505,establishment of vesicle localization,BP
GO:0090287,regulation of cellular response to growth factor stimulus,3/79,214/8363,0.32920286712343105,1.5101699848292671,3,214,Montipora_capitata_HIv3___RNAseq.g8971.t1/Montipora_capitata_HIv3___RNAseq.g39706.t2/Montipora_capitata_HIv3___TS.g46192.t3,0.9722389630561505,regulation of cellular response to growth factor stimulus,BP
GO:0051179,localization,33/79,3247/8363,0.33339833610707253,1.1316454936972806,33,3247,Montipora_capitata_HIv3___TS.g33283.t2/Montipora_capitata_HIv3___RNAseq.g6978.t1/Montipora_capitata_HIv3___RNAseq.g26525.t1/Montipora_capitata_HIv3___RNAseq.g15043.t1/Montipora_capitata_HIv3___TS.g44069.t1/Montipora_capitata_HIv3___RNAseq.g14946.t1/Montipora_capitata_HIv3___RNAseq.g44519.t1/Montipora_capitata_HIv3___RNAseq.g13129.t1/Montipora_capitata_HIv3___RNAseq.g45361.t1/Montipora_capitata_HIv3___RNAseq.g13857.t1/Montipora_capitata_HIv3___RNAseq.g668.t1/Montipora_capitata_HIv3___RNAseq.g24095.t1/Montipora_capitata_HIv3___RNAseq.g12548.t1/Montipora_capitata_HIv3___RNAseq.g18698.t1/Montipora_capitata_HIv3___RNAseq.g8971.t1/Montipora_capitata_HIv3___RNAseq.g41416.t2a/Montipora_capitata_HIv3___RNAseq.g20807.t2/Montipora_capitata_HIv3___RNAseq.g14155.t1/Montipora_capitata_HIv3___RNAseq.g40284.t1/Montipora_capitata_HIv3___RNAseq.g42740.t1/Montipora_capitata_HIv3___RNAseq.g22408.t1/Montipora_capitata_HIv3___RNAseq.g1174.t1/Montipora_capitata_HIv3___RNAseq.g23247.t1/Montipora_capitata_HIv3___RNAseq.g15188.t1/Montipora_capitata_HIv3___RNAseq.g49962.t1/Montipora_capitata_HIv3___RNAseq.g28116.t1/Montipora_capitata_HIv3___RNAseq.g15029.t1b/Montipora_capitata_HIv3___TS.g21895.t1/Montipora_capitata_HIv3___RNAseq.g39706.t2/Montipora_capitata_HIv3___RNAseq.g11658.t1/Montipora_capitata_HIv3___RNAseq.g14488.t1/Montipora_capitata_HIv3___TS.g47745.t1/Montipora_capitata_HIv3___TS.g20607.t1,0.9722389630561505,localization,BP
GO:0034976,response to endoplasmic reticulum stress,3/79,216/8363,0.33440755175502823,1.4956221168853623,3,216,Montipora_capitata_HIv3___RNAseq.g50691.t1/Montipora_capitata_HIv3___RNAseq.g24095.t1/Montipora_capitata_HIv3___RNAseq.g15188.t1,0.9722389630561505,response to endoplasmic reticulum stress,BP
GO:0008284,positive regulation of cell population proliferation,6/79,501/8363,0.3354398096367829,1.2932706879558933,6,501,Montipora_capitata_HIv3___TS.g33283.t2/Montipora_capitata_HIv3___RNAseq.g6978.t1/Montipora_capitata_HIv3___RNAseq.g8971.t1/Montipora_capitata_HIv3___RNAseq.g14488.t1/Montipora_capitata_HIv3___TS.g47745.t1/Montipora_capitata_HIv3___RNAseq.g20763.t1,0.9722389630561505,positive regulation of cell population proliferation,BP
GO:0071826,protein-RNA complex organization,3/79,217/8363,0.3370096789834981,1.4884502154466093,3,217,Montipora_capitata_HIv3___RNAseq.g26525.t1/Montipora_capitata_HIv3___RNAseq.g43111.t1/Montipora_capitata_HIv3___TS.g47745.t1,0.9722389630561505,protein-RNA complex organization,BP
GO:0019725,cellular homeostasis,7/79,601/8363,0.33967261112711794,1.25861181222064,7,601,Montipora_capitata_HIv3___TS.g33283.t2/Montipora_capitata_HIv3___RNAseq.g34092.t1/Montipora_capitata_HIv3___RNAseq.g13129.t1/Montipora_capitata_HIv3___RNAseq.g668.t1/Montipora_capitata_HIv3___RNAseq.g24095.t1/Montipora_capitata_HIv3___RNAseq.g8971.t1/Montipora_capitata_HIv3___RNAseq.g15029.t1b,0.9722389630561505,cellular homeostasis,BP
GO:0007169,transmembrane receptor protein tyrosine kinase signaling pathway,4/79,312/8363,0.34060227695855017,1.3810477359639033,4,312,Montipora_capitata_HIv3___RNAseq.g6978.t1/Montipora_capitata_HIv3___RNAseq.g18698.t1/Montipora_capitata_HIv3___RNAseq.g8971.t1/Montipora_capitata_HIv3___RNAseq.g28116.t1,0.9722389630561505,transmembrane receptor protein tyrosine kinase signaling pathway,BP
GO:0072657,protein localization to membrane,4/79,312/8363,0.34060227695855017,1.3810477359639033,4,312,Montipora_capitata_HIv3___RNAseq.g668.t1/Montipora_capitata_HIv3___RNAseq.g15029.t1b/Montipora_capitata_HIv3___RNAseq.g39706.t2/Montipora_capitata_HIv3___RNAseq.g11658.t1,0.9722389630561505,protein localization to membrane,BP
GO:1903320,regulation of protein modification by small protein conjugation or removal,3/79,219/8363,0.34221292801080994,1.4743057432330615,3,219,Montipora_capitata_HIv3___RNAseq.g8971.t1/Montipora_capitata_HIv3___RNAseq.g42740.t1/Montipora_capitata_HIv3___RNAseq.g15029.t1b,0.9722389630561505,regulation of protein modification by small protein conjugation or removal,BP
GO:0043603,amide metabolic process,7/79,604/8363,0.3443672451151666,1.251799587462092,7,604,Montipora_capitata_HIv3___RNAseq.g34092.t1/Montipora_capitata_HIv3___RNAseq.g43111.t1/Montipora_capitata_HIv3___RNAseq.g44719.t1/Montipora_capitata_HIv3___RNAseq.g14956.t1/Montipora_capitata_HIv3___RNAseq.g39706.t2/Montipora_capitata_HIv3___RNAseq.g11658.t1/Montipora_capitata_HIv3___RNAseq.g14488.t1,0.9722389630561505,amide metabolic process,BP
GO:0009895,negative regulation of catabolic process,3/79,220/8363,0.3448138229215778,1.4673313306551943,3,220,Montipora_capitata_HIv3___RNAseq.g15029.t1b/Montipora_capitata_HIv3___RNAseq.g39706.t2/Montipora_capitata_HIv3___TS.g47745.t1,0.9722389630561505,negative regulation of catabolic process,BP
GO:0051648,vesicle localization,3/79,220/8363,0.3448138229215778,1.4673313306551943,3,220,Montipora_capitata_HIv3___RNAseq.g8971.t1/Montipora_capitata_HIv3___RNAseq.g42740.t1/Montipora_capitata_HIv3___RNAseq.g1174.t1,0.9722389630561505,vesicle localization,BP
GO:0006875,GO:0006875,4/79,314/8363,0.34493391427621944,1.3717959856269903,4,314,Montipora_capitata_HIv3___TS.g33283.t2/Montipora_capitata_HIv3___RNAseq.g34092.t1/Montipora_capitata_HIv3___RNAseq.g13129.t1/Montipora_capitata_HIv3___RNAseq.g24095.t1,0.9722389630561505,NA,NA
GO:0045666,positive regulation of neuron differentiation,4/79,314/8363,0.34493391427621944,1.3717959856269903,4,314,Montipora_capitata_HIv3___RNAseq.g6978.t1/Montipora_capitata_HIv3___RNAseq.g8971.t1/Montipora_capitata_HIv3___RNAseq.g24020.t1/Montipora_capitata_HIv3___RNAseq.g39706.t2,0.9722389630561505,positive regulation of neuron differentiation,BP
GO:0009991,response to extracellular stimulus,6/79,508/8363,0.3473716692286679,1.2740937851899408,6,508,Montipora_capitata_HIv3___RNAseq.g6978.t1/Montipora_capitata_HIv3___RNAseq.g15043.t1/Montipora_capitata_HIv3___RNAseq.g13129.t1/Montipora_capitata_HIv3___RNAseq.g8971.t1/Montipora_capitata_HIv3___RNAseq.g39974.t1/Montipora_capitata_HIv3___RNAseq.g14488.t1,0.9722389630561505,response to extracellular stimulus,BP
GO:0002446,neutrophil mediated immunity,4/79,316/8363,0.34926761836231784,1.3626628310748414,4,316,Montipora_capitata_HIv3___TS.g33283.t2/Montipora_capitata_HIv3___RNAseq.g44519.t1/Montipora_capitata_HIv3___RNAseq.g18698.t1/Montipora_capitata_HIv3___RNAseq.g14488.t1,0.9722389630561505,neutrophil mediated immunity,BP
GO:0071363,cellular response to growth factor stimulus,4/79,317/8363,0.35143507375067423,1.358140015160877,4,317,Montipora_capitata_HIv3___RNAseq.g6978.t1/Montipora_capitata_HIv3___RNAseq.g8971.t1/Montipora_capitata_HIv3___RNAseq.g39706.t2/Montipora_capitata_HIv3___RNAseq.g14488.t1,0.9722389630561505,cellular response to growth factor stimulus,BP
GO:0033044,regulation of chromosome organization,4/79,317/8363,0.35143507375067423,1.358140015160877,4,317,Montipora_capitata_HIv3___RNAseq.g6978.t1/Montipora_capitata_HIv3___RNAseq.g42608.t1/Montipora_capitata_HIv3___RNAseq.g23247.t1/Montipora_capitata_HIv3___TS.g47745.t1,0.9722389630561505,regulation of chromosome organization,BP
GO:0065009,regulation of molecular function,17/79,1615/8363,0.35156605470071095,1.1472356057006035,17,1615,Montipora_capitata_HIv3___TS.g33283.t2/Montipora_capitata_HIv3___RNAseq.g6978.t1/Montipora_capitata_HIv3___RNAseq.g15043.t1/Montipora_capitata_HIv3___RNAseq.g41637.t1/Montipora_capitata_HIv3___RNAseq.g34092.t1/Montipora_capitata_HIv3___RNAseq.g13129.t1/Montipora_capitata_HIv3___RNAseq.g24095.t1/Montipora_capitata_HIv3___RNAseq.g8971.t1/Montipora_capitata_HIv3___RNAseq.g32149.t1/Montipora_capitata_HIv3___RNAseq.g41333.t1/Montipora_capitata_HIv3___RNAseq.g49962.t1/Montipora_capitata_HIv3___RNAseq.g18929.t1/Montipora_capitata_HIv3___RNAseq.g15029.t1b/Montipora_capitata_HIv3___RNAseq.g39706.t2/Montipora_capitata_HIv3___RNAseq.g14488.t1/Montipora_capitata_HIv3___TS.g47745.t1/Montipora_capitata_HIv3___RNAseq.g37450.t2,0.9722389630561505,regulation of molecular function,BP
GO:0005794,Golgi apparatus,10/79,907/8363,0.352023451286269,1.1934836424536408,10,907,Montipora_capitata_HIv3___RNAseq.g6978.t1/Montipora_capitata_HIv3___RNAseq.g3374.t1/Montipora_capitata_HIv3___RNAseq.g44539.t1/Montipora_capitata_HIv3___RNAseq.g24524.t1/Montipora_capitata_HIv3___RNAseq.g8971.t1/Montipora_capitata_HIv3___RNAseq.g14155.t1/Montipora_capitata_HIv3___RNAseq.g42740.t1/Montipora_capitata_HIv3___RNAseq.g49962.t1/Montipora_capitata_HIv3___RNAseq.g39706.t2/Montipora_capitata_HIv3___RNAseq.g11658.t1,0.9722389630561505,Golgi apparatus,CC
GO:0017016,GO:0017016,4/79,318/8363,0.35360284055947255,1.3536460010372202,4,318,Montipora_capitata_HIv3___RNAseq.g24524.t1/Montipora_capitata_HIv3___RNAseq.g8971.t1/Montipora_capitata_HIv3___RNAseq.g49962.t1/Montipora_capitata_HIv3___TS.g20607.t1,0.9722389630561505,NA,NA
GO:0044437,GO:0044437,4/79,318/8363,0.35360284055947255,1.3536460010372202,4,318,Montipora_capitata_HIv3___RNAseq.g6978.t1/Montipora_capitata_HIv3___RNAseq.g44519.t1/Montipora_capitata_HIv3___RNAseq.g1174.t1/Montipora_capitata_HIv3___RNAseq.g14488.t1,0.9722389630561505,NA,NA
GO:0048878,chemical homeostasis,8/79,709/8363,0.3538951443980408,1.21883004641813,8,709,Montipora_capitata_HIv3___TS.g33283.t2/Montipora_capitata_HIv3___RNAseq.g34092.t1/Montipora_capitata_HIv3___RNAseq.g13129.t1/Montipora_capitata_HIv3___RNAseq.g668.t1/Montipora_capitata_HIv3___RNAseq.g24095.t1/Montipora_capitata_HIv3___RNAseq.g8971.t1/Montipora_capitata_HIv3___RNAseq.g14155.t1/Montipora_capitata_HIv3___RNAseq.g15029.t1b,0.9722389630561505,chemical homeostasis,BP
GO:0000323,lytic vacuole,5/79,415/8363,0.3550166666129224,1.2975797857246134,5,415,Montipora_capitata_HIv3___RNAseq.g44519.t1/Montipora_capitata_HIv3___RNAseq.g8971.t1/Montipora_capitata_HIv3___RNAseq.g1174.t1/Montipora_capitata_HIv3___RNAseq.g44719.t1/Montipora_capitata_HIv3___RNAseq.g14488.t1,0.9722389630561505,lytic vacuole,CC
GO:0007167,enzyme-linked receptor protein signaling pathway,5/79,415/8363,0.3550166666129224,1.2975797857246134,5,415,Montipora_capitata_HIv3___RNAseq.g6978.t1/Montipora_capitata_HIv3___RNAseq.g18698.t1/Montipora_capitata_HIv3___RNAseq.g8971.t1/Montipora_capitata_HIv3___RNAseq.g28116.t1/Montipora_capitata_HIv3___RNAseq.g39706.t2,0.9722389630561505,enzyme-linked receptor protein signaling pathway,BP
GO:0050790,regulation of catalytic activity,13/79,1213/8363,0.3567331984036856,1.1627308373802638,13,1213,Montipora_capitata_HIv3___TS.g33283.t2/Montipora_capitata_HIv3___RNAseq.g6978.t1/Montipora_capitata_HIv3___RNAseq.g15043.t1/Montipora_capitata_HIv3___RNAseq.g41637.t1/Montipora_capitata_HIv3___RNAseq.g13129.t1/Montipora_capitata_HIv3___RNAseq.g8971.t1/Montipora_capitata_HIv3___RNAseq.g49962.t1/Montipora_capitata_HIv3___RNAseq.g18929.t1/Montipora_capitata_HIv3___RNAseq.g15029.t1b/Montipora_capitata_HIv3___RNAseq.g39706.t2/Montipora_capitata_HIv3___RNAseq.g14488.t1/Montipora_capitata_HIv3___TS.g47745.t1/Montipora_capitata_HIv3___RNAseq.g37450.t2,0.9722389630561505,regulation of catalytic activity,BP
GO:0007369,gastrulation,3/79,225/8363,0.3578065601079028,1.4334021526991376,3,225,Montipora_capitata_HIv3___RNAseq.g8971.t1/Montipora_capitata_HIv3___RNAseq.g28116.t1/Montipora_capitata_HIv3___TS.g46192.t3,0.9722389630561505,gastrulation,BP
GO:0055123,digestive system development,3/79,225/8363,0.3578065601079028,1.4334021526991376,3,225,Montipora_capitata_HIv3___RNAseq.g8971.t1/Montipora_capitata_HIv3___RNAseq.g28116.t1/Montipora_capitata_HIv3___RNAseq.g14488.t1,0.9722389630561505,digestive system development,BP
GO:0032940,secretion by cell,7/79,613/8363,0.35850409308481496,1.2317675613387074,7,613,Montipora_capitata_HIv3___RNAseq.g44519.t1/Montipora_capitata_HIv3___RNAseq.g18698.t1/Montipora_capitata_HIv3___RNAseq.g20807.t2/Montipora_capitata_HIv3___RNAseq.g42740.t1/Montipora_capitata_HIv3___RNAseq.g15029.t1b/Montipora_capitata_HIv3___RNAseq.g39706.t2/Montipora_capitata_HIv3___RNAseq.g14488.t1,0.9722389630561505,secretion by cell,BP
GO:0043604,amide biosynthetic process,5/79,417/8363,0.3588162626552079,1.2909538480386447,5,417,Montipora_capitata_HIv3___RNAseq.g43111.t1/Montipora_capitata_HIv3___RNAseq.g14956.t1/Montipora_capitata_HIv3___RNAseq.g39706.t2/Montipora_capitata_HIv3___RNAseq.g11658.t1/Montipora_capitata_HIv3___RNAseq.g14488.t1,0.9722389630561505,amide biosynthetic process,BP
GO:0055080,monoatomic cation homeostasis,5/79,418/8363,0.36071688806181573,1.2876649421378474,5,418,Montipora_capitata_HIv3___TS.g33283.t2/Montipora_capitata_HIv3___RNAseq.g34092.t1/Montipora_capitata_HIv3___RNAseq.g13129.t1/Montipora_capitata_HIv3___RNAseq.g24095.t1/Montipora_capitata_HIv3___RNAseq.g15029.t1b,0.9722389630561505,monoatomic cation homeostasis,BP
GO:0051641,cellular localization,18/79,1730/8363,0.36436254178712757,1.1327660024036408,18,1730,Montipora_capitata_HIv3___RNAseq.g26525.t1/Montipora_capitata_HIv3___RNAseq.g15043.t1/Montipora_capitata_HIv3___RNAseq.g13857.t1/Montipora_capitata_HIv3___RNAseq.g668.t1/Montipora_capitata_HIv3___RNAseq.g8971.t1/Montipora_capitata_HIv3___RNAseq.g14155.t1/Montipora_capitata_HIv3___RNAseq.g42740.t1/Montipora_capitata_HIv3___RNAseq.g22408.t1/Montipora_capitata_HIv3___RNAseq.g1174.t1/Montipora_capitata_HIv3___RNAseq.g23247.t1/Montipora_capitata_HIv3___RNAseq.g15188.t1/Montipora_capitata_HIv3___RNAseq.g49962.t1/Montipora_capitata_HIv3___RNAseq.g15029.t1b/Montipora_capitata_HIv3___TS.g21895.t1/Montipora_capitata_HIv3___RNAseq.g39706.t2/Montipora_capitata_HIv3___RNAseq.g11658.t1/Montipora_capitata_HIv3___TS.g47745.t1/Montipora_capitata_HIv3___TS.g20607.t1,0.9722389630561505,cellular localization,BP
GO:0002444,myeloid leukocyte mediated immunity,4/79,323/8363,0.3644439925356222,1.331607677321424,4,323,Montipora_capitata_HIv3___TS.g33283.t2/Montipora_capitata_HIv3___RNAseq.g44519.t1/Montipora_capitata_HIv3___RNAseq.g18698.t1/Montipora_capitata_HIv3___RNAseq.g14488.t1,0.9722389630561505,myeloid leukocyte mediated immunity,BP
GO:0048667,cell morphogenesis involved in neuron differentiation,6/79,518/8363,0.36449474627434325,1.2476077461099757,6,518,Montipora_capitata_HIv3___RNAseq.g8971.t1/Montipora_capitata_HIv3___RNAseq.g24020.t1/Montipora_capitata_HIv3___RNAseq.g39706.t2/Montipora_capitata_HIv3___TS.g47745.t1/Montipora_capitata_HIv3___RNAseq.g37450.t2/Montipora_capitata_HIv3___TS.g46192.t3,0.9722389630561505,cell morphogenesis involved in neuron differentiation,BP
GO:0007584,response to nutrient,3/79,228/8363,0.3655889212943374,1.4137686900982496,3,228,Montipora_capitata_HIv3___RNAseq.g15043.t1/Montipora_capitata_HIv3___RNAseq.g39974.t1/Montipora_capitata_HIv3___RNAseq.g14488.t1,0.9722389630561505,response to nutrient,BP
GO:0051223,regulation of protein transport,5/79,422/8363,0.36832383087080595,1.2746670458024223,5,422,Montipora_capitata_HIv3___TS.g33283.t2/Montipora_capitata_HIv3___RNAseq.g6978.t1/Montipora_capitata_HIv3___RNAseq.g24095.t1/Montipora_capitata_HIv3___RNAseq.g14488.t1/Montipora_capitata_HIv3___TS.g47745.t1,0.9722389630561505,regulation of protein transport,BP
GO:1903530,regulation of secretion by cell,5/79,422/8363,0.36832383087080595,1.2746670458024223,5,422,Montipora_capitata_HIv3___TS.g33283.t2/Montipora_capitata_HIv3___RNAseq.g24095.t1/Montipora_capitata_HIv3___RNAseq.g8971.t1/Montipora_capitata_HIv3___RNAseq.g14488.t1/Montipora_capitata_HIv3___TS.g47745.t1,0.9722389630561505,regulation of secretion by cell,BP
GO:0070848,response to growth factor,4/79,325/8363,0.36878029633164333,1.3229800575774544,4,325,Montipora_capitata_HIv3___RNAseq.g6978.t1/Montipora_capitata_HIv3___RNAseq.g8971.t1/Montipora_capitata_HIv3___RNAseq.g39706.t2/Montipora_capitata_HIv3___RNAseq.g14488.t1,0.9722389630561505,response to growth factor,BP
GO:0008289,lipid binding,4/79,325/8363,0.36878029633164333,1.3229800575774544,4,325,Montipora_capitata_HIv3___TS.g44069.t1/Montipora_capitata_HIv3___RNAseq.g18698.t1/Montipora_capitata_HIv3___RNAseq.g44719.t1/Montipora_capitata_HIv3___TS.g20607.t1,0.9722389630561505,lipid binding,MF
GO:0009986,cell surface,4/79,325/8363,0.36878029633164333,1.3229800575774544,4,325,Montipora_capitata_HIv3___TS.g33283.t2/Montipora_capitata_HIv3___RNAseq.g668.t1/Montipora_capitata_HIv3___RNAseq.g8971.t1/Montipora_capitata_HIv3___RNAseq.g39706.t2,0.9722389630561505,cell surface,CC
GO:0019899,enzyme binding,15/79,1431/8363,0.37293221789341024,1.1368048940562663,15,1431,Montipora_capitata_HIv3___RNAseq.g15043.t1/Montipora_capitata_HIv3___RNAseq.g24524.t1/Montipora_capitata_HIv3___RNAseq.g668.t1/Montipora_capitata_HIv3___RNAseq.g24095.t1/Montipora_capitata_HIv3___RNAseq.g8971.t1/Montipora_capitata_HIv3___RNAseq.g32149.t1/Montipora_capitata_HIv3___RNAseq.g42740.t1/Montipora_capitata_HIv3___RNAseq.g15188.t1/Montipora_capitata_HIv3___RNAseq.g49962.t1/Montipora_capitata_HIv3___RNAseq.g18929.t1/Montipora_capitata_HIv3___RNAseq.g15029.t1b/Montipora_capitata_HIv3___RNAseq.g39706.t2/Montipora_capitata_HIv3___RNAseq.g14488.t1/Montipora_capitata_HIv3___TS.g47745.t1/Montipora_capitata_HIv3___TS.g20607.t1,0.9761336448583464,enzyme binding,MF
GO:0030855,epithelial cell differentiation,6/79,524/8363,0.374799674220159,1.232206939943495,6,524,Montipora_capitata_HIv3___RNAseq.g18698.t1/Montipora_capitata_HIv3___RNAseq.g8971.t1/Montipora_capitata_HIv3___RNAseq.g41333.t1/Montipora_capitata_HIv3___RNAseq.g14625.t1/Montipora_capitata_HIv3___RNAseq.g39706.t2/Montipora_capitata_HIv3___TS.g20607.t1,0.9761336448583464,epithelial cell differentiation,BP
GO:0044248,cellular catabolic process,13/79,1229/8363,0.3752494495336155,1.1448365321032088,13,1229,Montipora_capitata_HIv3___TS.g33283.t2/Montipora_capitata_HIv3___RNAseq.g34092.t1/Montipora_capitata_HIv3___RNAseq.g44519.t1/Montipora_capitata_HIv3___RNAseq.g42608.t1/Montipora_capitata_HIv3___RNAseq.g20771.t1/Montipora_capitata_HIv3___RNAseq.g23247.t1/Montipora_capitata_HIv3___RNAseq.g15188.t1/Montipora_capitata_HIv3___RNAseq.g18929.t1/Montipora_capitata_HIv3___RNAseq.g44719.t1/Montipora_capitata_HIv3___RNAseq.g9087.t1/Montipora_capitata_HIv3___RNAseq.g14956.t1/Montipora_capitata_HIv3___RNAseq.g11658.t1/Montipora_capitata_HIv3___RNAseq.g14488.t1,0.9761336448583464,cellular catabolic process,BP
GO:0031267,small GTPase binding,4/79,328/8363,0.37528295214266383,1.3102383212200395,4,328,Montipora_capitata_HIv3___RNAseq.g24524.t1/Montipora_capitata_HIv3___RNAseq.g8971.t1/Montipora_capitata_HIv3___RNAseq.g49962.t1/Montipora_capitata_HIv3___TS.g20607.t1,0.9761336448583464,small GTPase binding,MF
GO:0006886,intracellular protein transport,7/79,624/8363,0.37586755290522533,1.208077530876346,7,624,Montipora_capitata_HIv3___RNAseq.g15043.t1/Montipora_capitata_HIv3___RNAseq.g13857.t1/Montipora_capitata_HIv3___RNAseq.g42740.t1/Montipora_capitata_HIv3___RNAseq.g15188.t1/Montipora_capitata_HIv3___RNAseq.g49962.t1/Montipora_capitata_HIv3___RNAseq.g15029.t1b/Montipora_capitata_HIv3___RNAseq.g11658.t1,0.9761336448583464,intracellular protein transport,BP
GO:0051169,nuclear transport,3/79,233/8363,0.37852834415021797,1.3821845734334084,3,233,Montipora_capitata_HIv3___RNAseq.g26525.t1/Montipora_capitata_HIv3___RNAseq.g15043.t1/Montipora_capitata_HIv3___RNAseq.g13857.t1,0.9801180339603859,nuclear transport,BP
GO:0031647,regulation of protein stability,3/79,234/8363,0.381110646186793,1.3760318252456953,3,234,Montipora_capitata_HIv3___RNAseq.g6978.t1/Montipora_capitata_HIv3___RNAseq.g8971.t1/Montipora_capitata_HIv3___RNAseq.g15188.t1,0.9824529201090954,regulation of protein stability,BP
GO:0009056,catabolic process,14/79,1337/8363,0.3820584276526335,1.1331961797310528,14,1337,Montipora_capitata_HIv3___TS.g33283.t2/Montipora_capitata_HIv3___RNAseq.g34092.t1/Montipora_capitata_HIv3___RNAseq.g44519.t1/Montipora_capitata_HIv3___RNAseq.g42608.t1/Montipora_capitata_HIv3___RNAseq.g20771.t1/Montipora_capitata_HIv3___RNAseq.g23247.t1/Montipora_capitata_HIv3___RNAseq.g15188.t1/Montipora_capitata_HIv3___RNAseq.g18929.t1/Montipora_capitata_HIv3___RNAseq.g44719.t1/Montipora_capitata_HIv3___RNAseq.g9087.t1/Montipora_capitata_HIv3___RNAseq.g14956.t1/Montipora_capitata_HIv3___RNAseq.g39706.t2/Montipora_capitata_HIv3___RNAseq.g11658.t1/Montipora_capitata_HIv3___RNAseq.g14488.t1,0.9824529201090954,catabolic process,BP
GO:0010035,response to inorganic substance,5/79,430/8363,0.3835495939765825,1.249405189718338,5,430,Montipora_capitata_HIv3___RNAseq.g15043.t1/Montipora_capitata_HIv3___RNAseq.g44519.t1/Montipora_capitata_HIv3___RNAseq.g14155.t1/Montipora_capitata_HIv3___RNAseq.g39974.t1/Montipora_capitata_HIv3___RNAseq.g14488.t1,0.9824529201090954,response to inorganic substance,BP
GO:1901615,organic hydroxy compound metabolic process,4/79,332/8363,0.38394711820355454,1.2936118750644925,4,332,Montipora_capitata_HIv3___RNAseq.g36845.t1/Montipora_capitata_HIv3___RNAseq.g8971.t1/Montipora_capitata_HIv3___TS.g6904.t1/Montipora_capitata_HIv3___RNAseq.g37450.t2,0.9824529201090954,organic hydroxy compound metabolic process,BP
GO:0008610,lipid biosynthetic process,5/79,431/8363,0.3854530555425084,1.2463141647961653,5,431,Montipora_capitata_HIv3___TS.g33283.t2/Montipora_capitata_HIv3___RNAseq.g6978.t1/Montipora_capitata_HIv3___RNAseq.g24095.t1/Montipora_capitata_HIv3___RNAseq.g8971.t1/Montipora_capitata_HIv3___TS.g50674.t1,0.982507547291014,lipid biosynthetic process,BP
GO:0051049,regulation of transport,11/79,1035/8363,0.38677652613630914,1.1468466263398829,11,1035,Montipora_capitata_HIv3___TS.g33283.t2/Montipora_capitata_HIv3___RNAseq.g6978.t1/Montipora_capitata_HIv3___RNAseq.g34092.t1/Montipora_capitata_HIv3___RNAseq.g45361.t1/Montipora_capitata_HIv3___RNAseq.g24095.t1/Montipora_capitata_HIv3___RNAseq.g8971.t1/Montipora_capitata_HIv3___RNAseq.g49962.t1/Montipora_capitata_HIv3___RNAseq.g15029.t1b/Montipora_capitata_HIv3___RNAseq.g14488.t1/Montipora_capitata_HIv3___TS.g47745.t1/Montipora_capitata_HIv3___TS.g20607.t1,0.982507547291014,regulation of transport,BP
GO:0010638,positive regulation of organelle organization,5/79,432/8363,0.38735642381703195,1.2432376165397894,5,432,Montipora_capitata_HIv3___RNAseq.g6978.t1/Montipora_capitata_HIv3___RNAseq.g24095.t1/Montipora_capitata_HIv3___RNAseq.g23247.t1/Montipora_capitata_HIv3___RNAseq.g15029.t1b/Montipora_capitata_HIv3___TS.g47745.t1,0.982507547291014,positive regulation of organelle organization,BP
GO:0009880,embryonic pattern specification,3/79,237/8363,0.3888446330188309,1.3578890734509532,3,237,Montipora_capitata_HIv3___RNAseq.g8971.t1/Montipora_capitata_HIv3___RNAseq.g28116.t1/Montipora_capitata_HIv3___TS.g46192.t3,0.9833647364544799,embryonic pattern specification,BP
GO:1901576,organic substance biosynthetic process,22/79,2169/8363,0.3899549816974661,1.103243582133163,22,2169,Montipora_capitata_HIv3___TS.g33283.t2/Montipora_capitata_HIv3___RNAseq.g6978.t1/Montipora_capitata_HIv3___RNAseq.g36845.t1/Montipora_capitata_HIv3___RNAseq.g34092.t1/Montipora_capitata_HIv3___RNAseq.g3374.t1/Montipora_capitata_HIv3___RNAseq.g12736.t1/Montipora_capitata_HIv3___RNAseq.g44539.t1/Montipora_capitata_HIv3___RNAseq.g24095.t1/Montipora_capitata_HIv3___RNAseq.g8971.t1/Montipora_capitata_HIv3___RNAseq.g20771.t1/Montipora_capitata_HIv3___TS.g6904.t1/Montipora_capitata_HIv3___RNAseq.g42740.t1/Montipora_capitata_HIv3___RNAseq.g15188.t1/Montipora_capitata_HIv3___TS.g50674.t1/Montipora_capitata_HIv3___RNAseq.g43111.t1/Montipora_capitata_HIv3___RNAseq.g14956.t1/Montipora_capitata_HIv3___RNAseq.g39706.t2/Montipora_capitata_HIv3___RNAseq.g11658.t1/Montipora_capitata_HIv3___RNAseq.g14488.t1/Montipora_capitata_HIv3___RNAseq.g37450.t2/Montipora_capitata_HIv3___RNAseq.g20763.t1/Montipora_capitata_HIv3___TS.g46192.t3,0.9833647364544799,organic substance biosynthetic process,BP
GO:0045926,negative regulation of growth,3/79,238/8363,0.3914180061189758,1.3519577206779345,3,238,Montipora_capitata_HIv3___RNAseq.g44519.t1/Montipora_capitata_HIv3___RNAseq.g8971.t1/Montipora_capitata_HIv3___RNAseq.g28116.t1,0.9842013448656328,negative regulation of growth,BP
GO:0048589,developmental growth,5/79,436/8363,0.3949680964976553,1.231074174949603,5,436,Montipora_capitata_HIv3___RNAseq.g668.t1/Montipora_capitata_HIv3___RNAseq.g8971.t1/Montipora_capitata_HIv3___RNAseq.g39974.t1/Montipora_capitata_HIv3___RNAseq.g15188.t1/Montipora_capitata_HIv3___TS.g47745.t1,0.9902658327174643,developmental growth,BP
GO:0005543,phospholipid binding,3/79,240/8363,0.3965572605874351,1.340217450093831,3,240,Montipora_capitata_HIv3___RNAseq.g18698.t1/Montipora_capitata_HIv3___RNAseq.g44719.t1/Montipora_capitata_HIv3___TS.g20607.t1,0.9913931514685879,phospholipid binding,MF
GO:0016491,oxidoreductase activity,6/79,539/8363,0.4006090992124809,1.195221752188537,6,539,Montipora_capitata_HIv3___RNAseq.g34092.t1/Montipora_capitata_HIv3___RNAseq.g44519.t1/Montipora_capitata_HIv3___RNAseq.g50691.t1/Montipora_capitata_HIv3___RNAseq.g41416.t2a/Montipora_capitata_HIv3___RNAseq.g9087.t1/Montipora_capitata_HIv3___RNAseq.g37450.t2,0.995960486258599,oxidoreductase activity,MF
GO:0017076,purine nucleotide binding,5/79,439/8363,0.40067375883966627,1.2220987198837123,5,439,Montipora_capitata_HIv3___RNAseq.g13129.t1/Montipora_capitata_HIv3___RNAseq.g12736.t1/Montipora_capitata_HIv3___RNAseq.g24524.t1/Montipora_capitata_HIv3___RNAseq.g18698.t1/Montipora_capitata_HIv3___TS.g47745.t1,0.995960486258599,purine nucleotide binding,MF
GO:0043167,ion binding,15/79,1459/8363,0.40363254479313554,1.1102106454275684,15,1459,Montipora_capitata_HIv3___TS.g33283.t2/Montipora_capitata_HIv3___RNAseq.g34092.t1/Montipora_capitata_HIv3___RNAseq.g44519.t1/Montipora_capitata_HIv3___RNAseq.g13129.t1/Montipora_capitata_HIv3___RNAseq.g12736.t1/Montipora_capitata_HIv3___RNAseq.g18698.t1/Montipora_capitata_HIv3___RNAseq.g8971.t1/Montipora_capitata_HIv3___RNAseq.g41416.t2a/Montipora_capitata_HIv3___RNAseq.g32149.t1/Montipora_capitata_HIv3___RNAseq.g15188.t1/Montipora_capitata_HIv3___RNAseq.g44719.t1/Montipora_capitata_HIv3___RNAseq.g9087.t1/Montipora_capitata_HIv3___RNAseq.g14488.t1/Montipora_capitata_HIv3___TS.g47745.t1/Montipora_capitata_HIv3___TS.g20607.t1,0.9980232391306181,ion binding,MF
GO:0042254,ribosome biogenesis,3/79,244/8363,0.4068032715676678,1.317321423773608,3,244,Montipora_capitata_HIv3___RNAseq.g403.t1/Montipora_capitata_HIv3___RNAseq.g18929.t1/Montipora_capitata_HIv3___RNAseq.g43111.t1,0.9980232391306181,ribosome biogenesis,BP
GO:0050778,positive regulation of immune response,3/79,244/8363,0.4068032715676678,1.317321423773608,3,244,Montipora_capitata_HIv3___TS.g33283.t2/Montipora_capitata_HIv3___RNAseq.g24095.t1/Montipora_capitata_HIv3___TS.g47745.t1,0.9980232391306181,positive regulation of immune response,BP
GO:1902533,positive regulation of intracellular signal transduction,6/79,543/8363,0.4074925770818446,1.1857079618722923,6,543,Montipora_capitata_HIv3___TS.g33283.t2/Montipora_capitata_HIv3___RNAseq.g6978.t1/Montipora_capitata_HIv3___RNAseq.g34092.t1/Montipora_capitata_HIv3___RNAseq.g668.t1/Montipora_capitata_HIv3___RNAseq.g24095.t1/Montipora_capitata_HIv3___RNAseq.g8971.t1,0.9980232391306181,positive regulation of intracellular signal transduction,BP
GO:0043227,membrane-bounded organelle,59/79,6088/8363,0.40772638639513575,1.1033612834955282,59,6088,Montipora_capitata_HIv3___TS.g33283.t2/Montipora_capitata_HIv3___RNAseq.g6978.t1/Montipora_capitata_HIv3___RNAseq.g36845.t1/Montipora_capitata_HIv3___RNAseq.g26525.t1/Montipora_capitata_HIv3___RNAseq.g35299.t1/Montipora_capitata_HIv3___RNAseq.g34092.t1/Montipora_capitata_HIv3___RNAseq.g44519.t1/Montipora_capitata_HIv3___RNAseq.g50691.t1/Montipora_capitata_HIv3___RNAseq.g3374.t1/Montipora_capitata_HIv3___RNAseq.g42608.t1/Montipora_capitata_HIv3___RNAseq.g12736.t1/Montipora_capitata_HIv3___RNAseq.g44539.t1/Montipora_capitata_HIv3___RNAseq.g403.t1/Montipora_capitata_HIv3___RNAseq.g24524.t1/Montipora_capitata_HIv3___RNAseq.g13857.t1/Montipora_capitata_HIv3___RNAseq.g668.t1/Montipora_capitata_HIv3___RNAseq.g24095.t1/Montipora_capitata_HIv3___RNAseq.g12548.t1/Montipora_capitata_HIv3___RNAseq.g8971.t1/Montipora_capitata_HIv3___RNAseq.g18395.t1/Montipora_capitata_HIv3___TS.g40519.t3/Montipora_capitata_HIv3___RNAseq.g20807.t2/Montipora_capitata_HIv3___RNAseq.g36935.t1/Montipora_capitata_HIv3___RNAseq.g9338.t1/Montipora_capitata_HIv3___TS.g6904.t1/Montipora_capitata_HIv3___RNAseq.g14155.t1/Montipora_capitata_HIv3___RNAseq.g32149.t1/Montipora_capitata_HIv3___RNAseq.g30434.t1/Montipora_capitata_HIv3___RNAseq.g40284.t1/Montipora_capitata_HIv3___RNAseq.g42740.t1/Montipora_capitata_HIv3___RNAseq.g41333.t1/Montipora_capitata_HIv3___RNAseq.g22408.t1/Montipora_capitata_HIv3___RNAseq.g1174.t1/Montipora_capitata_HIv3___RNAseq.g23247.t1/Montipora_capitata_HIv3___RNAseq.g39974.t1/Montipora_capitata_HIv3___RNAseq.g15188.t1/Montipora_capitata_HIv3___RNAseq.g49962.t1/Montipora_capitata_HIv3___RNAseq.g18929.t1/Montipora_capitata_HIv3___TS.g50674.t1/Montipora_capitata_HIv3___RNAseq.g8270.t1/Montipora_capitata_HIv3___TS.g28908.t1/Montipora_capitata_HIv3___RNAseq.g43111.t1/Montipora_capitata_HIv3___RNAseq.g15029.t1b/Montipora_capitata_HIv3___TS.g21895.t1/Montipora_capitata_HIv3___RNAseq.g44719.t1/Montipora_capitata_HIv3___RNAseq.g9087.t1/Montipora_capitata_HIv3___RNAseq.g14625.t1/Montipora_capitata_HIv3___RNAseq.g15140.t1/Montipora_capitata_HIv3___RNAseq.g14956.t1/Montipora_capitata_HIv3___RNAseq.g39706.t2/Montipora_capitata_HIv3___RNAseq.g22853.t1/Montipora_capitata_HIv3___TS.g32614.t2/Montipora_capitata_HIv3___RNAseq.g11658.t1/Montipora_capitata_HIv3___RNAseq.g14488.t1/Montipora_capitata_HIv3___TS.g47745.t1/Montipora_capitata_HIv3___RNAseq.g37450.t2/Montipora_capitata_HIv3___RNAseq.g20763.t1/Montipora_capitata_HIv3___TS.g20607.t1/Montipora_capitata_HIv3___TS.g46192.t3,0.9980232391306181,membrane-bounded organelle,CC
GO:0001701,in utero embryonic development,3/79,245/8363,0.40935748866524,1.311715670035159,3,245,Montipora_capitata_HIv3___RNAseq.g18698.t1/Montipora_capitata_HIv3___RNAseq.g8971.t1/Montipora_capitata_HIv3___RNAseq.g15188.t1,0.9980232391306181,in utero embryonic development,BP
GO:0051301,cell division,4/79,345/8363,0.41201260659516714,1.2422695797982497,4,345,Montipora_capitata_HIv3___RNAseq.g8971.t1/Montipora_capitata_HIv3___RNAseq.g23247.t1/Montipora_capitata_HIv3___RNAseq.g15029.t1b/Montipora_capitata_HIv3___TS.g21895.t1,0.9980232391306181,cell division,BP
GO:0045944,positive regulation of transcription by RNA polymerase II,7/79,647/8363,0.41232718176746364,1.1611750383783623,7,647,Montipora_capitata_HIv3___TS.g33283.t2/Montipora_capitata_HIv3___RNAseq.g6978.t1/Montipora_capitata_HIv3___RNAseq.g26525.t1/Montipora_capitata_HIv3___RNAseq.g8971.t1/Montipora_capitata_HIv3___RNAseq.g41333.t1/Montipora_capitata_HIv3___TS.g47745.t1/Montipora_capitata_HIv3___TS.g46192.t3,0.9980232391306181,positive regulation of transcription by RNA polymerase II,BP
GO:0070201,regulation of establishment of protein localization,5/79,446/8363,0.4139697807233643,1.2016308425273787,5,446,Montipora_capitata_HIv3___TS.g33283.t2/Montipora_capitata_HIv3___RNAseq.g6978.t1/Montipora_capitata_HIv3___RNAseq.g24095.t1/Montipora_capitata_HIv3___RNAseq.g14488.t1/Montipora_capitata_HIv3___TS.g47745.t1,0.9980232391306181,regulation of establishment of protein localization,BP
GO:0002119,nematode larval development,3/79,247/8363,0.41445657797156477,1.3006419963665208,3,247,Montipora_capitata_HIv3___RNAseq.g15043.t1/Montipora_capitata_HIv3___RNAseq.g42608.t1/Montipora_capitata_HIv3___RNAseq.g8971.t1,0.9980232391306181,nematode larval development,BP
GO:0007018,microtubule-based movement,3/79,247/8363,0.41445657797156477,1.3006419963665208,3,247,Montipora_capitata_HIv3___TS.g5653.t1/Montipora_capitata_HIv3___RNAseq.g42740.t1/Montipora_capitata_HIv3___RNAseq.g1174.t1,0.9980232391306181,microtubule-based movement,BP
GO:0003008,system process,10/79,956/8363,0.41667623629325956,1.1241428838696899,10,956,Montipora_capitata_HIv3___RNAseq.g26525.t1/Montipora_capitata_HIv3___RNAseq.g13129.t1/Montipora_capitata_HIv3___RNAseq.g47205.t1/Montipora_capitata_HIv3___RNAseq.g668.t1/Montipora_capitata_HIv3___RNAseq.g24095.t1/Montipora_capitata_HIv3___RNAseq.g18698.t1/Montipora_capitata_HIv3___RNAseq.g8971.t1/Montipora_capitata_HIv3___RNAseq.g1174.t1/Montipora_capitata_HIv3___RNAseq.g12947.t1/Montipora_capitata_HIv3___RNAseq.g14488.t1,0.9980232391306181,system process,BP
GO:0009798,axis specification,3/79,252/8363,0.4271459177241119,1.2737360180815573,3,252,Montipora_capitata_HIv3___RNAseq.g23247.t1/Montipora_capitata_HIv3___RNAseq.g28116.t1/Montipora_capitata_HIv3___TS.g46192.t3,0.9980232391306181,axis specification,BP
GO:0002443,leukocyte mediated immunity,4/79,353/8363,0.42917190103949054,1.2125753254073974,4,353,Montipora_capitata_HIv3___TS.g33283.t2/Montipora_capitata_HIv3___RNAseq.g44519.t1/Montipora_capitata_HIv3___RNAseq.g18698.t1/Montipora_capitata_HIv3___RNAseq.g14488.t1,0.9980232391306181,leukocyte mediated immunity,BP
GO:0043226,organelle,64/79,6646/8363,0.4305933938587284,1.1032788645573859,64,6646,Montipora_capitata_HIv3___TS.g33283.t2/Montipora_capitata_HIv3___RNAseq.g6978.t1/Montipora_capitata_HIv3___RNAseq.g36845.t1/Montipora_capitata_HIv3___RNAseq.g2559.t1a/Montipora_capitata_HIv3___RNAseq.g26525.t1/Montipora_capitata_HIv3___RNAseq.g35299.t1/Montipora_capitata_HIv3___RNAseq.g12807.t1/Montipora_capitata_HIv3___RNAseq.g34092.t1/Montipora_capitata_HIv3___RNAseq.g44519.t1/Montipora_capitata_HIv3___RNAseq.g50691.t1/Montipora_capitata_HIv3___RNAseq.g3374.t1/Montipora_capitata_HIv3___RNAseq.g42608.t1/Montipora_capitata_HIv3___RNAseq.g39887.t1/Montipora_capitata_HIv3___RNAseq.g12736.t1/Montipora_capitata_HIv3___RNAseq.g44539.t1/Montipora_capitata_HIv3___RNAseq.g403.t1/Montipora_capitata_HIv3___RNAseq.g24524.t1/Montipora_capitata_HIv3___RNAseq.g13857.t1/Montipora_capitata_HIv3___RNAseq.g668.t1/Montipora_capitata_HIv3___RNAseq.g24095.t1/Montipora_capitata_HIv3___RNAseq.g12548.t1/Montipora_capitata_HIv3___RNAseq.g18698.t1/Montipora_capitata_HIv3___RNAseq.g8971.t1/Montipora_capitata_HIv3___RNAseq.g18395.t1/Montipora_capitata_HIv3___TS.g40519.t3/Montipora_capitata_HIv3___RNAseq.g20807.t2/Montipora_capitata_HIv3___RNAseq.g36935.t1/Montipora_capitata_HIv3___TS.g5653.t1/Montipora_capitata_HIv3___RNAseq.g9338.t1/Montipora_capitata_HIv3___TS.g6904.t1/Montipora_capitata_HIv3___RNAseq.g14155.t1/Montipora_capitata_HIv3___RNAseq.g32149.t1/Montipora_capitata_HIv3___RNAseq.g30434.t1/Montipora_capitata_HIv3___RNAseq.g40284.t1/Montipora_capitata_HIv3___RNAseq.g42740.t1/Montipora_capitata_HIv3___RNAseq.g41333.t1/Montipora_capitata_HIv3___RNAseq.g22408.t1/Montipora_capitata_HIv3___RNAseq.g1174.t1/Montipora_capitata_HIv3___RNAseq.g23247.t1/Montipora_capitata_HIv3___RNAseq.g39974.t1/Montipora_capitata_HIv3___RNAseq.g15188.t1/Montipora_capitata_HIv3___RNAseq.g49962.t1/Montipora_capitata_HIv3___RNAseq.g18929.t1/Montipora_capitata_HIv3___TS.g50674.t1/Montipora_capitata_HIv3___RNAseq.g8270.t1/Montipora_capitata_HIv3___TS.g28908.t1/Montipora_capitata_HIv3___RNAseq.g43111.t1/Montipora_capitata_HIv3___RNAseq.g15029.t1b/Montipora_capitata_HIv3___TS.g21895.t1/Montipora_capitata_HIv3___RNAseq.g44719.t1/Montipora_capitata_HIv3___RNAseq.g9087.t1/Montipora_capitata_HIv3___RNAseq.g14625.t1/Montipora_capitata_HIv3___RNAseq.g15140.t1/Montipora_capitata_HIv3___RNAseq.g14956.t1/Montipora_capitata_HIv3___RNAseq.g39706.t2/Montipora_capitata_HIv3___RNAseq.g22853.t1/Montipora_capitata_HIv3___TS.g32614.t2/Montipora_capitata_HIv3___RNAseq.g11658.t1/Montipora_capitata_HIv3___RNAseq.g14488.t1/Montipora_capitata_HIv3___TS.g47745.t1/Montipora_capitata_HIv3___RNAseq.g37450.t2/Montipora_capitata_HIv3___RNAseq.g20763.t1/Montipora_capitata_HIv3___TS.g20607.t1/Montipora_capitata_HIv3___TS.g46192.t3,0.9980232391306181,organelle,CC
GO:0015630,microtubule cytoskeleton,8/79,761/8363,0.4307094608976737,1.126879700830629,8,761,Montipora_capitata_HIv3___RNAseq.g39887.t1/Montipora_capitata_HIv3___RNAseq.g403.t1/Montipora_capitata_HIv3___RNAseq.g24095.t1/Montipora_capitata_HIv3___TS.g5653.t1/Montipora_capitata_HIv3___RNAseq.g15029.t1b/Montipora_capitata_HIv3___TS.g21895.t1/Montipora_capitata_HIv3___RNAseq.g22853.t1/Montipora_capitata_HIv3___TS.g47745.t1,0.9980232391306181,microtubule cytoskeleton,CC
GO:0040007,growth,5/79,455/8363,0.431010647770253,1.176250588995874,5,455,Montipora_capitata_HIv3___RNAseq.g668.t1/Montipora_capitata_HIv3___RNAseq.g8971.t1/Montipora_capitata_HIv3___RNAseq.g39974.t1/Montipora_capitata_HIv3___RNAseq.g15188.t1/Montipora_capitata_HIv3___TS.g47745.t1,0.9980232391306181,growth,BP
GO:0006950,response to stress,21/79,2109/8363,0.4321454647814701,1.0744136773019453,21,2109,Montipora_capitata_HIv3___TS.g33283.t2/Montipora_capitata_HIv3___RNAseq.g6978.t1/Montipora_capitata_HIv3___RNAseq.g26525.t1/Montipora_capitata_HIv3___RNAseq.g34092.t1/Montipora_capitata_HIv3___RNAseq.g44519.t1/Montipora_capitata_HIv3___RNAseq.g50691.t1/Montipora_capitata_HIv3___RNAseq.g13129.t1/Montipora_capitata_HIv3___RNAseq.g42608.t1/Montipora_capitata_HIv3___RNAseq.g668.t1/Montipora_capitata_HIv3___RNAseq.g24095.t1/Montipora_capitata_HIv3___RNAseq.g18698.t1/Montipora_capitata_HIv3___RNAseq.g8971.t1/Montipora_capitata_HIv3___TS.g40519.t3/Montipora_capitata_HIv3___RNAseq.g42740.t1/Montipora_capitata_HIv3___RNAseq.g39974.t1/Montipora_capitata_HIv3___RNAseq.g15188.t1/Montipora_capitata_HIv3___RNAseq.g18929.t1/Montipora_capitata_HIv3___RNAseq.g15140.t1/Montipora_capitata_HIv3___RNAseq.g26867.t1/Montipora_capitata_HIv3___RNAseq.g14488.t1/Montipora_capitata_HIv3___TS.g47745.t1,0.9980232391306181,response to stress,BP
GO:0006955,immune response,7/79,660/8363,0.43293314937270333,1.136124277535409,7,660,Montipora_capitata_HIv3___TS.g33283.t2/Montipora_capitata_HIv3___RNAseq.g6978.t1/Montipora_capitata_HIv3___RNAseq.g44519.t1/Montipora_capitata_HIv3___RNAseq.g24095.t1/Montipora_capitata_HIv3___RNAseq.g18698.t1/Montipora_capitata_HIv3___RNAseq.g15140.t1/Montipora_capitata_HIv3___RNAseq.g14488.t1,0.9980232391306181,immune response,BP
GO:0055065,GO:0055065,4/79,355/8363,0.4334441450731812,1.2053632428851537,4,355,Montipora_capitata_HIv3___TS.g33283.t2/Montipora_capitata_HIv3___RNAseq.g34092.t1/Montipora_capitata_HIv3___RNAseq.g13129.t1/Montipora_capitata_HIv3___RNAseq.g24095.t1,0.9980232391306181,NA,NA
GO:0050877,nervous system process,7/79,661/8363,0.4345160344674699,1.134237566594558,7,661,Montipora_capitata_HIv3___RNAseq.g26525.t1/Montipora_capitata_HIv3___RNAseq.g47205.t1/Montipora_capitata_HIv3___RNAseq.g668.t1/Montipora_capitata_HIv3___RNAseq.g24095.t1/Montipora_capitata_HIv3___RNAseq.g8971.t1/Montipora_capitata_HIv3___RNAseq.g1174.t1/Montipora_capitata_HIv3___RNAseq.g12947.t1,0.9980232391306181,nervous system process,BP
GO:0006520,amino acid metabolic process,3/79,255/8363,0.43471627925960754,1.258104887550838,3,255,Montipora_capitata_HIv3___RNAseq.g20771.t1/Montipora_capitata_HIv3___RNAseq.g14488.t1/Montipora_capitata_HIv3___RNAseq.g37450.t2,0.9980232391306181,amino acid metabolic process,BP
GO:0060429,epithelium development,12/79,1178/8363,0.4369562383083214,1.09338309048599,12,1178,Montipora_capitata_HIv3___RNAseq.g2559.t1a/Montipora_capitata_HIv3___RNAseq.g13857.t1/Montipora_capitata_HIv3___RNAseq.g668.t1/Montipora_capitata_HIv3___RNAseq.g18698.t1/Montipora_capitata_HIv3___RNAseq.g8971.t1/Montipora_capitata_HIv3___RNAseq.g41333.t1/Montipora_capitata_HIv3___RNAseq.g28116.t1/Montipora_capitata_HIv3___RNAseq.g14625.t1/Montipora_capitata_HIv3___RNAseq.g39706.t2/Montipora_capitata_HIv3___RNAseq.g14488.t1/Montipora_capitata_HIv3___TS.g20607.t1/Montipora_capitata_HIv3___TS.g46192.t3,0.9980232391306181,epithelium development,BP
GO:0046914,transition metal ion binding,5/79,460/8363,0.4404418383262354,1.1625842543788574,5,460,Montipora_capitata_HIv3___RNAseq.g12736.t1/Montipora_capitata_HIv3___RNAseq.g41416.t2a/Montipora_capitata_HIv3___RNAseq.g32149.t1/Montipora_capitata_HIv3___RNAseq.g15188.t1/Montipora_capitata_HIv3___RNAseq.g14488.t1,0.9980232391306181,transition metal ion binding,MF
GO:0005730,nucleolus,7/79,666/8363,0.4424234920916351,1.124889802206116,7,666,Montipora_capitata_HIv3___RNAseq.g403.t1/Montipora_capitata_HIv3___RNAseq.g8971.t1/Montipora_capitata_HIv3___RNAseq.g9338.t1/Montipora_capitata_HIv3___RNAseq.g41333.t1/Montipora_capitata_HIv3___RNAseq.g18929.t1/Montipora_capitata_HIv3___RNAseq.g43111.t1/Montipora_capitata_HIv3___TS.g47745.t1,0.9980232391306181,nucleolus,CC
GO:0010256,endomembrane system organization,4/79,360/8363,0.4440893796619868,1.1876875334333135,4,360,Montipora_capitata_HIv3___RNAseq.g6978.t1/Montipora_capitata_HIv3___RNAseq.g1174.t1/Montipora_capitata_HIv3___RNAseq.g49962.t1/Montipora_capitata_HIv3___RNAseq.g15029.t1b,0.9980232391306181,endomembrane system organization,BP
GO:2001233,regulation of apoptotic signaling pathway,3/79,259/8363,0.4447553490138785,1.237833225942213,3,259,Montipora_capitata_HIv3___RNAseq.g24095.t1/Montipora_capitata_HIv3___RNAseq.g8971.t1/Montipora_capitata_HIv3___RNAseq.g15188.t1,0.9980232391306181,regulation of apoptotic signaling pathway,BP
GO:0044092,negative regulation of molecular function,6/79,565/8363,0.44523584383259773,1.1358156060112985,6,565,Montipora_capitata_HIv3___RNAseq.g41637.t1/Montipora_capitata_HIv3___RNAseq.g34092.t1/Montipora_capitata_HIv3___RNAseq.g32149.t1/Montipora_capitata_HIv3___RNAseq.g15029.t1b/Montipora_capitata_HIv3___RNAseq.g39706.t2/Montipora_capitata_HIv3___RNAseq.g14488.t1,0.9980232391306181,negative regulation of molecular function,BP
GO:0055082,intracellular chemical homeostasis,5/79,464/8363,0.44796417557146884,1.15186553624131,5,464,Montipora_capitata_HIv3___TS.g33283.t2/Montipora_capitata_HIv3___RNAseq.g34092.t1/Montipora_capitata_HIv3___RNAseq.g13129.t1/Montipora_capitata_HIv3___RNAseq.g24095.t1/Montipora_capitata_HIv3___RNAseq.g15029.t1b,0.9980232391306181,intracellular chemical homeostasis,BP
GO:0051130,positive regulation of cellular component organization,9/79,877/8363,0.44933162665915105,1.0984399211655247,9,877,Montipora_capitata_HIv3___RNAseq.g6978.t1/Montipora_capitata_HIv3___RNAseq.g24095.t1/Montipora_capitata_HIv3___RNAseq.g8971.t1/Montipora_capitata_HIv3___RNAseq.g24020.t1/Montipora_capitata_HIv3___RNAseq.g23247.t1/Montipora_capitata_HIv3___RNAseq.g15029.t1b/Montipora_capitata_HIv3___RNAseq.g39706.t2/Montipora_capitata_HIv3___TS.g47745.t1/Montipora_capitata_HIv3___TS.g20607.t1,0.9980232391306181,positive regulation of cellular component organization,BP
GO:0030334,regulation of cell migration,5/79,465/8363,0.4498413099292534,1.1492149801363254,5,465,Montipora_capitata_HIv3___RNAseq.g6978.t1/Montipora_capitata_HIv3___RNAseq.g18698.t1/Montipora_capitata_HIv3___RNAseq.g8971.t1/Montipora_capitata_HIv3___RNAseq.g15029.t1b/Montipora_capitata_HIv3___RNAseq.g39706.t2,0.9980232391306181,regulation of cell migration,BP
GO:0004888,transmembrane signaling receptor activity,3/79,263/8363,0.4547275811390299,1.2181852659363277,3,263,Montipora_capitata_HIv3___RNAseq.g13129.t1/Montipora_capitata_HIv3___RNAseq.g8971.t1/Montipora_capitata_HIv3___RNAseq.g28116.t1,0.9980232391306181,transmembrane signaling receptor activity,MF
GO:0005524,ATP binding,3/79,263/8363,0.4547275811390299,1.2181852659363277,3,263,Montipora_capitata_HIv3___RNAseq.g12736.t1/Montipora_capitata_HIv3___RNAseq.g18698.t1/Montipora_capitata_HIv3___TS.g47745.t1,0.9980232391306181,ATP binding,MF
GO:1903508,GO:1903508,9/79,881/8363,0.4549094270984816,1.092809220859911,9,881,Montipora_capitata_HIv3___TS.g33283.t2/Montipora_capitata_HIv3___RNAseq.g6978.t1/Montipora_capitata_HIv3___RNAseq.g26525.t1/Montipora_capitata_HIv3___RNAseq.g403.t1/Montipora_capitata_HIv3___RNAseq.g8971.t1/Montipora_capitata_HIv3___RNAseq.g36935.t1/Montipora_capitata_HIv3___RNAseq.g41333.t1/Montipora_capitata_HIv3___TS.g47745.t1/Montipora_capitata_HIv3___TS.g46192.t3,0.9980232391306181,NA,NA
GO:0044093,positive regulation of molecular function,10/79,985/8363,0.4552054679308991,1.0864553117942888,10,985,Montipora_capitata_HIv3___TS.g33283.t2/Montipora_capitata_HIv3___RNAseq.g6978.t1/Montipora_capitata_HIv3___RNAseq.g15043.t1/Montipora_capitata_HIv3___RNAseq.g34092.t1/Montipora_capitata_HIv3___RNAseq.g13129.t1/Montipora_capitata_HIv3___RNAseq.g8971.t1/Montipora_capitata_HIv3___RNAseq.g41333.t1/Montipora_capitata_HIv3___RNAseq.g49962.t1/Montipora_capitata_HIv3___RNAseq.g18929.t1/Montipora_capitata_HIv3___TS.g47745.t1,0.9980232391306181,positive regulation of molecular function,BP
GO:1902680,positive regulation of RNA biosynthetic process,9/79,882/8363,0.4563029499065874,1.091482322745733,9,882,Montipora_capitata_HIv3___TS.g33283.t2/Montipora_capitata_HIv3___RNAseq.g6978.t1/Montipora_capitata_HIv3___RNAseq.g26525.t1/Montipora_capitata_HIv3___RNAseq.g403.t1/Montipora_capitata_HIv3___RNAseq.g8971.t1/Montipora_capitata_HIv3___RNAseq.g36935.t1/Montipora_capitata_HIv3___RNAseq.g41333.t1/Montipora_capitata_HIv3___TS.g47745.t1/Montipora_capitata_HIv3___TS.g46192.t3,0.9980232391306181,positive regulation of RNA biosynthetic process,BP
GO:0044249,cellular biosynthetic process,21/79,2135/8363,0.45751517045086676,1.0567457837439391,21,2135,Montipora_capitata_HIv3___TS.g33283.t2/Montipora_capitata_HIv3___RNAseq.g6978.t1/Montipora_capitata_HIv3___RNAseq.g36845.t1/Montipora_capitata_HIv3___RNAseq.g34092.t1/Montipora_capitata_HIv3___RNAseq.g3374.t1/Montipora_capitata_HIv3___RNAseq.g12736.t1/Montipora_capitata_HIv3___RNAseq.g24095.t1/Montipora_capitata_HIv3___RNAseq.g8971.t1/Montipora_capitata_HIv3___RNAseq.g20771.t1/Montipora_capitata_HIv3___TS.g6904.t1/Montipora_capitata_HIv3___RNAseq.g42740.t1/Montipora_capitata_HIv3___RNAseq.g15188.t1/Montipora_capitata_HIv3___TS.g50674.t1/Montipora_capitata_HIv3___RNAseq.g43111.t1/Montipora_capitata_HIv3___RNAseq.g14956.t1/Montipora_capitata_HIv3___RNAseq.g39706.t2/Montipora_capitata_HIv3___RNAseq.g11658.t1/Montipora_capitata_HIv3___RNAseq.g14488.t1/Montipora_capitata_HIv3___RNAseq.g37450.t2/Montipora_capitata_HIv3___RNAseq.g20763.t1/Montipora_capitata_HIv3___TS.g46192.t3,0.9980232391306181,cellular biosynthetic process,BP
GO:0044427,GO:0044427,6/79,573/8363,0.45887131567803185,1.1186256284164608,6,573,Montipora_capitata_HIv3___RNAseq.g26525.t1/Montipora_capitata_HIv3___RNAseq.g403.t1/Montipora_capitata_HIv3___RNAseq.g18929.t1/Montipora_capitata_HIv3___RNAseq.g15140.t1/Montipora_capitata_HIv3___TS.g32614.t2/Montipora_capitata_HIv3___TS.g47745.t1,0.9980232391306181,NA,NA
GO:0006397,mRNA processing,4/79,368/8363,0.461003589851938,1.1604163454547065,4,368,Montipora_capitata_HIv3___RNAseq.g26525.t1/Montipora_capitata_HIv3___RNAseq.g12736.t1/Montipora_capitata_HIv3___RNAseq.g18395.t1/Montipora_capitata_HIv3___TS.g47745.t1,0.9980232391306181,mRNA processing,BP
GO:0044089,positive regulation of cellular component biogenesis,4/79,368/8363,0.461003589851938,1.1604163454547065,4,368,Montipora_capitata_HIv3___RNAseq.g403.t1/Montipora_capitata_HIv3___RNAseq.g15029.t1b/Montipora_capitata_HIv3___RNAseq.g39706.t2/Montipora_capitata_HIv3___TS.g47745.t1,0.9980232391306181,positive regulation of cellular component biogenesis,BP
GO:0005813,centrosome,4/79,371/8363,0.46730468027456384,1.1504961396854065,4,371,Montipora_capitata_HIv3___RNAseq.g39887.t1/Montipora_capitata_HIv3___RNAseq.g403.t1/Montipora_capitata_HIv3___RNAseq.g15029.t1b/Montipora_capitata_HIv3___TS.g47745.t1,0.9980232391306181,centrosome,CC
GO:0035639,purine ribonucleoside triphosphate binding,4/79,371/8363,0.46730468027456384,1.1504961396854065,4,371,Montipora_capitata_HIv3___RNAseq.g13129.t1/Montipora_capitata_HIv3___RNAseq.g12736.t1/Montipora_capitata_HIv3___RNAseq.g18698.t1/Montipora_capitata_HIv3___TS.g47745.t1,0.9980232391306181,purine ribonucleoside triphosphate binding,MF
GO:0043231,intracellular membrane-bounded organelle,55/79,5729/8363,0.4688797727215881,1.0541434666832288,55,5729,Montipora_capitata_HIv3___RNAseq.g6978.t1/Montipora_capitata_HIv3___RNAseq.g36845.t1/Montipora_capitata_HIv3___RNAseq.g26525.t1/Montipora_capitata_HIv3___RNAseq.g35299.t1/Montipora_capitata_HIv3___RNAseq.g34092.t1/Montipora_capitata_HIv3___RNAseq.g44519.t1/Montipora_capitata_HIv3___RNAseq.g50691.t1/Montipora_capitata_HIv3___RNAseq.g3374.t1/Montipora_capitata_HIv3___RNAseq.g42608.t1/Montipora_capitata_HIv3___RNAseq.g12736.t1/Montipora_capitata_HIv3___RNAseq.g44539.t1/Montipora_capitata_HIv3___RNAseq.g403.t1/Montipora_capitata_HIv3___RNAseq.g24524.t1/Montipora_capitata_HIv3___RNAseq.g13857.t1/Montipora_capitata_HIv3___RNAseq.g24095.t1/Montipora_capitata_HIv3___RNAseq.g12548.t1/Montipora_capitata_HIv3___RNAseq.g8971.t1/Montipora_capitata_HIv3___RNAseq.g18395.t1/Montipora_capitata_HIv3___TS.g40519.t3/Montipora_capitata_HIv3___RNAseq.g36935.t1/Montipora_capitata_HIv3___RNAseq.g9338.t1/Montipora_capitata_HIv3___TS.g6904.t1/Montipora_capitata_HIv3___RNAseq.g14155.t1/Montipora_capitata_HIv3___RNAseq.g32149.t1/Montipora_capitata_HIv3___RNAseq.g30434.t1/Montipora_capitata_HIv3___RNAseq.g40284.t1/Montipora_capitata_HIv3___RNAseq.g42740.t1/Montipora_capitata_HIv3___RNAseq.g41333.t1/Montipora_capitata_HIv3___RNAseq.g22408.t1/Montipora_capitata_HIv3___RNAseq.g1174.t1/Montipora_capitata_HIv3___RNAseq.g23247.t1/Montipora_capitata_HIv3___RNAseq.g39974.t1/Montipora_capitata_HIv3___RNAseq.g15188.t1/Montipora_capitata_HIv3___RNAseq.g49962.t1/Montipora_capitata_HIv3___RNAseq.g18929.t1/Montipora_capitata_HIv3___TS.g50674.t1/Montipora_capitata_HIv3___RNAseq.g8270.t1/Montipora_capitata_HIv3___TS.g28908.t1/Montipora_capitata_HIv3___RNAseq.g43111.t1/Montipora_capitata_HIv3___RNAseq.g15029.t1b/Montipora_capitata_HIv3___TS.g21895.t1/Montipora_capitata_HIv3___RNAseq.g44719.t1/Montipora_capitata_HIv3___RNAseq.g9087.t1/Montipora_capitata_HIv3___RNAseq.g15140.t1/Montipora_capitata_HIv3___RNAseq.g14956.t1/Montipora_capitata_HIv3___RNAseq.g39706.t2/Montipora_capitata_HIv3___RNAseq.g22853.t1/Montipora_capitata_HIv3___TS.g32614.t2/Montipora_capitata_HIv3___RNAseq.g11658.t1/Montipora_capitata_HIv3___RNAseq.g14488.t1/Montipora_capitata_HIv3___TS.g47745.t1/Montipora_capitata_HIv3___RNAseq.g37450.t2/Montipora_capitata_HIv3___RNAseq.g20763.t1/Montipora_capitata_HIv3___TS.g20607.t1/Montipora_capitata_HIv3___TS.g46192.t3,0.9980232391306181,intracellular membrane-bounded organelle,CC
GO:0008283,cell population proliferation,6/79,579/8363,0.46905223390394435,1.106044767976531,6,579,Montipora_capitata_HIv3___RNAseq.g6978.t1/Montipora_capitata_HIv3___RNAseq.g8971.t1/Montipora_capitata_HIv3___RNAseq.g32149.t1/Montipora_capitata_HIv3___RNAseq.g15029.t1b/Montipora_capitata_HIv3___RNAseq.g39706.t2/Montipora_capitata_HIv3___RNAseq.g20763.t1,0.9980232391306181,cell population proliferation,BP
GO:0010608,post-transcriptional regulation of gene expression,4/79,372/8363,0.46939961360002747,1.1472253429530181,4,372,Montipora_capitata_HIv3___RNAseq.g42608.t1/Montipora_capitata_HIv3___RNAseq.g15188.t1/Montipora_capitata_HIv3___RNAseq.g18929.t1/Montipora_capitata_HIv3___TS.g47745.t1,0.9980232391306181,post-transcriptional regulation of gene expression,BP
GO:0050769,positive regulation of neurogenesis,4/79,372/8363,0.46939961360002747,1.1472253429530181,4,372,Montipora_capitata_HIv3___RNAseq.g6978.t1/Montipora_capitata_HIv3___RNAseq.g8971.t1/Montipora_capitata_HIv3___RNAseq.g24020.t1/Montipora_capitata_HIv3___RNAseq.g39706.t2,0.9980232391306181,positive regulation of neurogenesis,BP
GO:0032787,monocarboxylic acid metabolic process,4/79,373/8363,0.47149175692930356,1.1439722719252134,4,373,Montipora_capitata_HIv3___TS.g33283.t2/Montipora_capitata_HIv3___RNAseq.g44719.t1/Montipora_capitata_HIv3___RNAseq.g9087.t1/Montipora_capitata_HIv3___RNAseq.g14956.t1,0.9980232391306181,monocarboxylic acid metabolic process,BP
GO:0006935,chemotaxis,4/79,373/8363,0.47149175692930356,1.1439722719252134,4,373,Montipora_capitata_HIv3___TS.g33283.t2/Montipora_capitata_HIv3___RNAseq.g15043.t1/Montipora_capitata_HIv3___RNAseq.g24020.t1/Montipora_capitata_HIv3___TS.g46192.t3,0.9980232391306181,chemotaxis,BP
GO:0048037,GO:0048037,3/79,270/8363,0.47200497402436226,1.185217802237684,3,270,Montipora_capitata_HIv3___RNAseq.g34092.t1/Montipora_capitata_HIv3___RNAseq.g9087.t1/Montipora_capitata_HIv3___RNAseq.g37450.t2,0.9980232391306181,NA,NA
GO:0051098,regulation of binding,3/79,270/8363,0.47200497402436226,1.185217802237684,3,270,Montipora_capitata_HIv3___RNAseq.g41333.t1/Montipora_capitata_HIv3___RNAseq.g15029.t1b/Montipora_capitata_HIv3___TS.g47745.t1,0.9980232391306181,regulation of binding,BP
GO:0016462,pyrophosphatase activity,6/79,581/8363,0.4724360088625934,1.1019094827196885,6,581,Montipora_capitata_HIv3___RNAseq.g15043.t1/Montipora_capitata_HIv3___RNAseq.g42608.t1/Montipora_capitata_HIv3___RNAseq.g18698.t1/Montipora_capitata_HIv3___TS.g40519.t3/Montipora_capitata_HIv3___TS.g5653.t1/Montipora_capitata_HIv3___TS.g47745.t1,0.9980232391306181,pyrophosphatase activity,MF
GO:0016817,"hydrolase activity, acting on acid anhydrides",6/79,581/8363,0.4724360088625934,1.1019094827196885,6,581,Montipora_capitata_HIv3___RNAseq.g15043.t1/Montipora_capitata_HIv3___RNAseq.g42608.t1/Montipora_capitata_HIv3___RNAseq.g18698.t1/Montipora_capitata_HIv3___TS.g40519.t3/Montipora_capitata_HIv3___TS.g5653.t1/Montipora_capitata_HIv3___TS.g47745.t1,0.9980232391306181,"hydrolase activity, acting on acid anhydrides",MF
GO:0016818,"hydrolase activity, acting on acid anhydrides, in phosphorus-containing anhydrides",6/79,581/8363,0.4724360088625934,1.1019094827196885,6,581,Montipora_capitata_HIv3___RNAseq.g15043.t1/Montipora_capitata_HIv3___RNAseq.g42608.t1/Montipora_capitata_HIv3___RNAseq.g18698.t1/Montipora_capitata_HIv3___TS.g40519.t3/Montipora_capitata_HIv3___TS.g5653.t1/Montipora_capitata_HIv3___TS.g47745.t1,0.9980232391306181,"hydrolase activity, acting on acid anhydrides, in phosphorus-containing anhydrides",MF
GO:0006396,RNA processing,7/79,686/8363,0.4738871249100691,1.0888748742002785,7,686,Montipora_capitata_HIv3___RNAseq.g26525.t1/Montipora_capitata_HIv3___RNAseq.g12736.t1/Montipora_capitata_HIv3___RNAseq.g403.t1/Montipora_capitata_HIv3___RNAseq.g18395.t1/Montipora_capitata_HIv3___RNAseq.g18929.t1/Montipora_capitata_HIv3___TS.g28908.t1/Montipora_capitata_HIv3___TS.g47745.t1,0.9980232391306181,RNA processing,BP
GO:0006897,endocytosis,4/79,375/8363,0.4756674968273429,1.1375187334719363,4,375,Montipora_capitata_HIv3___RNAseq.g24095.t1/Montipora_capitata_HIv3___RNAseq.g18698.t1/Montipora_capitata_HIv3___RNAseq.g42740.t1/Montipora_capitata_HIv3___TS.g20607.t1,0.9980232391306181,endocytosis,BP
GO:0048471,perinuclear region of cytoplasm,5/79,479/8363,0.47595257988771333,1.113276167390118,5,479,Montipora_capitata_HIv3___RNAseq.g15043.t1/Montipora_capitata_HIv3___RNAseq.g8971.t1/Montipora_capitata_HIv3___RNAseq.g41416.t2a/Montipora_capitata_HIv3___RNAseq.g49962.t1/Montipora_capitata_HIv3___RNAseq.g15029.t1b,0.9980232391306181,perinuclear region of cytoplasm,CC
GO:0048568,embryonic organ development,4/79,376/8363,0.4777510060939696,1.1343179831446495,4,376,Montipora_capitata_HIv3___RNAseq.g2559.t1a/Montipora_capitata_HIv3___RNAseq.g8971.t1/Montipora_capitata_HIv3___TS.g46192.t3/Montipora_capitata_HIv3___RNAseq.g50276.t1,0.9980232391306181,embryonic organ development,BP
GO:0007600,sensory perception,4/79,378/8363,0.48190908825263634,1.127967824381045,4,378,Montipora_capitata_HIv3___RNAseq.g26525.t1/Montipora_capitata_HIv3___RNAseq.g668.t1/Montipora_capitata_HIv3___RNAseq.g8971.t1/Montipora_capitata_HIv3___RNAseq.g12947.t1,0.9980232391306181,sensory perception,BP
GO:0045862,positive regulation of proteolysis,3/79,275/8363,0.4842001633238574,1.1627084189035264,3,275,Montipora_capitata_HIv3___RNAseq.g8971.t1/Montipora_capitata_HIv3___RNAseq.g23247.t1/Montipora_capitata_HIv3___RNAseq.g39706.t2,0.9980232391306181,positive regulation of proteolysis,BP
GO:0043085,positive regulation of catalytic activity,8/79,798/8363,0.48519713999489344,1.068869763561461,8,798,Montipora_capitata_HIv3___TS.g33283.t2/Montipora_capitata_HIv3___RNAseq.g6978.t1/Montipora_capitata_HIv3___RNAseq.g15043.t1/Montipora_capitata_HIv3___RNAseq.g13129.t1/Montipora_capitata_HIv3___RNAseq.g8971.t1/Montipora_capitata_HIv3___RNAseq.g49962.t1/Montipora_capitata_HIv3___RNAseq.g18929.t1/Montipora_capitata_HIv3___TS.g47745.t1,0.9980232391306181,positive regulation of catalytic activity,BP
GO:0043086,negative regulation of catalytic activity,4/79,381/8363,0.4881232384729347,1.118568897551402,4,381,Montipora_capitata_HIv3___RNAseq.g41637.t1/Montipora_capitata_HIv3___RNAseq.g15029.t1b/Montipora_capitata_HIv3___RNAseq.g39706.t2/Montipora_capitata_HIv3___RNAseq.g14488.t1,0.9980232391306181,negative regulation of catalytic activity,BP
GO:0033043,regulation of organelle organization,9/79,907/8363,0.4909688887382352,1.057502280330553,9,907,Montipora_capitata_HIv3___RNAseq.g6978.t1/Montipora_capitata_HIv3___RNAseq.g42608.t1/Montipora_capitata_HIv3___RNAseq.g24095.t1/Montipora_capitata_HIv3___RNAseq.g18698.t1/Montipora_capitata_HIv3___RNAseq.g8971.t1/Montipora_capitata_HIv3___RNAseq.g23247.t1/Montipora_capitata_HIv3___RNAseq.g49962.t1/Montipora_capitata_HIv3___RNAseq.g15029.t1b/Montipora_capitata_HIv3___TS.g47745.t1,0.9980232391306181,regulation of organelle organization,BP
GO:0044444,GO:0044444,53/79,5542/8363,0.4909815988687012,1.0379819485976267,53,5542,Montipora_capitata_HIv3___TS.g33283.t2/Montipora_capitata_HIv3___RNAseq.g6978.t1/Montipora_capitata_HIv3___RNAseq.g36845.t1/Montipora_capitata_HIv3___RNAseq.g26525.t1/Montipora_capitata_HIv3___RNAseq.g15043.t1/Montipora_capitata_HIv3___TS.g44069.t1/Montipora_capitata_HIv3___RNAseq.g35299.t1/Montipora_capitata_HIv3___RNAseq.g34092.t1/Montipora_capitata_HIv3___RNAseq.g44519.t1/Montipora_capitata_HIv3___RNAseq.g50691.t1/Montipora_capitata_HIv3___RNAseq.g3374.t1/Montipora_capitata_HIv3___RNAseq.g42608.t1/Montipora_capitata_HIv3___RNAseq.g39887.t1/Montipora_capitata_HIv3___RNAseq.g12736.t1/Montipora_capitata_HIv3___RNAseq.g44539.t1/Montipora_capitata_HIv3___RNAseq.g403.t1/Montipora_capitata_HIv3___RNAseq.g24524.t1/Montipora_capitata_HIv3___RNAseq.g13857.t1/Montipora_capitata_HIv3___RNAseq.g24095.t1/Montipora_capitata_HIv3___RNAseq.g18698.t1/Montipora_capitata_HIv3___RNAseq.g8971.t1/Montipora_capitata_HIv3___RNAseq.g41416.t2a/Montipora_capitata_HIv3___RNAseq.g20807.t2/Montipora_capitata_HIv3___TS.g5653.t1/Montipora_capitata_HIv3___TS.g6904.t1/Montipora_capitata_HIv3___RNAseq.g14155.t1/Montipora_capitata_HIv3___RNAseq.g30434.t1/Montipora_capitata_HIv3___RNAseq.g42740.t1/Montipora_capitata_HIv3___RNAseq.g41333.t1/Montipora_capitata_HIv3___RNAseq.g22408.t1/Montipora_capitata_HIv3___RNAseq.g1174.t1/Montipora_capitata_HIv3___RNAseq.g23247.t1/Montipora_capitata_HIv3___RNAseq.g39974.t1/Montipora_capitata_HIv3___RNAseq.g15188.t1/Montipora_capitata_HIv3___RNAseq.g49962.t1/Montipora_capitata_HIv3___RNAseq.g18929.t1/Montipora_capitata_HIv3___TS.g50674.t1/Montipora_capitata_HIv3___RNAseq.g43111.t1/Montipora_capitata_HIv3___RNAseq.g15029.t1b/Montipora_capitata_HIv3___TS.g21895.t1/Montipora_capitata_HIv3___RNAseq.g44719.t1/Montipora_capitata_HIv3___RNAseq.g9087.t1/Montipora_capitata_HIv3___RNAseq.g14625.t1/Montipora_capitata_HIv3___RNAseq.g14956.t1/Montipora_capitata_HIv3___RNAseq.g39706.t2/Montipora_capitata_HIv3___RNAseq.g22853.t1/Montipora_capitata_HIv3___TS.g32614.t2/Montipora_capitata_HIv3___RNAseq.g11658.t1/Montipora_capitata_HIv3___RNAseq.g14488.t1/Montipora_capitata_HIv3___TS.g47745.t1/Montipora_capitata_HIv3___RNAseq.g37450.t2/Montipora_capitata_HIv3___RNAseq.g20763.t1/Montipora_capitata_HIv3___TS.g20607.t1,0.9980232391306181,NA,NA
GO:0016567,protein ubiquitination,4/79,383/8363,0.4922502083609501,1.112385598117258,4,383,Montipora_capitata_HIv3___RNAseq.g35299.t1/Montipora_capitata_HIv3___RNAseq.g32149.t1/Montipora_capitata_HIv3___RNAseq.g23247.t1/Montipora_capitata_HIv3___RNAseq.g15188.t1,0.9980232391306181,protein ubiquitination,BP
GO:0044430,GO:0044430,9/79,908/8363,0.49234682938777397,1.056182476711733,9,908,Montipora_capitata_HIv3___RNAseq.g39887.t1/Montipora_capitata_HIv3___RNAseq.g403.t1/Montipora_capitata_HIv3___RNAseq.g24095.t1/Montipora_capitata_HIv3___RNAseq.g18698.t1/Montipora_capitata_HIv3___TS.g5653.t1/Montipora_capitata_HIv3___RNAseq.g15029.t1b/Montipora_capitata_HIv3___TS.g21895.t1/Montipora_capitata_HIv3___RNAseq.g22853.t1/Montipora_capitata_HIv3___TS.g47745.t1,0.9980232391306181,NA,NA
GO:0000902,cell morphogenesis,7/79,698/8363,0.4925850581726059,1.0683370443281173,7,698,Montipora_capitata_HIv3___RNAseq.g8971.t1/Montipora_capitata_HIv3___RNAseq.g24020.t1/Montipora_capitata_HIv3___RNAseq.g39706.t2/Montipora_capitata_HIv3___TS.g47745.t1/Montipora_capitata_HIv3___RNAseq.g37450.t2/Montipora_capitata_HIv3___TS.g20607.t1/Montipora_capitata_HIv3___TS.g46192.t3,0.9980232391306181,cell morphogenesis,BP
GO:0010468,regulation of gene expression,21/79,2172/8363,0.4936568589084541,1.0323403201656627,21,2172,Montipora_capitata_HIv3___TS.g33283.t2/Montipora_capitata_HIv3___RNAseq.g6978.t1/Montipora_capitata_HIv3___RNAseq.g26525.t1/Montipora_capitata_HIv3___RNAseq.g42608.t1/Montipora_capitata_HIv3___RNAseq.g12736.t1/Montipora_capitata_HIv3___RNAseq.g403.t1/Montipora_capitata_HIv3___RNAseq.g13857.t1/Montipora_capitata_HIv3___RNAseq.g8971.t1/Montipora_capitata_HIv3___RNAseq.g36935.t1/Montipora_capitata_HIv3___RNAseq.g32149.t1/Montipora_capitata_HIv3___RNAseq.g42740.t1/Montipora_capitata_HIv3___RNAseq.g41333.t1/Montipora_capitata_HIv3___RNAseq.g15188.t1/Montipora_capitata_HIv3___RNAseq.g18929.t1/Montipora_capitata_HIv3___RNAseq.g8270.t1/Montipora_capitata_HIv3___RNAseq.g28116.t1/Montipora_capitata_HIv3___RNAseq.g39706.t2/Montipora_capitata_HIv3___RNAseq.g11658.t1/Montipora_capitata_HIv3___TS.g47745.t1/Montipora_capitata_HIv3___RNAseq.g20763.t1/Montipora_capitata_HIv3___TS.g46192.t3,0.9980232391306181,regulation of gene expression,BP
GO:0006812,monoatomic cation transport,5/79,489/8363,0.4943768678839039,1.0888638079680761,5,489,Montipora_capitata_HIv3___RNAseq.g13129.t1/Montipora_capitata_HIv3___RNAseq.g668.t1/Montipora_capitata_HIv3___RNAseq.g41416.t2a/Montipora_capitata_HIv3___RNAseq.g14155.t1/Montipora_capitata_HIv3___RNAseq.g42740.t1,0.9980232391306181,monoatomic cation transport,BP
GO:0009952,anterior/posterior pattern specification,3/79,280/8363,0.49626548408136884,1.141011565587855,3,280,Montipora_capitata_HIv3___RNAseq.g23247.t1/Montipora_capitata_HIv3___RNAseq.g28116.t1/Montipora_capitata_HIv3___TS.g46192.t3,0.9980232391306181,anterior/posterior pattern specification,BP
GO:2000145,regulation of cell motility,5/79,491/8363,0.49803570586205914,1.0841019582870968,5,491,Montipora_capitata_HIv3___RNAseq.g6978.t1/Montipora_capitata_HIv3___RNAseq.g18698.t1/Montipora_capitata_HIv3___RNAseq.g8971.t1/Montipora_capitata_HIv3___RNAseq.g15029.t1b/Montipora_capitata_HIv3___RNAseq.g39706.t2,0.9980232391306181,regulation of cell motility,BP
GO:0055114,GO:0055114,7/79,703/8363,0.5003248627508297,1.0599596746052091,7,703,Montipora_capitata_HIv3___RNAseq.g34092.t1/Montipora_capitata_HIv3___RNAseq.g44519.t1/Montipora_capitata_HIv3___RNAseq.g50691.t1/Montipora_capitata_HIv3___RNAseq.g41416.t2a/Montipora_capitata_HIv3___RNAseq.g1174.t1/Montipora_capitata_HIv3___RNAseq.g9087.t1/Montipora_capitata_HIv3___RNAseq.g37450.t2,0.9980232391306181,NA,NA
GO:0044422,GO:0044422,51/79,5344/8363,0.5025509912504054,1.0292614451930935,51,5344,Montipora_capitata_HIv3___RNAseq.g6978.t1/Montipora_capitata_HIv3___RNAseq.g36845.t1/Montipora_capitata_HIv3___RNAseq.g2559.t1a/Montipora_capitata_HIv3___RNAseq.g26525.t1/Montipora_capitata_HIv3___RNAseq.g35299.t1/Montipora_capitata_HIv3___RNAseq.g12807.t1/Montipora_capitata_HIv3___RNAseq.g34092.t1/Montipora_capitata_HIv3___RNAseq.g44519.t1/Montipora_capitata_HIv3___RNAseq.g50691.t1/Montipora_capitata_HIv3___RNAseq.g3374.t1/Montipora_capitata_HIv3___RNAseq.g42608.t1/Montipora_capitata_HIv3___RNAseq.g39887.t1/Montipora_capitata_HIv3___RNAseq.g12736.t1/Montipora_capitata_HIv3___RNAseq.g44539.t1/Montipora_capitata_HIv3___RNAseq.g403.t1/Montipora_capitata_HIv3___RNAseq.g24524.t1/Montipora_capitata_HIv3___RNAseq.g13857.t1/Montipora_capitata_HIv3___RNAseq.g24095.t1/Montipora_capitata_HIv3___RNAseq.g18698.t1/Montipora_capitata_HIv3___RNAseq.g8971.t1/Montipora_capitata_HIv3___RNAseq.g18395.t1/Montipora_capitata_HIv3___TS.g40519.t3/Montipora_capitata_HIv3___TS.g5653.t1/Montipora_capitata_HIv3___RNAseq.g9338.t1/Montipora_capitata_HIv3___TS.g6904.t1/Montipora_capitata_HIv3___RNAseq.g14155.t1/Montipora_capitata_HIv3___RNAseq.g42740.t1/Montipora_capitata_HIv3___RNAseq.g41333.t1/Montipora_capitata_HIv3___RNAseq.g22408.t1/Montipora_capitata_HIv3___RNAseq.g1174.t1/Montipora_capitata_HIv3___RNAseq.g23247.t1/Montipora_capitata_HIv3___RNAseq.g39974.t1/Montipora_capitata_HIv3___RNAseq.g15188.t1/Montipora_capitata_HIv3___RNAseq.g49962.t1/Montipora_capitata_HIv3___RNAseq.g18929.t1/Montipora_capitata_HIv3___TS.g28908.t1/Montipora_capitata_HIv3___RNAseq.g43111.t1/Montipora_capitata_HIv3___RNAseq.g15029.t1b/Montipora_capitata_HIv3___TS.g21895.t1/Montipora_capitata_HIv3___RNAseq.g44719.t1/Montipora_capitata_HIv3___RNAseq.g9087.t1/Montipora_capitata_HIv3___RNAseq.g15140.t1/Montipora_capitata_HIv3___RNAseq.g39706.t2/Montipora_capitata_HIv3___RNAseq.g22853.t1/Montipora_capitata_HIv3___TS.g32614.t2/Montipora_capitata_HIv3___RNAseq.g11658.t1/Montipora_capitata_HIv3___RNAseq.g14488.t1/Montipora_capitata_HIv3___TS.g47745.t1/Montipora_capitata_HIv3___RNAseq.g37450.t2/Montipora_capitata_HIv3___RNAseq.g20763.t1/Montipora_capitata_HIv3___TS.g20607.t1,0.9980232391306181,NA,NA
GO:0009611,response to wounding,4/79,390/8363,0.506590069947444,1.0912315549390466,4,390,Montipora_capitata_HIv3___RNAseq.g8971.t1/Montipora_capitata_HIv3___RNAseq.g42740.t1/Montipora_capitata_HIv3___RNAseq.g39974.t1/Montipora_capitata_HIv3___RNAseq.g14488.t1,0.9980232391306181,response to wounding,BP
GO:0016053,organic acid biosynthetic process,3/79,286/8363,0.5105629439801008,1.1159872232723722,3,286,Montipora_capitata_HIv3___TS.g33283.t2/Montipora_capitata_HIv3___RNAseq.g34092.t1/Montipora_capitata_HIv3___RNAseq.g20771.t1,0.9980232391306181,organic acid biosynthetic process,BP
GO:0046394,carboxylic acid biosynthetic process,3/79,286/8363,0.5105629439801008,1.1159872232723722,3,286,Montipora_capitata_HIv3___TS.g33283.t2/Montipora_capitata_HIv3___RNAseq.g34092.t1/Montipora_capitata_HIv3___RNAseq.g20771.t1,0.9980232391306181,carboxylic acid biosynthetic process,BP
GO:0006518,peptide metabolic process,4/79,394/8363,0.5147076388561291,1.0794846393569957,4,394,Montipora_capitata_HIv3___RNAseq.g34092.t1/Montipora_capitata_HIv3___RNAseq.g43111.t1/Montipora_capitata_HIv3___RNAseq.g39706.t2/Montipora_capitata_HIv3___RNAseq.g11658.t1,0.9980232391306181,peptide metabolic process,BP
GO:0007017,microtubule-based process,6/79,608/8363,0.5175171523061378,1.048843013216268,6,608,Montipora_capitata_HIv3___RNAseq.g39887.t1/Montipora_capitata_HIv3___TS.g5653.t1/Montipora_capitata_HIv3___RNAseq.g42740.t1/Montipora_capitata_HIv3___RNAseq.g1174.t1/Montipora_capitata_HIv3___RNAseq.g15029.t1b/Montipora_capitata_HIv3___TS.g21895.t1,0.9980232391306181,microtubule-based process,BP
GO:0001505,regulation of neurotransmitter levels,3/79,290/8363,0.5199799616824922,1.0998808584075026,3,290,Montipora_capitata_HIv3___RNAseq.g20771.t1/Montipora_capitata_HIv3___RNAseq.g14488.t1/Montipora_capitata_HIv3___RNAseq.g37450.t2,0.9980232391306181,regulation of neurotransmitter levels,BP
GO:0016787,hydrolase activity,15/79,1569/8363,0.5252191036901442,1.0150206424747863,15,1569,Montipora_capitata_HIv3___TS.g33283.t2/Montipora_capitata_HIv3___RNAseq.g15043.t1/Montipora_capitata_HIv3___RNAseq.g42608.t1/Montipora_capitata_HIv3___RNAseq.g24095.t1/Montipora_capitata_HIv3___RNAseq.g18698.t1/Montipora_capitata_HIv3___RNAseq.g20771.t1/Montipora_capitata_HIv3___TS.g40519.t3/Montipora_capitata_HIv3___RNAseq.g20807.t2/Montipora_capitata_HIv3___TS.g5653.t1/Montipora_capitata_HIv3___RNAseq.g18929.t1/Montipora_capitata_HIv3___RNAseq.g44719.t1/Montipora_capitata_HIv3___RNAseq.g14625.t1/Montipora_capitata_HIv3___RNAseq.g39706.t2/Montipora_capitata_HIv3___RNAseq.g14488.t1/Montipora_capitata_HIv3___TS.g47745.t1,0.9980232391306181,hydrolase activity,MF
GO:0016788,"hydrolase activity, acting on ester bonds",5/79,507/8363,0.526954229235717,1.0474430606430662,5,507,Montipora_capitata_HIv3___TS.g33283.t2/Montipora_capitata_HIv3___RNAseq.g42608.t1/Montipora_capitata_HIv3___RNAseq.g24095.t1/Montipora_capitata_HIv3___RNAseq.g18929.t1/Montipora_capitata_HIv3___RNAseq.g44719.t1,0.9980232391306181,"hydrolase activity, acting on ester bonds",MF
GO:0044281,small molecule metabolic process,13/79,1363/8363,0.5322733942331264,1.0116938752121813,13,1363,Montipora_capitata_HIv3___TS.g33283.t2/Montipora_capitata_HIv3___RNAseq.g36845.t1/Montipora_capitata_HIv3___RNAseq.g34092.t1/Montipora_capitata_HIv3___RNAseq.g44519.t1/Montipora_capitata_HIv3___RNAseq.g8971.t1/Montipora_capitata_HIv3___RNAseq.g20771.t1/Montipora_capitata_HIv3___TS.g6904.t1/Montipora_capitata_HIv3___RNAseq.g44719.t1/Montipora_capitata_HIv3___RNAseq.g9087.t1/Montipora_capitata_HIv3___RNAseq.g14956.t1/Montipora_capitata_HIv3___RNAseq.g14488.t1/Montipora_capitata_HIv3___RNAseq.g37450.t2/Montipora_capitata_HIv3___RNAseq.g20763.t1,0.9980232391306181,small molecule metabolic process,BP
GO:0007409,axonogenesis,4/79,404/8363,0.5347402346754064,1.0512149246001694,4,404,Montipora_capitata_HIv3___RNAseq.g8971.t1/Montipora_capitata_HIv3___RNAseq.g24020.t1/Montipora_capitata_HIv3___TS.g47745.t1/Montipora_capitata_HIv3___TS.g46192.t3,0.9980232391306181,axonogenesis,BP
GO:0034470,ncRNA processing,3/79,297/8363,0.5362292370423145,1.0727337371843741,3,297,Montipora_capitata_HIv3___RNAseq.g403.t1/Montipora_capitata_HIv3___RNAseq.g18929.t1/Montipora_capitata_HIv3___TS.g28908.t1,0.9980232391306181,ncRNA processing,BP
GO:0045893,positive regulation of DNA-templated transcription,8/79,836/8363,0.5398734915655684,1.0146284951469091,8,836,Montipora_capitata_HIv3___TS.g33283.t2/Montipora_capitata_HIv3___RNAseq.g6978.t1/Montipora_capitata_HIv3___RNAseq.g26525.t1/Montipora_capitata_HIv3___RNAseq.g403.t1/Montipora_capitata_HIv3___RNAseq.g8971.t1/Montipora_capitata_HIv3___RNAseq.g41333.t1/Montipora_capitata_HIv3___TS.g47745.t1/Montipora_capitata_HIv3___TS.g46192.t3,0.9980232391306181,positive regulation of DNA-templated transcription,BP
GO:0031329,regulation of cellular catabolic process,6/79,622/8363,0.5403551918237653,1.0231288928392837,6,622,Montipora_capitata_HIv3___RNAseq.g6978.t1/Montipora_capitata_HIv3___RNAseq.g42608.t1/Montipora_capitata_HIv3___RNAseq.g18929.t1/Montipora_capitata_HIv3___RNAseq.g15029.t1b/Montipora_capitata_HIv3___RNAseq.g39706.t2/Montipora_capitata_HIv3___TS.g47745.t1,0.9980232391306181,regulation of cellular catabolic process,BP
GO:0022411,cellular component disassembly,3/79,299/8363,0.5408163877808719,1.0652136715469418,3,299,Montipora_capitata_HIv3___RNAseq.g18929.t1/Montipora_capitata_HIv3___RNAseq.g15029.t1b/Montipora_capitata_HIv3___RNAseq.g39706.t2,0.9980232391306181,cellular component disassembly,BP
GO:0031347,regulation of defense response,3/79,299/8363,0.5408163877808719,1.0652136715469418,3,299,Montipora_capitata_HIv3___RNAseq.g18698.t1/Montipora_capitata_HIv3___RNAseq.g14488.t1/Montipora_capitata_HIv3___TS.g47745.t1,0.9980232391306181,regulation of defense response,BP
GO:0045184,establishment of protein localization,8/79,838/8363,0.5426980515987502,1.0119119592810601,8,838,Montipora_capitata_HIv3___RNAseq.g15043.t1/Montipora_capitata_HIv3___RNAseq.g13857.t1/Montipora_capitata_HIv3___RNAseq.g668.t1/Montipora_capitata_HIv3___RNAseq.g42740.t1/Montipora_capitata_HIv3___RNAseq.g15188.t1/Montipora_capitata_HIv3___RNAseq.g49962.t1/Montipora_capitata_HIv3___RNAseq.g15029.t1b/Montipora_capitata_HIv3___RNAseq.g11658.t1,0.9980232391306181,establishment of protein localization,BP
GO:0032446,protein modification by small protein conjugation,4/79,409/8363,0.5446087012192259,1.0375714188949479,4,409,Montipora_capitata_HIv3___RNAseq.g35299.t1/Montipora_capitata_HIv3___RNAseq.g32149.t1/Montipora_capitata_HIv3___RNAseq.g23247.t1/Montipora_capitata_HIv3___RNAseq.g15188.t1,0.9980232391306181,protein modification by small protein conjugation,BP
GO:0051254,positive regulation of RNA metabolic process,9/79,948/8363,0.5466530870078312,1.0057046770362679,9,948,Montipora_capitata_HIv3___TS.g33283.t2/Montipora_capitata_HIv3___RNAseq.g6978.t1/Montipora_capitata_HIv3___RNAseq.g26525.t1/Montipora_capitata_HIv3___RNAseq.g403.t1/Montipora_capitata_HIv3___RNAseq.g8971.t1/Montipora_capitata_HIv3___RNAseq.g36935.t1/Montipora_capitata_HIv3___RNAseq.g41333.t1/Montipora_capitata_HIv3___TS.g47745.t1/Montipora_capitata_HIv3___TS.g46192.t3,0.9980232391306181,positive regulation of RNA metabolic process,BP
GO:0006915,apoptotic process,4/79,411/8363,0.5485272684661191,1.03220841023814,4,411,Montipora_capitata_HIv3___RNAseq.g8971.t1/Montipora_capitata_HIv3___RNAseq.g32149.t1/Montipora_capitata_HIv3___RNAseq.g18929.t1/Montipora_capitata_HIv3___RNAseq.g14488.t1,0.9980232391306181,apoptotic process,BP
GO:0051656,establishment of organelle localization,4/79,412/8363,0.5504802602467989,1.029546751278805,4,412,Montipora_capitata_HIv3___RNAseq.g8971.t1/Montipora_capitata_HIv3___RNAseq.g42740.t1/Montipora_capitata_HIv3___RNAseq.g1174.t1/Montipora_capitata_HIv3___RNAseq.g23247.t1,0.9980232391306181,establishment of organelle localization,BP
GO:0045935,positive regulation of nucleobase-containing compound metabolic process,10/79,1059/8363,0.5516715322169057,0.9995684218189231,10,1059,Montipora_capitata_HIv3___TS.g33283.t2/Montipora_capitata_HIv3___RNAseq.g6978.t1/Montipora_capitata_HIv3___RNAseq.g26525.t1/Montipora_capitata_HIv3___RNAseq.g403.t1/Montipora_capitata_HIv3___RNAseq.g8971.t1/Montipora_capitata_HIv3___RNAseq.g36935.t1/Montipora_capitata_HIv3___RNAseq.g41333.t1/Montipora_capitata_HIv3___RNAseq.g18929.t1/Montipora_capitata_HIv3___TS.g47745.t1/Montipora_capitata_HIv3___TS.g46192.t3,0.9980232391306181,positive regulation of nucleobase-containing compound metabolic process,BP
GO:0044282,small molecule catabolic process,3/79,304/8363,0.5521732495547005,1.0469191489623197,3,304,Montipora_capitata_HIv3___RNAseq.g44719.t1/Montipora_capitata_HIv3___RNAseq.g9087.t1/Montipora_capitata_HIv3___RNAseq.g14488.t1,0.9980232391306181,small molecule catabolic process,BP
GO:0140098,"catalytic activity, acting on RNA",3/79,304/8363,0.5521732495547005,1.0469191489623197,3,304,Montipora_capitata_HIv3___RNAseq.g42608.t1/Montipora_capitata_HIv3___RNAseq.g18929.t1/Montipora_capitata_HIv3___TS.g47745.t1,0.9980232391306181,"catalytic activity, acting on RNA",MF
GO:0098657,import into cell,4/79,413/8363,0.552429019891379,1.026898198118013,4,413,Montipora_capitata_HIv3___RNAseq.g24095.t1/Montipora_capitata_HIv3___RNAseq.g18698.t1/Montipora_capitata_HIv3___RNAseq.g42740.t1/Montipora_capitata_HIv3___TS.g20607.t1,0.9980232391306181,import into cell,BP
GO:0010038,response to metal ion,3/79,306/8363,0.5566708537182021,1.0397441493775448,3,306,Montipora_capitata_HIv3___RNAseq.g14155.t1/Montipora_capitata_HIv3___RNAseq.g39974.t1/Montipora_capitata_HIv3___RNAseq.g14488.t1,0.9980232391306181,response to metal ion,BP
GO:0044454,GO:0044454,3/79,306/8363,0.5566708537182021,1.0397441493775448,3,306,Montipora_capitata_HIv3___RNAseq.g26525.t1/Montipora_capitata_HIv3___TS.g32614.t2/Montipora_capitata_HIv3___TS.g47745.t1,0.9980232391306181,NA,NA
GO:0033674,positive regulation of kinase activity,3/79,306/8363,0.5566708537182021,1.0397441493775448,3,306,Montipora_capitata_HIv3___TS.g33283.t2/Montipora_capitata_HIv3___RNAseq.g6978.t1/Montipora_capitata_HIv3___RNAseq.g8971.t1,0.9980232391306181,positive regulation of kinase activity,BP
GO:0034613,GO:0034613,10/79,1063/8363,0.5567389837868328,0.995224651661665,10,1063,Montipora_capitata_HIv3___RNAseq.g15043.t1/Montipora_capitata_HIv3___RNAseq.g13857.t1/Montipora_capitata_HIv3___RNAseq.g668.t1/Montipora_capitata_HIv3___RNAseq.g42740.t1/Montipora_capitata_HIv3___RNAseq.g15188.t1/Montipora_capitata_HIv3___RNAseq.g49962.t1/Montipora_capitata_HIv3___RNAseq.g15029.t1b/Montipora_capitata_HIv3___RNAseq.g39706.t2/Montipora_capitata_HIv3___RNAseq.g11658.t1/Montipora_capitata_HIv3___TS.g47745.t1,0.9980232391306181,NA,NA
GO:0048584,positive regulation of response to stimulus,11/79,1171/8363,0.5576344148963117,0.9934590664495297,11,1171,Montipora_capitata_HIv3___TS.g33283.t2/Montipora_capitata_HIv3___RNAseq.g6978.t1/Montipora_capitata_HIv3___RNAseq.g34092.t1/Montipora_capitata_HIv3___RNAseq.g668.t1/Montipora_capitata_HIv3___RNAseq.g24095.t1/Montipora_capitata_HIv3___RNAseq.g8971.t1/Montipora_capitata_HIv3___RNAseq.g24020.t1/Montipora_capitata_HIv3___RNAseq.g39706.t2/Montipora_capitata_HIv3___RNAseq.g22853.t1/Montipora_capitata_HIv3___RNAseq.g14488.t1/Montipora_capitata_HIv3___TS.g47745.t1,0.9980232391306181,positive regulation of response to stimulus,BP
GO:0043312,neutrophil degranulation,3/79,307/8363,0.5589098501659422,1.0361922639376262,3,307,Montipora_capitata_HIv3___RNAseq.g44519.t1/Montipora_capitata_HIv3___RNAseq.g18698.t1/Montipora_capitata_HIv3___RNAseq.g14488.t1,0.9980232391306181,neutrophil degranulation,BP
GO:0034248,regulation of amide metabolic process,3/79,308/8363,0.5611422674406994,1.0326638225640834,3,308,Montipora_capitata_HIv3___RNAseq.g24095.t1/Montipora_capitata_HIv3___RNAseq.g15188.t1/Montipora_capitata_HIv3___TS.g47745.t1,0.9980232391306181,regulation of amide metabolic process,BP
GO:0051051,negative regulation of transport,3/79,309/8363,0.5633680748554375,1.0291586048434658,3,309,Montipora_capitata_HIv3___RNAseq.g6978.t1/Montipora_capitata_HIv3___RNAseq.g34092.t1/Montipora_capitata_HIv3___RNAseq.g14488.t1,0.9980232391306181,negative regulation of transport,BP
GO:0032559,adenyl ribonucleotide binding,3/79,309/8363,0.5633680748554375,1.0291586048434658,3,309,Montipora_capitata_HIv3___RNAseq.g12736.t1/Montipora_capitata_HIv3___RNAseq.g18698.t1/Montipora_capitata_HIv3___TS.g47745.t1,0.9980232391306181,adenyl ribonucleotide binding,MF
GO:0042060,wound healing,3/79,309/8363,0.5633680748554375,1.0291586048434658,3,309,Montipora_capitata_HIv3___RNAseq.g8971.t1/Montipora_capitata_HIv3___RNAseq.g42740.t1/Montipora_capitata_HIv3___RNAseq.g39974.t1,0.9980232391306181,wound healing,BP
GO:0031967,organelle envelope,7/79,746/8363,0.565255108933175,0.9926147240854011,7,746,Montipora_capitata_HIv3___RNAseq.g36845.t1/Montipora_capitata_HIv3___RNAseq.g34092.t1/Montipora_capitata_HIv3___RNAseq.g13857.t1/Montipora_capitata_HIv3___RNAseq.g24095.t1/Montipora_capitata_HIv3___TS.g6904.t1/Montipora_capitata_HIv3___RNAseq.g1174.t1/Montipora_capitata_HIv3___RNAseq.g14488.t1,0.9980232391306181,organelle envelope,CC
GO:0031975,envelope,7/79,746/8363,0.565255108933175,0.9926147240854011,7,746,Montipora_capitata_HIv3___RNAseq.g36845.t1/Montipora_capitata_HIv3___RNAseq.g34092.t1/Montipora_capitata_HIv3___RNAseq.g13857.t1/Montipora_capitata_HIv3___RNAseq.g24095.t1/Montipora_capitata_HIv3___TS.g6904.t1/Montipora_capitata_HIv3___RNAseq.g1174.t1/Montipora_capitata_HIv3___RNAseq.g14488.t1,0.9980232391306181,envelope,CC
GO:0042623,GO:0042623,3/79,310/8363,0.5655872424167545,1.0256763932690036,3,310,Montipora_capitata_HIv3___RNAseq.g18698.t1/Montipora_capitata_HIv3___TS.g5653.t1/Montipora_capitata_HIv3___TS.g47745.t1,0.9980232391306181,NA,NA
GO:0002283,neutrophil activation involved in immune response,3/79,310/8363,0.5655872424167545,1.0256763932690036,3,310,Montipora_capitata_HIv3___RNAseq.g44519.t1/Montipora_capitata_HIv3___RNAseq.g18698.t1/Montipora_capitata_HIv3___RNAseq.g14488.t1,0.9980232391306181,neutrophil activation involved in immune response,BP
GO:0042119,neutrophil activation,3/79,310/8363,0.5655872424167545,1.0256763932690036,3,310,Montipora_capitata_HIv3___RNAseq.g44519.t1/Montipora_capitata_HIv3___RNAseq.g18698.t1/Montipora_capitata_HIv3___RNAseq.g14488.t1,0.9980232391306181,neutrophil activation,BP
GO:0043043,peptide biosynthetic process,3/79,310/8363,0.5655872424167545,1.0256763932690036,3,310,Montipora_capitata_HIv3___RNAseq.g43111.t1/Montipora_capitata_HIv3___RNAseq.g39706.t2/Montipora_capitata_HIv3___RNAseq.g11658.t1,0.9980232391306181,peptide biosynthetic process,BP
GO:1901699,cellular response to nitrogen compound,4/79,420/8363,0.5659495601207652,1.0087176570431178,4,420,Montipora_capitata_HIv3___TS.g33283.t2/Montipora_capitata_HIv3___RNAseq.g8971.t1/Montipora_capitata_HIv3___RNAseq.g14488.t1/Montipora_capitata_HIv3___TS.g47745.t1,0.9980232391306181,cellular response to nitrogen compound,BP
GO:0016773,"phosphotransferase activity, alcohol group as acceptor",4/79,420/8363,0.5659495601207652,1.0087176570431178,4,420,Montipora_capitata_HIv3___RNAseq.g6978.t1/Montipora_capitata_HIv3___RNAseq.g8971.t1/Montipora_capitata_HIv3___RNAseq.g28116.t1/Montipora_capitata_HIv3___RNAseq.g20763.t1,0.9980232391306181,"phosphotransferase activity, alcohol group as acceptor",MF
GO:0051962,positive regulation of nervous system development,4/79,420/8363,0.5659495601207652,1.0087176570431178,4,420,Montipora_capitata_HIv3___RNAseq.g6978.t1/Montipora_capitata_HIv3___RNAseq.g8971.t1/Montipora_capitata_HIv3___RNAseq.g24020.t1/Montipora_capitata_HIv3___RNAseq.g39706.t2,0.9980232391306181,positive regulation of nervous system development,BP
GO:0044446,GO:0044446,49/79,5206/8363,0.5663352455347175,0.9903874999491207,49,5206,Montipora_capitata_HIv3___RNAseq.g6978.t1/Montipora_capitata_HIv3___RNAseq.g36845.t1/Montipora_capitata_HIv3___RNAseq.g26525.t1/Montipora_capitata_HIv3___RNAseq.g35299.t1/Montipora_capitata_HIv3___RNAseq.g34092.t1/Montipora_capitata_HIv3___RNAseq.g44519.t1/Montipora_capitata_HIv3___RNAseq.g50691.t1/Montipora_capitata_HIv3___RNAseq.g3374.t1/Montipora_capitata_HIv3___RNAseq.g42608.t1/Montipora_capitata_HIv3___RNAseq.g39887.t1/Montipora_capitata_HIv3___RNAseq.g12736.t1/Montipora_capitata_HIv3___RNAseq.g44539.t1/Montipora_capitata_HIv3___RNAseq.g403.t1/Montipora_capitata_HIv3___RNAseq.g24524.t1/Montipora_capitata_HIv3___RNAseq.g13857.t1/Montipora_capitata_HIv3___RNAseq.g24095.t1/Montipora_capitata_HIv3___RNAseq.g18698.t1/Montipora_capitata_HIv3___RNAseq.g8971.t1/Montipora_capitata_HIv3___RNAseq.g18395.t1/Montipora_capitata_HIv3___TS.g40519.t3/Montipora_capitata_HIv3___TS.g5653.t1/Montipora_capitata_HIv3___RNAseq.g9338.t1/Montipora_capitata_HIv3___TS.g6904.t1/Montipora_capitata_HIv3___RNAseq.g14155.t1/Montipora_capitata_HIv3___RNAseq.g42740.t1/Montipora_capitata_HIv3___RNAseq.g41333.t1/Montipora_capitata_HIv3___RNAseq.g22408.t1/Montipora_capitata_HIv3___RNAseq.g1174.t1/Montipora_capitata_HIv3___RNAseq.g23247.t1/Montipora_capitata_HIv3___RNAseq.g39974.t1/Montipora_capitata_HIv3___RNAseq.g15188.t1/Montipora_capitata_HIv3___RNAseq.g49962.t1/Montipora_capitata_HIv3___RNAseq.g18929.t1/Montipora_capitata_HIv3___TS.g28908.t1/Montipora_capitata_HIv3___RNAseq.g43111.t1/Montipora_capitata_HIv3___RNAseq.g15029.t1b/Montipora_capitata_HIv3___TS.g21895.t1/Montipora_capitata_HIv3___RNAseq.g44719.t1/Montipora_capitata_HIv3___RNAseq.g9087.t1/Montipora_capitata_HIv3___RNAseq.g15140.t1/Montipora_capitata_HIv3___RNAseq.g39706.t2/Montipora_capitata_HIv3___RNAseq.g22853.t1/Montipora_capitata_HIv3___TS.g32614.t2/Montipora_capitata_HIv3___RNAseq.g11658.t1/Montipora_capitata_HIv3___RNAseq.g14488.t1/Montipora_capitata_HIv3___TS.g47745.t1/Montipora_capitata_HIv3___RNAseq.g37450.t2/Montipora_capitata_HIv3___RNAseq.g20763.t1/Montipora_capitata_HIv3___TS.g20607.t1,0.9980232391306181,NA,NA
GO:0034655,nucleobase-containing compound catabolic process,3/79,311/8363,0.5677997408191224,1.0222169731888138,3,311,Montipora_capitata_HIv3___RNAseq.g42608.t1/Montipora_capitata_HIv3___RNAseq.g18929.t1/Montipora_capitata_HIv3___RNAseq.g11658.t1,0.9980232391306181,nucleobase-containing compound catabolic process,BP
GO:0071345,cellular response to cytokine stimulus,4/79,421/8363,0.5678634981499187,1.00617070598832,4,421,Montipora_capitata_HIv3___RNAseq.g34092.t1/Montipora_capitata_HIv3___RNAseq.g14488.t1/Montipora_capitata_HIv3___TS.g47745.t1/Montipora_capitata_HIv3___TS.g46192.t3,0.9980232391306181,cellular response to cytokine stimulus,BP
GO:0019637,organophosphate metabolic process,7/79,748/8363,0.5681909323041323,0.9896734981909496,7,748,Montipora_capitata_HIv3___TS.g33283.t2/Montipora_capitata_HIv3___RNAseq.g24095.t1/Montipora_capitata_HIv3___RNAseq.g8971.t1/Montipora_capitata_HIv3___TS.g50674.t1/Montipora_capitata_HIv3___RNAseq.g44719.t1/Montipora_capitata_HIv3___RNAseq.g14956.t1/Montipora_capitata_HIv3___RNAseq.g20763.t1,0.9980232391306181,organophosphate metabolic process,BP
GO:0072594,establishment of protein localization to organelle,3/79,312/8363,0.5700055414391282,1.0187801327552122,3,312,Montipora_capitata_HIv3___RNAseq.g13857.t1/Montipora_capitata_HIv3___RNAseq.g42740.t1/Montipora_capitata_HIv3___RNAseq.g11658.t1,0.9980232391306181,establishment of protein localization to organelle,BP
GO:0036230,granulocyte activation,3/79,312/8363,0.5700055414391282,1.0187801327552122,3,312,Montipora_capitata_HIv3___RNAseq.g44519.t1/Montipora_capitata_HIv3___RNAseq.g18698.t1/Montipora_capitata_HIv3___RNAseq.g14488.t1,0.9980232391306181,granulocyte activation,BP
GO:0033036,macromolecule localization,14/79,1505/8363,0.5717275129137239,0.9812929463530197,14,1505,Montipora_capitata_HIv3___TS.g33283.t2/Montipora_capitata_HIv3___RNAseq.g15043.t1/Montipora_capitata_HIv3___TS.g44069.t1/Montipora_capitata_HIv3___RNAseq.g14946.t1/Montipora_capitata_HIv3___RNAseq.g13129.t1/Montipora_capitata_HIv3___RNAseq.g13857.t1/Montipora_capitata_HIv3___RNAseq.g668.t1/Montipora_capitata_HIv3___RNAseq.g42740.t1/Montipora_capitata_HIv3___RNAseq.g15188.t1/Montipora_capitata_HIv3___RNAseq.g49962.t1/Montipora_capitata_HIv3___RNAseq.g15029.t1b/Montipora_capitata_HIv3___RNAseq.g39706.t2/Montipora_capitata_HIv3___RNAseq.g11658.t1/Montipora_capitata_HIv3___TS.g47745.t1,0.9980232391306181,macromolecule localization,BP
GO:0031331,positive regulation of cellular catabolic process,3/79,313/8363,0.5722046163297239,1.0153656628750891,3,313,Montipora_capitata_HIv3___RNAseq.g6978.t1/Montipora_capitata_HIv3___RNAseq.g23247.t1/Montipora_capitata_HIv3___RNAseq.g39706.t2,0.9980232391306181,positive regulation of cellular catabolic process,BP
GO:0032555,purine ribonucleotide binding,4/79,424/8363,0.5735784104084032,0.9986033410517975,4,424,Montipora_capitata_HIv3___RNAseq.g13129.t1/Montipora_capitata_HIv3___RNAseq.g12736.t1/Montipora_capitata_HIv3___RNAseq.g18698.t1/Montipora_capitata_HIv3___TS.g47745.t1,0.9980232391306181,purine ribonucleotide binding,MF
GO:0005856,cytoskeleton,10/79,1077/8363,0.5743123031551958,0.9802657326492236,10,1077,Montipora_capitata_HIv3___RNAseq.g39887.t1/Montipora_capitata_HIv3___RNAseq.g403.t1/Montipora_capitata_HIv3___RNAseq.g13857.t1/Montipora_capitata_HIv3___RNAseq.g24095.t1/Montipora_capitata_HIv3___RNAseq.g18698.t1/Montipora_capitata_HIv3___TS.g5653.t1/Montipora_capitata_HIv3___RNAseq.g15029.t1b/Montipora_capitata_HIv3___TS.g21895.t1/Montipora_capitata_HIv3___RNAseq.g22853.t1/Montipora_capitata_HIv3___TS.g47745.t1,0.9980232391306181,cytoskeleton,CC
GO:0010975,regulation of neuron projection development,4/79,425/8363,0.5754743342697737,0.9961049743811323,4,425,Montipora_capitata_HIv3___RNAseq.g6978.t1/Montipora_capitata_HIv3___RNAseq.g8971.t1/Montipora_capitata_HIv3___RNAseq.g24020.t1/Montipora_capitata_HIv3___RNAseq.g39706.t2,0.9980232391306181,regulation of neuron projection development,BP
GO:0003690,double-stranded DNA binding,4/79,425/8363,0.5754743342697737,0.9961049743811323,4,425,Montipora_capitata_HIv3___RNAseq.g26525.t1/Montipora_capitata_HIv3___RNAseq.g18929.t1/Montipora_capitata_HIv3___TS.g47745.t1/Montipora_capitata_HIv3___TS.g46192.t3,0.9980232391306181,double-stranded DNA binding,MF
GO:0043299,leukocyte degranulation,3/79,315/8363,0.5765824804818704,1.0086030118853386,3,315,Montipora_capitata_HIv3___RNAseq.g44519.t1/Montipora_capitata_HIv3___RNAseq.g18698.t1/Montipora_capitata_HIv3___RNAseq.g14488.t1,0.9980232391306181,leukocyte degranulation,BP
GO:0021700,developmental maturation,3/79,315/8363,0.5765824804818704,1.0086030118853386,3,315,Montipora_capitata_HIv3___RNAseq.g8971.t1/Montipora_capitata_HIv3___RNAseq.g49962.t1/Montipora_capitata_HIv3___RNAseq.g15029.t1b,0.9980232391306181,developmental maturation,BP
GO:0012505,endomembrane system,23/79,2473/8363,0.5781095177520275,0.9779928561396225,23,2473,Montipora_capitata_HIv3___TS.g33283.t2/Montipora_capitata_HIv3___RNAseq.g6978.t1/Montipora_capitata_HIv3___RNAseq.g34092.t1/Montipora_capitata_HIv3___RNAseq.g44519.t1/Montipora_capitata_HIv3___RNAseq.g50691.t1/Montipora_capitata_HIv3___RNAseq.g3374.t1/Montipora_capitata_HIv3___RNAseq.g12736.t1/Montipora_capitata_HIv3___RNAseq.g44539.t1/Montipora_capitata_HIv3___RNAseq.g24524.t1/Montipora_capitata_HIv3___RNAseq.g13857.t1/Montipora_capitata_HIv3___RNAseq.g8971.t1/Montipora_capitata_HIv3___RNAseq.g14155.t1/Montipora_capitata_HIv3___RNAseq.g42740.t1/Montipora_capitata_HIv3___RNAseq.g1174.t1/Montipora_capitata_HIv3___RNAseq.g39974.t1/Montipora_capitata_HIv3___RNAseq.g15188.t1/Montipora_capitata_HIv3___RNAseq.g49962.t1/Montipora_capitata_HIv3___RNAseq.g15029.t1b/Montipora_capitata_HIv3___RNAseq.g14625.t1/Montipora_capitata_HIv3___RNAseq.g39706.t2/Montipora_capitata_HIv3___RNAseq.g11658.t1/Montipora_capitata_HIv3___RNAseq.g14488.t1/Montipora_capitata_HIv3___TS.g20607.t1,0.9980232391306181,endomembrane system,CC
GO:0031175,neuron projection development,6/79,646/8363,0.5784439428610318,0.9816800506132067,6,646,Montipora_capitata_HIv3___RNAseq.g8971.t1/Montipora_capitata_HIv3___RNAseq.g24020.t1/Montipora_capitata_HIv3___RNAseq.g1174.t1/Montipora_capitata_HIv3___RNAseq.g39706.t2/Montipora_capitata_HIv3___TS.g47745.t1/Montipora_capitata_HIv3___TS.g46192.t3,0.9980232391306181,neuron projection development,BP
GO:0002376,immune system process,11/79,1190/8363,0.5804763541876012,0.974842589581336,11,1190,Montipora_capitata_HIv3___TS.g33283.t2/Montipora_capitata_HIv3___RNAseq.g6978.t1/Montipora_capitata_HIv3___RNAseq.g44519.t1/Montipora_capitata_HIv3___RNAseq.g24095.t1/Montipora_capitata_HIv3___RNAseq.g18698.t1/Montipora_capitata_HIv3___RNAseq.g8971.t1/Montipora_capitata_HIv3___RNAseq.g42740.t1/Montipora_capitata_HIv3___RNAseq.g18929.t1/Montipora_capitata_HIv3___RNAseq.g15029.t1b/Montipora_capitata_HIv3___RNAseq.g15140.t1/Montipora_capitata_HIv3___RNAseq.g14488.t1,0.9980232391306181,immune system process,BP
GO:0006820,monoatomic anion transport,3/79,317/8363,0.5809331230084396,1.0019274007460721,3,317,Montipora_capitata_HIv3___TS.g33283.t2/Montipora_capitata_HIv3___RNAseq.g13129.t1/Montipora_capitata_HIv3___RNAseq.g668.t1,0.9980232391306181,monoatomic anion transport,BP
GO:0038023,signaling receptor activity,3/79,317/8363,0.5809331230084396,1.0019274007460721,3,317,Montipora_capitata_HIv3___RNAseq.g13129.t1/Montipora_capitata_HIv3___RNAseq.g8971.t1/Montipora_capitata_HIv3___RNAseq.g28116.t1,0.9980232391306181,signaling receptor activity,MF
GO:0048812,neuron projection morphogenesis,5/79,539/8363,0.5825794122882049,0.9806175967927032,5,539,Montipora_capitata_HIv3___RNAseq.g8971.t1/Montipora_capitata_HIv3___RNAseq.g24020.t1/Montipora_capitata_HIv3___RNAseq.g39706.t2/Montipora_capitata_HIv3___TS.g47745.t1/Montipora_capitata_HIv3___TS.g46192.t3,0.9980232391306181,neuron projection morphogenesis,BP
GO:0030554,adenyl nucleotide binding,3/79,318/8363,0.5830981733174776,0.9986217183296598,3,318,Montipora_capitata_HIv3___RNAseq.g12736.t1/Montipora_capitata_HIv3___RNAseq.g18698.t1/Montipora_capitata_HIv3___TS.g47745.t1,0.9980232391306181,adenyl nucleotide binding,MF
GO:0035295,tube development,9/79,976/8363,0.5834373535052668,0.972863464172126,9,976,Montipora_capitata_HIv3___RNAseq.g2559.t1a/Montipora_capitata_HIv3___RNAseq.g13857.t1/Montipora_capitata_HIv3___RNAseq.g668.t1/Montipora_capitata_HIv3___RNAseq.g18698.t1/Montipora_capitata_HIv3___RNAseq.g8971.t1/Montipora_capitata_HIv3___RNAseq.g39974.t1/Montipora_capitata_HIv3___RNAseq.g28116.t1/Montipora_capitata_HIv3___RNAseq.g14488.t1/Montipora_capitata_HIv3___TS.g46192.t3,0.9980232391306181,tube development,BP
GO:0018130,heterocycle biosynthetic process,9/79,976/8363,0.5834373535052668,0.972863464172126,9,976,Montipora_capitata_HIv3___RNAseq.g36845.t1/Montipora_capitata_HIv3___RNAseq.g34092.t1/Montipora_capitata_HIv3___RNAseq.g12736.t1/Montipora_capitata_HIv3___TS.g6904.t1/Montipora_capitata_HIv3___RNAseq.g42740.t1/Montipora_capitata_HIv3___RNAseq.g14956.t1/Montipora_capitata_HIv3___RNAseq.g37450.t2/Montipora_capitata_HIv3___RNAseq.g20763.t1/Montipora_capitata_HIv3___TS.g46192.t3,0.9980232391306181,heterocycle biosynthetic process,BP
GO:0120039,plasma membrane bounded cell projection morphogenesis,5/79,540/8363,0.5842639844724464,0.9786585745667212,5,540,Montipora_capitata_HIv3___RNAseq.g8971.t1/Montipora_capitata_HIv3___RNAseq.g24020.t1/Montipora_capitata_HIv3___RNAseq.g39706.t2/Montipora_capitata_HIv3___TS.g47745.t1/Montipora_capitata_HIv3___TS.g46192.t3,0.9980232391306181,plasma membrane bounded cell projection morphogenesis,BP
GO:0002275,myeloid cell activation involved in immune response,3/79,319/8363,0.5852563440974436,0.9953369956397341,3,319,Montipora_capitata_HIv3___RNAseq.g44519.t1/Montipora_capitata_HIv3___RNAseq.g18698.t1/Montipora_capitata_HIv3___RNAseq.g14488.t1,0.9980232391306181,myeloid cell activation involved in immune response,BP
GO:0061564,axon development,4/79,432/8363,0.5886168063163174,0.9789431961066704,4,432,Montipora_capitata_HIv3___RNAseq.g8971.t1/Montipora_capitata_HIv3___RNAseq.g24020.t1/Montipora_capitata_HIv3___TS.g47745.t1/Montipora_capitata_HIv3___TS.g46192.t3,0.9980232391306181,axon development,BP
GO:0010720,positive regulation of cell development,4/79,432/8363,0.5886168063163174,0.9789431961066704,4,432,Montipora_capitata_HIv3___RNAseq.g6978.t1/Montipora_capitata_HIv3___RNAseq.g8971.t1/Montipora_capitata_HIv3___RNAseq.g24020.t1/Montipora_capitata_HIv3___RNAseq.g39706.t2,0.9980232391306181,positive regulation of cell development,BP
GO:0006928,GO:0006928,10/79,1089/8363,0.5891579128423423,0.967751901088423,10,1089,Montipora_capitata_HIv3___TS.g33283.t2/Montipora_capitata_HIv3___RNAseq.g44519.t1/Montipora_capitata_HIv3___RNAseq.g18698.t1/Montipora_capitata_HIv3___RNAseq.g8971.t1/Montipora_capitata_HIv3___TS.g5653.t1/Montipora_capitata_HIv3___RNAseq.g24020.t1/Montipora_capitata_HIv3___RNAseq.g42740.t1/Montipora_capitata_HIv3___RNAseq.g1174.t1/Montipora_capitata_HIv3___RNAseq.g28116.t1/Montipora_capitata_HIv3___TS.g46192.t3,0.9980232391306181,NA,NA
GO:0048858,cell projection morphogenesis,5/79,543/8363,0.5892967352870728,0.9728251826396038,5,543,Montipora_capitata_HIv3___RNAseq.g8971.t1/Montipora_capitata_HIv3___RNAseq.g24020.t1/Montipora_capitata_HIv3___RNAseq.g39706.t2/Montipora_capitata_HIv3___TS.g47745.t1/Montipora_capitata_HIv3___TS.g46192.t3,0.9980232391306181,cell projection morphogenesis,BP
GO:0019866,organelle inner membrane,3/79,321/8363,0.5895519542095405,0.9888295133011675,3,321,Montipora_capitata_HIv3___RNAseq.g36845.t1/Montipora_capitata_HIv3___RNAseq.g24095.t1/Montipora_capitata_HIv3___TS.g6904.t1,0.9980232391306181,organelle inner membrane,CC
GO:0048598,embryonic morphogenesis,6/79,654/8363,0.5908063564762583,0.9685469861558011,6,654,Montipora_capitata_HIv3___RNAseq.g2559.t1a/Montipora_capitata_HIv3___RNAseq.g8971.t1/Montipora_capitata_HIv3___RNAseq.g28116.t1/Montipora_capitata_HIv3___TS.g20607.t1/Montipora_capitata_HIv3___TS.g46192.t3/Montipora_capitata_HIv3___RNAseq.g50276.t1,0.9980232391306181,embryonic morphogenesis,BP
GO:1901698,response to nitrogen compound,7/79,764/8363,0.5913627361966414,0.966702600833891,7,764,Montipora_capitata_HIv3___TS.g33283.t2/Montipora_capitata_HIv3___RNAseq.g15043.t1/Montipora_capitata_HIv3___RNAseq.g8971.t1/Montipora_capitata_HIv3___RNAseq.g15188.t1/Montipora_capitata_HIv3___RNAseq.g11658.t1/Montipora_capitata_HIv3___RNAseq.g14488.t1/Montipora_capitata_HIv3___TS.g47745.t1,0.9980232391306181,response to nitrogen compound,BP
GO:0060089,molecular transducer activity,3/79,322/8363,0.5916893486823811,0.9856063652286923,3,322,Montipora_capitata_HIv3___RNAseq.g13129.t1/Montipora_capitata_HIv3___RNAseq.g8971.t1/Montipora_capitata_HIv3___RNAseq.g28116.t1,0.9980232391306181,molecular transducer activity,MF
GO:0060271,cilium assembly,3/79,322/8363,0.5916893486823811,0.9856063652286923,3,322,Montipora_capitata_HIv3___RNAseq.g3374.t1/Montipora_capitata_HIv3___RNAseq.g8971.t1/Montipora_capitata_HIv3___TS.g5653.t1,0.9980232391306181,cilium assembly,BP
GO:0032553,ribonucleotide binding,4/79,434/8363,0.5923296878110946,0.9741424276577527,4,434,Montipora_capitata_HIv3___RNAseq.g13129.t1/Montipora_capitata_HIv3___RNAseq.g12736.t1/Montipora_capitata_HIv3___RNAseq.g18698.t1/Montipora_capitata_HIv3___TS.g47745.t1,0.9980232391306181,ribonucleotide binding,MF
GO:0017111,ribonucleoside triphosphate phosphatase activity,5/79,546/8363,0.594297666843276,0.967056455328977,5,546,Montipora_capitata_HIv3___RNAseq.g15043.t1/Montipora_capitata_HIv3___RNAseq.g18698.t1/Montipora_capitata_HIv3___TS.g40519.t3/Montipora_capitata_HIv3___TS.g5653.t1/Montipora_capitata_HIv3___TS.g47745.t1,0.9980232391306181,ribonucleoside triphosphate phosphatase activity,MF
GO:0048583,regulation of response to stimulus,20/79,2172/8363,0.5959762975169751,0.9658962390459426,20,2172,Montipora_capitata_HIv3___TS.g33283.t2/Montipora_capitata_HIv3___RNAseq.g6978.t1/Montipora_capitata_HIv3___RNAseq.g2559.t1a/Montipora_capitata_HIv3___RNAseq.g15043.t1/Montipora_capitata_HIv3___RNAseq.g34092.t1/Montipora_capitata_HIv3___RNAseq.g3374.t1/Montipora_capitata_HIv3___RNAseq.g668.t1/Montipora_capitata_HIv3___RNAseq.g24095.t1/Montipora_capitata_HIv3___RNAseq.g18698.t1/Montipora_capitata_HIv3___RNAseq.g8971.t1/Montipora_capitata_HIv3___RNAseq.g32149.t1/Montipora_capitata_HIv3___RNAseq.g24020.t1/Montipora_capitata_HIv3___RNAseq.g15188.t1/Montipora_capitata_HIv3___RNAseq.g15029.t1b/Montipora_capitata_HIv3___RNAseq.g39706.t2/Montipora_capitata_HIv3___RNAseq.g22853.t1/Montipora_capitata_HIv3___RNAseq.g14488.t1/Montipora_capitata_HIv3___TS.g47745.t1/Montipora_capitata_HIv3___RNAseq.g20763.t1/Montipora_capitata_HIv3___TS.g46192.t3,0.9980232391306181,regulation of response to stimulus,BP
GO:0007389,pattern specification process,6/79,659/8363,0.5984416255200904,0.9605021114030323,6,659,Montipora_capitata_HIv3___RNAseq.g2559.t1a/Montipora_capitata_HIv3___RNAseq.g3374.t1/Montipora_capitata_HIv3___RNAseq.g8971.t1/Montipora_capitata_HIv3___RNAseq.g23247.t1/Montipora_capitata_HIv3___RNAseq.g28116.t1/Montipora_capitata_HIv3___TS.g46192.t3,0.9980232391306181,pattern specification process,BP
GO:0120035,regulation of plasma membrane bounded cell projection organization,5/79,550/8363,0.600915284249742,0.9594635629680068,5,550,Montipora_capitata_HIv3___RNAseq.g6978.t1/Montipora_capitata_HIv3___RNAseq.g8971.t1/Montipora_capitata_HIv3___RNAseq.g24020.t1/Montipora_capitata_HIv3___RNAseq.g15029.t1b/Montipora_capitata_HIv3___RNAseq.g39706.t2,0.9980232391306181,regulation of plasma membrane bounded cell projection organization,BP
GO:0003677,DNA binding,7/79,772/8363,0.6027275240779782,0.9555770972232338,7,772,Montipora_capitata_HIv3___RNAseq.g26525.t1/Montipora_capitata_HIv3___TS.g40519.t3/Montipora_capitata_HIv3___RNAseq.g36935.t1/Montipora_capitata_HIv3___RNAseq.g18929.t1/Montipora_capitata_HIv3___RNAseq.g15140.t1/Montipora_capitata_HIv3___TS.g47745.t1/Montipora_capitata_HIv3___TS.g46192.t3,0.9980232391306181,DNA binding,MF
GO:0070727,cellular macromolecule localization,10/79,1101/8363,0.6037856561514379,0.9555125630602823,10,1101,Montipora_capitata_HIv3___RNAseq.g15043.t1/Montipora_capitata_HIv3___RNAseq.g13857.t1/Montipora_capitata_HIv3___RNAseq.g668.t1/Montipora_capitata_HIv3___RNAseq.g42740.t1/Montipora_capitata_HIv3___RNAseq.g15188.t1/Montipora_capitata_HIv3___RNAseq.g49962.t1/Montipora_capitata_HIv3___RNAseq.g15029.t1b/Montipora_capitata_HIv3___RNAseq.g39706.t2/Montipora_capitata_HIv3___RNAseq.g11658.t1/Montipora_capitata_HIv3___TS.g47745.t1,0.9980232391306181,cellular macromolecule localization,BP
GO:1901137,carbohydrate derivative biosynthetic process,4/79,441/8363,0.605174012883375,0.95768568152922,4,441,Montipora_capitata_HIv3___RNAseq.g3374.t1/Montipora_capitata_HIv3___RNAseq.g15188.t1/Montipora_capitata_HIv3___RNAseq.g14956.t1/Montipora_capitata_HIv3___RNAseq.g20763.t1,0.9980232391306181,carbohydrate derivative biosynthetic process,BP
GO:0015031,protein transport,7/79,776/8363,0.6083517996507393,0.9501010557774113,7,776,Montipora_capitata_HIv3___RNAseq.g15043.t1/Montipora_capitata_HIv3___RNAseq.g13857.t1/Montipora_capitata_HIv3___RNAseq.g42740.t1/Montipora_capitata_HIv3___RNAseq.g15188.t1/Montipora_capitata_HIv3___RNAseq.g49962.t1/Montipora_capitata_HIv3___RNAseq.g15029.t1b/Montipora_capitata_HIv3___RNAseq.g11658.t1,0.9980232391306181,protein transport,BP
GO:0044782,cilium organization,3/79,331/8363,0.6106099024894498,0.9574822526547541,3,331,Montipora_capitata_HIv3___RNAseq.g3374.t1/Montipora_capitata_HIv3___RNAseq.g8971.t1/Montipora_capitata_HIv3___TS.g5653.t1,0.9980232391306181,cilium organization,BP
GO:0009792,embryo development ending in birth or egg hatching,7/79,778/8363,0.6111490766698034,0.9473843190849368,7,778,Montipora_capitata_HIv3___RNAseq.g13857.t1/Montipora_capitata_HIv3___RNAseq.g18698.t1/Montipora_capitata_HIv3___RNAseq.g8971.t1/Montipora_capitata_HIv3___RNAseq.g42740.t1/Montipora_capitata_HIv3___RNAseq.g15188.t1/Montipora_capitata_HIv3___TS.g46192.t3/Montipora_capitata_HIv3___RNAseq.g50276.t1,0.9980232391306181,embryo development ending in birth or egg hatching,BP
GO:0006508,proteolysis,7/79,780/8363,0.6139363251548036,0.9446816249211085,7,780,Montipora_capitata_HIv3___RNAseq.g35299.t1/Montipora_capitata_HIv3___RNAseq.g20771.t1/Montipora_capitata_HIv3___RNAseq.g20807.t2/Montipora_capitata_HIv3___RNAseq.g23247.t1/Montipora_capitata_HIv3___RNAseq.g15188.t1/Montipora_capitata_HIv3___RNAseq.g14625.t1/Montipora_capitata_HIv3___RNAseq.g39706.t2,0.9980232391306181,proteolysis,BP
GO:0031344,regulation of cell projection organization,5/79,558/8363,0.6139742452535515,0.9446071477589161,5,558,Montipora_capitata_HIv3___RNAseq.g6978.t1/Montipora_capitata_HIv3___RNAseq.g8971.t1/Montipora_capitata_HIv3___RNAseq.g24020.t1/Montipora_capitata_HIv3___RNAseq.g15029.t1b/Montipora_capitata_HIv3___RNAseq.g39706.t2,0.9980232391306181,regulation of cell projection organization,BP
GO:0051239,regulation of multicellular organismal process,17/79,1869/8363,0.6143565741831446,0.9522550637380034,17,1869,Montipora_capitata_HIv3___RNAseq.g6978.t1/Montipora_capitata_HIv3___RNAseq.g34092.t1/Montipora_capitata_HIv3___RNAseq.g44519.t1/Montipora_capitata_HIv3___RNAseq.g13129.t1/Montipora_capitata_HIv3___RNAseq.g8971.t1/Montipora_capitata_HIv3___RNAseq.g32149.t1/Montipora_capitata_HIv3___RNAseq.g24020.t1/Montipora_capitata_HIv3___RNAseq.g42740.t1/Montipora_capitata_HIv3___RNAseq.g23247.t1/Montipora_capitata_HIv3___RNAseq.g49962.t1/Montipora_capitata_HIv3___RNAseq.g28116.t1/Montipora_capitata_HIv3___RNAseq.g39706.t2/Montipora_capitata_HIv3___RNAseq.g14488.t1/Montipora_capitata_HIv3___TS.g47745.t1/Montipora_capitata_HIv3___RNAseq.g37450.t2/Montipora_capitata_HIv3___RNAseq.g20763.t1/Montipora_capitata_HIv3___TS.g46192.t3,0.9980232391306181,regulation of multicellular organismal process,BP
GO:0045787,positive regulation of cell cycle,3/79,333/8363,0.6147364188834357,0.9514407339641231,3,333,Montipora_capitata_HIv3___RNAseq.g8971.t1/Montipora_capitata_HIv3___RNAseq.g32149.t1/Montipora_capitata_HIv3___RNAseq.g23247.t1,0.9980232391306181,positive regulation of cell cycle,BP
GO:0033365,protein localization to organelle,5/79,560/8363,0.6172015574891438,0.940959931981943,5,560,Montipora_capitata_HIv3___RNAseq.g13857.t1/Montipora_capitata_HIv3___RNAseq.g42740.t1/Montipora_capitata_HIv3___RNAseq.g39706.t2/Montipora_capitata_HIv3___RNAseq.g11658.t1/Montipora_capitata_HIv3___TS.g47745.t1,0.9980232391306181,protein localization to organelle,BP
GO:0005694,chromosome,6/79,672/8363,0.6179504619538432,0.9401503381379201,6,672,Montipora_capitata_HIv3___RNAseq.g26525.t1/Montipora_capitata_HIv3___RNAseq.g403.t1/Montipora_capitata_HIv3___RNAseq.g18929.t1/Montipora_capitata_HIv3___RNAseq.g15140.t1/Montipora_capitata_HIv3___TS.g32614.t2/Montipora_capitata_HIv3___TS.g47745.t1,0.9980232391306181,chromosome,CC
GO:0051270,GO:0051270,5/79,562/8363,0.6204136709195545,0.9373388950994643,5,562,Montipora_capitata_HIv3___RNAseq.g6978.t1/Montipora_capitata_HIv3___RNAseq.g18698.t1/Montipora_capitata_HIv3___RNAseq.g8971.t1/Montipora_capitata_HIv3___RNAseq.g15029.t1b/Montipora_capitata_HIv3___RNAseq.g39706.t2,0.9980232391306181,NA,NA
GO:0031328,positive regulation of cellular biosynthetic process,10/79,1116/8363,0.6217408602485088,0.9405857855645346,10,1116,Montipora_capitata_HIv3___TS.g33283.t2/Montipora_capitata_HIv3___RNAseq.g6978.t1/Montipora_capitata_HIv3___RNAseq.g26525.t1/Montipora_capitata_HIv3___RNAseq.g403.t1/Montipora_capitata_HIv3___RNAseq.g24095.t1/Montipora_capitata_HIv3___RNAseq.g8971.t1/Montipora_capitata_HIv3___RNAseq.g36935.t1/Montipora_capitata_HIv3___RNAseq.g41333.t1/Montipora_capitata_HIv3___TS.g47745.t1/Montipora_capitata_HIv3___TS.g46192.t3,0.9980232391306181,positive regulation of cellular biosynthetic process,BP
GO:0032990,cell part morphogenesis,5/79,564/8363,0.6236104777338455,0.9337437561690448,5,564,Montipora_capitata_HIv3___RNAseq.g8971.t1/Montipora_capitata_HIv3___RNAseq.g24020.t1/Montipora_capitata_HIv3___RNAseq.g39706.t2/Montipora_capitata_HIv3___TS.g47745.t1/Montipora_capitata_HIv3___TS.g46192.t3,0.9980232391306181,cell part morphogenesis,BP
GO:0010562,positive regulation of phosphorus metabolic process,5/79,564/8363,0.6236104777338455,0.9337437561690448,5,564,Montipora_capitata_HIv3___TS.g33283.t2/Montipora_capitata_HIv3___RNAseq.g6978.t1/Montipora_capitata_HIv3___RNAseq.g15043.t1/Montipora_capitata_HIv3___RNAseq.g24095.t1/Montipora_capitata_HIv3___RNAseq.g8971.t1,0.9980232391306181,positive regulation of phosphorus metabolic process,BP
GO:0045937,positive regulation of phosphate metabolic process,5/79,564/8363,0.6236104777338455,0.9337437561690448,5,564,Montipora_capitata_HIv3___TS.g33283.t2/Montipora_capitata_HIv3___RNAseq.g6978.t1/Montipora_capitata_HIv3___RNAseq.g15043.t1/Montipora_capitata_HIv3___RNAseq.g24095.t1/Montipora_capitata_HIv3___RNAseq.g8971.t1,0.9980232391306181,positive regulation of phosphate metabolic process,BP
GO:0005634,nucleus,34/79,3696/8363,0.6246083613130571,0.9536230336691371,34,3696,Montipora_capitata_HIv3___RNAseq.g6978.t1/Montipora_capitata_HIv3___RNAseq.g26525.t1/Montipora_capitata_HIv3___RNAseq.g35299.t1/Montipora_capitata_HIv3___RNAseq.g34092.t1/Montipora_capitata_HIv3___RNAseq.g44519.t1/Montipora_capitata_HIv3___RNAseq.g42608.t1/Montipora_capitata_HIv3___RNAseq.g12736.t1/Montipora_capitata_HIv3___RNAseq.g403.t1/Montipora_capitata_HIv3___RNAseq.g13857.t1/Montipora_capitata_HIv3___RNAseq.g8971.t1/Montipora_capitata_HIv3___RNAseq.g18395.t1/Montipora_capitata_HIv3___TS.g40519.t3/Montipora_capitata_HIv3___RNAseq.g36935.t1/Montipora_capitata_HIv3___RNAseq.g9338.t1/Montipora_capitata_HIv3___RNAseq.g32149.t1/Montipora_capitata_HIv3___RNAseq.g41333.t1/Montipora_capitata_HIv3___RNAseq.g22408.t1/Montipora_capitata_HIv3___RNAseq.g23247.t1/Montipora_capitata_HIv3___RNAseq.g15188.t1/Montipora_capitata_HIv3___RNAseq.g18929.t1/Montipora_capitata_HIv3___RNAseq.g8270.t1/Montipora_capitata_HIv3___TS.g28908.t1/Montipora_capitata_HIv3___RNAseq.g43111.t1/Montipora_capitata_HIv3___RNAseq.g15029.t1b/Montipora_capitata_HIv3___TS.g21895.t1/Montipora_capitata_HIv3___RNAseq.g44719.t1/Montipora_capitata_HIv3___RNAseq.g15140.t1/Montipora_capitata_HIv3___RNAseq.g22853.t1/Montipora_capitata_HIv3___TS.g32614.t2/Montipora_capitata_HIv3___RNAseq.g11658.t1/Montipora_capitata_HIv3___TS.g47745.t1/Montipora_capitata_HIv3___RNAseq.g37450.t2/Montipora_capitata_HIv3___RNAseq.g20763.t1/Montipora_capitata_HIv3___TS.g46192.t3,0.9980232391306181,nucleus,CC
GO:0009967,positive regulation of signal transduction,8/79,899/8363,0.6253971933311882,0.9349222878943435,8,899,Montipora_capitata_HIv3___TS.g33283.t2/Montipora_capitata_HIv3___RNAseq.g6978.t1/Montipora_capitata_HIv3___RNAseq.g34092.t1/Montipora_capitata_HIv3___RNAseq.g668.t1/Montipora_capitata_HIv3___RNAseq.g24095.t1/Montipora_capitata_HIv3___RNAseq.g8971.t1/Montipora_capitata_HIv3___RNAseq.g39706.t2/Montipora_capitata_HIv3___RNAseq.g22853.t1,0.9980232391306181,positive regulation of signal transduction,BP
GO:0043229,intracellular organelle,61/79,6521/8363,0.6264523102608464,0.9568638746546652,61,6521,Montipora_capitata_HIv3___TS.g33283.t2/Montipora_capitata_HIv3___RNAseq.g6978.t1/Montipora_capitata_HIv3___RNAseq.g36845.t1/Montipora_capitata_HIv3___RNAseq.g26525.t1/Montipora_capitata_HIv3___RNAseq.g35299.t1/Montipora_capitata_HIv3___RNAseq.g34092.t1/Montipora_capitata_HIv3___RNAseq.g44519.t1/Montipora_capitata_HIv3___RNAseq.g50691.t1/Montipora_capitata_HIv3___RNAseq.g3374.t1/Montipora_capitata_HIv3___RNAseq.g42608.t1/Montipora_capitata_HIv3___RNAseq.g39887.t1/Montipora_capitata_HIv3___RNAseq.g12736.t1/Montipora_capitata_HIv3___RNAseq.g44539.t1/Montipora_capitata_HIv3___RNAseq.g403.t1/Montipora_capitata_HIv3___RNAseq.g24524.t1/Montipora_capitata_HIv3___RNAseq.g13857.t1/Montipora_capitata_HIv3___RNAseq.g24095.t1/Montipora_capitata_HIv3___RNAseq.g12548.t1/Montipora_capitata_HIv3___RNAseq.g18698.t1/Montipora_capitata_HIv3___RNAseq.g8971.t1/Montipora_capitata_HIv3___RNAseq.g18395.t1/Montipora_capitata_HIv3___TS.g40519.t3/Montipora_capitata_HIv3___RNAseq.g20807.t2/Montipora_capitata_HIv3___RNAseq.g36935.t1/Montipora_capitata_HIv3___TS.g5653.t1/Montipora_capitata_HIv3___RNAseq.g9338.t1/Montipora_capitata_HIv3___TS.g6904.t1/Montipora_capitata_HIv3___RNAseq.g14155.t1/Montipora_capitata_HIv3___RNAseq.g32149.t1/Montipora_capitata_HIv3___RNAseq.g30434.t1/Montipora_capitata_HIv3___RNAseq.g40284.t1/Montipora_capitata_HIv3___RNAseq.g42740.t1/Montipora_capitata_HIv3___RNAseq.g41333.t1/Montipora_capitata_HIv3___RNAseq.g22408.t1/Montipora_capitata_HIv3___RNAseq.g1174.t1/Montipora_capitata_HIv3___RNAseq.g23247.t1/Montipora_capitata_HIv3___RNAseq.g39974.t1/Montipora_capitata_HIv3___RNAseq.g15188.t1/Montipora_capitata_HIv3___RNAseq.g49962.t1/Montipora_capitata_HIv3___RNAseq.g18929.t1/Montipora_capitata_HIv3___TS.g50674.t1/Montipora_capitata_HIv3___RNAseq.g8270.t1/Montipora_capitata_HIv3___TS.g28908.t1/Montipora_capitata_HIv3___RNAseq.g43111.t1/Montipora_capitata_HIv3___RNAseq.g15029.t1b/Montipora_capitata_HIv3___TS.g21895.t1/Montipora_capitata_HIv3___RNAseq.g44719.t1/Montipora_capitata_HIv3___RNAseq.g9087.t1/Montipora_capitata_HIv3___RNAseq.g14625.t1/Montipora_capitata_HIv3___RNAseq.g15140.t1/Montipora_capitata_HIv3___RNAseq.g14956.t1/Montipora_capitata_HIv3___RNAseq.g39706.t2/Montipora_capitata_HIv3___RNAseq.g22853.t1/Montipora_capitata_HIv3___TS.g32614.t2/Montipora_capitata_HIv3___RNAseq.g11658.t1/Montipora_capitata_HIv3___RNAseq.g14488.t1/Montipora_capitata_HIv3___TS.g47745.t1/Montipora_capitata_HIv3___RNAseq.g37450.t2/Montipora_capitata_HIv3___RNAseq.g20763.t1/Montipora_capitata_HIv3___TS.g20607.t1/Montipora_capitata_HIv3___TS.g46192.t3,0.9980232391306181,intracellular organelle,CC
GO:0009636,response to toxic substance,4/79,453/8363,0.6266331547138488,0.9306675556708238,4,453,Montipora_capitata_HIv3___RNAseq.g34092.t1/Montipora_capitata_HIv3___RNAseq.g44519.t1/Montipora_capitata_HIv3___RNAseq.g8971.t1/Montipora_capitata_HIv3___RNAseq.g14488.t1,0.9980232391306181,response to toxic substance,BP
GO:1901700,response to oxygen-containing compound,9/79,1012/8363,0.6287853855899475,0.9333280873244708,9,1012,Montipora_capitata_HIv3___TS.g33283.t2/Montipora_capitata_HIv3___RNAseq.g6978.t1/Montipora_capitata_HIv3___RNAseq.g15043.t1/Montipora_capitata_HIv3___RNAseq.g34092.t1/Montipora_capitata_HIv3___RNAseq.g44519.t1/Montipora_capitata_HIv3___RNAseq.g8971.t1/Montipora_capitata_HIv3___RNAseq.g39974.t1/Montipora_capitata_HIv3___RNAseq.g14488.t1/Montipora_capitata_HIv3___TS.g46192.t3,0.9980232391306181,response to oxygen-containing compound,BP
GO:0015833,peptide transport,7/79,791/8363,0.629083054386701,0.9300630155135191,7,791,Montipora_capitata_HIv3___RNAseq.g15043.t1/Montipora_capitata_HIv3___RNAseq.g13857.t1/Montipora_capitata_HIv3___RNAseq.g42740.t1/Montipora_capitata_HIv3___RNAseq.g15188.t1/Montipora_capitata_HIv3___RNAseq.g49962.t1/Montipora_capitata_HIv3___RNAseq.g15029.t1b/Montipora_capitata_HIv3___RNAseq.g11658.t1,0.9980232391306181,peptide transport,BP
GO:0004672,protein kinase activity,3/79,341/8363,0.6309547365781834,0.9279894864549658,3,341,Montipora_capitata_HIv3___RNAseq.g6978.t1/Montipora_capitata_HIv3___RNAseq.g8971.t1/Montipora_capitata_HIv3___RNAseq.g28116.t1,0.9980232391306181,protein kinase activity,MF
GO:0002164,larval development,3/79,341/8363,0.6309547365781834,0.9279894864549658,3,341,Montipora_capitata_HIv3___RNAseq.g15043.t1/Montipora_capitata_HIv3___RNAseq.g42608.t1/Montipora_capitata_HIv3___RNAseq.g8971.t1,0.9980232391306181,larval development,BP
GO:0044428,GO:0044428,25/79,2747/8363,0.6317471497724414,0.9460024043152873,25,2747,Montipora_capitata_HIv3___RNAseq.g26525.t1/Montipora_capitata_HIv3___RNAseq.g35299.t1/Montipora_capitata_HIv3___RNAseq.g34092.t1/Montipora_capitata_HIv3___RNAseq.g42608.t1/Montipora_capitata_HIv3___RNAseq.g12736.t1/Montipora_capitata_HIv3___RNAseq.g403.t1/Montipora_capitata_HIv3___RNAseq.g13857.t1/Montipora_capitata_HIv3___RNAseq.g8971.t1/Montipora_capitata_HIv3___RNAseq.g18395.t1/Montipora_capitata_HIv3___TS.g40519.t3/Montipora_capitata_HIv3___RNAseq.g9338.t1/Montipora_capitata_HIv3___RNAseq.g41333.t1/Montipora_capitata_HIv3___RNAseq.g22408.t1/Montipora_capitata_HIv3___RNAseq.g23247.t1/Montipora_capitata_HIv3___RNAseq.g15188.t1/Montipora_capitata_HIv3___RNAseq.g18929.t1/Montipora_capitata_HIv3___TS.g28908.t1/Montipora_capitata_HIv3___RNAseq.g43111.t1/Montipora_capitata_HIv3___RNAseq.g44719.t1/Montipora_capitata_HIv3___RNAseq.g22853.t1/Montipora_capitata_HIv3___TS.g32614.t2/Montipora_capitata_HIv3___RNAseq.g11658.t1/Montipora_capitata_HIv3___TS.g47745.t1/Montipora_capitata_HIv3___RNAseq.g37450.t2/Montipora_capitata_HIv3___RNAseq.g20763.t1,0.9980232391306181,NA,NA
GO:0048638,regulation of developmental growth,4/79,456/8363,0.6318848891144918,0.9241371084722539,4,456,Montipora_capitata_HIv3___RNAseq.g8971.t1/Montipora_capitata_HIv3___RNAseq.g28116.t1/Montipora_capitata_HIv3___RNAseq.g39706.t2/Montipora_capitata_HIv3___RNAseq.g37450.t2,0.9980232391306181,regulation of developmental growth,BP
GO:0002274,myeloid leukocyte activation,3/79,342/8363,0.632949444222087,0.9251358895160936,3,342,Montipora_capitata_HIv3___RNAseq.g44519.t1/Montipora_capitata_HIv3___RNAseq.g18698.t1/Montipora_capitata_HIv3___RNAseq.g14488.t1,0.9980232391306181,myeloid leukocyte activation,BP
GO:0005759,mitochondrial matrix,3/79,342/8363,0.632949444222087,0.9251358895160936,3,342,Montipora_capitata_HIv3___RNAseq.g1174.t1/Montipora_capitata_HIv3___RNAseq.g9087.t1/Montipora_capitata_HIv3___RNAseq.g14488.t1,0.9980232391306181,mitochondrial matrix,CC
GO:0002064,epithelial cell development,3/79,342/8363,0.632949444222087,0.9251358895160936,3,342,Montipora_capitata_HIv3___RNAseq.g18698.t1/Montipora_capitata_HIv3___RNAseq.g8971.t1/Montipora_capitata_HIv3___TS.g20607.t1,0.9980232391306181,epithelial cell development,BP
GO:0043900,GO:0043900,3/79,343/8363,0.6349368741534213,0.9222990749821581,3,343,Montipora_capitata_HIv3___RNAseq.g44519.t1/Montipora_capitata_HIv3___RNAseq.g14488.t1/Montipora_capitata_HIv3___TS.g47745.t1,0.9980232391306181,NA,NA
GO:0046700,heterocycle catabolic process,3/79,346/8363,0.6408554024845072,0.9138878581656527,3,346,Montipora_capitata_HIv3___RNAseq.g42608.t1/Montipora_capitata_HIv3___RNAseq.g18929.t1/Montipora_capitata_HIv3___RNAseq.g11658.t1,0.9980232391306181,heterocycle catabolic process,BP
GO:0031982,vesicle,12/79,1354/8363,0.6429330820399086,0.9264712090603671,12,1354,Montipora_capitata_HIv3___TS.g33283.t2/Montipora_capitata_HIv3___RNAseq.g44519.t1/Montipora_capitata_HIv3___RNAseq.g668.t1/Montipora_capitata_HIv3___RNAseq.g8971.t1/Montipora_capitata_HIv3___RNAseq.g20807.t2/Montipora_capitata_HIv3___RNAseq.g42740.t1/Montipora_capitata_HIv3___RNAseq.g1174.t1/Montipora_capitata_HIv3___RNAseq.g15029.t1b/Montipora_capitata_HIv3___RNAseq.g14625.t1/Montipora_capitata_HIv3___RNAseq.g39706.t2/Montipora_capitata_HIv3___RNAseq.g14488.t1/Montipora_capitata_HIv3___TS.g20607.t1,0.9980232391306181,vesicle,CC
GO:0008152,metabolic process,49/79,5296/8363,0.6432058435622049,0.9453915052334901,49,5296,Montipora_capitata_HIv3___TS.g33283.t2/Montipora_capitata_HIv3___RNAseq.g6978.t1/Montipora_capitata_HIv3___RNAseq.g36845.t1/Montipora_capitata_HIv3___RNAseq.g26525.t1/Montipora_capitata_HIv3___RNAseq.g15043.t1/Montipora_capitata_HIv3___TS.g44069.t1/Montipora_capitata_HIv3___RNAseq.g35299.t1/Montipora_capitata_HIv3___RNAseq.g34092.t1/Montipora_capitata_HIv3___RNAseq.g44519.t1/Montipora_capitata_HIv3___RNAseq.g50691.t1/Montipora_capitata_HIv3___RNAseq.g3374.t1/Montipora_capitata_HIv3___RNAseq.g42608.t1/Montipora_capitata_HIv3___RNAseq.g12736.t1/Montipora_capitata_HIv3___RNAseq.g44539.t1/Montipora_capitata_HIv3___RNAseq.g403.t1/Montipora_capitata_HIv3___RNAseq.g13857.t1/Montipora_capitata_HIv3___RNAseq.g668.t1/Montipora_capitata_HIv3___RNAseq.g44562.t1/Montipora_capitata_HIv3___RNAseq.g24095.t1/Montipora_capitata_HIv3___RNAseq.g18698.t1/Montipora_capitata_HIv3___RNAseq.g8971.t1/Montipora_capitata_HIv3___RNAseq.g20771.t1/Montipora_capitata_HIv3___RNAseq.g41416.t2a/Montipora_capitata_HIv3___RNAseq.g18395.t1/Montipora_capitata_HIv3___TS.g40519.t3/Montipora_capitata_HIv3___RNAseq.g20807.t2/Montipora_capitata_HIv3___TS.g6904.t1/Montipora_capitata_HIv3___RNAseq.g32149.t1/Montipora_capitata_HIv3___RNAseq.g42740.t1/Montipora_capitata_HIv3___RNAseq.g1174.t1/Montipora_capitata_HIv3___RNAseq.g23247.t1/Montipora_capitata_HIv3___RNAseq.g39974.t1/Montipora_capitata_HIv3___RNAseq.g15188.t1/Montipora_capitata_HIv3___RNAseq.g18929.t1/Montipora_capitata_HIv3___TS.g50674.t1/Montipora_capitata_HIv3___TS.g28908.t1/Montipora_capitata_HIv3___RNAseq.g43111.t1/Montipora_capitata_HIv3___RNAseq.g28116.t1/Montipora_capitata_HIv3___RNAseq.g44719.t1/Montipora_capitata_HIv3___RNAseq.g9087.t1/Montipora_capitata_HIv3___RNAseq.g14625.t1/Montipora_capitata_HIv3___RNAseq.g14956.t1/Montipora_capitata_HIv3___RNAseq.g39706.t2/Montipora_capitata_HIv3___RNAseq.g11658.t1/Montipora_capitata_HIv3___RNAseq.g14488.t1/Montipora_capitata_HIv3___TS.g47745.t1/Montipora_capitata_HIv3___RNAseq.g37450.t2/Montipora_capitata_HIv3___RNAseq.g20763.t1/Montipora_capitata_HIv3___TS.g46192.t3,0.9980232391306181,metabolic process,BP
GO:0010243,response to organonitrogen compound,6/79,690/8363,0.6441031662661633,0.913247145190942,6,690,Montipora_capitata_HIv3___TS.g33283.t2/Montipora_capitata_HIv3___RNAseq.g15043.t1/Montipora_capitata_HIv3___RNAseq.g8971.t1/Montipora_capitata_HIv3___RNAseq.g15188.t1/Montipora_capitata_HIv3___RNAseq.g11658.t1/Montipora_capitata_HIv3___RNAseq.g14488.t1,0.9980232391306181,response to organonitrogen compound,BP
GO:0009894,regulation of catabolic process,6/79,690/8363,0.6441031662661633,0.913247145190942,6,690,Montipora_capitata_HIv3___RNAseq.g6978.t1/Montipora_capitata_HIv3___RNAseq.g42608.t1/Montipora_capitata_HIv3___RNAseq.g18929.t1/Montipora_capitata_HIv3___RNAseq.g15029.t1b/Montipora_capitata_HIv3___RNAseq.g39706.t2/Montipora_capitata_HIv3___TS.g47745.t1,0.9980232391306181,regulation of catabolic process,BP
GO:0005102,signaling receptor binding,6/79,690/8363,0.6441031662661633,0.913247145190942,6,690,Montipora_capitata_HIv3___TS.g33283.t2/Montipora_capitata_HIv3___RNAseq.g15043.t1/Montipora_capitata_HIv3___RNAseq.g3374.t1/Montipora_capitata_HIv3___RNAseq.g8971.t1/Montipora_capitata_HIv3___RNAseq.g15029.t1b/Montipora_capitata_HIv3___RNAseq.g39706.t2,0.9980232391306181,signaling receptor binding,MF
GO:0051094,positive regulation of developmental process,8/79,914/8363,0.644540870288169,0.9175763403021953,8,914,Montipora_capitata_HIv3___RNAseq.g6978.t1/Montipora_capitata_HIv3___RNAseq.g8971.t1/Montipora_capitata_HIv3___RNAseq.g32149.t1/Montipora_capitata_HIv3___RNAseq.g24020.t1/Montipora_capitata_HIv3___RNAseq.g42740.t1/Montipora_capitata_HIv3___RNAseq.g39706.t2/Montipora_capitata_HIv3___RNAseq.g14488.t1/Montipora_capitata_HIv3___TS.g46192.t3,0.9980232391306181,positive regulation of developmental process,BP
GO:0030054,cell junction,3/79,348/8363,0.6447645336128041,0.9083616314053369,3,348,Montipora_capitata_HIv3___RNAseq.g6978.t1/Montipora_capitata_HIv3___RNAseq.g42608.t1/Montipora_capitata_HIv3___RNAseq.g18698.t1,0.9980232391306181,cell junction,CC
GO:0044441,GO:0044441,3/79,348/8363,0.6447645336128041,0.9083616314053369,3,348,Montipora_capitata_HIv3___RNAseq.g2559.t1a/Montipora_capitata_HIv3___RNAseq.g12807.t1/Montipora_capitata_HIv3___TS.g5653.t1,0.9980232391306181,NA,NA
GO:0042886,amide transport,7/79,803/8363,0.6452416778541952,0.9145757189598854,7,803,Montipora_capitata_HIv3___RNAseq.g15043.t1/Montipora_capitata_HIv3___RNAseq.g13857.t1/Montipora_capitata_HIv3___RNAseq.g42740.t1/Montipora_capitata_HIv3___RNAseq.g15188.t1/Montipora_capitata_HIv3___RNAseq.g49962.t1/Montipora_capitata_HIv3___RNAseq.g15029.t1b/Montipora_capitata_HIv3___RNAseq.g11658.t1,0.9980232391306181,amide transport,BP
GO:0016301,kinase activity,4/79,464/8363,0.6456639661333108,0.9071388847220362,4,464,Montipora_capitata_HIv3___RNAseq.g6978.t1/Montipora_capitata_HIv3___RNAseq.g8971.t1/Montipora_capitata_HIv3___RNAseq.g28116.t1/Montipora_capitata_HIv3___RNAseq.g20763.t1,0.9980232391306181,kinase activity,MF
GO:0044270,cellular nitrogen compound catabolic process,3/79,349/8363,0.6467081094378848,0.9056224707249483,3,349,Montipora_capitata_HIv3___RNAseq.g42608.t1/Montipora_capitata_HIv3___RNAseq.g18929.t1/Montipora_capitata_HIv3___RNAseq.g11658.t1,0.9980232391306181,cellular nitrogen compound catabolic process,BP
GO:0071417,cellular response to organonitrogen compound,3/79,350/8363,0.6486443494796001,0.9028990944617858,3,350,Montipora_capitata_HIv3___TS.g33283.t2/Montipora_capitata_HIv3___RNAseq.g8971.t1/Montipora_capitata_HIv3___RNAseq.g14488.t1,0.9980232391306181,cellular response to organonitrogen compound,BP
GO:0000228,nuclear chromosome,3/79,350/8363,0.6486443494796001,0.9028990944617858,3,350,Montipora_capitata_HIv3___RNAseq.g26525.t1/Montipora_capitata_HIv3___TS.g32614.t2/Montipora_capitata_HIv3___TS.g47745.t1,0.9980232391306181,nuclear chromosome,CC
GO:0005768,endosome,5/79,581/8363,0.650151451582041,0.9041925893579522,5,581,Montipora_capitata_HIv3___RNAseq.g8971.t1/Montipora_capitata_HIv3___RNAseq.g1174.t1/Montipora_capitata_HIv3___RNAseq.g15029.t1b/Montipora_capitata_HIv3___RNAseq.g39706.t2/Montipora_capitata_HIv3___TS.g20607.t1,0.9980232391306181,endosome,CC
GO:0030141,secretory granule,4/79,467/8363,0.6507456730428072,0.9009159443306441,4,467,Montipora_capitata_HIv3___TS.g33283.t2/Montipora_capitata_HIv3___RNAseq.g44519.t1/Montipora_capitata_HIv3___RNAseq.g14625.t1/Montipora_capitata_HIv3___RNAseq.g14488.t1,0.9980232391306181,secretory granule,CC
GO:0009891,positive regulation of biosynthetic process,10/79,1142/8363,0.6519219424654954,0.9156469918570764,10,1142,Montipora_capitata_HIv3___TS.g33283.t2/Montipora_capitata_HIv3___RNAseq.g6978.t1/Montipora_capitata_HIv3___RNAseq.g26525.t1/Montipora_capitata_HIv3___RNAseq.g403.t1/Montipora_capitata_HIv3___RNAseq.g24095.t1/Montipora_capitata_HIv3___RNAseq.g8971.t1/Montipora_capitata_HIv3___RNAseq.g36935.t1/Montipora_capitata_HIv3___RNAseq.g41333.t1/Montipora_capitata_HIv3___TS.g47745.t1/Montipora_capitata_HIv3___TS.g46192.t3,0.9980232391306181,positive regulation of biosynthetic process,BP
GO:0033554,cellular response to stress,11/79,1254/8363,0.6536706793762374,0.9163061526944256,11,1254,Montipora_capitata_HIv3___RNAseq.g6978.t1/Montipora_capitata_HIv3___RNAseq.g44519.t1/Montipora_capitata_HIv3___RNAseq.g50691.t1/Montipora_capitata_HIv3___RNAseq.g668.t1/Montipora_capitata_HIv3___RNAseq.g24095.t1/Montipora_capitata_HIv3___RNAseq.g8971.t1/Montipora_capitata_HIv3___TS.g40519.t3/Montipora_capitata_HIv3___RNAseq.g15188.t1/Montipora_capitata_HIv3___RNAseq.g26867.t1/Montipora_capitata_HIv3___RNAseq.g14488.t1/Montipora_capitata_HIv3___TS.g47745.t1,0.9980232391306181,cellular response to stress,BP
GO:0048666,neuron development,7/79,811/8363,0.6557948496965067,0.9045073954678475,7,811,Montipora_capitata_HIv3___RNAseq.g8971.t1/Montipora_capitata_HIv3___RNAseq.g24020.t1/Montipora_capitata_HIv3___RNAseq.g1174.t1/Montipora_capitata_HIv3___RNAseq.g39706.t2/Montipora_capitata_HIv3___TS.g47745.t1/Montipora_capitata_HIv3___RNAseq.g37450.t2/Montipora_capitata_HIv3___TS.g46192.t3,0.9980232391306181,neuron development,BP
GO:0032989,cellular component morphogenesis,7/79,811/8363,0.6557948496965067,0.9045073954678475,7,811,Montipora_capitata_HIv3___RNAseq.g8971.t1/Montipora_capitata_HIv3___RNAseq.g24020.t1/Montipora_capitata_HIv3___RNAseq.g39706.t2/Montipora_capitata_HIv3___TS.g47745.t1/Montipora_capitata_HIv3___RNAseq.g37450.t2/Montipora_capitata_HIv3___TS.g20607.t1/Montipora_capitata_HIv3___TS.g46192.t3,0.9980232391306181,cellular component morphogenesis,BP
GO:0016772,"transferase activity, transferring phosphorus-containing groups",5/79,585/8363,0.6562285142701242,0.8974910010603566,5,585,Montipora_capitata_HIv3___RNAseq.g6978.t1/Montipora_capitata_HIv3___RNAseq.g12736.t1/Montipora_capitata_HIv3___RNAseq.g8971.t1/Montipora_capitata_HIv3___RNAseq.g28116.t1/Montipora_capitata_HIv3___RNAseq.g20763.t1,0.9980232391306181,"transferase activity, transferring phosphorus-containing groups",MF
GO:0099081,supramolecular polymer,3/79,354/8363,0.6563158311074311,0.8921607357558848,3,354,Montipora_capitata_HIv3___RNAseq.g403.t1/Montipora_capitata_HIv3___RNAseq.g18698.t1/Montipora_capitata_HIv3___TS.g21895.t1,0.9980232391306181,supramolecular polymer,CC
GO:0099512,supramolecular fiber,3/79,354/8363,0.6563158311074311,0.8921607357558848,3,354,Montipora_capitata_HIv3___RNAseq.g403.t1/Montipora_capitata_HIv3___RNAseq.g18698.t1/Montipora_capitata_HIv3___TS.g21895.t1,0.9980232391306181,supramolecular fiber,CC
GO:0003682,chromatin binding,3/79,354/8363,0.6563158311074311,0.8921607357558848,3,354,Montipora_capitata_HIv3___RNAseq.g26525.t1/Montipora_capitata_HIv3___RNAseq.g44519.t1/Montipora_capitata_HIv3___TS.g47745.t1,0.9980232391306181,chromatin binding,MF
GO:0071702,organic substance transport,10/79,1149/8363,0.6598306701259442,0.9091266268532153,10,1149,Montipora_capitata_HIv3___TS.g33283.t2/Montipora_capitata_HIv3___RNAseq.g15043.t1/Montipora_capitata_HIv3___TS.g44069.t1/Montipora_capitata_HIv3___RNAseq.g13129.t1/Montipora_capitata_HIv3___RNAseq.g13857.t1/Montipora_capitata_HIv3___RNAseq.g42740.t1/Montipora_capitata_HIv3___RNAseq.g15188.t1/Montipora_capitata_HIv3___RNAseq.g49962.t1/Montipora_capitata_HIv3___RNAseq.g15029.t1b/Montipora_capitata_HIv3___RNAseq.g11658.t1,0.9980232391306181,organic substance transport,BP
GO:0009896,positive regulation of catabolic process,3/79,359/8363,0.665739497268826,0.8790770623628577,3,359,Montipora_capitata_HIv3___RNAseq.g6978.t1/Montipora_capitata_HIv3___RNAseq.g23247.t1/Montipora_capitata_HIv3___RNAseq.g39706.t2,0.9980232391306181,positive regulation of catabolic process,BP
GO:1903827,GO:1903827,3/79,359/8363,0.665739497268826,0.8790770623628577,3,359,Montipora_capitata_HIv3___RNAseq.g6978.t1/Montipora_capitata_HIv3___RNAseq.g15029.t1b/Montipora_capitata_HIv3___RNAseq.g39706.t2,0.9980232391306181,NA,NA
GO:0034097,response to cytokine,4/79,477/8363,0.6673437667322761,0.8807427336800064,4,477,Montipora_capitata_HIv3___RNAseq.g34092.t1/Montipora_capitata_HIv3___RNAseq.g14488.t1/Montipora_capitata_HIv3___TS.g47745.t1/Montipora_capitata_HIv3___TS.g46192.t3,0.9980232391306181,response to cytokine,BP
GO:0099080,supramolecular complex,3/79,360/8363,0.6676021032991357,0.876504297384101,3,360,Montipora_capitata_HIv3___RNAseq.g403.t1/Montipora_capitata_HIv3___RNAseq.g18698.t1/Montipora_capitata_HIv3___TS.g21895.t1,0.9980232391306181,supramolecular complex,CC
GO:0071407,cellular response to organic cyclic compound,3/79,360/8363,0.6676021032991357,0.876504297384101,3,360,Montipora_capitata_HIv3___RNAseq.g8971.t1/Montipora_capitata_HIv3___RNAseq.g14488.t1/Montipora_capitata_HIv3___TS.g47745.t1,0.9980232391306181,cellular response to organic cyclic compound,BP
GO:0000139,Golgi membrane,3/79,363/8363,0.6731456276433252,0.8688717436510507,3,363,Montipora_capitata_HIv3___RNAseq.g3374.t1/Montipora_capitata_HIv3___RNAseq.g14155.t1/Montipora_capitata_HIv3___RNAseq.g39706.t2,0.9980232391306181,Golgi membrane,CC
GO:0046872,metal ion binding,6/79,711/8363,0.6732790973575582,0.8835950612731917,6,711,Montipora_capitata_HIv3___TS.g33283.t2/Montipora_capitata_HIv3___RNAseq.g12736.t1/Montipora_capitata_HIv3___RNAseq.g41416.t2a/Montipora_capitata_HIv3___RNAseq.g32149.t1/Montipora_capitata_HIv3___RNAseq.g15188.t1/Montipora_capitata_HIv3___RNAseq.g14488.t1,0.9980232391306181,metal ion binding,MF
GO:0010467,gene expression,13/79,1495/8363,0.6750052836217744,0.9040629097504082,13,1495,Montipora_capitata_HIv3___RNAseq.g26525.t1/Montipora_capitata_HIv3___RNAseq.g12736.t1/Montipora_capitata_HIv3___RNAseq.g403.t1/Montipora_capitata_HIv3___RNAseq.g13857.t1/Montipora_capitata_HIv3___RNAseq.g18395.t1/Montipora_capitata_HIv3___RNAseq.g20807.t2/Montipora_capitata_HIv3___RNAseq.g18929.t1/Montipora_capitata_HIv3___TS.g28908.t1/Montipora_capitata_HIv3___RNAseq.g43111.t1/Montipora_capitata_HIv3___RNAseq.g39706.t2/Montipora_capitata_HIv3___RNAseq.g11658.t1/Montipora_capitata_HIv3___TS.g47745.t1/Montipora_capitata_HIv3___TS.g46192.t3,0.9980232391306181,gene expression,BP
GO:0030424,axon,4/79,482/8363,0.675444398475658,0.8709725507626324,4,482,Montipora_capitata_HIv3___RNAseq.g34092.t1/Montipora_capitata_HIv3___RNAseq.g20807.t2/Montipora_capitata_HIv3___RNAseq.g49962.t1/Montipora_capitata_HIv3___TS.g46192.t3,0.9980232391306181,axon,CC
GO:0051347,positive regulation of transferase activity,3/79,365/8363,0.6768043885843151,0.8638536413818549,3,365,Montipora_capitata_HIv3___TS.g33283.t2/Montipora_capitata_HIv3___RNAseq.g6978.t1/Montipora_capitata_HIv3___RNAseq.g8971.t1,0.9980232391306181,positive regulation of transferase activity,BP
GO:0017144,GO:0017144,4/79,483/8363,0.6770485494723353,0.8690429825381242,4,483,Montipora_capitata_HIv3___RNAseq.g44519.t1/Montipora_capitata_HIv3___RNAseq.g14488.t1/Montipora_capitata_HIv3___RNAseq.g37450.t2/Montipora_capitata_HIv3___RNAseq.g20763.t1,0.9980232391306181,NA,NA
GO:0006811,monoatomic ion transport,6/79,714/8363,0.6773254072052491,0.8795025278112916,6,714,Montipora_capitata_HIv3___TS.g33283.t2/Montipora_capitata_HIv3___RNAseq.g13129.t1/Montipora_capitata_HIv3___RNAseq.g668.t1/Montipora_capitata_HIv3___RNAseq.g41416.t2a/Montipora_capitata_HIv3___RNAseq.g14155.t1/Montipora_capitata_HIv3___RNAseq.g42740.t1,0.9980232391306181,monoatomic ion transport,BP
GO:0051252,regulation of RNA metabolic process,15/79,1722/8363,0.6817957531934646,0.9030481298427098,15,1722,Montipora_capitata_HIv3___TS.g33283.t2/Montipora_capitata_HIv3___RNAseq.g6978.t1/Montipora_capitata_HIv3___RNAseq.g26525.t1/Montipora_capitata_HIv3___RNAseq.g42608.t1/Montipora_capitata_HIv3___RNAseq.g12736.t1/Montipora_capitata_HIv3___RNAseq.g403.t1/Montipora_capitata_HIv3___RNAseq.g13857.t1/Montipora_capitata_HIv3___RNAseq.g8971.t1/Montipora_capitata_HIv3___RNAseq.g36935.t1/Montipora_capitata_HIv3___RNAseq.g32149.t1/Montipora_capitata_HIv3___RNAseq.g41333.t1/Montipora_capitata_HIv3___RNAseq.g18929.t1/Montipora_capitata_HIv3___RNAseq.g28116.t1/Montipora_capitata_HIv3___TS.g47745.t1/Montipora_capitata_HIv3___TS.g46192.t3,0.9980232391306181,regulation of RNA metabolic process,BP
GO:0051704,GO:0051704,15/79,1722/8363,0.6817957531934646,0.9030481298427098,15,1722,Montipora_capitata_HIv3___TS.g33283.t2/Montipora_capitata_HIv3___RNAseq.g6978.t1/Montipora_capitata_HIv3___RNAseq.g26525.t1/Montipora_capitata_HIv3___RNAseq.g14946.t1/Montipora_capitata_HIv3___RNAseq.g44519.t1/Montipora_capitata_HIv3___RNAseq.g13857.t1/Montipora_capitata_HIv3___RNAseq.g24095.t1/Montipora_capitata_HIv3___RNAseq.g18698.t1/Montipora_capitata_HIv3___RNAseq.g8971.t1/Montipora_capitata_HIv3___RNAseq.g18929.t1/Montipora_capitata_HIv3___RNAseq.g28116.t1/Montipora_capitata_HIv3___RNAseq.g15029.t1b/Montipora_capitata_HIv3___RNAseq.g39706.t2/Montipora_capitata_HIv3___RNAseq.g14488.t1/Montipora_capitata_HIv3___TS.g47745.t1,0.9980232391306181,NA,NA
GO:0043549,regulation of kinase activity,4/79,487/8363,0.6834117329437577,0.8614045824374024,4,487,Montipora_capitata_HIv3___TS.g33283.t2/Montipora_capitata_HIv3___RNAseq.g6978.t1/Montipora_capitata_HIv3___RNAseq.g8971.t1/Montipora_capitata_HIv3___RNAseq.g15029.t1b,0.9980232391306181,regulation of kinase activity,BP
GO:0030029,actin filament-based process,3/79,369/8363,0.6840332958605164,0.8539819310053435,3,369,Montipora_capitata_HIv3___TS.g33283.t2/Montipora_capitata_HIv3___RNAseq.g18698.t1/Montipora_capitata_HIv3___RNAseq.g15029.t1b,0.9980232391306181,actin filament-based process,BP
GO:1990234,transferase complex,5/79,604/8363,0.684195145719758,0.8668801152304241,5,604,Montipora_capitata_HIv3___RNAseq.g6978.t1/Montipora_capitata_HIv3___RNAseq.g23247.t1/Montipora_capitata_HIv3___RNAseq.g15188.t1/Montipora_capitata_HIv3___TS.g32614.t2/Montipora_capitata_HIv3___TS.g47745.t1,0.9980232391306181,transferase complex,CC
GO:0032270,GO:0032270,8/79,947/8363,0.6847413311318258,0.8813627669268589,8,947,Montipora_capitata_HIv3___TS.g33283.t2/Montipora_capitata_HIv3___RNAseq.g6978.t1/Montipora_capitata_HIv3___RNAseq.g15043.t1/Montipora_capitata_HIv3___RNAseq.g24095.t1/Montipora_capitata_HIv3___RNAseq.g8971.t1/Montipora_capitata_HIv3___RNAseq.g23247.t1/Montipora_capitata_HIv3___RNAseq.g39706.t2/Montipora_capitata_HIv3___TS.g47745.t1,0.9980232391306181,NA,NA
GO:0007166,cell surface receptor signaling pathway,8/79,947/8363,0.6847413311318258,0.8813627669268589,8,947,Montipora_capitata_HIv3___RNAseq.g6978.t1/Montipora_capitata_HIv3___RNAseq.g34092.t1/Montipora_capitata_HIv3___RNAseq.g3374.t1/Montipora_capitata_HIv3___RNAseq.g24095.t1/Montipora_capitata_HIv3___RNAseq.g18698.t1/Montipora_capitata_HIv3___RNAseq.g8971.t1/Montipora_capitata_HIv3___RNAseq.g28116.t1/Montipora_capitata_HIv3___RNAseq.g39706.t2,0.9980232391306181,cell surface receptor signaling pathway,BP
GO:0031410,cytoplasmic vesicle,11/79,1284/8363,0.6856171090353703,0.8909462524147516,11,1284,Montipora_capitata_HIv3___TS.g33283.t2/Montipora_capitata_HIv3___RNAseq.g44519.t1/Montipora_capitata_HIv3___RNAseq.g8971.t1/Montipora_capitata_HIv3___RNAseq.g20807.t2/Montipora_capitata_HIv3___RNAseq.g42740.t1/Montipora_capitata_HIv3___RNAseq.g1174.t1/Montipora_capitata_HIv3___RNAseq.g15029.t1b/Montipora_capitata_HIv3___RNAseq.g14625.t1/Montipora_capitata_HIv3___RNAseq.g39706.t2/Montipora_capitata_HIv3___RNAseq.g14488.t1/Montipora_capitata_HIv3___TS.g20607.t1,0.9980232391306181,cytoplasmic vesicle,CC
GO:0002366,leukocyte activation involved in immune response,3/79,370/8363,0.6858220666575621,0.851547619468026,3,370,Montipora_capitata_HIv3___RNAseq.g44519.t1/Montipora_capitata_HIv3___RNAseq.g18698.t1/Montipora_capitata_HIv3___RNAseq.g14488.t1,0.9980232391306181,leukocyte activation involved in immune response,BP
GO:1901701,cellular response to oxygen-containing compound,5/79,606/8363,0.6870513356881713,0.8637704467784232,5,606,Montipora_capitata_HIv3___TS.g33283.t2/Montipora_capitata_HIv3___RNAseq.g6978.t1/Montipora_capitata_HIv3___RNAseq.g44519.t1/Montipora_capitata_HIv3___RNAseq.g14488.t1/Montipora_capitata_HIv3___TS.g46192.t3,0.9980232391306181,cellular response to oxygen-containing compound,BP
GO:0098660,inorganic ion transmembrane transport,3/79,371/8363,0.68760345839438,0.8491265351462273,3,371,Montipora_capitata_HIv3___RNAseq.g13129.t1/Montipora_capitata_HIv3___RNAseq.g668.t1/Montipora_capitata_HIv3___RNAseq.g14155.t1,0.9980232391306181,inorganic ion transmembrane transport,BP
GO:0097708,intracellular vesicle,11/79,1287/8363,0.6887196825442914,0.8884696172648733,11,1287,Montipora_capitata_HIv3___TS.g33283.t2/Montipora_capitata_HIv3___RNAseq.g44519.t1/Montipora_capitata_HIv3___RNAseq.g8971.t1/Montipora_capitata_HIv3___RNAseq.g20807.t2/Montipora_capitata_HIv3___RNAseq.g42740.t1/Montipora_capitata_HIv3___RNAseq.g1174.t1/Montipora_capitata_HIv3___RNAseq.g15029.t1b/Montipora_capitata_HIv3___RNAseq.g14625.t1/Montipora_capitata_HIv3___RNAseq.g39706.t2/Montipora_capitata_HIv3___RNAseq.g14488.t1/Montipora_capitata_HIv3___TS.g20607.t1,0.9980232391306181,intracellular vesicle,CC
GO:0005654,nucleoplasm,19/79,2167/8363,0.6888549067320138,0.9046049422897734,19,2167,Montipora_capitata_HIv3___RNAseq.g26525.t1/Montipora_capitata_HIv3___RNAseq.g35299.t1/Montipora_capitata_HIv3___RNAseq.g42608.t1/Montipora_capitata_HIv3___RNAseq.g12736.t1/Montipora_capitata_HIv3___RNAseq.g403.t1/Montipora_capitata_HIv3___RNAseq.g8971.t1/Montipora_capitata_HIv3___RNAseq.g18395.t1/Montipora_capitata_HIv3___RNAseq.g22408.t1/Montipora_capitata_HIv3___RNAseq.g23247.t1/Montipora_capitata_HIv3___RNAseq.g15188.t1/Montipora_capitata_HIv3___RNAseq.g18929.t1/Montipora_capitata_HIv3___TS.g28908.t1/Montipora_capitata_HIv3___RNAseq.g44719.t1/Montipora_capitata_HIv3___RNAseq.g22853.t1/Montipora_capitata_HIv3___TS.g32614.t2/Montipora_capitata_HIv3___RNAseq.g11658.t1/Montipora_capitata_HIv3___TS.g47745.t1/Montipora_capitata_HIv3___RNAseq.g37450.t2/Montipora_capitata_HIv3___RNAseq.g20763.t1,0.9980232391306181,nucleoplasm,CC
GO:0019439,aromatic compound catabolic process,3/79,372/8363,0.6893774733927079,0.8467185705152644,3,372,Montipora_capitata_HIv3___RNAseq.g42608.t1/Montipora_capitata_HIv3___RNAseq.g18929.t1/Montipora_capitata_HIv3___RNAseq.g11658.t1,0.9980232391306181,aromatic compound catabolic process,BP
GO:0002263,cell activation involved in immune response,3/79,372/8363,0.6893774733927079,0.8467185705152644,3,372,Montipora_capitata_HIv3___RNAseq.g44519.t1/Montipora_capitata_HIv3___RNAseq.g18698.t1/Montipora_capitata_HIv3___RNAseq.g14488.t1,0.9980232391306181,cell activation involved in immune response,BP
GO:0010557,positive regulation of macromolecule biosynthetic process,9/79,1064/8363,0.6896431707083323,0.8809743871690965,9,1064,Montipora_capitata_HIv3___TS.g33283.t2/Montipora_capitata_HIv3___RNAseq.g6978.t1/Montipora_capitata_HIv3___RNAseq.g26525.t1/Montipora_capitata_HIv3___RNAseq.g403.t1/Montipora_capitata_HIv3___RNAseq.g8971.t1/Montipora_capitata_HIv3___RNAseq.g36935.t1/Montipora_capitata_HIv3___RNAseq.g41333.t1/Montipora_capitata_HIv3___TS.g47745.t1/Montipora_capitata_HIv3___TS.g46192.t3,0.9980232391306181,positive regulation of macromolecule biosynthetic process,BP
GO:0080135,regulation of cellular response to stress,4/79,492/8363,0.6912452055832903,0.8520326139581966,4,492,Montipora_capitata_HIv3___RNAseq.g24020.t1/Montipora_capitata_HIv3___RNAseq.g15188.t1/Montipora_capitata_HIv3___RNAseq.g14488.t1/Montipora_capitata_HIv3___TS.g47745.t1,0.9980232391306181,regulation of cellular response to stress,BP
GO:1901362,organic cyclic compound biosynthetic process,9/79,1068/8363,0.6940738842712897,0.8771596299286013,9,1068,Montipora_capitata_HIv3___RNAseq.g36845.t1/Montipora_capitata_HIv3___RNAseq.g34092.t1/Montipora_capitata_HIv3___RNAseq.g12736.t1/Montipora_capitata_HIv3___TS.g6904.t1/Montipora_capitata_HIv3___RNAseq.g42740.t1/Montipora_capitata_HIv3___RNAseq.g14956.t1/Montipora_capitata_HIv3___RNAseq.g37450.t2/Montipora_capitata_HIv3___RNAseq.g20763.t1/Montipora_capitata_HIv3___TS.g46192.t3,0.9980232391306181,organic cyclic compound biosynthetic process,BP
GO:0051241,negative regulation of multicellular organismal process,6/79,727/8363,0.6944994185400204,0.8621614419652315,6,727,Montipora_capitata_HIv3___RNAseq.g44519.t1/Montipora_capitata_HIv3___RNAseq.g8971.t1/Montipora_capitata_HIv3___RNAseq.g32149.t1/Montipora_capitata_HIv3___RNAseq.g28116.t1/Montipora_capitata_HIv3___RNAseq.g39706.t2/Montipora_capitata_HIv3___RNAseq.g14488.t1,0.9980232391306181,negative regulation of multicellular organismal process,BP
GO:0044087,regulation of cellular component biogenesis,6/79,728/8363,0.695796052242506,0.8608533563091948,6,728,Montipora_capitata_HIv3___RNAseq.g42608.t1/Montipora_capitata_HIv3___RNAseq.g403.t1/Montipora_capitata_HIv3___RNAseq.g24095.t1/Montipora_capitata_HIv3___RNAseq.g15029.t1b/Montipora_capitata_HIv3___RNAseq.g39706.t2/Montipora_capitata_HIv3___TS.g47745.t1,0.9980232391306181,regulation of cellular component biogenesis,BP
GO:0001934,positive regulation of protein phosphorylation,4/79,500/8363,0.7034993573403445,0.8374303512604434,4,500,Montipora_capitata_HIv3___TS.g33283.t2/Montipora_capitata_HIv3___RNAseq.g6978.t1/Montipora_capitata_HIv3___RNAseq.g24095.t1/Montipora_capitata_HIv3___RNAseq.g8971.t1,0.9980232391306181,positive regulation of protein phosphorylation,BP
GO:0008104,protein localization,11/79,1303/8363,0.7049731805189481,0.8754542743096876,11,1303,Montipora_capitata_HIv3___RNAseq.g15043.t1/Montipora_capitata_HIv3___RNAseq.g14946.t1/Montipora_capitata_HIv3___RNAseq.g13857.t1/Montipora_capitata_HIv3___RNAseq.g668.t1/Montipora_capitata_HIv3___RNAseq.g42740.t1/Montipora_capitata_HIv3___RNAseq.g15188.t1/Montipora_capitata_HIv3___RNAseq.g49962.t1/Montipora_capitata_HIv3___RNAseq.g15029.t1b/Montipora_capitata_HIv3___RNAseq.g39706.t2/Montipora_capitata_HIv3___RNAseq.g11658.t1/Montipora_capitata_HIv3___TS.g47745.t1,0.9980232391306181,protein localization,BP
GO:0045321,leukocyte activation,4/79,502/8363,0.7065090663310211,0.8338530653022715,4,502,Montipora_capitata_HIv3___RNAseq.g44519.t1/Montipora_capitata_HIv3___RNAseq.g18698.t1/Montipora_capitata_HIv3___RNAseq.g15029.t1b/Montipora_capitata_HIv3___RNAseq.g14488.t1,0.9980232391306181,leukocyte activation,BP
GO:0044212,GO:0044212,3/79,383/8363,0.7084057918330903,0.8210672399321317,3,383,Montipora_capitata_HIv3___RNAseq.g36935.t1/Montipora_capitata_HIv3___TS.g47745.t1/Montipora_capitata_HIv3___TS.g46192.t3,0.9980232391306181,NA,NA
GO:0120031,plasma membrane bounded cell projection assembly,3/79,383/8363,0.7084057918330903,0.8210672399321317,3,383,Montipora_capitata_HIv3___RNAseq.g3374.t1/Montipora_capitata_HIv3___RNAseq.g8971.t1/Montipora_capitata_HIv3___TS.g5653.t1,0.9980232391306181,plasma membrane bounded cell projection assembly,BP
GO:0071704,organic substance metabolic process,46/79,5070/8363,0.7118857190951144,0.9045192725327887,46,5070,Montipora_capitata_HIv3___TS.g33283.t2/Montipora_capitata_HIv3___RNAseq.g6978.t1/Montipora_capitata_HIv3___RNAseq.g36845.t1/Montipora_capitata_HIv3___RNAseq.g26525.t1/Montipora_capitata_HIv3___RNAseq.g15043.t1/Montipora_capitata_HIv3___TS.g44069.t1/Montipora_capitata_HIv3___RNAseq.g35299.t1/Montipora_capitata_HIv3___RNAseq.g34092.t1/Montipora_capitata_HIv3___RNAseq.g44519.t1/Montipora_capitata_HIv3___RNAseq.g3374.t1/Montipora_capitata_HIv3___RNAseq.g42608.t1/Montipora_capitata_HIv3___RNAseq.g12736.t1/Montipora_capitata_HIv3___RNAseq.g44539.t1/Montipora_capitata_HIv3___RNAseq.g403.t1/Montipora_capitata_HIv3___RNAseq.g13857.t1/Montipora_capitata_HIv3___RNAseq.g668.t1/Montipora_capitata_HIv3___RNAseq.g44562.t1/Montipora_capitata_HIv3___RNAseq.g24095.t1/Montipora_capitata_HIv3___RNAseq.g8971.t1/Montipora_capitata_HIv3___RNAseq.g20771.t1/Montipora_capitata_HIv3___RNAseq.g18395.t1/Montipora_capitata_HIv3___TS.g40519.t3/Montipora_capitata_HIv3___RNAseq.g20807.t2/Montipora_capitata_HIv3___TS.g6904.t1/Montipora_capitata_HIv3___RNAseq.g32149.t1/Montipora_capitata_HIv3___RNAseq.g42740.t1/Montipora_capitata_HIv3___RNAseq.g1174.t1/Montipora_capitata_HIv3___RNAseq.g23247.t1/Montipora_capitata_HIv3___RNAseq.g39974.t1/Montipora_capitata_HIv3___RNAseq.g15188.t1/Montipora_capitata_HIv3___RNAseq.g18929.t1/Montipora_capitata_HIv3___TS.g50674.t1/Montipora_capitata_HIv3___TS.g28908.t1/Montipora_capitata_HIv3___RNAseq.g43111.t1/Montipora_capitata_HIv3___RNAseq.g28116.t1/Montipora_capitata_HIv3___RNAseq.g44719.t1/Montipora_capitata_HIv3___RNAseq.g9087.t1/Montipora_capitata_HIv3___RNAseq.g14625.t1/Montipora_capitata_HIv3___RNAseq.g14956.t1/Montipora_capitata_HIv3___RNAseq.g39706.t2/Montipora_capitata_HIv3___RNAseq.g11658.t1/Montipora_capitata_HIv3___RNAseq.g14488.t1/Montipora_capitata_HIv3___TS.g47745.t1/Montipora_capitata_HIv3___RNAseq.g37450.t2/Montipora_capitata_HIv3___RNAseq.g20763.t1/Montipora_capitata_HIv3___TS.g46192.t3,0.9980232391306181,organic substance metabolic process,BP
GO:0001067,transcription regulatory region nucleic acid binding,3/79,386/8363,0.7134412618502214,0.814327091724731,3,386,Montipora_capitata_HIv3___RNAseq.g36935.t1/Montipora_capitata_HIv3___TS.g47745.t1/Montipora_capitata_HIv3___TS.g46192.t3,0.9980232391306181,transcription regulatory region nucleic acid binding,MF
GO:0048522,positive regulation of cellular process,25/79,2848/8363,0.7137633328694927,0.8956028832915616,25,2848,Montipora_capitata_HIv3___TS.g33283.t2/Montipora_capitata_HIv3___RNAseq.g6978.t1/Montipora_capitata_HIv3___RNAseq.g26525.t1/Montipora_capitata_HIv3___RNAseq.g15043.t1/Montipora_capitata_HIv3___RNAseq.g34092.t1/Montipora_capitata_HIv3___RNAseq.g403.t1/Montipora_capitata_HIv3___RNAseq.g668.t1/Montipora_capitata_HIv3___RNAseq.g24095.t1/Montipora_capitata_HIv3___RNAseq.g18698.t1/Montipora_capitata_HIv3___RNAseq.g8971.t1/Montipora_capitata_HIv3___RNAseq.g36935.t1/Montipora_capitata_HIv3___RNAseq.g32149.t1/Montipora_capitata_HIv3___RNAseq.g24020.t1/Montipora_capitata_HIv3___RNAseq.g42740.t1/Montipora_capitata_HIv3___RNAseq.g41333.t1/Montipora_capitata_HIv3___RNAseq.g23247.t1/Montipora_capitata_HIv3___RNAseq.g18929.t1/Montipora_capitata_HIv3___RNAseq.g15029.t1b/Montipora_capitata_HIv3___RNAseq.g39706.t2/Montipora_capitata_HIv3___RNAseq.g22853.t1/Montipora_capitata_HIv3___RNAseq.g14488.t1/Montipora_capitata_HIv3___TS.g47745.t1/Montipora_capitata_HIv3___RNAseq.g20763.t1/Montipora_capitata_HIv3___TS.g20607.t1/Montipora_capitata_HIv3___TS.g46192.t3,0.9980232391306181,positive regulation of cellular process,BP
GO:0030031,cell projection assembly,3/79,388/8363,0.7167617259475219,0.8098920037035692,3,388,Montipora_capitata_HIv3___RNAseq.g3374.t1/Montipora_capitata_HIv3___RNAseq.g8971.t1/Montipora_capitata_HIv3___TS.g5653.t1,0.9980232391306181,cell projection assembly,BP
GO:0045597,positive regulation of cell differentiation,5/79,628/8363,0.7173486256860263,0.8308811298904452,5,628,Montipora_capitata_HIv3___RNAseq.g6978.t1/Montipora_capitata_HIv3___RNAseq.g8971.t1/Montipora_capitata_HIv3___RNAseq.g24020.t1/Montipora_capitata_HIv3___RNAseq.g42740.t1/Montipora_capitata_HIv3___RNAseq.g39706.t2,0.9980232391306181,positive regulation of cell differentiation,BP
GO:0031981,nuclear lumen,22/79,2529/8363,0.7181117767089387,0.8894126575360306,22,2529,Montipora_capitata_HIv3___RNAseq.g26525.t1/Montipora_capitata_HIv3___RNAseq.g35299.t1/Montipora_capitata_HIv3___RNAseq.g42608.t1/Montipora_capitata_HIv3___RNAseq.g12736.t1/Montipora_capitata_HIv3___RNAseq.g403.t1/Montipora_capitata_HIv3___RNAseq.g8971.t1/Montipora_capitata_HIv3___RNAseq.g18395.t1/Montipora_capitata_HIv3___RNAseq.g9338.t1/Montipora_capitata_HIv3___RNAseq.g41333.t1/Montipora_capitata_HIv3___RNAseq.g22408.t1/Montipora_capitata_HIv3___RNAseq.g23247.t1/Montipora_capitata_HIv3___RNAseq.g15188.t1/Montipora_capitata_HIv3___RNAseq.g18929.t1/Montipora_capitata_HIv3___TS.g28908.t1/Montipora_capitata_HIv3___RNAseq.g43111.t1/Montipora_capitata_HIv3___RNAseq.g44719.t1/Montipora_capitata_HIv3___RNAseq.g22853.t1/Montipora_capitata_HIv3___TS.g32614.t2/Montipora_capitata_HIv3___RNAseq.g11658.t1/Montipora_capitata_HIv3___TS.g47745.t1/Montipora_capitata_HIv3___RNAseq.g37450.t2/Montipora_capitata_HIv3___RNAseq.g20763.t1,0.9980232391306181,nuclear lumen,CC
GO:1901575,organic substance catabolic process,10/79,1204/8363,0.7184884526861707,0.8606079261270196,10,1204,Montipora_capitata_HIv3___TS.g33283.t2/Montipora_capitata_HIv3___RNAseq.g42608.t1/Montipora_capitata_HIv3___RNAseq.g23247.t1/Montipora_capitata_HIv3___RNAseq.g15188.t1/Montipora_capitata_HIv3___RNAseq.g18929.t1/Montipora_capitata_HIv3___RNAseq.g44719.t1/Montipora_capitata_HIv3___RNAseq.g9087.t1/Montipora_capitata_HIv3___RNAseq.g14956.t1/Montipora_capitata_HIv3___RNAseq.g11658.t1/Montipora_capitata_HIv3___RNAseq.g14488.t1,0.9980232391306181,organic substance catabolic process,BP
GO:0010817,regulation of hormone levels,3/79,390/8363,0.7200530489398833,0.8055027468211289,3,390,Montipora_capitata_HIv3___RNAseq.g24095.t1/Montipora_capitata_HIv3___RNAseq.g8971.t1/Montipora_capitata_HIv3___RNAseq.g39706.t2,0.9980232391306181,regulation of hormone levels,BP
GO:0009790,embryo development,10/79,1206/8363,0.720499732675631,0.8589252951512549,10,1206,Montipora_capitata_HIv3___RNAseq.g2559.t1a/Montipora_capitata_HIv3___RNAseq.g13857.t1/Montipora_capitata_HIv3___RNAseq.g18698.t1/Montipora_capitata_HIv3___RNAseq.g8971.t1/Montipora_capitata_HIv3___RNAseq.g42740.t1/Montipora_capitata_HIv3___RNAseq.g15188.t1/Montipora_capitata_HIv3___RNAseq.g28116.t1/Montipora_capitata_HIv3___TS.g20607.t1/Montipora_capitata_HIv3___TS.g46192.t3/Montipora_capitata_HIv3___RNAseq.g50276.t1,0.9980232391306181,embryo development,BP
GO:0070013,intracellular organelle lumen,28/79,3185/8363,0.7243823910133252,0.8916078742430362,28,3185,Montipora_capitata_HIv3___RNAseq.g26525.t1/Montipora_capitata_HIv3___RNAseq.g35299.t1/Montipora_capitata_HIv3___RNAseq.g44519.t1/Montipora_capitata_HIv3___RNAseq.g50691.t1/Montipora_capitata_HIv3___RNAseq.g42608.t1/Montipora_capitata_HIv3___RNAseq.g12736.t1/Montipora_capitata_HIv3___RNAseq.g403.t1/Montipora_capitata_HIv3___RNAseq.g8971.t1/Montipora_capitata_HIv3___RNAseq.g18395.t1/Montipora_capitata_HIv3___RNAseq.g9338.t1/Montipora_capitata_HIv3___RNAseq.g41333.t1/Montipora_capitata_HIv3___RNAseq.g22408.t1/Montipora_capitata_HIv3___RNAseq.g1174.t1/Montipora_capitata_HIv3___RNAseq.g23247.t1/Montipora_capitata_HIv3___RNAseq.g15188.t1/Montipora_capitata_HIv3___RNAseq.g18929.t1/Montipora_capitata_HIv3___TS.g28908.t1/Montipora_capitata_HIv3___RNAseq.g43111.t1/Montipora_capitata_HIv3___RNAseq.g44719.t1/Montipora_capitata_HIv3___RNAseq.g9087.t1/Montipora_capitata_HIv3___RNAseq.g39706.t2/Montipora_capitata_HIv3___RNAseq.g22853.t1/Montipora_capitata_HIv3___TS.g32614.t2/Montipora_capitata_HIv3___RNAseq.g11658.t1/Montipora_capitata_HIv3___RNAseq.g14488.t1/Montipora_capitata_HIv3___TS.g47745.t1/Montipora_capitata_HIv3___RNAseq.g37450.t2/Montipora_capitata_HIv3___RNAseq.g20763.t1,0.9980232391306181,intracellular organelle lumen,CC
GO:0120036,plasma membrane bounded cell projection organization,8/79,984/8363,0.7264630135740939,0.8437277780595973,8,984,Montipora_capitata_HIv3___RNAseq.g3374.t1/Montipora_capitata_HIv3___RNAseq.g8971.t1/Montipora_capitata_HIv3___TS.g5653.t1/Montipora_capitata_HIv3___RNAseq.g24020.t1/Montipora_capitata_HIv3___RNAseq.g1174.t1/Montipora_capitata_HIv3___RNAseq.g39706.t2/Montipora_capitata_HIv3___TS.g47745.t1/Montipora_capitata_HIv3___TS.g46192.t3,0.9980232391306181,plasma membrane bounded cell projection organization,BP
GO:0031974,membrane-enclosed lumen,28/79,3189/8363,0.7273045041360071,0.8897844510243403,28,3189,Montipora_capitata_HIv3___RNAseq.g26525.t1/Montipora_capitata_HIv3___RNAseq.g35299.t1/Montipora_capitata_HIv3___RNAseq.g44519.t1/Montipora_capitata_HIv3___RNAseq.g50691.t1/Montipora_capitata_HIv3___RNAseq.g42608.t1/Montipora_capitata_HIv3___RNAseq.g12736.t1/Montipora_capitata_HIv3___RNAseq.g403.t1/Montipora_capitata_HIv3___RNAseq.g8971.t1/Montipora_capitata_HIv3___RNAseq.g18395.t1/Montipora_capitata_HIv3___RNAseq.g9338.t1/Montipora_capitata_HIv3___RNAseq.g41333.t1/Montipora_capitata_HIv3___RNAseq.g22408.t1/Montipora_capitata_HIv3___RNAseq.g1174.t1/Montipora_capitata_HIv3___RNAseq.g23247.t1/Montipora_capitata_HIv3___RNAseq.g15188.t1/Montipora_capitata_HIv3___RNAseq.g18929.t1/Montipora_capitata_HIv3___TS.g28908.t1/Montipora_capitata_HIv3___RNAseq.g43111.t1/Montipora_capitata_HIv3___RNAseq.g44719.t1/Montipora_capitata_HIv3___RNAseq.g9087.t1/Montipora_capitata_HIv3___RNAseq.g39706.t2/Montipora_capitata_HIv3___RNAseq.g22853.t1/Montipora_capitata_HIv3___TS.g32614.t2/Montipora_capitata_HIv3___RNAseq.g11658.t1/Montipora_capitata_HIv3___RNAseq.g14488.t1/Montipora_capitata_HIv3___TS.g47745.t1/Montipora_capitata_HIv3___RNAseq.g37450.t2/Montipora_capitata_HIv3___RNAseq.g20763.t1,0.9980232391306181,membrane-enclosed lumen,CC
GO:0043233,organelle lumen,28/79,3189/8363,0.7273045041360071,0.8897844510243403,28,3189,Montipora_capitata_HIv3___RNAseq.g26525.t1/Montipora_capitata_HIv3___RNAseq.g35299.t1/Montipora_capitata_HIv3___RNAseq.g44519.t1/Montipora_capitata_HIv3___RNAseq.g50691.t1/Montipora_capitata_HIv3___RNAseq.g42608.t1/Montipora_capitata_HIv3___RNAseq.g12736.t1/Montipora_capitata_HIv3___RNAseq.g403.t1/Montipora_capitata_HIv3___RNAseq.g8971.t1/Montipora_capitata_HIv3___RNAseq.g18395.t1/Montipora_capitata_HIv3___RNAseq.g9338.t1/Montipora_capitata_HIv3___RNAseq.g41333.t1/Montipora_capitata_HIv3___RNAseq.g22408.t1/Montipora_capitata_HIv3___RNAseq.g1174.t1/Montipora_capitata_HIv3___RNAseq.g23247.t1/Montipora_capitata_HIv3___RNAseq.g15188.t1/Montipora_capitata_HIv3___RNAseq.g18929.t1/Montipora_capitata_HIv3___TS.g28908.t1/Montipora_capitata_HIv3___RNAseq.g43111.t1/Montipora_capitata_HIv3___RNAseq.g44719.t1/Montipora_capitata_HIv3___RNAseq.g9087.t1/Montipora_capitata_HIv3___RNAseq.g39706.t2/Montipora_capitata_HIv3___RNAseq.g22853.t1/Montipora_capitata_HIv3___TS.g32614.t2/Montipora_capitata_HIv3___RNAseq.g11658.t1/Montipora_capitata_HIv3___RNAseq.g14488.t1/Montipora_capitata_HIv3___TS.g47745.t1/Montipora_capitata_HIv3___RNAseq.g37450.t2/Montipora_capitata_HIv3___RNAseq.g20763.t1,0.9980232391306181,organelle lumen,CC
GO:0040011,locomotion,8/79,986/8363,0.728613295036096,0.8417712591640364,8,986,Montipora_capitata_HIv3___TS.g33283.t2/Montipora_capitata_HIv3___RNAseq.g15043.t1/Montipora_capitata_HIv3___RNAseq.g44519.t1/Montipora_capitata_HIv3___RNAseq.g8971.t1/Montipora_capitata_HIv3___RNAseq.g24020.t1/Montipora_capitata_HIv3___RNAseq.g28116.t1/Montipora_capitata_HIv3___RNAseq.g12947.t1/Montipora_capitata_HIv3___TS.g46192.t3,0.9980232391306181,locomotion,BP
GO:0045165,cell fate commitment,3/79,396/8363,0.7297528600864348,0.7926029667079821,3,396,Montipora_capitata_HIv3___RNAseq.g8971.t1/Montipora_capitata_HIv3___RNAseq.g28116.t1/Montipora_capitata_HIv3___TS.g46192.t3,0.9980232391306181,cell fate commitment,BP
GO:0042592,homeostatic process,9/79,1102/8363,0.7301978734425116,0.8459197109081166,9,1102,Montipora_capitata_HIv3___TS.g33283.t2/Montipora_capitata_HIv3___RNAseq.g34092.t1/Montipora_capitata_HIv3___RNAseq.g13129.t1/Montipora_capitata_HIv3___RNAseq.g668.t1/Montipora_capitata_HIv3___RNAseq.g24095.t1/Montipora_capitata_HIv3___RNAseq.g8971.t1/Montipora_capitata_HIv3___RNAseq.g14155.t1/Montipora_capitata_HIv3___RNAseq.g15188.t1/Montipora_capitata_HIv3___RNAseq.g15029.t1b,0.9980232391306181,homeostatic process,BP
GO:0030030,cell projection organization,8/79,989/8363,0.7318182309063743,0.8388514100202806,8,989,Montipora_capitata_HIv3___RNAseq.g3374.t1/Montipora_capitata_HIv3___RNAseq.g8971.t1/Montipora_capitata_HIv3___TS.g5653.t1/Montipora_capitata_HIv3___RNAseq.g24020.t1/Montipora_capitata_HIv3___RNAseq.g1174.t1/Montipora_capitata_HIv3___RNAseq.g39706.t2/Montipora_capitata_HIv3___TS.g47745.t1/Montipora_capitata_HIv3___TS.g46192.t3,0.9980232391306181,cell projection organization,BP
GO:0043169,cation binding,6/79,758/8363,0.7330442963952606,0.8232271315465753,6,758,Montipora_capitata_HIv3___TS.g33283.t2/Montipora_capitata_HIv3___RNAseq.g12736.t1/Montipora_capitata_HIv3___RNAseq.g41416.t2a/Montipora_capitata_HIv3___RNAseq.g32149.t1/Montipora_capitata_HIv3___RNAseq.g15188.t1/Montipora_capitata_HIv3___RNAseq.g14488.t1,0.9980232391306181,cation binding,MF
GO:0044265,GO:0044265,5/79,642/8363,0.7355504209911504,0.8111337494646265,5,642,Montipora_capitata_HIv3___RNAseq.g42608.t1/Montipora_capitata_HIv3___RNAseq.g23247.t1/Montipora_capitata_HIv3___RNAseq.g15188.t1/Montipora_capitata_HIv3___RNAseq.g18929.t1/Montipora_capitata_HIv3___RNAseq.g11658.t1,0.9980232391306181,NA,NA
GO:0071705,nitrogen compound transport,8/79,993/8363,0.7360531493653937,0.834985891046143,8,993,Montipora_capitata_HIv3___RNAseq.g15043.t1/Montipora_capitata_HIv3___RNAseq.g13857.t1/Montipora_capitata_HIv3___RNAseq.g668.t1/Montipora_capitata_HIv3___RNAseq.g42740.t1/Montipora_capitata_HIv3___RNAseq.g15188.t1/Montipora_capitata_HIv3___RNAseq.g49962.t1/Montipora_capitata_HIv3___RNAseq.g15029.t1b/Montipora_capitata_HIv3___RNAseq.g11658.t1,0.9980232391306181,nitrogen compound transport,BP
GO:0010628,positive regulation of gene expression,9/79,1111/8363,0.7392900588260263,0.8379566207088328,9,1111,Montipora_capitata_HIv3___TS.g33283.t2/Montipora_capitata_HIv3___RNAseq.g6978.t1/Montipora_capitata_HIv3___RNAseq.g26525.t1/Montipora_capitata_HIv3___RNAseq.g403.t1/Montipora_capitata_HIv3___RNAseq.g8971.t1/Montipora_capitata_HIv3___RNAseq.g42740.t1/Montipora_capitata_HIv3___RNAseq.g41333.t1/Montipora_capitata_HIv3___TS.g47745.t1/Montipora_capitata_HIv3___TS.g46192.t3,0.9980232391306181,positive regulation of gene expression,BP
GO:0071310,cellular response to organic substance,10/79,1226/8363,0.7401241889779145,0.8424077939708897,10,1226,Montipora_capitata_HIv3___TS.g33283.t2/Montipora_capitata_HIv3___RNAseq.g6978.t1/Montipora_capitata_HIv3___RNAseq.g34092.t1/Montipora_capitata_HIv3___RNAseq.g50691.t1/Montipora_capitata_HIv3___RNAseq.g8971.t1/Montipora_capitata_HIv3___RNAseq.g15188.t1/Montipora_capitata_HIv3___RNAseq.g39706.t2/Montipora_capitata_HIv3___RNAseq.g14488.t1/Montipora_capitata_HIv3___TS.g47745.t1/Montipora_capitata_HIv3___TS.g46192.t3,0.9980232391306181,cellular response to organic substance,BP
GO:0051247,positive regulation of protein metabolic process,8/79,997/8363,0.7402441523349714,0.8311515790465016,8,997,Montipora_capitata_HIv3___TS.g33283.t2/Montipora_capitata_HIv3___RNAseq.g6978.t1/Montipora_capitata_HIv3___RNAseq.g15043.t1/Montipora_capitata_HIv3___RNAseq.g24095.t1/Montipora_capitata_HIv3___RNAseq.g8971.t1/Montipora_capitata_HIv3___RNAseq.g23247.t1/Montipora_capitata_HIv3___RNAseq.g39706.t2/Montipora_capitata_HIv3___TS.g47745.t1,0.9980232391306181,positive regulation of protein metabolic process,BP
GO:0045664,regulation of neuron differentiation,4/79,526/8363,0.7409466878224962,0.7930630620603062,4,526,Montipora_capitata_HIv3___RNAseq.g6978.t1/Montipora_capitata_HIv3___RNAseq.g8971.t1/Montipora_capitata_HIv3___RNAseq.g24020.t1/Montipora_capitata_HIv3___RNAseq.g39706.t2,0.9980232391306181,regulation of neuron differentiation,BP
GO:0009966,regulation of signal transduction,14/79,1678/8363,0.7413460605173843,0.8568946088550657,14,1678,Montipora_capitata_HIv3___TS.g33283.t2/Montipora_capitata_HIv3___RNAseq.g6978.t1/Montipora_capitata_HIv3___RNAseq.g2559.t1a/Montipora_capitata_HIv3___RNAseq.g34092.t1/Montipora_capitata_HIv3___RNAseq.g3374.t1/Montipora_capitata_HIv3___RNAseq.g668.t1/Montipora_capitata_HIv3___RNAseq.g24095.t1/Montipora_capitata_HIv3___RNAseq.g8971.t1/Montipora_capitata_HIv3___RNAseq.g32149.t1/Montipora_capitata_HIv3___RNAseq.g15188.t1/Montipora_capitata_HIv3___RNAseq.g39706.t2/Montipora_capitata_HIv3___RNAseq.g22853.t1/Montipora_capitata_HIv3___RNAseq.g14488.t1/Montipora_capitata_HIv3___TS.g46192.t3,0.9980232391306181,regulation of signal transduction,BP
GO:1902531,regulation of intracellular signal transduction,8/79,999/8363,0.7423231521313536,0.8292460075761579,8,999,Montipora_capitata_HIv3___TS.g33283.t2/Montipora_capitata_HIv3___RNAseq.g6978.t1/Montipora_capitata_HIv3___RNAseq.g2559.t1a/Montipora_capitata_HIv3___RNAseq.g34092.t1/Montipora_capitata_HIv3___RNAseq.g668.t1/Montipora_capitata_HIv3___RNAseq.g24095.t1/Montipora_capitata_HIv3___RNAseq.g8971.t1/Montipora_capitata_HIv3___RNAseq.g15188.t1,0.9980232391306181,regulation of intracellular signal transduction,BP
GO:0009888,tissue development,12/79,1456/8363,0.7433778250053149,0.8484059055819331,12,1456,Montipora_capitata_HIv3___RNAseq.g2559.t1a/Montipora_capitata_HIv3___RNAseq.g13857.t1/Montipora_capitata_HIv3___RNAseq.g668.t1/Montipora_capitata_HIv3___RNAseq.g18698.t1/Montipora_capitata_HIv3___RNAseq.g8971.t1/Montipora_capitata_HIv3___RNAseq.g41333.t1/Montipora_capitata_HIv3___RNAseq.g28116.t1/Montipora_capitata_HIv3___RNAseq.g14625.t1/Montipora_capitata_HIv3___RNAseq.g39706.t2/Montipora_capitata_HIv3___RNAseq.g14488.t1/Montipora_capitata_HIv3___TS.g20607.t1/Montipora_capitata_HIv3___TS.g46192.t3,0.9980232391306181,tissue development,BP
GO:0061024,membrane organization,4/79,528/8363,0.7436770599438353,0.7898324975293481,4,528,Montipora_capitata_HIv3___TS.g44069.t1/Montipora_capitata_HIv3___RNAseq.g668.t1/Montipora_capitata_HIv3___RNAseq.g39706.t2/Montipora_capitata_HIv3___TS.g20607.t1,0.9980232391306181,membrane organization,BP
GO:0042327,positive regulation of phosphorylation,4/79,528/8363,0.7436770599438353,0.7898324975293481,4,528,Montipora_capitata_HIv3___TS.g33283.t2/Montipora_capitata_HIv3___RNAseq.g6978.t1/Montipora_capitata_HIv3___RNAseq.g24095.t1/Montipora_capitata_HIv3___RNAseq.g8971.t1,0.9980232391306181,positive regulation of phosphorylation,BP
GO:0008144,GO:0008144,3/79,406/8363,0.7453434664622209,0.7719567401868686,3,406,Montipora_capitata_HIv3___RNAseq.g12736.t1/Montipora_capitata_HIv3___RNAseq.g18698.t1/Montipora_capitata_HIv3___TS.g47745.t1,0.9980232391306181,NA,NA
GO:0036477,somatodendritic compartment,5/79,650/8363,0.7455736784796828,0.8002342004044648,5,650,Montipora_capitata_HIv3___RNAseq.g20807.t2/Montipora_capitata_HIv3___RNAseq.g49962.t1/Montipora_capitata_HIv3___RNAseq.g39706.t2/Montipora_capitata_HIv3___RNAseq.g12947.t1/Montipora_capitata_HIv3___RNAseq.g14488.t1,0.9980232391306181,somatodendritic compartment,CC
GO:0014070,response to organic cyclic compound,5/79,651/8363,0.7468072889453474,0.7988907270560301,5,651,Montipora_capitata_HIv3___RNAseq.g15043.t1/Montipora_capitata_HIv3___RNAseq.g8971.t1/Montipora_capitata_HIv3___RNAseq.g39974.t1/Montipora_capitata_HIv3___RNAseq.g14488.t1/Montipora_capitata_HIv3___TS.g47745.t1,0.9980232391306181,response to organic cyclic compound,BP
GO:0015318,inorganic molecular entity transmembrane transporter activity,3/79,407/8363,0.7468632925929728,0.7699483206862331,3,407,Montipora_capitata_HIv3___RNAseq.g13129.t1/Montipora_capitata_HIv3___RNAseq.g668.t1/Montipora_capitata_HIv3___RNAseq.g14155.t1,0.9980232391306181,inorganic molecular entity transmembrane transporter activity,MF
GO:0005215,transporter activity,5/79,652/8363,0.7480366158490471,0.7975514041780415,5,652,Montipora_capitata_HIv3___TS.g44069.t1/Montipora_capitata_HIv3___RNAseq.g13129.t1/Montipora_capitata_HIv3___RNAseq.g668.t1/Montipora_capitata_HIv3___RNAseq.g14155.t1/Montipora_capitata_HIv3___RNAseq.g42740.t1,0.9980232391306181,transporter activity,MF
GO:1901363,heterocyclic compound binding,16/79,1909/8363,0.7482210474786544,0.8574445764967844,16,1909,Montipora_capitata_HIv3___RNAseq.g26525.t1/Montipora_capitata_HIv3___RNAseq.g13129.t1/Montipora_capitata_HIv3___RNAseq.g42608.t1/Montipora_capitata_HIv3___RNAseq.g12736.t1/Montipora_capitata_HIv3___RNAseq.g24524.t1/Montipora_capitata_HIv3___RNAseq.g18698.t1/Montipora_capitata_HIv3___RNAseq.g18395.t1/Montipora_capitata_HIv3___TS.g40519.t3/Montipora_capitata_HIv3___RNAseq.g36935.t1/Montipora_capitata_HIv3___RNAseq.g18929.t1/Montipora_capitata_HIv3___RNAseq.g43111.t1/Montipora_capitata_HIv3___RNAseq.g9087.t1/Montipora_capitata_HIv3___RNAseq.g15140.t1/Montipora_capitata_HIv3___TS.g47745.t1/Montipora_capitata_HIv3___RNAseq.g37450.t2/Montipora_capitata_HIv3___TS.g46192.t3,0.9980232391306181,heterocyclic compound binding,MF
GO:0022603,regulation of anatomical structure morphogenesis,5/79,654/8363,0.7504824259668901,0.7948851331007781,5,654,Montipora_capitata_HIv3___RNAseq.g6978.t1/Montipora_capitata_HIv3___RNAseq.g8971.t1/Montipora_capitata_HIv3___RNAseq.g23247.t1/Montipora_capitata_HIv3___RNAseq.g39706.t2/Montipora_capitata_HIv3___TS.g46192.t3,0.9980232391306181,regulation of anatomical structure morphogenesis,BP
GO:0010556,regulation of macromolecule biosynthetic process,16/79,1912/8363,0.7506162419765914,0.8556862631216304,16,1912,Montipora_capitata_HIv3___TS.g33283.t2/Montipora_capitata_HIv3___RNAseq.g6978.t1/Montipora_capitata_HIv3___RNAseq.g26525.t1/Montipora_capitata_HIv3___RNAseq.g42608.t1/Montipora_capitata_HIv3___RNAseq.g403.t1/Montipora_capitata_HIv3___RNAseq.g13857.t1/Montipora_capitata_HIv3___RNAseq.g24095.t1/Montipora_capitata_HIv3___RNAseq.g8971.t1/Montipora_capitata_HIv3___RNAseq.g36935.t1/Montipora_capitata_HIv3___RNAseq.g32149.t1/Montipora_capitata_HIv3___RNAseq.g41333.t1/Montipora_capitata_HIv3___RNAseq.g15188.t1/Montipora_capitata_HIv3___RNAseq.g28116.t1/Montipora_capitata_HIv3___RNAseq.g39706.t2/Montipora_capitata_HIv3___TS.g47745.t1/Montipora_capitata_HIv3___TS.g46192.t3,0.9980232391306181,regulation of macromolecule biosynthetic process,BP
GO:0065008,regulation of biological quality,21/79,2464/8363,0.7514567179146953,0.8656944430438931,21,2464,Montipora_capitata_HIv3___TS.g33283.t2/Montipora_capitata_HIv3___RNAseq.g6978.t1/Montipora_capitata_HIv3___RNAseq.g14946.t1/Montipora_capitata_HIv3___RNAseq.g34092.t1/Montipora_capitata_HIv3___RNAseq.g13129.t1/Montipora_capitata_HIv3___RNAseq.g42608.t1/Montipora_capitata_HIv3___RNAseq.g45361.t1/Montipora_capitata_HIv3___RNAseq.g668.t1/Montipora_capitata_HIv3___RNAseq.g24095.t1/Montipora_capitata_HIv3___RNAseq.g8971.t1/Montipora_capitata_HIv3___RNAseq.g20771.t1/Montipora_capitata_HIv3___RNAseq.g14155.t1/Montipora_capitata_HIv3___RNAseq.g42740.t1/Montipora_capitata_HIv3___RNAseq.g39974.t1/Montipora_capitata_HIv3___RNAseq.g15188.t1/Montipora_capitata_HIv3___RNAseq.g18929.t1/Montipora_capitata_HIv3___RNAseq.g15029.t1b/Montipora_capitata_HIv3___RNAseq.g39706.t2/Montipora_capitata_HIv3___RNAseq.g14488.t1/Montipora_capitata_HIv3___TS.g47745.t1/Montipora_capitata_HIv3___RNAseq.g37450.t2,0.9980232391306181,regulation of biological quality,BP
GO:0051640,organelle localization,4/79,534/8363,0.7517403776589482,0.7802870413716315,4,534,Montipora_capitata_HIv3___RNAseq.g8971.t1/Montipora_capitata_HIv3___RNAseq.g42740.t1/Montipora_capitata_HIv3___RNAseq.g1174.t1/Montipora_capitata_HIv3___RNAseq.g23247.t1,0.9980232391306181,organelle localization,BP
GO:0010033,response to organic substance,14/79,1692/8363,0.753073209961321,0.8479494211832336,14,1692,Montipora_capitata_HIv3___TS.g33283.t2/Montipora_capitata_HIv3___RNAseq.g6978.t1/Montipora_capitata_HIv3___RNAseq.g15043.t1/Montipora_capitata_HIv3___RNAseq.g34092.t1/Montipora_capitata_HIv3___RNAseq.g50691.t1/Montipora_capitata_HIv3___RNAseq.g8971.t1/Montipora_capitata_HIv3___RNAseq.g39974.t1/Montipora_capitata_HIv3___RNAseq.g15188.t1/Montipora_capitata_HIv3___RNAseq.g39706.t2/Montipora_capitata_HIv3___RNAseq.g11658.t1/Montipora_capitata_HIv3___RNAseq.g14488.t1/Montipora_capitata_HIv3___TS.g47745.t1/Montipora_capitata_HIv3___RNAseq.g37450.t2/Montipora_capitata_HIv3___TS.g46192.t3,0.9980232391306181,response to organic substance,BP
GO:0010647,positive regulation of cell communication,8/79,1010/8363,0.7535604670735648,0.8189010713625305,8,1010,Montipora_capitata_HIv3___TS.g33283.t2/Montipora_capitata_HIv3___RNAseq.g6978.t1/Montipora_capitata_HIv3___RNAseq.g34092.t1/Montipora_capitata_HIv3___RNAseq.g668.t1/Montipora_capitata_HIv3___RNAseq.g24095.t1/Montipora_capitata_HIv3___RNAseq.g8971.t1/Montipora_capitata_HIv3___RNAseq.g39706.t2/Montipora_capitata_HIv3___RNAseq.g22853.t1,0.9980232391306181,positive regulation of cell communication,BP
GO:0034660,ncRNA metabolic process,3/79,412/8363,0.7543564172738659,0.7600535088391394,3,412,Montipora_capitata_HIv3___RNAseq.g403.t1/Montipora_capitata_HIv3___RNAseq.g18929.t1/Montipora_capitata_HIv3___TS.g28908.t1,0.9980232391306181,ncRNA metabolic process,BP
GO:0001775,cell activation,4/79,536/8363,0.7543856838882619,0.7771530523002989,4,536,Montipora_capitata_HIv3___RNAseq.g44519.t1/Montipora_capitata_HIv3___RNAseq.g18698.t1/Montipora_capitata_HIv3___RNAseq.g15029.t1b/Montipora_capitata_HIv3___RNAseq.g14488.t1,0.9980232391306181,cell activation,BP
GO:1901361,organic cyclic compound catabolic process,3/79,415/8363,0.7587679734286041,0.7542318766157606,3,415,Montipora_capitata_HIv3___RNAseq.g42608.t1/Montipora_capitata_HIv3___RNAseq.g18929.t1/Montipora_capitata_HIv3___RNAseq.g11658.t1,0.9980232391306181,organic cyclic compound catabolic process,BP
GO:0007507,heart development,3/79,415/8363,0.7587679734286041,0.7542318766157606,3,415,Montipora_capitata_HIv3___RNAseq.g2559.t1a/Montipora_capitata_HIv3___RNAseq.g3374.t1/Montipora_capitata_HIv3___RNAseq.g8971.t1,0.9980232391306181,heart development,BP
GO:0060548,GO:0060548,5/79,661/8363,0.7589081207576686,0.7856811379949818,5,661,Montipora_capitata_HIv3___RNAseq.g6978.t1/Montipora_capitata_HIv3___RNAseq.g44519.t1/Montipora_capitata_HIv3___RNAseq.g8971.t1/Montipora_capitata_HIv3___RNAseq.g15188.t1/Montipora_capitata_HIv3___RNAseq.g14488.t1,0.9980232391306181,NA,NA
GO:0023056,positive regulation of signaling,8/79,1016/8363,0.7595489503601167,0.8133533522516125,8,1016,Montipora_capitata_HIv3___TS.g33283.t2/Montipora_capitata_HIv3___RNAseq.g6978.t1/Montipora_capitata_HIv3___RNAseq.g34092.t1/Montipora_capitata_HIv3___RNAseq.g668.t1/Montipora_capitata_HIv3___RNAseq.g24095.t1/Montipora_capitata_HIv3___RNAseq.g8971.t1/Montipora_capitata_HIv3___RNAseq.g39706.t2/Montipora_capitata_HIv3___RNAseq.g22853.t1,0.9980232391306181,positive regulation of signaling,BP
GO:0070925,organelle assembly,5/79,662/8363,0.7600947262056292,0.7843822823583585,5,662,Montipora_capitata_HIv3___RNAseq.g3374.t1/Montipora_capitata_HIv3___RNAseq.g8971.t1/Montipora_capitata_HIv3___TS.g5653.t1/Montipora_capitata_HIv3___RNAseq.g43111.t1/Montipora_capitata_HIv3___RNAseq.g15029.t1b,0.9980232391306181,organelle assembly,BP
GO:0044297,cell body,4/79,543/8363,0.763477936209485,0.7663671793380651,4,543,Montipora_capitata_HIv3___RNAseq.g34092.t1/Montipora_capitata_HIv3___RNAseq.g49962.t1/Montipora_capitata_HIv3___RNAseq.g39706.t2/Montipora_capitata_HIv3___RNAseq.g14488.t1,0.9980232391306181,cell body,CC
GO:0009628,response to abiotic stimulus,8/79,1021/8363,0.7644632236508894,0.8087803519432015,8,1021,Montipora_capitata_HIv3___RNAseq.g26525.t1/Montipora_capitata_HIv3___RNAseq.g42608.t1/Montipora_capitata_HIv3___RNAseq.g668.t1/Montipora_capitata_HIv3___RNAseq.g39974.t1/Montipora_capitata_HIv3___RNAseq.g28116.t1/Montipora_capitata_HIv3___RNAseq.g26867.t1/Montipora_capitata_HIv3___RNAseq.g14488.t1/Montipora_capitata_HIv3___TS.g47745.t1,0.9980232391306181,response to abiotic stimulus,BP
GO:0080134,regulation of response to stress,6/79,786/8363,0.7648957377540999,0.7907183696580001,6,786,Montipora_capitata_HIv3___RNAseq.g24095.t1/Montipora_capitata_HIv3___RNAseq.g18698.t1/Montipora_capitata_HIv3___RNAseq.g24020.t1/Montipora_capitata_HIv3___RNAseq.g15188.t1/Montipora_capitata_HIv3___RNAseq.g14488.t1/Montipora_capitata_HIv3___TS.g47745.t1,0.9980232391306181,regulation of response to stress,BP
GO:0097159,organic cyclic compound binding,16/79,1937/8363,0.7700327433379166,0.8412472769028991,16,1937,Montipora_capitata_HIv3___RNAseq.g26525.t1/Montipora_capitata_HIv3___RNAseq.g13129.t1/Montipora_capitata_HIv3___RNAseq.g42608.t1/Montipora_capitata_HIv3___RNAseq.g12736.t1/Montipora_capitata_HIv3___RNAseq.g24524.t1/Montipora_capitata_HIv3___RNAseq.g18698.t1/Montipora_capitata_HIv3___RNAseq.g18395.t1/Montipora_capitata_HIv3___TS.g40519.t3/Montipora_capitata_HIv3___RNAseq.g36935.t1/Montipora_capitata_HIv3___RNAseq.g18929.t1/Montipora_capitata_HIv3___RNAseq.g43111.t1/Montipora_capitata_HIv3___RNAseq.g9087.t1/Montipora_capitata_HIv3___RNAseq.g15140.t1/Montipora_capitata_HIv3___TS.g47745.t1/Montipora_capitata_HIv3___RNAseq.g37450.t2/Montipora_capitata_HIv3___TS.g46192.t3,0.9980232391306181,organic cyclic compound binding,MF
GO:0009889,regulation of biosynthetic process,17/79,2052/8363,0.7727504422662241,0.842002448555164,17,2052,Montipora_capitata_HIv3___TS.g33283.t2/Montipora_capitata_HIv3___RNAseq.g6978.t1/Montipora_capitata_HIv3___RNAseq.g26525.t1/Montipora_capitata_HIv3___RNAseq.g42608.t1/Montipora_capitata_HIv3___RNAseq.g403.t1/Montipora_capitata_HIv3___RNAseq.g13857.t1/Montipora_capitata_HIv3___RNAseq.g24095.t1/Montipora_capitata_HIv3___RNAseq.g8971.t1/Montipora_capitata_HIv3___RNAseq.g36935.t1/Montipora_capitata_HIv3___RNAseq.g32149.t1/Montipora_capitata_HIv3___RNAseq.g41333.t1/Montipora_capitata_HIv3___RNAseq.g15188.t1/Montipora_capitata_HIv3___RNAseq.g28116.t1/Montipora_capitata_HIv3___RNAseq.g39706.t2/Montipora_capitata_HIv3___RNAseq.g14488.t1/Montipora_capitata_HIv3___TS.g47745.t1/Montipora_capitata_HIv3___TS.g46192.t3,0.9980232391306181,regulation of biosynthetic process,BP
GO:0007610,behavior,6/79,794/8363,0.7734787279192445,0.7819151266725783,6,794,Montipora_capitata_HIv3___RNAseq.g14946.t1/Montipora_capitata_HIv3___RNAseq.g13129.t1/Montipora_capitata_HIv3___RNAseq.g24095.t1/Montipora_capitata_HIv3___RNAseq.g8971.t1/Montipora_capitata_HIv3___RNAseq.g1174.t1/Montipora_capitata_HIv3___TS.g47745.t1,0.9980232391306181,behavior,BP
GO:0040008,regulation of growth,5/79,674/8363,0.774002788199658,0.7690987037242437,5,674,Montipora_capitata_HIv3___RNAseq.g44519.t1/Montipora_capitata_HIv3___RNAseq.g8971.t1/Montipora_capitata_HIv3___RNAseq.g28116.t1/Montipora_capitata_HIv3___RNAseq.g39706.t2/Montipora_capitata_HIv3___RNAseq.g37450.t2,0.9980232391306181,regulation of growth,BP
GO:1990904,ribonucleoprotein complex,5/79,675/8363,0.7751343017590117,0.7678497692455988,5,675,Montipora_capitata_HIv3___RNAseq.g42608.t1/Montipora_capitata_HIv3___RNAseq.g18395.t1/Montipora_capitata_HIv3___RNAseq.g43111.t1/Montipora_capitata_HIv3___RNAseq.g11658.t1/Montipora_capitata_HIv3___TS.g47745.t1,0.9980232391306181,ribonucleoprotein complex,CC
GO:0003002,regionalization,4/79,553/8363,0.7760216139415006,0.7514357422381005,4,553,Montipora_capitata_HIv3___RNAseq.g8971.t1/Montipora_capitata_HIv3___RNAseq.g23247.t1/Montipora_capitata_HIv3___RNAseq.g28116.t1/Montipora_capitata_HIv3___TS.g46192.t3,0.9980232391306181,regionalization,BP
GO:0031401,positive regulation of protein modification process,5/79,679/8363,0.7796182904763127,0.7628910685950067,5,679,Montipora_capitata_HIv3___TS.g33283.t2/Montipora_capitata_HIv3___RNAseq.g6978.t1/Montipora_capitata_HIv3___RNAseq.g15043.t1/Montipora_capitata_HIv3___RNAseq.g24095.t1/Montipora_capitata_HIv3___RNAseq.g8971.t1,0.9980232391306181,positive regulation of protein modification process,BP
GO:0016021,GO:0016021,9/79,1154/8363,0.7799537795304629,0.8016543050542432,9,1154,Montipora_capitata_HIv3___RNAseq.g12807.t1/Montipora_capitata_HIv3___RNAseq.g13129.t1/Montipora_capitata_HIv3___RNAseq.g668.t1/Montipora_capitata_HIv3___RNAseq.g8971.t1/Montipora_capitata_HIv3___RNAseq.g20771.t1/Montipora_capitata_HIv3___RNAseq.g39974.t1/Montipora_capitata_HIv3___RNAseq.g15188.t1/Montipora_capitata_HIv3___RNAseq.g28116.t1/Montipora_capitata_HIv3___RNAseq.g39706.t2,0.9980232391306181,NA,NA
GO:0043066,negative regulation of apoptotic process,4/79,558/8363,0.7820990546695367,0.7441720889664487,4,558,Montipora_capitata_HIv3___RNAseq.g44519.t1/Montipora_capitata_HIv3___RNAseq.g8971.t1/Montipora_capitata_HIv3___RNAseq.g15188.t1/Montipora_capitata_HIv3___RNAseq.g14488.t1,0.9980232391306181,negative regulation of apoptotic process,BP
GO:0019220,regulation of phosphate metabolic process,7/79,923/8363,0.7834700354672054,0.7820563122205526,7,923,Montipora_capitata_HIv3___TS.g33283.t2/Montipora_capitata_HIv3___RNAseq.g6978.t1/Montipora_capitata_HIv3___RNAseq.g15043.t1/Montipora_capitata_HIv3___RNAseq.g41637.t1/Montipora_capitata_HIv3___RNAseq.g24095.t1/Montipora_capitata_HIv3___RNAseq.g8971.t1/Montipora_capitata_HIv3___RNAseq.g15029.t1b,0.9980232391306181,regulation of phosphate metabolic process,BP
GO:0051174,regulation of phosphorus metabolic process,7/79,923/8363,0.7834700354672054,0.7820563122205526,7,923,Montipora_capitata_HIv3___TS.g33283.t2/Montipora_capitata_HIv3___RNAseq.g6978.t1/Montipora_capitata_HIv3___RNAseq.g15043.t1/Montipora_capitata_HIv3___RNAseq.g41637.t1/Montipora_capitata_HIv3___RNAseq.g24095.t1/Montipora_capitata_HIv3___RNAseq.g8971.t1/Montipora_capitata_HIv3___RNAseq.g15029.t1b,0.9980232391306181,regulation of phosphorus metabolic process,BP
GO:0045055,regulated exocytosis,3/79,436/8363,0.7879145749385061,0.715738718422496,3,436,Montipora_capitata_HIv3___RNAseq.g44519.t1/Montipora_capitata_HIv3___RNAseq.g18698.t1/Montipora_capitata_HIv3___RNAseq.g14488.t1,0.9980232391306181,regulated exocytosis,BP
GO:0032501,multicellular organismal process,36/79,4139/8363,0.7919475023580109,0.8531420314604558,36,4139,Montipora_capitata_HIv3___TS.g33283.t2/Montipora_capitata_HIv3___RNAseq.g6978.t1/Montipora_capitata_HIv3___RNAseq.g2559.t1a/Montipora_capitata_HIv3___RNAseq.g26525.t1/Montipora_capitata_HIv3___RNAseq.g15043.t1/Montipora_capitata_HIv3___RNAseq.g14946.t1/Montipora_capitata_HIv3___RNAseq.g44519.t1/Montipora_capitata_HIv3___RNAseq.g3374.t1/Montipora_capitata_HIv3___RNAseq.g13129.t1/Montipora_capitata_HIv3___RNAseq.g47205.t1/Montipora_capitata_HIv3___RNAseq.g42608.t1/Montipora_capitata_HIv3___RNAseq.g13857.t1/Montipora_capitata_HIv3___RNAseq.g668.t1/Montipora_capitata_HIv3___RNAseq.g24095.t1/Montipora_capitata_HIv3___RNAseq.g18698.t1/Montipora_capitata_HIv3___RNAseq.g8971.t1/Montipora_capitata_HIv3___RNAseq.g24020.t1/Montipora_capitata_HIv3___RNAseq.g42740.t1/Montipora_capitata_HIv3___RNAseq.g41333.t1/Montipora_capitata_HIv3___RNAseq.g1174.t1/Montipora_capitata_HIv3___RNAseq.g23247.t1/Montipora_capitata_HIv3___RNAseq.g39974.t1/Montipora_capitata_HIv3___RNAseq.g15188.t1/Montipora_capitata_HIv3___RNAseq.g8270.t1/Montipora_capitata_HIv3___RNAseq.g28116.t1/Montipora_capitata_HIv3___RNAseq.g15029.t1b/Montipora_capitata_HIv3___RNAseq.g14625.t1/Montipora_capitata_HIv3___RNAseq.g39706.t2/Montipora_capitata_HIv3___RNAseq.g12947.t1/Montipora_capitata_HIv3___RNAseq.g14488.t1/Montipora_capitata_HIv3___TS.g47745.t1/Montipora_capitata_HIv3___RNAseq.g37450.t2/Montipora_capitata_HIv3___RNAseq.g20763.t1/Montipora_capitata_HIv3___TS.g20607.t1/Montipora_capitata_HIv3___TS.g46192.t3/Montipora_capitata_HIv3___RNAseq.g50276.t1,0.9980232391306181,multicellular organismal process,BP
GO:0008134,transcription factor binding,3/79,440/8363,0.7931298330795356,0.7088260509413081,3,440,Montipora_capitata_HIv3___RNAseq.g26525.t1/Montipora_capitata_HIv3___RNAseq.g15043.t1/Montipora_capitata_HIv3___TS.g47745.t1,0.9980232391306181,transcription factor binding,MF
GO:0043069,negative regulation of programmed cell death,4/79,569/8363,0.7950196812964715,0.7286444133558803,4,569,Montipora_capitata_HIv3___RNAseq.g44519.t1/Montipora_capitata_HIv3___RNAseq.g8971.t1/Montipora_capitata_HIv3___RNAseq.g15188.t1/Montipora_capitata_HIv3___RNAseq.g14488.t1,0.9980232391306181,negative regulation of programmed cell death,BP
GO:0072359,circulatory system development,4/79,569/8363,0.7950196812964715,0.7286444133558803,4,569,Montipora_capitata_HIv3___RNAseq.g2559.t1a/Montipora_capitata_HIv3___RNAseq.g3374.t1/Montipora_capitata_HIv3___RNAseq.g18698.t1/Montipora_capitata_HIv3___RNAseq.g8971.t1,0.9980232391306181,circulatory system development,BP
GO:0015075,monoatomic ion transmembrane transporter activity,3/79,442/8363,0.7956980286629273,0.7054169459650225,3,442,Montipora_capitata_HIv3___RNAseq.g13129.t1/Montipora_capitata_HIv3___RNAseq.g668.t1/Montipora_capitata_HIv3___RNAseq.g14155.t1,0.9980232391306181,monoatomic ion transmembrane transporter activity,MF
GO:0048732,gland development,3/79,442/8363,0.7956980286629273,0.7054169459650225,3,442,Montipora_capitata_HIv3___RNAseq.g668.t1/Montipora_capitata_HIv3___RNAseq.g8971.t1/Montipora_capitata_HIv3___RNAseq.g14488.t1,0.9980232391306181,gland development,BP
GO:0051338,regulation of transferase activity,4/79,571/8363,0.7973031688607308,0.7258859045171295,4,571,Montipora_capitata_HIv3___TS.g33283.t2/Montipora_capitata_HIv3___RNAseq.g6978.t1/Montipora_capitata_HIv3___RNAseq.g8971.t1/Montipora_capitata_HIv3___RNAseq.g15029.t1b,0.9980232391306181,regulation of transferase activity,BP
GO:1902494,catalytic complex,8/79,1063/8363,0.8030162871227775,0.7720932695416877,8,1063,Montipora_capitata_HIv3___RNAseq.g6978.t1/Montipora_capitata_HIv3___TS.g5653.t1/Montipora_capitata_HIv3___RNAseq.g23247.t1/Montipora_capitata_HIv3___RNAseq.g15188.t1/Montipora_capitata_HIv3___RNAseq.g18929.t1/Montipora_capitata_HIv3___TS.g28908.t1/Montipora_capitata_HIv3___TS.g32614.t2/Montipora_capitata_HIv3___TS.g47745.t1,0.9980232391306181,catalytic complex,CC
GO:0016070,RNA metabolic process,10/79,1298/8363,0.8032655607739585,0.7872209280934221,10,1298,Montipora_capitata_HIv3___RNAseq.g26525.t1/Montipora_capitata_HIv3___RNAseq.g42608.t1/Montipora_capitata_HIv3___RNAseq.g12736.t1/Montipora_capitata_HIv3___RNAseq.g403.t1/Montipora_capitata_HIv3___RNAseq.g18395.t1/Montipora_capitata_HIv3___RNAseq.g18929.t1/Montipora_capitata_HIv3___TS.g28908.t1/Montipora_capitata_HIv3___RNAseq.g11658.t1/Montipora_capitata_HIv3___TS.g47745.t1/Montipora_capitata_HIv3___TS.g46192.t3,0.9980232391306181,RNA metabolic process,BP
GO:0048518,positive regulation of biological process,27/79,3196/8363,0.8039982680252863,0.8381219399275098,27,3196,Montipora_capitata_HIv3___TS.g33283.t2/Montipora_capitata_HIv3___RNAseq.g6978.t1/Montipora_capitata_HIv3___RNAseq.g26525.t1/Montipora_capitata_HIv3___RNAseq.g15043.t1/Montipora_capitata_HIv3___RNAseq.g34092.t1/Montipora_capitata_HIv3___RNAseq.g44519.t1/Montipora_capitata_HIv3___RNAseq.g403.t1/Montipora_capitata_HIv3___RNAseq.g668.t1/Montipora_capitata_HIv3___RNAseq.g24095.t1/Montipora_capitata_HIv3___RNAseq.g18698.t1/Montipora_capitata_HIv3___RNAseq.g8971.t1/Montipora_capitata_HIv3___RNAseq.g36935.t1/Montipora_capitata_HIv3___RNAseq.g32149.t1/Montipora_capitata_HIv3___RNAseq.g24020.t1/Montipora_capitata_HIv3___RNAseq.g42740.t1/Montipora_capitata_HIv3___RNAseq.g41333.t1/Montipora_capitata_HIv3___RNAseq.g23247.t1/Montipora_capitata_HIv3___RNAseq.g49962.t1/Montipora_capitata_HIv3___RNAseq.g18929.t1/Montipora_capitata_HIv3___RNAseq.g15029.t1b/Montipora_capitata_HIv3___RNAseq.g39706.t2/Montipora_capitata_HIv3___RNAseq.g22853.t1/Montipora_capitata_HIv3___RNAseq.g14488.t1/Montipora_capitata_HIv3___TS.g47745.t1/Montipora_capitata_HIv3___RNAseq.g20763.t1/Montipora_capitata_HIv3___TS.g20607.t1/Montipora_capitata_HIv3___TS.g46192.t3,0.9980232391306181,positive regulation of biological process,BP
GO:0060562,epithelial tube morphogenesis,4/79,578/8363,0.8051382186526622,0.7163824462404738,4,578,Montipora_capitata_HIv3___RNAseq.g2559.t1a/Montipora_capitata_HIv3___RNAseq.g668.t1/Montipora_capitata_HIv3___RNAseq.g8971.t1/Montipora_capitata_HIv3___RNAseq.g28116.t1,0.9980232391306181,epithelial tube morphogenesis,BP
GO:0030182,neuron differentiation,7/79,947/8363,0.8057888983213699,0.759597133738322,7,947,Montipora_capitata_HIv3___RNAseq.g8971.t1/Montipora_capitata_HIv3___RNAseq.g24020.t1/Montipora_capitata_HIv3___RNAseq.g1174.t1/Montipora_capitata_HIv3___RNAseq.g39706.t2/Montipora_capitata_HIv3___TS.g47745.t1/Montipora_capitata_HIv3___RNAseq.g37450.t2/Montipora_capitata_HIv3___TS.g46192.t3,0.9980232391306181,neuron differentiation,BP
GO:0009791,post-embryonic development,5/79,705/8363,0.8071440611133661,0.7320400057984807,5,705,Montipora_capitata_HIv3___RNAseq.g15043.t1/Montipora_capitata_HIv3___RNAseq.g42608.t1/Montipora_capitata_HIv3___RNAseq.g18698.t1/Montipora_capitata_HIv3___RNAseq.g8971.t1/Montipora_capitata_HIv3___RNAseq.g15029.t1b,0.9980232391306181,post-embryonic development,BP
GO:0070647,protein modification by small protein conjugation or removal,4/79,580/8363,0.8073322470475036,0.7137095819097037,4,580,Montipora_capitata_HIv3___RNAseq.g35299.t1/Montipora_capitata_HIv3___RNAseq.g32149.t1/Montipora_capitata_HIv3___RNAseq.g23247.t1/Montipora_capitata_HIv3___RNAseq.g15188.t1,0.9980232391306181,protein modification by small protein conjugation or removal,BP
GO:0006355,regulation of DNA-templated transcription,12/79,1536/8363,0.8084022972689515,0.7944745533103005,12,1536,Montipora_capitata_HIv3___TS.g33283.t2/Montipora_capitata_HIv3___RNAseq.g6978.t1/Montipora_capitata_HIv3___RNAseq.g26525.t1/Montipora_capitata_HIv3___RNAseq.g403.t1/Montipora_capitata_HIv3___RNAseq.g13857.t1/Montipora_capitata_HIv3___RNAseq.g8971.t1/Montipora_capitata_HIv3___RNAseq.g36935.t1/Montipora_capitata_HIv3___RNAseq.g32149.t1/Montipora_capitata_HIv3___RNAseq.g41333.t1/Montipora_capitata_HIv3___RNAseq.g28116.t1/Montipora_capitata_HIv3___TS.g47745.t1/Montipora_capitata_HIv3___TS.g46192.t3,0.9980232391306181,regulation of DNA-templated transcription,BP
GO:0031326,regulation of cellular biosynthetic process,16/79,1993/8363,0.8099446616173633,0.8102294953501543,16,1993,Montipora_capitata_HIv3___TS.g33283.t2/Montipora_capitata_HIv3___RNAseq.g6978.t1/Montipora_capitata_HIv3___RNAseq.g26525.t1/Montipora_capitata_HIv3___RNAseq.g42608.t1/Montipora_capitata_HIv3___RNAseq.g403.t1/Montipora_capitata_HIv3___RNAseq.g13857.t1/Montipora_capitata_HIv3___RNAseq.g24095.t1/Montipora_capitata_HIv3___RNAseq.g8971.t1/Montipora_capitata_HIv3___RNAseq.g36935.t1/Montipora_capitata_HIv3___RNAseq.g32149.t1/Montipora_capitata_HIv3___RNAseq.g41333.t1/Montipora_capitata_HIv3___RNAseq.g15188.t1/Montipora_capitata_HIv3___RNAseq.g28116.t1/Montipora_capitata_HIv3___RNAseq.g14488.t1/Montipora_capitata_HIv3___TS.g47745.t1/Montipora_capitata_HIv3___TS.g46192.t3,0.9980232391306181,regulation of cellular biosynthetic process,BP
GO:0043228,non-membrane-bounded organelle,20/79,2444/8363,0.8127451894836631,0.8195172687158593,20,2444,Montipora_capitata_HIv3___RNAseq.g26525.t1/Montipora_capitata_HIv3___RNAseq.g42608.t1/Montipora_capitata_HIv3___RNAseq.g39887.t1/Montipora_capitata_HIv3___RNAseq.g403.t1/Montipora_capitata_HIv3___RNAseq.g13857.t1/Montipora_capitata_HIv3___RNAseq.g24095.t1/Montipora_capitata_HIv3___RNAseq.g18698.t1/Montipora_capitata_HIv3___RNAseq.g8971.t1/Montipora_capitata_HIv3___TS.g5653.t1/Montipora_capitata_HIv3___RNAseq.g9338.t1/Montipora_capitata_HIv3___RNAseq.g41333.t1/Montipora_capitata_HIv3___RNAseq.g18929.t1/Montipora_capitata_HIv3___RNAseq.g43111.t1/Montipora_capitata_HIv3___RNAseq.g15029.t1b/Montipora_capitata_HIv3___TS.g21895.t1/Montipora_capitata_HIv3___RNAseq.g15140.t1/Montipora_capitata_HIv3___RNAseq.g22853.t1/Montipora_capitata_HIv3___TS.g32614.t2/Montipora_capitata_HIv3___RNAseq.g11658.t1/Montipora_capitata_HIv3___TS.g47745.t1,0.9980232391306181,non-membrane-bounded organelle,CC
GO:0043232,intracellular non-membrane-bounded organelle,20/79,2444/8363,0.8127451894836631,0.8195172687158593,20,2444,Montipora_capitata_HIv3___RNAseq.g26525.t1/Montipora_capitata_HIv3___RNAseq.g42608.t1/Montipora_capitata_HIv3___RNAseq.g39887.t1/Montipora_capitata_HIv3___RNAseq.g403.t1/Montipora_capitata_HIv3___RNAseq.g13857.t1/Montipora_capitata_HIv3___RNAseq.g24095.t1/Montipora_capitata_HIv3___RNAseq.g18698.t1/Montipora_capitata_HIv3___RNAseq.g8971.t1/Montipora_capitata_HIv3___TS.g5653.t1/Montipora_capitata_HIv3___RNAseq.g9338.t1/Montipora_capitata_HIv3___RNAseq.g41333.t1/Montipora_capitata_HIv3___RNAseq.g18929.t1/Montipora_capitata_HIv3___RNAseq.g43111.t1/Montipora_capitata_HIv3___RNAseq.g15029.t1b/Montipora_capitata_HIv3___TS.g21895.t1/Montipora_capitata_HIv3___RNAseq.g15140.t1/Montipora_capitata_HIv3___RNAseq.g22853.t1/Montipora_capitata_HIv3___TS.g32614.t2/Montipora_capitata_HIv3___RNAseq.g11658.t1/Montipora_capitata_HIv3___TS.g47745.t1,0.9980232391306181,intracellular non-membrane-bounded organelle,CC
GO:0005929,cilium,3/79,459/8363,0.8164895974403155,0.6776466811768331,3,459,Montipora_capitata_HIv3___RNAseq.g2559.t1a/Montipora_capitata_HIv3___RNAseq.g12807.t1/Montipora_capitata_HIv3___TS.g5653.t1,0.9980232391306181,cilium,CC
GO:0034622,GO:0034622,4/79,589/8363,0.8169635427475743,0.7019077682125556,4,589,Montipora_capitata_HIv3___RNAseq.g26525.t1/Montipora_capitata_HIv3___RNAseq.g43111.t1/Montipora_capitata_HIv3___RNAseq.g15140.t1/Montipora_capitata_HIv3___TS.g47745.t1,0.9980232391306181,NA,NA
GO:0120025,plasma membrane bounded cell projection,10/79,1316/8363,0.8172061239752787,0.77437493868694,10,1316,Montipora_capitata_HIv3___RNAseq.g2559.t1a/Montipora_capitata_HIv3___RNAseq.g12807.t1/Montipora_capitata_HIv3___RNAseq.g34092.t1/Montipora_capitata_HIv3___RNAseq.g20807.t2/Montipora_capitata_HIv3___TS.g5653.t1/Montipora_capitata_HIv3___RNAseq.g49962.t1/Montipora_capitata_HIv3___RNAseq.g15029.t1b/Montipora_capitata_HIv3___RNAseq.g12947.t1/Montipora_capitata_HIv3___RNAseq.g14488.t1/Montipora_capitata_HIv3___TS.g46192.t3,0.9980232391306181,plasma membrane bounded cell projection,CC
GO:0005887,GO:0005887,4/79,591/8363,0.8190506286866401,0.6993342695036999,4,591,Montipora_capitata_HIv3___RNAseq.g13129.t1/Montipora_capitata_HIv3___RNAseq.g668.t1/Montipora_capitata_HIv3___RNAseq.g8971.t1/Montipora_capitata_HIv3___RNAseq.g28116.t1,0.9980232391306181,NA,NA
GO:0140110,transcription regulator activity,5/79,718/8363,0.81987560245346,0.7175187184040729,5,718,Montipora_capitata_HIv3___RNAseq.g26525.t1/Montipora_capitata_HIv3___RNAseq.g36935.t1/Montipora_capitata_HIv3___RNAseq.g41333.t1/Montipora_capitata_HIv3___TS.g47745.t1/Montipora_capitata_HIv3___TS.g46192.t3,0.9980232391306181,transcription regulator activity,MF
GO:0099503,secretory vesicle,4/79,592/8363,0.820086986230391,0.6980540825230986,4,592,Montipora_capitata_HIv3___TS.g33283.t2/Montipora_capitata_HIv3___RNAseq.g44519.t1/Montipora_capitata_HIv3___RNAseq.g14625.t1/Montipora_capitata_HIv3___RNAseq.g14488.t1,0.9980232391306181,secretory vesicle,CC
GO:0044271,cellular nitrogen compound biosynthetic process,10/79,1320/8363,0.8202049149408162,0.7715682137809887,10,1320,Montipora_capitata_HIv3___RNAseq.g34092.t1/Montipora_capitata_HIv3___RNAseq.g12736.t1/Montipora_capitata_HIv3___RNAseq.g43111.t1/Montipora_capitata_HIv3___RNAseq.g14956.t1/Montipora_capitata_HIv3___RNAseq.g39706.t2/Montipora_capitata_HIv3___RNAseq.g11658.t1/Montipora_capitata_HIv3___RNAseq.g14488.t1/Montipora_capitata_HIv3___RNAseq.g37450.t2/Montipora_capitata_HIv3___RNAseq.g20763.t1/Montipora_capitata_HIv3___TS.g46192.t3,0.9980232391306181,cellular nitrogen compound biosynthetic process,BP
GO:0005740,mitochondrial envelope,3/79,463/8363,0.8211180452344731,0.67141073422717,3,463,Montipora_capitata_HIv3___RNAseq.g24095.t1/Montipora_capitata_HIv3___RNAseq.g1174.t1/Montipora_capitata_HIv3___RNAseq.g14488.t1,0.9980232391306181,mitochondrial envelope,CC
GO:0097458,GO:0097458,8/79,1085/8363,0.8212866714011247,0.7540217663023724,8,1085,Montipora_capitata_HIv3___RNAseq.g34092.t1/Montipora_capitata_HIv3___RNAseq.g18698.t1/Montipora_capitata_HIv3___RNAseq.g20807.t2/Montipora_capitata_HIv3___RNAseq.g49962.t1/Montipora_capitata_HIv3___RNAseq.g39706.t2/Montipora_capitata_HIv3___RNAseq.g12947.t1/Montipora_capitata_HIv3___RNAseq.g14488.t1/Montipora_capitata_HIv3___TS.g46192.t3,0.9980232391306181,NA,NA
GO:0042995,cell projection,10/79,1325/8363,0.8239030535587955,0.7680838188871107,10,1325,Montipora_capitata_HIv3___RNAseq.g2559.t1a/Montipora_capitata_HIv3___RNAseq.g12807.t1/Montipora_capitata_HIv3___RNAseq.g34092.t1/Montipora_capitata_HIv3___RNAseq.g20807.t2/Montipora_capitata_HIv3___TS.g5653.t1/Montipora_capitata_HIv3___RNAseq.g49962.t1/Montipora_capitata_HIv3___RNAseq.g15029.t1b/Montipora_capitata_HIv3___RNAseq.g12947.t1/Montipora_capitata_HIv3___RNAseq.g14488.t1/Montipora_capitata_HIv3___TS.g46192.t3,0.9980232391306181,cell projection,CC
GO:0019219,regulation of nucleobase-containing compound metabolic process,15/79,1903/8363,0.8250619172575238,0.794019359660159,15,1903,Montipora_capitata_HIv3___TS.g33283.t2/Montipora_capitata_HIv3___RNAseq.g6978.t1/Montipora_capitata_HIv3___RNAseq.g26525.t1/Montipora_capitata_HIv3___RNAseq.g42608.t1/Montipora_capitata_HIv3___RNAseq.g12736.t1/Montipora_capitata_HIv3___RNAseq.g403.t1/Montipora_capitata_HIv3___RNAseq.g13857.t1/Montipora_capitata_HIv3___RNAseq.g8971.t1/Montipora_capitata_HIv3___RNAseq.g36935.t1/Montipora_capitata_HIv3___RNAseq.g32149.t1/Montipora_capitata_HIv3___RNAseq.g41333.t1/Montipora_capitata_HIv3___RNAseq.g18929.t1/Montipora_capitata_HIv3___RNAseq.g28116.t1/Montipora_capitata_HIv3___TS.g47745.t1/Montipora_capitata_HIv3___TS.g46192.t3,0.9980232391306181,regulation of nucleobase-containing compound metabolic process,BP
GO:0031090,organelle membrane,12/79,1560/8363,0.8254564268175324,0.7793821630913784,12,1560,Montipora_capitata_HIv3___RNAseq.g6978.t1/Montipora_capitata_HIv3___RNAseq.g36845.t1/Montipora_capitata_HIv3___RNAseq.g34092.t1/Montipora_capitata_HIv3___RNAseq.g3374.t1/Montipora_capitata_HIv3___RNAseq.g13857.t1/Montipora_capitata_HIv3___RNAseq.g24095.t1/Montipora_capitata_HIv3___TS.g6904.t1/Montipora_capitata_HIv3___RNAseq.g14155.t1/Montipora_capitata_HIv3___RNAseq.g1174.t1/Montipora_capitata_HIv3___RNAseq.g39706.t2/Montipora_capitata_HIv3___RNAseq.g14488.t1/Montipora_capitata_HIv3___TS.g20607.t1,0.9980232391306181,organelle membrane,CC
GO:0019438,aromatic compound biosynthetic process,7/79,970/8363,0.8255369035449767,0.7391350560096757,7,970,Montipora_capitata_HIv3___RNAseq.g34092.t1/Montipora_capitata_HIv3___RNAseq.g12736.t1/Montipora_capitata_HIv3___RNAseq.g42740.t1/Montipora_capitata_HIv3___RNAseq.g14956.t1/Montipora_capitata_HIv3___RNAseq.g37450.t2/Montipora_capitata_HIv3___RNAseq.g20763.t1/Montipora_capitata_HIv3___TS.g46192.t3,0.9980232391306181,aromatic compound biosynthetic process,BP
GO:0008092,cytoskeletal protein binding,3/79,468/8363,0.8267662652431256,0.6637666358101008,3,468,Montipora_capitata_HIv3___RNAseq.g403.t1/Montipora_capitata_HIv3___RNAseq.g18698.t1/Montipora_capitata_HIv3___RNAseq.g15029.t1b,0.9980232391306181,cytoskeletal protein binding,MF
GO:0006796,phosphate-containing compound metabolic process,10/79,1331/8363,0.8282672847786063,0.7639373617004571,10,1331,Montipora_capitata_HIv3___TS.g33283.t2/Montipora_capitata_HIv3___RNAseq.g6978.t1/Montipora_capitata_HIv3___RNAseq.g15043.t1/Montipora_capitata_HIv3___RNAseq.g24095.t1/Montipora_capitata_HIv3___RNAseq.g8971.t1/Montipora_capitata_HIv3___TS.g50674.t1/Montipora_capitata_HIv3___RNAseq.g28116.t1/Montipora_capitata_HIv3___RNAseq.g44719.t1/Montipora_capitata_HIv3___RNAseq.g14956.t1/Montipora_capitata_HIv3___RNAseq.g20763.t1,0.9980232391306181,phosphate-containing compound metabolic process,BP
GO:1903506,GO:1903506,12/79,1565/8363,0.8288682686660072,0.7762966326004682,12,1565,Montipora_capitata_HIv3___TS.g33283.t2/Montipora_capitata_HIv3___RNAseq.g6978.t1/Montipora_capitata_HIv3___RNAseq.g26525.t1/Montipora_capitata_HIv3___RNAseq.g403.t1/Montipora_capitata_HIv3___RNAseq.g13857.t1/Montipora_capitata_HIv3___RNAseq.g8971.t1/Montipora_capitata_HIv3___RNAseq.g36935.t1/Montipora_capitata_HIv3___RNAseq.g32149.t1/Montipora_capitata_HIv3___RNAseq.g41333.t1/Montipora_capitata_HIv3___RNAseq.g28116.t1/Montipora_capitata_HIv3___TS.g47745.t1/Montipora_capitata_HIv3___TS.g46192.t3,0.9980232391306181,NA,NA
GO:0031224,GO:0031224,9/79,1214/8363,0.8290125632222004,0.7553406950093328,9,1214,Montipora_capitata_HIv3___RNAseq.g12807.t1/Montipora_capitata_HIv3___RNAseq.g13129.t1/Montipora_capitata_HIv3___RNAseq.g668.t1/Montipora_capitata_HIv3___RNAseq.g8971.t1/Montipora_capitata_HIv3___RNAseq.g20771.t1/Montipora_capitata_HIv3___RNAseq.g39974.t1/Montipora_capitata_HIv3___RNAseq.g15188.t1/Montipora_capitata_HIv3___RNAseq.g28116.t1/Montipora_capitata_HIv3___RNAseq.g39706.t2,0.9980232391306181,NA,NA
GO:0005739,mitochondrion,8/79,1096/8363,0.8299358953025082,0.7452600585706316,8,1096,Montipora_capitata_HIv3___RNAseq.g34092.t1/Montipora_capitata_HIv3___RNAseq.g24095.t1/Montipora_capitata_HIv3___RNAseq.g30434.t1/Montipora_capitata_HIv3___RNAseq.g1174.t1/Montipora_capitata_HIv3___TS.g50674.t1/Montipora_capitata_HIv3___RNAseq.g9087.t1/Montipora_capitata_HIv3___RNAseq.g14956.t1/Montipora_capitata_HIv3___RNAseq.g14488.t1,0.9980232391306181,mitochondrion,CC
GO:0035239,tube morphogenesis,5/79,729/8363,0.8301267999216392,0.7055885779734621,5,729,Montipora_capitata_HIv3___RNAseq.g2559.t1a/Montipora_capitata_HIv3___RNAseq.g668.t1/Montipora_capitata_HIv3___RNAseq.g18698.t1/Montipora_capitata_HIv3___RNAseq.g8971.t1/Montipora_capitata_HIv3___RNAseq.g28116.t1,0.9980232391306181,tube morphogenesis,BP
GO:2001141,regulation of RNA biosynthetic process,12/79,1568/8363,0.8308921815351451,0.774454833270131,12,1568,Montipora_capitata_HIv3___TS.g33283.t2/Montipora_capitata_HIv3___RNAseq.g6978.t1/Montipora_capitata_HIv3___RNAseq.g26525.t1/Montipora_capitata_HIv3___RNAseq.g403.t1/Montipora_capitata_HIv3___RNAseq.g13857.t1/Montipora_capitata_HIv3___RNAseq.g8971.t1/Montipora_capitata_HIv3___RNAseq.g36935.t1/Montipora_capitata_HIv3___RNAseq.g32149.t1/Montipora_capitata_HIv3___RNAseq.g41333.t1/Montipora_capitata_HIv3___RNAseq.g28116.t1/Montipora_capitata_HIv3___TS.g47745.t1/Montipora_capitata_HIv3___TS.g46192.t3,0.9980232391306181,regulation of RNA biosynthetic process,BP
GO:0098805,GO:0098805,6/79,855/8363,0.831532072309451,0.7198128974878639,6,855,Montipora_capitata_HIv3___RNAseq.g6978.t1/Montipora_capitata_HIv3___RNAseq.g1174.t1/Montipora_capitata_HIv3___TS.g21895.t1/Montipora_capitata_HIv3___RNAseq.g39706.t2/Montipora_capitata_HIv3___RNAseq.g14488.t1/Montipora_capitata_HIv3___TS.g20607.t1,0.9980232391306181,NA,NA
GO:0090066,regulation of anatomical structure size,3/79,473/8363,0.8322642950946657,0.6562851404131863,3,473,Montipora_capitata_HIv3___RNAseq.g668.t1/Montipora_capitata_HIv3___RNAseq.g24095.t1/Montipora_capitata_HIv3___RNAseq.g15029.t1b,0.9980232391306181,regulation of anatomical structure size,BP
GO:1901564,organonitrogen compound metabolic process,28/79,3354/8363,0.8325466955390493,0.8184427975240619,28,3354,Montipora_capitata_HIv3___TS.g33283.t2/Montipora_capitata_HIv3___RNAseq.g6978.t1/Montipora_capitata_HIv3___RNAseq.g15043.t1/Montipora_capitata_HIv3___TS.g44069.t1/Montipora_capitata_HIv3___RNAseq.g35299.t1/Montipora_capitata_HIv3___RNAseq.g34092.t1/Montipora_capitata_HIv3___RNAseq.g3374.t1/Montipora_capitata_HIv3___RNAseq.g44562.t1/Montipora_capitata_HIv3___RNAseq.g24095.t1/Montipora_capitata_HIv3___RNAseq.g8971.t1/Montipora_capitata_HIv3___RNAseq.g20771.t1/Montipora_capitata_HIv3___RNAseq.g20807.t2/Montipora_capitata_HIv3___RNAseq.g32149.t1/Montipora_capitata_HIv3___RNAseq.g42740.t1/Montipora_capitata_HIv3___RNAseq.g1174.t1/Montipora_capitata_HIv3___RNAseq.g23247.t1/Montipora_capitata_HIv3___RNAseq.g39974.t1/Montipora_capitata_HIv3___RNAseq.g15188.t1/Montipora_capitata_HIv3___RNAseq.g43111.t1/Montipora_capitata_HIv3___RNAseq.g28116.t1/Montipora_capitata_HIv3___RNAseq.g44719.t1/Montipora_capitata_HIv3___RNAseq.g14625.t1/Montipora_capitata_HIv3___RNAseq.g14956.t1/Montipora_capitata_HIv3___RNAseq.g39706.t2/Montipora_capitata_HIv3___RNAseq.g11658.t1/Montipora_capitata_HIv3___RNAseq.g14488.t1/Montipora_capitata_HIv3___RNAseq.g37450.t2/Montipora_capitata_HIv3___RNAseq.g20763.t1,0.9980232391306181,organonitrogen compound metabolic process,BP
GO:0005789,endoplasmic reticulum membrane,4/79,606/8363,0.8341001630628425,0.680577860081023,4,606,Montipora_capitata_HIv3___RNAseq.g50691.t1/Montipora_capitata_HIv3___RNAseq.g39974.t1/Montipora_capitata_HIv3___RNAseq.g15188.t1/Montipora_capitata_HIv3___RNAseq.g39706.t2,0.9980232391306181,endoplasmic reticulum membrane,CC
GO:0010604,positive regulation of macromolecule metabolic process,14/79,1804/8363,0.8346233521682976,0.7814258035763386,14,1804,Montipora_capitata_HIv3___TS.g33283.t2/Montipora_capitata_HIv3___RNAseq.g6978.t1/Montipora_capitata_HIv3___RNAseq.g26525.t1/Montipora_capitata_HIv3___RNAseq.g15043.t1/Montipora_capitata_HIv3___RNAseq.g403.t1/Montipora_capitata_HIv3___RNAseq.g24095.t1/Montipora_capitata_HIv3___RNAseq.g8971.t1/Montipora_capitata_HIv3___RNAseq.g36935.t1/Montipora_capitata_HIv3___RNAseq.g42740.t1/Montipora_capitata_HIv3___RNAseq.g41333.t1/Montipora_capitata_HIv3___RNAseq.g18929.t1/Montipora_capitata_HIv3___RNAseq.g39706.t2/Montipora_capitata_HIv3___TS.g47745.t1/Montipora_capitata_HIv3___TS.g46192.t3,0.9980232391306181,positive regulation of macromolecule metabolic process,BP
GO:0003676,nucleic acid binding,10/79,1344/8363,0.8374499821385066,0.7550813262464742,10,1344,Montipora_capitata_HIv3___RNAseq.g26525.t1/Montipora_capitata_HIv3___RNAseq.g42608.t1/Montipora_capitata_HIv3___RNAseq.g18395.t1/Montipora_capitata_HIv3___TS.g40519.t3/Montipora_capitata_HIv3___RNAseq.g36935.t1/Montipora_capitata_HIv3___RNAseq.g18929.t1/Montipora_capitata_HIv3___RNAseq.g43111.t1/Montipora_capitata_HIv3___RNAseq.g15140.t1/Montipora_capitata_HIv3___TS.g47745.t1/Montipora_capitata_HIv3___TS.g46192.t3,0.9980232391306181,nucleic acid binding,MF
GO:0098827,endoplasmic reticulum subcompartment,4/79,612/8363,0.8398276770366433,0.6733343238835456,4,612,Montipora_capitata_HIv3___RNAseq.g50691.t1/Montipora_capitata_HIv3___RNAseq.g39974.t1/Montipora_capitata_HIv3___RNAseq.g15188.t1/Montipora_capitata_HIv3___RNAseq.g39706.t2,0.9980232391306181,endoplasmic reticulum subcompartment,CC
GO:0044238,primary metabolic process,42/79,4856/8363,0.8417107364164275,0.8182464731580467,42,4856,Montipora_capitata_HIv3___TS.g33283.t2/Montipora_capitata_HIv3___RNAseq.g6978.t1/Montipora_capitata_HIv3___RNAseq.g26525.t1/Montipora_capitata_HIv3___RNAseq.g15043.t1/Montipora_capitata_HIv3___TS.g44069.t1/Montipora_capitata_HIv3___RNAseq.g35299.t1/Montipora_capitata_HIv3___RNAseq.g34092.t1/Montipora_capitata_HIv3___RNAseq.g3374.t1/Montipora_capitata_HIv3___RNAseq.g42608.t1/Montipora_capitata_HIv3___RNAseq.g12736.t1/Montipora_capitata_HIv3___RNAseq.g44539.t1/Montipora_capitata_HIv3___RNAseq.g403.t1/Montipora_capitata_HIv3___RNAseq.g668.t1/Montipora_capitata_HIv3___RNAseq.g44562.t1/Montipora_capitata_HIv3___RNAseq.g24095.t1/Montipora_capitata_HIv3___RNAseq.g8971.t1/Montipora_capitata_HIv3___RNAseq.g20771.t1/Montipora_capitata_HIv3___RNAseq.g18395.t1/Montipora_capitata_HIv3___TS.g40519.t3/Montipora_capitata_HIv3___RNAseq.g20807.t2/Montipora_capitata_HIv3___RNAseq.g32149.t1/Montipora_capitata_HIv3___RNAseq.g42740.t1/Montipora_capitata_HIv3___RNAseq.g1174.t1/Montipora_capitata_HIv3___RNAseq.g23247.t1/Montipora_capitata_HIv3___RNAseq.g39974.t1/Montipora_capitata_HIv3___RNAseq.g15188.t1/Montipora_capitata_HIv3___RNAseq.g18929.t1/Montipora_capitata_HIv3___TS.g50674.t1/Montipora_capitata_HIv3___TS.g28908.t1/Montipora_capitata_HIv3___RNAseq.g43111.t1/Montipora_capitata_HIv3___RNAseq.g28116.t1/Montipora_capitata_HIv3___RNAseq.g44719.t1/Montipora_capitata_HIv3___RNAseq.g9087.t1/Montipora_capitata_HIv3___RNAseq.g14625.t1/Montipora_capitata_HIv3___RNAseq.g14956.t1/Montipora_capitata_HIv3___RNAseq.g39706.t2/Montipora_capitata_HIv3___RNAseq.g11658.t1/Montipora_capitata_HIv3___RNAseq.g14488.t1/Montipora_capitata_HIv3___TS.g47745.t1/Montipora_capitata_HIv3___RNAseq.g37450.t2/Montipora_capitata_HIv3___RNAseq.g20763.t1/Montipora_capitata_HIv3___TS.g46192.t3,0.9980232391306181,primary metabolic process,BP
GO:0043005,neuron projection,6/79,869/8363,0.843075655727844,0.7067989200618664,6,869,Montipora_capitata_HIv3___RNAseq.g34092.t1/Montipora_capitata_HIv3___RNAseq.g20807.t2/Montipora_capitata_HIv3___RNAseq.g49962.t1/Montipora_capitata_HIv3___RNAseq.g12947.t1/Montipora_capitata_HIv3___RNAseq.g14488.t1/Montipora_capitata_HIv3___TS.g46192.t3,0.9980232391306181,neuron projection,CC
GO:0009653,anatomical structure morphogenesis,15/79,1934/8363,0.8442027932443033,0.7774093249432362,15,1934,Montipora_capitata_HIv3___RNAseq.g2559.t1a/Montipora_capitata_HIv3___RNAseq.g668.t1/Montipora_capitata_HIv3___RNAseq.g18698.t1/Montipora_capitata_HIv3___RNAseq.g8971.t1/Montipora_capitata_HIv3___RNAseq.g24020.t1/Montipora_capitata_HIv3___RNAseq.g8270.t1/Montipora_capitata_HIv3___RNAseq.g28116.t1/Montipora_capitata_HIv3___RNAseq.g15029.t1b/Montipora_capitata_HIv3___RNAseq.g39706.t2/Montipora_capitata_HIv3___RNAseq.g14488.t1/Montipora_capitata_HIv3___TS.g47745.t1/Montipora_capitata_HIv3___RNAseq.g37450.t2/Montipora_capitata_HIv3___TS.g20607.t1/Montipora_capitata_HIv3___TS.g46192.t3/Montipora_capitata_HIv3___RNAseq.g50276.t1,0.9980232391306181,anatomical structure morphogenesis,BP
GO:0008150,biological_process,74/79,7979/8363,0.8458212648765374,0.7096183597557665,74,7979,Montipora_capitata_HIv3___TS.g33283.t2/Montipora_capitata_HIv3___RNAseq.g6978.t1/Montipora_capitata_HIv3___RNAseq.g36845.t1/Montipora_capitata_HIv3___RNAseq.g2559.t1a/Montipora_capitata_HIv3___RNAseq.g26525.t1/Montipora_capitata_HIv3___RNAseq.g15043.t1/Montipora_capitata_HIv3___TS.g44069.t1/Montipora_capitata_HIv3___RNAseq.g35299.t1/Montipora_capitata_HIv3___RNAseq.g41637.t1/Montipora_capitata_HIv3___RNAseq.g14946.t1/Montipora_capitata_HIv3___RNAseq.g34092.t1/Montipora_capitata_HIv3___RNAseq.g44519.t1/Montipora_capitata_HIv3___RNAseq.g50691.t1/Montipora_capitata_HIv3___RNAseq.g3374.t1/Montipora_capitata_HIv3___RNAseq.g13129.t1/Montipora_capitata_HIv3___RNAseq.g47205.t1/Montipora_capitata_HIv3___RNAseq.g42608.t1/Montipora_capitata_HIv3___RNAseq.g39887.t1/Montipora_capitata_HIv3___RNAseq.g12736.t1/Montipora_capitata_HIv3___RNAseq.g44539.t1/Montipora_capitata_HIv3___RNAseq.g403.t1/Montipora_capitata_HIv3___RNAseq.g45361.t1/Montipora_capitata_HIv3___RNAseq.g13857.t1/Montipora_capitata_HIv3___RNAseq.g668.t1/Montipora_capitata_HIv3___RNAseq.g44562.t1/Montipora_capitata_HIv3___RNAseq.g24095.t1/Montipora_capitata_HIv3___RNAseq.g12548.t1/Montipora_capitata_HIv3___RNAseq.g18698.t1/Montipora_capitata_HIv3___RNAseq.g8971.t1/Montipora_capitata_HIv3___RNAseq.g20771.t1/Montipora_capitata_HIv3___RNAseq.g41416.t2a/Montipora_capitata_HIv3___RNAseq.g18395.t1/Montipora_capitata_HIv3___TS.g40519.t3/Montipora_capitata_HIv3___RNAseq.g20807.t2/Montipora_capitata_HIv3___RNAseq.g36935.t1/Montipora_capitata_HIv3___TS.g5653.t1/Montipora_capitata_HIv3___TS.g6904.t1/Montipora_capitata_HIv3___RNAseq.g14155.t1/Montipora_capitata_HIv3___RNAseq.g32149.t1/Montipora_capitata_HIv3___RNAseq.g24020.t1/Montipora_capitata_HIv3___RNAseq.g40284.t1/Montipora_capitata_HIv3___RNAseq.g42740.t1/Montipora_capitata_HIv3___RNAseq.g41333.t1/Montipora_capitata_HIv3___RNAseq.g22408.t1/Montipora_capitata_HIv3___RNAseq.g1174.t1/Montipora_capitata_HIv3___RNAseq.g23247.t1/Montipora_capitata_HIv3___RNAseq.g39974.t1/Montipora_capitata_HIv3___RNAseq.g15188.t1/Montipora_capitata_HIv3___RNAseq.g49962.t1/Montipora_capitata_HIv3___RNAseq.g18929.t1/Montipora_capitata_HIv3___TS.g50674.t1/Montipora_capitata_HIv3___RNAseq.g8270.t1/Montipora_capitata_HIv3___TS.g28908.t1/Montipora_capitata_HIv3___RNAseq.g43111.t1/Montipora_capitata_HIv3___RNAseq.g28116.t1/Montipora_capitata_HIv3___RNAseq.g15029.t1b/Montipora_capitata_HIv3___TS.g21895.t1/Montipora_capitata_HIv3___RNAseq.g44719.t1/Montipora_capitata_HIv3___RNAseq.g9087.t1/Montipora_capitata_HIv3___RNAseq.g14625.t1/Montipora_capitata_HIv3___RNAseq.g15140.t1/Montipora_capitata_HIv3___RNAseq.g14956.t1/Montipora_capitata_HIv3___RNAseq.g39706.t2/Montipora_capitata_HIv3___RNAseq.g26867.t1/Montipora_capitata_HIv3___RNAseq.g12947.t1/Montipora_capitata_HIv3___RNAseq.g22853.t1/Montipora_capitata_HIv3___RNAseq.g11658.t1/Montipora_capitata_HIv3___RNAseq.g14488.t1/Montipora_capitata_HIv3___TS.g47745.t1/Montipora_capitata_HIv3___RNAseq.g37450.t2/Montipora_capitata_HIv3___RNAseq.g20763.t1/Montipora_capitata_HIv3___TS.g20607.t1/Montipora_capitata_HIv3___TS.g46192.t3/Montipora_capitata_HIv3___RNAseq.g50276.t1,0.9980232391306181,biological_process,BP
GO:0006793,phosphorus metabolic process,10/79,1357/8363,0.8462631244872546,0.7463962285118444,10,1357,Montipora_capitata_HIv3___TS.g33283.t2/Montipora_capitata_HIv3___RNAseq.g6978.t1/Montipora_capitata_HIv3___RNAseq.g15043.t1/Montipora_capitata_HIv3___RNAseq.g24095.t1/Montipora_capitata_HIv3___RNAseq.g8971.t1/Montipora_capitata_HIv3___TS.g50674.t1/Montipora_capitata_HIv3___RNAseq.g28116.t1/Montipora_capitata_HIv3___RNAseq.g44719.t1/Montipora_capitata_HIv3___RNAseq.g14956.t1/Montipora_capitata_HIv3___RNAseq.g20763.t1,0.9980232391306181,phosphorus metabolic process,BP
GO:0042175,nuclear outer membrane-endoplasmic reticulum membrane network,4/79,619/8363,0.8463040844007031,0.6650620906497425,4,619,Montipora_capitata_HIv3___RNAseq.g50691.t1/Montipora_capitata_HIv3___RNAseq.g39974.t1/Montipora_capitata_HIv3___RNAseq.g15188.t1/Montipora_capitata_HIv3___RNAseq.g39706.t2,0.9980232391306181,nuclear outer membrane-endoplasmic reticulum membrane network,CC
GO:0051173,positive regulation of nitrogen compound metabolic process,13/79,1708/8363,0.8464477599592346,0.7657089850556388,13,1708,Montipora_capitata_HIv3___TS.g33283.t2/Montipora_capitata_HIv3___RNAseq.g6978.t1/Montipora_capitata_HIv3___RNAseq.g26525.t1/Montipora_capitata_HIv3___RNAseq.g15043.t1/Montipora_capitata_HIv3___RNAseq.g403.t1/Montipora_capitata_HIv3___RNAseq.g24095.t1/Montipora_capitata_HIv3___RNAseq.g8971.t1/Montipora_capitata_HIv3___RNAseq.g36935.t1/Montipora_capitata_HIv3___RNAseq.g41333.t1/Montipora_capitata_HIv3___RNAseq.g18929.t1/Montipora_capitata_HIv3___RNAseq.g39706.t2/Montipora_capitata_HIv3___TS.g47745.t1/Montipora_capitata_HIv3___TS.g46192.t3,0.9980232391306181,positive regulation of nitrogen compound metabolic process,BP
GO:0043025,neuronal cell body,3/79,490/8363,0.8498696064176929,0.6319969007585396,3,490,Montipora_capitata_HIv3___RNAseq.g49962.t1/Montipora_capitata_HIv3___RNAseq.g39706.t2/Montipora_capitata_HIv3___RNAseq.g14488.t1,0.9980232391306181,neuronal cell body,CC
GO:0007275,multicellular organism development,28/79,3395/8363,0.8538371572857604,0.8017835331049956,28,3395,Montipora_capitata_HIv3___RNAseq.g6978.t1/Montipora_capitata_HIv3___RNAseq.g2559.t1a/Montipora_capitata_HIv3___RNAseq.g15043.t1/Montipora_capitata_HIv3___RNAseq.g3374.t1/Montipora_capitata_HIv3___RNAseq.g13129.t1/Montipora_capitata_HIv3___RNAseq.g42608.t1/Montipora_capitata_HIv3___RNAseq.g13857.t1/Montipora_capitata_HIv3___RNAseq.g668.t1/Montipora_capitata_HIv3___RNAseq.g18698.t1/Montipora_capitata_HIv3___RNAseq.g8971.t1/Montipora_capitata_HIv3___RNAseq.g24020.t1/Montipora_capitata_HIv3___RNAseq.g42740.t1/Montipora_capitata_HIv3___RNAseq.g41333.t1/Montipora_capitata_HIv3___RNAseq.g1174.t1/Montipora_capitata_HIv3___RNAseq.g23247.t1/Montipora_capitata_HIv3___RNAseq.g39974.t1/Montipora_capitata_HIv3___RNAseq.g15188.t1/Montipora_capitata_HIv3___RNAseq.g8270.t1/Montipora_capitata_HIv3___RNAseq.g28116.t1/Montipora_capitata_HIv3___RNAseq.g15029.t1b/Montipora_capitata_HIv3___RNAseq.g14625.t1/Montipora_capitata_HIv3___RNAseq.g39706.t2/Montipora_capitata_HIv3___RNAseq.g14488.t1/Montipora_capitata_HIv3___TS.g47745.t1/Montipora_capitata_HIv3___RNAseq.g37450.t2/Montipora_capitata_HIv3___TS.g20607.t1/Montipora_capitata_HIv3___TS.g46192.t3/Montipora_capitata_HIv3___RNAseq.g50276.t1,0.9980232391306181,multicellular organism development,BP
GO:0031226,GO:0031226,4/79,630/8363,0.8560442023585395,0.6524364862328768,4,630,Montipora_capitata_HIv3___RNAseq.g13129.t1/Montipora_capitata_HIv3___RNAseq.g668.t1/Montipora_capitata_HIv3___RNAseq.g8971.t1/Montipora_capitata_HIv3___RNAseq.g28116.t1,0.9980232391306181,NA,NA
GO:0009057,macromolecule catabolic process,5/79,760/8363,0.8565419509174659,0.6738363043071894,5,760,Montipora_capitata_HIv3___RNAseq.g42608.t1/Montipora_capitata_HIv3___RNAseq.g23247.t1/Montipora_capitata_HIv3___RNAseq.g15188.t1/Montipora_capitata_HIv3___RNAseq.g18929.t1/Montipora_capitata_HIv3___RNAseq.g11658.t1,0.9980232391306181,macromolecule catabolic process,BP
GO:2000112,GO:2000112,14/79,1842/8363,0.8573546715369643,0.7607077201867323,14,1842,Montipora_capitata_HIv3___TS.g33283.t2/Montipora_capitata_HIv3___RNAseq.g6978.t1/Montipora_capitata_HIv3___RNAseq.g26525.t1/Montipora_capitata_HIv3___RNAseq.g42608.t1/Montipora_capitata_HIv3___RNAseq.g403.t1/Montipora_capitata_HIv3___RNAseq.g13857.t1/Montipora_capitata_HIv3___RNAseq.g8971.t1/Montipora_capitata_HIv3___RNAseq.g36935.t1/Montipora_capitata_HIv3___RNAseq.g32149.t1/Montipora_capitata_HIv3___RNAseq.g41333.t1/Montipora_capitata_HIv3___RNAseq.g15188.t1/Montipora_capitata_HIv3___RNAseq.g28116.t1/Montipora_capitata_HIv3___TS.g47745.t1/Montipora_capitata_HIv3___TS.g46192.t3,0.9980232391306181,NA,NA
GO:0016477,cell migration,4/79,632/8363,0.857758902569762,0.6502494557418359,4,632,Montipora_capitata_HIv3___TS.g33283.t2/Montipora_capitata_HIv3___RNAseq.g44519.t1/Montipora_capitata_HIv3___RNAseq.g8971.t1/Montipora_capitata_HIv3___RNAseq.g28116.t1,0.9980232391306181,cell migration,BP
GO:0070887,cellular response to chemical stimulus,11/79,1500/8363,0.8618488789515265,0.7382339626021479,11,1500,Montipora_capitata_HIv3___TS.g33283.t2/Montipora_capitata_HIv3___RNAseq.g6978.t1/Montipora_capitata_HIv3___RNAseq.g34092.t1/Montipora_capitata_HIv3___RNAseq.g44519.t1/Montipora_capitata_HIv3___RNAseq.g50691.t1/Montipora_capitata_HIv3___RNAseq.g8971.t1/Montipora_capitata_HIv3___RNAseq.g15188.t1/Montipora_capitata_HIv3___RNAseq.g39706.t2/Montipora_capitata_HIv3___RNAseq.g14488.t1/Montipora_capitata_HIv3___TS.g47745.t1/Montipora_capitata_HIv3___TS.g46192.t3,0.9980232391306181,cellular response to chemical stimulus,BP
GO:0019222,regulation of metabolic process,27/79,3303/8363,0.8619112606706381,0.7937730673348474,27,3303,Montipora_capitata_HIv3___TS.g33283.t2/Montipora_capitata_HIv3___RNAseq.g6978.t1/Montipora_capitata_HIv3___RNAseq.g26525.t1/Montipora_capitata_HIv3___RNAseq.g15043.t1/Montipora_capitata_HIv3___RNAseq.g41637.t1/Montipora_capitata_HIv3___RNAseq.g42608.t1/Montipora_capitata_HIv3___RNAseq.g12736.t1/Montipora_capitata_HIv3___RNAseq.g403.t1/Montipora_capitata_HIv3___RNAseq.g13857.t1/Montipora_capitata_HIv3___RNAseq.g24095.t1/Montipora_capitata_HIv3___RNAseq.g8971.t1/Montipora_capitata_HIv3___RNAseq.g36935.t1/Montipora_capitata_HIv3___RNAseq.g32149.t1/Montipora_capitata_HIv3___RNAseq.g42740.t1/Montipora_capitata_HIv3___RNAseq.g41333.t1/Montipora_capitata_HIv3___RNAseq.g15188.t1/Montipora_capitata_HIv3___RNAseq.g18929.t1/Montipora_capitata_HIv3___RNAseq.g8270.t1/Montipora_capitata_HIv3___RNAseq.g28116.t1/Montipora_capitata_HIv3___RNAseq.g15029.t1b/Montipora_capitata_HIv3___RNAseq.g39706.t2/Montipora_capitata_HIv3___RNAseq.g11658.t1/Montipora_capitata_HIv3___RNAseq.g14488.t1/Montipora_capitata_HIv3___TS.g47745.t1/Montipora_capitata_HIv3___RNAseq.g37450.t2/Montipora_capitata_HIv3___RNAseq.g20763.t1/Montipora_capitata_HIv3___TS.g46192.t3,0.9980232391306181,regulation of metabolic process,BP
GO:0050767,regulation of neurogenesis,4/79,644/8363,0.8676933589577713,0.6370559892578269,4,644,Montipora_capitata_HIv3___RNAseq.g6978.t1/Montipora_capitata_HIv3___RNAseq.g8971.t1/Montipora_capitata_HIv3___RNAseq.g24020.t1/Montipora_capitata_HIv3___RNAseq.g39706.t2,0.9980232391306181,regulation of neurogenesis,BP
GO:0010648,negative regulation of cell communication,6/79,903/8363,0.868518641101509,0.6768955224256719,6,903,Montipora_capitata_HIv3___RNAseq.g34092.t1/Montipora_capitata_HIv3___RNAseq.g24095.t1/Montipora_capitata_HIv3___RNAseq.g8971.t1/Montipora_capitata_HIv3___RNAseq.g32149.t1/Montipora_capitata_HIv3___RNAseq.g15188.t1/Montipora_capitata_HIv3___RNAseq.g14488.t1,0.9980232391306181,negative regulation of cell communication,BP
GO:0023057,negative regulation of signaling,6/79,904/8363,0.8692133886241684,0.6760502876215558,6,904,Montipora_capitata_HIv3___RNAseq.g34092.t1/Montipora_capitata_HIv3___RNAseq.g24095.t1/Montipora_capitata_HIv3___RNAseq.g8971.t1/Montipora_capitata_HIv3___RNAseq.g32149.t1/Montipora_capitata_HIv3___RNAseq.g15188.t1/Montipora_capitata_HIv3___RNAseq.g14488.t1,0.9980232391306181,negative regulation of signaling,BP
GO:0060255,regulation of macromolecule metabolic process,24/79,2998/8363,0.8728711313474651,0.7791258645867114,24,2998,Montipora_capitata_HIv3___TS.g33283.t2/Montipora_capitata_HIv3___RNAseq.g6978.t1/Montipora_capitata_HIv3___RNAseq.g26525.t1/Montipora_capitata_HIv3___RNAseq.g15043.t1/Montipora_capitata_HIv3___RNAseq.g42608.t1/Montipora_capitata_HIv3___RNAseq.g12736.t1/Montipora_capitata_HIv3___RNAseq.g403.t1/Montipora_capitata_HIv3___RNAseq.g13857.t1/Montipora_capitata_HIv3___RNAseq.g24095.t1/Montipora_capitata_HIv3___RNAseq.g8971.t1/Montipora_capitata_HIv3___RNAseq.g36935.t1/Montipora_capitata_HIv3___RNAseq.g32149.t1/Montipora_capitata_HIv3___RNAseq.g42740.t1/Montipora_capitata_HIv3___RNAseq.g41333.t1/Montipora_capitata_HIv3___RNAseq.g15188.t1/Montipora_capitata_HIv3___RNAseq.g18929.t1/Montipora_capitata_HIv3___RNAseq.g8270.t1/Montipora_capitata_HIv3___RNAseq.g28116.t1/Montipora_capitata_HIv3___RNAseq.g15029.t1b/Montipora_capitata_HIv3___RNAseq.g39706.t2/Montipora_capitata_HIv3___RNAseq.g11658.t1/Montipora_capitata_HIv3___TS.g47745.t1/Montipora_capitata_HIv3___RNAseq.g20763.t1/Montipora_capitata_HIv3___TS.g46192.t3,0.9980232391306181,regulation of macromolecule metabolic process,BP
GO:0034220,monoatomic ion transmembrane transport,3/79,516/8363,0.8737351172394883,0.5979631217226019,3,516,Montipora_capitata_HIv3___RNAseq.g13129.t1/Montipora_capitata_HIv3___RNAseq.g668.t1/Montipora_capitata_HIv3___RNAseq.g14155.t1,0.9980232391306181,monoatomic ion transmembrane transport,BP
GO:0031399,regulation of protein modification process,7/79,1037/8363,0.8743788674174771,0.6847361437816171,7,1037,Montipora_capitata_HIv3___TS.g33283.t2/Montipora_capitata_HIv3___RNAseq.g6978.t1/Montipora_capitata_HIv3___RNAseq.g15043.t1/Montipora_capitata_HIv3___RNAseq.g24095.t1/Montipora_capitata_HIv3___RNAseq.g8971.t1/Montipora_capitata_HIv3___RNAseq.g42740.t1/Montipora_capitata_HIv3___RNAseq.g15029.t1b,0.9980232391306181,regulation of protein modification process,BP
GO:0006807,nitrogen compound metabolic process,39/79,4613/8363,0.8755344642474663,0.7908552782055189,39,4613,Montipora_capitata_HIv3___TS.g33283.t2/Montipora_capitata_HIv3___RNAseq.g6978.t1/Montipora_capitata_HIv3___RNAseq.g26525.t1/Montipora_capitata_HIv3___RNAseq.g15043.t1/Montipora_capitata_HIv3___TS.g44069.t1/Montipora_capitata_HIv3___RNAseq.g35299.t1/Montipora_capitata_HIv3___RNAseq.g34092.t1/Montipora_capitata_HIv3___RNAseq.g3374.t1/Montipora_capitata_HIv3___RNAseq.g42608.t1/Montipora_capitata_HIv3___RNAseq.g12736.t1/Montipora_capitata_HIv3___RNAseq.g403.t1/Montipora_capitata_HIv3___RNAseq.g44562.t1/Montipora_capitata_HIv3___RNAseq.g24095.t1/Montipora_capitata_HIv3___RNAseq.g18698.t1/Montipora_capitata_HIv3___RNAseq.g8971.t1/Montipora_capitata_HIv3___RNAseq.g20771.t1/Montipora_capitata_HIv3___RNAseq.g18395.t1/Montipora_capitata_HIv3___TS.g40519.t3/Montipora_capitata_HIv3___RNAseq.g20807.t2/Montipora_capitata_HIv3___RNAseq.g32149.t1/Montipora_capitata_HIv3___RNAseq.g42740.t1/Montipora_capitata_HIv3___RNAseq.g1174.t1/Montipora_capitata_HIv3___RNAseq.g23247.t1/Montipora_capitata_HIv3___RNAseq.g39974.t1/Montipora_capitata_HIv3___RNAseq.g15188.t1/Montipora_capitata_HIv3___RNAseq.g18929.t1/Montipora_capitata_HIv3___TS.g28908.t1/Montipora_capitata_HIv3___RNAseq.g43111.t1/Montipora_capitata_HIv3___RNAseq.g28116.t1/Montipora_capitata_HIv3___RNAseq.g44719.t1/Montipora_capitata_HIv3___RNAseq.g14625.t1/Montipora_capitata_HIv3___RNAseq.g14956.t1/Montipora_capitata_HIv3___RNAseq.g39706.t2/Montipora_capitata_HIv3___RNAseq.g11658.t1/Montipora_capitata_HIv3___RNAseq.g14488.t1/Montipora_capitata_HIv3___TS.g47745.t1/Montipora_capitata_HIv3___RNAseq.g37450.t2/Montipora_capitata_HIv3___RNAseq.g20763.t1/Montipora_capitata_HIv3___TS.g46192.t3,0.9980232391306181,nitrogen compound metabolic process,BP
GO:0042127,regulation of cell population proliferation,6/79,914/8363,0.8759985952353221,0.6677003285457646,6,914,Montipora_capitata_HIv3___TS.g33283.t2/Montipora_capitata_HIv3___RNAseq.g6978.t1/Montipora_capitata_HIv3___RNAseq.g8971.t1/Montipora_capitata_HIv3___RNAseq.g14488.t1/Montipora_capitata_HIv3___TS.g47745.t1/Montipora_capitata_HIv3___RNAseq.g20763.t1,0.9980232391306181,regulation of cell population proliferation,BP
GO:0035556,intracellular signal transduction,5/79,786/8363,0.8760329852393482,0.6491475714427521,5,786,Montipora_capitata_HIv3___TS.g33283.t2/Montipora_capitata_HIv3___RNAseq.g6978.t1/Montipora_capitata_HIv3___RNAseq.g34092.t1/Montipora_capitata_HIv3___RNAseq.g13129.t1/Montipora_capitata_HIv3___RNAseq.g8971.t1,0.9980232391306181,intracellular signal transduction,BP
GO:0006468,protein phosphorylation,3/79,519/8363,0.8762651368748053,0.5942567951450449,3,519,Montipora_capitata_HIv3___RNAseq.g6978.t1/Montipora_capitata_HIv3___RNAseq.g8971.t1/Montipora_capitata_HIv3___RNAseq.g28116.t1,0.9980232391306181,protein phosphorylation,BP
GO:0006357,regulation of transcription by RNA polymerase II,8/79,1165/8363,0.8771353791859748,0.6941001978399767,8,1165,Montipora_capitata_HIv3___TS.g33283.t2/Montipora_capitata_HIv3___RNAseq.g6978.t1/Montipora_capitata_HIv3___RNAseq.g26525.t1/Montipora_capitata_HIv3___RNAseq.g8971.t1/Montipora_capitata_HIv3___RNAseq.g41333.t1/Montipora_capitata_HIv3___RNAseq.g28116.t1/Montipora_capitata_HIv3___TS.g47745.t1/Montipora_capitata_HIv3___TS.g46192.t3,0.9980232391306181,regulation of transcription by RNA polymerase II,BP
GO:0044877,protein-containing complex binding,4/79,657/8363,0.8777917127452528,0.6233100225595491,4,657,Montipora_capitata_HIv3___RNAseq.g403.t1/Montipora_capitata_HIv3___RNAseq.g18698.t1/Montipora_capitata_HIv3___RNAseq.g8971.t1/Montipora_capitata_HIv3___TS.g47745.t1,0.9980232391306181,protein-containing complex binding,MF
GO:0051171,regulation of nitrogen compound metabolic process,22/79,2789/8363,0.8784765177977096,0.7695573734238011,22,2789,Montipora_capitata_HIv3___TS.g33283.t2/Montipora_capitata_HIv3___RNAseq.g6978.t1/Montipora_capitata_HIv3___RNAseq.g26525.t1/Montipora_capitata_HIv3___RNAseq.g15043.t1/Montipora_capitata_HIv3___RNAseq.g42608.t1/Montipora_capitata_HIv3___RNAseq.g12736.t1/Montipora_capitata_HIv3___RNAseq.g403.t1/Montipora_capitata_HIv3___RNAseq.g13857.t1/Montipora_capitata_HIv3___RNAseq.g24095.t1/Montipora_capitata_HIv3___RNAseq.g8971.t1/Montipora_capitata_HIv3___RNAseq.g36935.t1/Montipora_capitata_HIv3___RNAseq.g32149.t1/Montipora_capitata_HIv3___RNAseq.g42740.t1/Montipora_capitata_HIv3___RNAseq.g41333.t1/Montipora_capitata_HIv3___RNAseq.g15188.t1/Montipora_capitata_HIv3___RNAseq.g18929.t1/Montipora_capitata_HIv3___RNAseq.g28116.t1/Montipora_capitata_HIv3___RNAseq.g15029.t1b/Montipora_capitata_HIv3___RNAseq.g39706.t2/Montipora_capitata_HIv3___RNAseq.g14488.t1/Montipora_capitata_HIv3___TS.g47745.t1/Montipora_capitata_HIv3___TS.g46192.t3,0.9980232391306181,regulation of nitrogen compound metabolic process,BP
GO:0042803,protein homodimerization activity,4/79,661/8363,0.8807645895602481,0.61918988324276,4,661,Montipora_capitata_HIv3___RNAseq.g6978.t1/Montipora_capitata_HIv3___RNAseq.g34092.t1/Montipora_capitata_HIv3___RNAseq.g8971.t1/Montipora_capitata_HIv3___RNAseq.g37450.t2,0.9980232391306181,protein homodimerization activity,MF
GO:0007346,regulation of mitotic cell cycle,3/79,525/8363,0.8811931526871165,0.5869719138649007,3,525,Montipora_capitata_HIv3___RNAseq.g8971.t1/Montipora_capitata_HIv3___RNAseq.g32149.t1/Montipora_capitata_HIv3___RNAseq.g23247.t1,0.9980232391306181,regulation of mitotic cell cycle,BP
GO:0022857,transmembrane transporter activity,3/79,531/8363,0.8859490081651588,0.5798525556115154,3,531,Montipora_capitata_HIv3___RNAseq.g13129.t1/Montipora_capitata_HIv3___RNAseq.g668.t1/Montipora_capitata_HIv3___RNAseq.g14155.t1,0.9980232391306181,transmembrane transporter activity,MF
GO:1901135,carbohydrate derivative metabolic process,5/79,806/8363,0.8894882022606089,0.6312502411201197,5,806,Montipora_capitata_HIv3___TS.g44069.t1/Montipora_capitata_HIv3___RNAseq.g3374.t1/Montipora_capitata_HIv3___RNAseq.g15188.t1/Montipora_capitata_HIv3___RNAseq.g14956.t1/Montipora_capitata_HIv3___RNAseq.g20763.t1,0.9980232391306181,carbohydrate derivative metabolic process,BP
GO:0050793,regulation of developmental process,12/79,1670/8363,0.8897413660577731,0.7157997896874975,12,1670,Montipora_capitata_HIv3___RNAseq.g6978.t1/Montipora_capitata_HIv3___RNAseq.g8971.t1/Montipora_capitata_HIv3___RNAseq.g32149.t1/Montipora_capitata_HIv3___RNAseq.g24020.t1/Montipora_capitata_HIv3___RNAseq.g42740.t1/Montipora_capitata_HIv3___RNAseq.g23247.t1/Montipora_capitata_HIv3___RNAseq.g49962.t1/Montipora_capitata_HIv3___RNAseq.g28116.t1/Montipora_capitata_HIv3___RNAseq.g39706.t2/Montipora_capitata_HIv3___RNAseq.g14488.t1/Montipora_capitata_HIv3___RNAseq.g37450.t2/Montipora_capitata_HIv3___TS.g46192.t3,0.9980232391306181,regulation of developmental process,BP
GO:0031325,positive regulation of cellular metabolic process,13/79,1789/8363,0.8902717142182636,0.721809861360791,13,1789,Montipora_capitata_HIv3___TS.g33283.t2/Montipora_capitata_HIv3___RNAseq.g6978.t1/Montipora_capitata_HIv3___RNAseq.g26525.t1/Montipora_capitata_HIv3___RNAseq.g15043.t1/Montipora_capitata_HIv3___RNAseq.g403.t1/Montipora_capitata_HIv3___RNAseq.g24095.t1/Montipora_capitata_HIv3___RNAseq.g8971.t1/Montipora_capitata_HIv3___RNAseq.g36935.t1/Montipora_capitata_HIv3___RNAseq.g41333.t1/Montipora_capitata_HIv3___RNAseq.g18929.t1/Montipora_capitata_HIv3___RNAseq.g39706.t2/Montipora_capitata_HIv3___TS.g47745.t1/Montipora_capitata_HIv3___TS.g46192.t3,0.9980232391306181,positive regulation of cellular metabolic process,BP
GO:0044464,GO:0044464,71/79,7767/8363,0.8919639803589298,0.6781230234829744,71,7767,Montipora_capitata_HIv3___TS.g33283.t2/Montipora_capitata_HIv3___RNAseq.g6978.t1/Montipora_capitata_HIv3___RNAseq.g36845.t1/Montipora_capitata_HIv3___RNAseq.g2559.t1a/Montipora_capitata_HIv3___RNAseq.g26525.t1/Montipora_capitata_HIv3___RNAseq.g15043.t1/Montipora_capitata_HIv3___TS.g44069.t1/Montipora_capitata_HIv3___RNAseq.g35299.t1/Montipora_capitata_HIv3___RNAseq.g12807.t1/Montipora_capitata_HIv3___RNAseq.g34092.t1/Montipora_capitata_HIv3___RNAseq.g44519.t1/Montipora_capitata_HIv3___RNAseq.g50691.t1/Montipora_capitata_HIv3___RNAseq.g3374.t1/Montipora_capitata_HIv3___RNAseq.g13129.t1/Montipora_capitata_HIv3___RNAseq.g42608.t1/Montipora_capitata_HIv3___RNAseq.g39887.t1/Montipora_capitata_HIv3___RNAseq.g12736.t1/Montipora_capitata_HIv3___RNAseq.g44539.t1/Montipora_capitata_HIv3___RNAseq.g403.t1/Montipora_capitata_HIv3___RNAseq.g24524.t1/Montipora_capitata_HIv3___RNAseq.g13857.t1/Montipora_capitata_HIv3___RNAseq.g668.t1/Montipora_capitata_HIv3___RNAseq.g24095.t1/Montipora_capitata_HIv3___RNAseq.g12548.t1/Montipora_capitata_HIv3___RNAseq.g18698.t1/Montipora_capitata_HIv3___RNAseq.g8971.t1/Montipora_capitata_HIv3___RNAseq.g20771.t1/Montipora_capitata_HIv3___RNAseq.g41416.t2a/Montipora_capitata_HIv3___RNAseq.g18395.t1/Montipora_capitata_HIv3___TS.g40519.t3/Montipora_capitata_HIv3___RNAseq.g20807.t2/Montipora_capitata_HIv3___RNAseq.g36935.t1/Montipora_capitata_HIv3___TS.g5653.t1/Montipora_capitata_HIv3___RNAseq.g9338.t1/Montipora_capitata_HIv3___TS.g6904.t1/Montipora_capitata_HIv3___RNAseq.g14155.t1/Montipora_capitata_HIv3___RNAseq.g32149.t1/Montipora_capitata_HIv3___RNAseq.g30434.t1/Montipora_capitata_HIv3___RNAseq.g40284.t1/Montipora_capitata_HIv3___RNAseq.g42740.t1/Montipora_capitata_HIv3___RNAseq.g41333.t1/Montipora_capitata_HIv3___RNAseq.g22408.t1/Montipora_capitata_HIv3___RNAseq.g1174.t1/Montipora_capitata_HIv3___RNAseq.g23247.t1/Montipora_capitata_HIv3___RNAseq.g39974.t1/Montipora_capitata_HIv3___RNAseq.g15188.t1/Montipora_capitata_HIv3___RNAseq.g49962.t1/Montipora_capitata_HIv3___RNAseq.g18929.t1/Montipora_capitata_HIv3___TS.g50674.t1/Montipora_capitata_HIv3___RNAseq.g8270.t1/Montipora_capitata_HIv3___TS.g28908.t1/Montipora_capitata_HIv3___RNAseq.g43111.t1/Montipora_capitata_HIv3___RNAseq.g28116.t1/Montipora_capitata_HIv3___RNAseq.g15029.t1b/Montipora_capitata_HIv3___TS.g21895.t1/Montipora_capitata_HIv3___RNAseq.g44719.t1/Montipora_capitata_HIv3___RNAseq.g9087.t1/Montipora_capitata_HIv3___RNAseq.g14625.t1/Montipora_capitata_HIv3___RNAseq.g15140.t1/Montipora_capitata_HIv3___RNAseq.g14956.t1/Montipora_capitata_HIv3___RNAseq.g39706.t2/Montipora_capitata_HIv3___RNAseq.g12947.t1/Montipora_capitata_HIv3___RNAseq.g22853.t1/Montipora_capitata_HIv3___TS.g32614.t2/Montipora_capitata_HIv3___RNAseq.g11658.t1/Montipora_capitata_HIv3___RNAseq.g14488.t1/Montipora_capitata_HIv3___TS.g47745.t1/Montipora_capitata_HIv3___RNAseq.g37450.t2/Montipora_capitata_HIv3___RNAseq.g20763.t1/Montipora_capitata_HIv3___TS.g20607.t1/Montipora_capitata_HIv3___TS.g46192.t3,0.9980232391306181,NA,NA
GO:0046483,heterocycle metabolic process,18/79,2371/8363,0.892366969724008,0.7438320913940141,18,2371,Montipora_capitata_HIv3___RNAseq.g36845.t1/Montipora_capitata_HIv3___RNAseq.g26525.t1/Montipora_capitata_HIv3___RNAseq.g34092.t1/Montipora_capitata_HIv3___RNAseq.g42608.t1/Montipora_capitata_HIv3___RNAseq.g12736.t1/Montipora_capitata_HIv3___RNAseq.g403.t1/Montipora_capitata_HIv3___RNAseq.g18395.t1/Montipora_capitata_HIv3___TS.g40519.t3/Montipora_capitata_HIv3___TS.g6904.t1/Montipora_capitata_HIv3___RNAseq.g42740.t1/Montipora_capitata_HIv3___RNAseq.g18929.t1/Montipora_capitata_HIv3___TS.g28908.t1/Montipora_capitata_HIv3___RNAseq.g14956.t1/Montipora_capitata_HIv3___RNAseq.g11658.t1/Montipora_capitata_HIv3___TS.g47745.t1/Montipora_capitata_HIv3___RNAseq.g37450.t2/Montipora_capitata_HIv3___RNAseq.g20763.t1/Montipora_capitata_HIv3___TS.g46192.t3,0.9980232391306181,heterocycle metabolic process,BP
GO:0003723,RNA binding,4/79,679/8363,0.8933930512299323,0.6012532570508824,4,679,Montipora_capitata_HIv3___RNAseq.g42608.t1/Montipora_capitata_HIv3___RNAseq.g18395.t1/Montipora_capitata_HIv3___RNAseq.g43111.t1/Montipora_capitata_HIv3___TS.g47745.t1,0.9980232391306181,RNA binding,MF
GO:0010646,regulation of cell communication,14/79,1915/8363,0.8943936288539096,0.723231902494687,14,1915,Montipora_capitata_HIv3___TS.g33283.t2/Montipora_capitata_HIv3___RNAseq.g6978.t1/Montipora_capitata_HIv3___RNAseq.g2559.t1a/Montipora_capitata_HIv3___RNAseq.g34092.t1/Montipora_capitata_HIv3___RNAseq.g3374.t1/Montipora_capitata_HIv3___RNAseq.g668.t1/Montipora_capitata_HIv3___RNAseq.g24095.t1/Montipora_capitata_HIv3___RNAseq.g8971.t1/Montipora_capitata_HIv3___RNAseq.g32149.t1/Montipora_capitata_HIv3___RNAseq.g15188.t1/Montipora_capitata_HIv3___RNAseq.g39706.t2/Montipora_capitata_HIv3___RNAseq.g22853.t1/Montipora_capitata_HIv3___RNAseq.g14488.t1/Montipora_capitata_HIv3___TS.g46192.t3,0.9980232391306181,regulation of cell communication,BP
GO:0005623,GO:0005623,71/79,7770/8363,0.8944453047743992,0.6744010673873819,71,7770,Montipora_capitata_HIv3___TS.g33283.t2/Montipora_capitata_HIv3___RNAseq.g6978.t1/Montipora_capitata_HIv3___RNAseq.g36845.t1/Montipora_capitata_HIv3___RNAseq.g2559.t1a/Montipora_capitata_HIv3___RNAseq.g26525.t1/Montipora_capitata_HIv3___RNAseq.g15043.t1/Montipora_capitata_HIv3___TS.g44069.t1/Montipora_capitata_HIv3___RNAseq.g35299.t1/Montipora_capitata_HIv3___RNAseq.g12807.t1/Montipora_capitata_HIv3___RNAseq.g34092.t1/Montipora_capitata_HIv3___RNAseq.g44519.t1/Montipora_capitata_HIv3___RNAseq.g50691.t1/Montipora_capitata_HIv3___RNAseq.g3374.t1/Montipora_capitata_HIv3___RNAseq.g13129.t1/Montipora_capitata_HIv3___RNAseq.g42608.t1/Montipora_capitata_HIv3___RNAseq.g39887.t1/Montipora_capitata_HIv3___RNAseq.g12736.t1/Montipora_capitata_HIv3___RNAseq.g44539.t1/Montipora_capitata_HIv3___RNAseq.g403.t1/Montipora_capitata_HIv3___RNAseq.g24524.t1/Montipora_capitata_HIv3___RNAseq.g13857.t1/Montipora_capitata_HIv3___RNAseq.g668.t1/Montipora_capitata_HIv3___RNAseq.g24095.t1/Montipora_capitata_HIv3___RNAseq.g12548.t1/Montipora_capitata_HIv3___RNAseq.g18698.t1/Montipora_capitata_HIv3___RNAseq.g8971.t1/Montipora_capitata_HIv3___RNAseq.g20771.t1/Montipora_capitata_HIv3___RNAseq.g41416.t2a/Montipora_capitata_HIv3___RNAseq.g18395.t1/Montipora_capitata_HIv3___TS.g40519.t3/Montipora_capitata_HIv3___RNAseq.g20807.t2/Montipora_capitata_HIv3___RNAseq.g36935.t1/Montipora_capitata_HIv3___TS.g5653.t1/Montipora_capitata_HIv3___RNAseq.g9338.t1/Montipora_capitata_HIv3___TS.g6904.t1/Montipora_capitata_HIv3___RNAseq.g14155.t1/Montipora_capitata_HIv3___RNAseq.g32149.t1/Montipora_capitata_HIv3___RNAseq.g30434.t1/Montipora_capitata_HIv3___RNAseq.g40284.t1/Montipora_capitata_HIv3___RNAseq.g42740.t1/Montipora_capitata_HIv3___RNAseq.g41333.t1/Montipora_capitata_HIv3___RNAseq.g22408.t1/Montipora_capitata_HIv3___RNAseq.g1174.t1/Montipora_capitata_HIv3___RNAseq.g23247.t1/Montipora_capitata_HIv3___RNAseq.g39974.t1/Montipora_capitata_HIv3___RNAseq.g15188.t1/Montipora_capitata_HIv3___RNAseq.g49962.t1/Montipora_capitata_HIv3___RNAseq.g18929.t1/Montipora_capitata_HIv3___TS.g50674.t1/Montipora_capitata_HIv3___RNAseq.g8270.t1/Montipora_capitata_HIv3___TS.g28908.t1/Montipora_capitata_HIv3___RNAseq.g43111.t1/Montipora_capitata_HIv3___RNAseq.g28116.t1/Montipora_capitata_HIv3___RNAseq.g15029.t1b/Montipora_capitata_HIv3___TS.g21895.t1/Montipora_capitata_HIv3___RNAseq.g44719.t1/Montipora_capitata_HIv3___RNAseq.g9087.t1/Montipora_capitata_HIv3___RNAseq.g14625.t1/Montipora_capitata_HIv3___RNAseq.g15140.t1/Montipora_capitata_HIv3___RNAseq.g14956.t1/Montipora_capitata_HIv3___RNAseq.g39706.t2/Montipora_capitata_HIv3___RNAseq.g12947.t1/Montipora_capitata_HIv3___RNAseq.g22853.t1/Montipora_capitata_HIv3___TS.g32614.t2/Montipora_capitata_HIv3___RNAseq.g11658.t1/Montipora_capitata_HIv3___RNAseq.g14488.t1/Montipora_capitata_HIv3___TS.g47745.t1/Montipora_capitata_HIv3___RNAseq.g37450.t2/Montipora_capitata_HIv3___RNAseq.g20763.t1/Montipora_capitata_HIv3___TS.g20607.t1/Montipora_capitata_HIv3___TS.g46192.t3,0.9980232391306181,NA,NA
GO:0009968,negative regulation of signal transduction,5/79,814/8363,0.8945164310878843,0.624340359966991,5,814,Montipora_capitata_HIv3___RNAseq.g34092.t1/Montipora_capitata_HIv3___RNAseq.g8971.t1/Montipora_capitata_HIv3___RNAseq.g32149.t1/Montipora_capitata_HIv3___RNAseq.g15188.t1/Montipora_capitata_HIv3___RNAseq.g14488.t1,0.9980232391306181,negative regulation of signal transduction,BP
GO:0051129,negative regulation of cellular component organization,3/79,543/8363,0.8949626731630991,0.5660883400844372,3,543,Montipora_capitata_HIv3___RNAseq.g6978.t1/Montipora_capitata_HIv3___RNAseq.g42608.t1/Montipora_capitata_HIv3___RNAseq.g8971.t1,0.9980232391306181,negative regulation of cellular component organization,BP
GO:0010629,negative regulation of gene expression,7/79,1072/8363,0.8951502143182367,0.6590402932445153,7,1072,Montipora_capitata_HIv3___RNAseq.g42608.t1/Montipora_capitata_HIv3___RNAseq.g8971.t1/Montipora_capitata_HIv3___RNAseq.g18929.t1/Montipora_capitata_HIv3___RNAseq.g8270.t1/Montipora_capitata_HIv3___RNAseq.g39706.t2/Montipora_capitata_HIv3___RNAseq.g11658.t1/Montipora_capitata_HIv3___TS.g47745.t1,0.9980232391306181,negative regulation of gene expression,BP
GO:0044429,GO:0044429,4/79,682/8363,0.8953822752970275,0.5983563674500241,4,682,Montipora_capitata_HIv3___RNAseq.g24095.t1/Montipora_capitata_HIv3___RNAseq.g1174.t1/Montipora_capitata_HIv3___RNAseq.g9087.t1/Montipora_capitata_HIv3___RNAseq.g14488.t1,0.9980232391306181,NA,NA
GO:0042221,response to chemical,18/79,2379/8363,0.8957604168257127,0.7403132924543389,18,2379,Montipora_capitata_HIv3___TS.g33283.t2/Montipora_capitata_HIv3___RNAseq.g6978.t1/Montipora_capitata_HIv3___RNAseq.g15043.t1/Montipora_capitata_HIv3___RNAseq.g34092.t1/Montipora_capitata_HIv3___RNAseq.g44519.t1/Montipora_capitata_HIv3___RNAseq.g50691.t1/Montipora_capitata_HIv3___RNAseq.g8971.t1/Montipora_capitata_HIv3___RNAseq.g14155.t1/Montipora_capitata_HIv3___RNAseq.g24020.t1/Montipora_capitata_HIv3___RNAseq.g1174.t1/Montipora_capitata_HIv3___RNAseq.g39974.t1/Montipora_capitata_HIv3___RNAseq.g15188.t1/Montipora_capitata_HIv3___RNAseq.g39706.t2/Montipora_capitata_HIv3___RNAseq.g11658.t1/Montipora_capitata_HIv3___RNAseq.g14488.t1/Montipora_capitata_HIv3___TS.g47745.t1/Montipora_capitata_HIv3___RNAseq.g37450.t2/Montipora_capitata_HIv3___TS.g46192.t3,0.9980232391306181,response to chemical,BP
GO:0098588,bounding membrane of organelle,7/79,1074/8363,0.8962466667707776,0.6576228729581244,7,1074,Montipora_capitata_HIv3___RNAseq.g6978.t1/Montipora_capitata_HIv3___RNAseq.g3374.t1/Montipora_capitata_HIv3___RNAseq.g14155.t1/Montipora_capitata_HIv3___RNAseq.g1174.t1/Montipora_capitata_HIv3___RNAseq.g39706.t2/Montipora_capitata_HIv3___RNAseq.g14488.t1/Montipora_capitata_HIv3___TS.g20607.t1,0.9980232391306181,bounding membrane of organelle,CC
GO:0042325,regulation of phosphorylation,5/79,818/8363,0.896957370908813,0.6209364112224868,5,818,Montipora_capitata_HIv3___TS.g33283.t2/Montipora_capitata_HIv3___RNAseq.g6978.t1/Montipora_capitata_HIv3___RNAseq.g24095.t1/Montipora_capitata_HIv3___RNAseq.g8971.t1/Montipora_capitata_HIv3___RNAseq.g15029.t1b,0.9980232391306181,regulation of phosphorylation,BP
GO:0005737,cytoplasm,54/79,6192/8363,0.8990480568166919,0.755217701792176,54,6192,Montipora_capitata_HIv3___TS.g33283.t2/Montipora_capitata_HIv3___RNAseq.g6978.t1/Montipora_capitata_HIv3___RNAseq.g36845.t1/Montipora_capitata_HIv3___RNAseq.g26525.t1/Montipora_capitata_HIv3___RNAseq.g15043.t1/Montipora_capitata_HIv3___TS.g44069.t1/Montipora_capitata_HIv3___RNAseq.g35299.t1/Montipora_capitata_HIv3___RNAseq.g34092.t1/Montipora_capitata_HIv3___RNAseq.g44519.t1/Montipora_capitata_HIv3___RNAseq.g50691.t1/Montipora_capitata_HIv3___RNAseq.g3374.t1/Montipora_capitata_HIv3___RNAseq.g42608.t1/Montipora_capitata_HIv3___RNAseq.g39887.t1/Montipora_capitata_HIv3___RNAseq.g12736.t1/Montipora_capitata_HIv3___RNAseq.g44539.t1/Montipora_capitata_HIv3___RNAseq.g403.t1/Montipora_capitata_HIv3___RNAseq.g24524.t1/Montipora_capitata_HIv3___RNAseq.g13857.t1/Montipora_capitata_HIv3___RNAseq.g24095.t1/Montipora_capitata_HIv3___RNAseq.g18698.t1/Montipora_capitata_HIv3___RNAseq.g8971.t1/Montipora_capitata_HIv3___RNAseq.g41416.t2a/Montipora_capitata_HIv3___RNAseq.g20807.t2/Montipora_capitata_HIv3___TS.g5653.t1/Montipora_capitata_HIv3___TS.g6904.t1/Montipora_capitata_HIv3___RNAseq.g14155.t1/Montipora_capitata_HIv3___RNAseq.g30434.t1/Montipora_capitata_HIv3___RNAseq.g42740.t1/Montipora_capitata_HIv3___RNAseq.g41333.t1/Montipora_capitata_HIv3___RNAseq.g22408.t1/Montipora_capitata_HIv3___RNAseq.g1174.t1/Montipora_capitata_HIv3___RNAseq.g23247.t1/Montipora_capitata_HIv3___RNAseq.g39974.t1/Montipora_capitata_HIv3___RNAseq.g15188.t1/Montipora_capitata_HIv3___RNAseq.g49962.t1/Montipora_capitata_HIv3___RNAseq.g18929.t1/Montipora_capitata_HIv3___TS.g50674.t1/Montipora_capitata_HIv3___RNAseq.g43111.t1/Montipora_capitata_HIv3___RNAseq.g15029.t1b/Montipora_capitata_HIv3___TS.g21895.t1/Montipora_capitata_HIv3___RNAseq.g44719.t1/Montipora_capitata_HIv3___RNAseq.g9087.t1/Montipora_capitata_HIv3___RNAseq.g14625.t1/Montipora_capitata_HIv3___RNAseq.g14956.t1/Montipora_capitata_HIv3___RNAseq.g39706.t2/Montipora_capitata_HIv3___RNAseq.g22853.t1/Montipora_capitata_HIv3___TS.g32614.t2/Montipora_capitata_HIv3___RNAseq.g11658.t1/Montipora_capitata_HIv3___RNAseq.g14488.t1/Montipora_capitata_HIv3___TS.g47745.t1/Montipora_capitata_HIv3___RNAseq.g37450.t2/Montipora_capitata_HIv3___RNAseq.g20763.t1/Montipora_capitata_HIv3___TS.g20607.t1/Montipora_capitata_HIv3___TS.g46192.t3,0.9980232391306181,cytoplasm,CC
GO:0005575,cellular_component,73/79,7943/8363,0.8990940811281873,0.6400753477368525,73,7943,Montipora_capitata_HIv3___TS.g33283.t2/Montipora_capitata_HIv3___RNAseq.g6978.t1/Montipora_capitata_HIv3___RNAseq.g36845.t1/Montipora_capitata_HIv3___RNAseq.g2559.t1a/Montipora_capitata_HIv3___RNAseq.g26525.t1/Montipora_capitata_HIv3___RNAseq.g15043.t1/Montipora_capitata_HIv3___TS.g44069.t1/Montipora_capitata_HIv3___RNAseq.g35299.t1/Montipora_capitata_HIv3___RNAseq.g14946.t1/Montipora_capitata_HIv3___RNAseq.g12807.t1/Montipora_capitata_HIv3___RNAseq.g34092.t1/Montipora_capitata_HIv3___RNAseq.g44519.t1/Montipora_capitata_HIv3___RNAseq.g50691.t1/Montipora_capitata_HIv3___RNAseq.g3374.t1/Montipora_capitata_HIv3___RNAseq.g13129.t1/Montipora_capitata_HIv3___RNAseq.g42608.t1/Montipora_capitata_HIv3___RNAseq.g39887.t1/Montipora_capitata_HIv3___RNAseq.g12736.t1/Montipora_capitata_HIv3___RNAseq.g44539.t1/Montipora_capitata_HIv3___RNAseq.g403.t1/Montipora_capitata_HIv3___RNAseq.g24524.t1/Montipora_capitata_HIv3___RNAseq.g13857.t1/Montipora_capitata_HIv3___RNAseq.g668.t1/Montipora_capitata_HIv3___RNAseq.g24095.t1/Montipora_capitata_HIv3___RNAseq.g12548.t1/Montipora_capitata_HIv3___RNAseq.g18698.t1/Montipora_capitata_HIv3___RNAseq.g8971.t1/Montipora_capitata_HIv3___RNAseq.g20771.t1/Montipora_capitata_HIv3___RNAseq.g41416.t2a/Montipora_capitata_HIv3___RNAseq.g18395.t1/Montipora_capitata_HIv3___TS.g40519.t3/Montipora_capitata_HIv3___RNAseq.g20807.t2/Montipora_capitata_HIv3___RNAseq.g36935.t1/Montipora_capitata_HIv3___TS.g5653.t1/Montipora_capitata_HIv3___RNAseq.g9338.t1/Montipora_capitata_HIv3___TS.g6904.t1/Montipora_capitata_HIv3___RNAseq.g14155.t1/Montipora_capitata_HIv3___RNAseq.g32149.t1/Montipora_capitata_HIv3___RNAseq.g30434.t1/Montipora_capitata_HIv3___RNAseq.g40284.t1/Montipora_capitata_HIv3___RNAseq.g42740.t1/Montipora_capitata_HIv3___RNAseq.g41333.t1/Montipora_capitata_HIv3___RNAseq.g22408.t1/Montipora_capitata_HIv3___RNAseq.g1174.t1/Montipora_capitata_HIv3___RNAseq.g23247.t1/Montipora_capitata_HIv3___RNAseq.g39974.t1/Montipora_capitata_HIv3___RNAseq.g15188.t1/Montipora_capitata_HIv3___RNAseq.g49962.t1/Montipora_capitata_HIv3___RNAseq.g18929.t1/Montipora_capitata_HIv3___TS.g50674.t1/Montipora_capitata_HIv3___RNAseq.g8270.t1/Montipora_capitata_HIv3___TS.g28908.t1/Montipora_capitata_HIv3___RNAseq.g43111.t1/Montipora_capitata_HIv3___RNAseq.g28116.t1/Montipora_capitata_HIv3___RNAseq.g15029.t1b/Montipora_capitata_HIv3___TS.g21895.t1/Montipora_capitata_HIv3___RNAseq.g44719.t1/Montipora_capitata_HIv3___RNAseq.g9087.t1/Montipora_capitata_HIv3___RNAseq.g14625.t1/Montipora_capitata_HIv3___RNAseq.g15140.t1/Montipora_capitata_HIv3___RNAseq.g14956.t1/Montipora_capitata_HIv3___RNAseq.g39706.t2/Montipora_capitata_HIv3___RNAseq.g12947.t1/Montipora_capitata_HIv3___RNAseq.g22853.t1/Montipora_capitata_HIv3___TS.g32614.t2/Montipora_capitata_HIv3___RNAseq.g11658.t1/Montipora_capitata_HIv3___RNAseq.g14488.t1/Montipora_capitata_HIv3___TS.g47745.t1/Montipora_capitata_HIv3___RNAseq.g37450.t2/Montipora_capitata_HIv3___RNAseq.g20763.t1/Montipora_capitata_HIv3___TS.g20607.t1/Montipora_capitata_HIv3___TS.g46192.t3/Montipora_capitata_HIv3___RNAseq.g50276.t1,0.9980232391306181,cellular_component,CC
GO:0016020,membrane,27/79,3391/8363,0.8996070802133181,0.7594228088476686,27,3391,Montipora_capitata_HIv3___RNAseq.g6978.t1/Montipora_capitata_HIv3___RNAseq.g36845.t1/Montipora_capitata_HIv3___TS.g44069.t1/Montipora_capitata_HIv3___RNAseq.g12807.t1/Montipora_capitata_HIv3___RNAseq.g34092.t1/Montipora_capitata_HIv3___RNAseq.g50691.t1/Montipora_capitata_HIv3___RNAseq.g3374.t1/Montipora_capitata_HIv3___RNAseq.g13129.t1/Montipora_capitata_HIv3___RNAseq.g13857.t1/Montipora_capitata_HIv3___RNAseq.g668.t1/Montipora_capitata_HIv3___RNAseq.g24095.t1/Montipora_capitata_HIv3___RNAseq.g8971.t1/Montipora_capitata_HIv3___RNAseq.g20771.t1/Montipora_capitata_HIv3___RNAseq.g41416.t2a/Montipora_capitata_HIv3___RNAseq.g20807.t2/Montipora_capitata_HIv3___TS.g6904.t1/Montipora_capitata_HIv3___RNAseq.g14155.t1/Montipora_capitata_HIv3___RNAseq.g42740.t1/Montipora_capitata_HIv3___RNAseq.g1174.t1/Montipora_capitata_HIv3___RNAseq.g39974.t1/Montipora_capitata_HIv3___RNAseq.g15188.t1/Montipora_capitata_HIv3___RNAseq.g28116.t1/Montipora_capitata_HIv3___TS.g21895.t1/Montipora_capitata_HIv3___RNAseq.g39706.t2/Montipora_capitata_HIv3___RNAseq.g14488.t1/Montipora_capitata_HIv3___TS.g20607.t1/Montipora_capitata_HIv3___RNAseq.g50276.t1,0.9980232391306181,membrane,CC
GO:0005783,endoplasmic reticulum,7/79,1081/8363,0.9000102354251032,0.6527034720796723,7,1081,Montipora_capitata_HIv3___RNAseq.g50691.t1/Montipora_capitata_HIv3___RNAseq.g12736.t1/Montipora_capitata_HIv3___RNAseq.g44539.t1/Montipora_capitata_HIv3___RNAseq.g8971.t1/Montipora_capitata_HIv3___RNAseq.g39974.t1/Montipora_capitata_HIv3___RNAseq.g15188.t1/Montipora_capitata_HIv3___RNAseq.g39706.t2,0.9980232391306181,endoplasmic reticulum,CC
GO:0023051,regulation of signaling,14/79,1931/8363,0.9014132492667893,0.7153995235367868,14,1931,Montipora_capitata_HIv3___TS.g33283.t2/Montipora_capitata_HIv3___RNAseq.g6978.t1/Montipora_capitata_HIv3___RNAseq.g2559.t1a/Montipora_capitata_HIv3___RNAseq.g34092.t1/Montipora_capitata_HIv3___RNAseq.g3374.t1/Montipora_capitata_HIv3___RNAseq.g668.t1/Montipora_capitata_HIv3___RNAseq.g24095.t1/Montipora_capitata_HIv3___RNAseq.g8971.t1/Montipora_capitata_HIv3___RNAseq.g32149.t1/Montipora_capitata_HIv3___RNAseq.g15188.t1/Montipora_capitata_HIv3___RNAseq.g39706.t2/Montipora_capitata_HIv3___RNAseq.g22853.t1/Montipora_capitata_HIv3___RNAseq.g14488.t1/Montipora_capitata_HIv3___TS.g46192.t3,0.9980232391306181,regulation of signaling,BP
GO:0071495,cellular response to endogenous stimulus,4/79,693/8363,0.9024053121707662,0.5879501613160119,4,693,Montipora_capitata_HIv3___TS.g33283.t2/Montipora_capitata_HIv3___RNAseq.g8971.t1/Montipora_capitata_HIv3___RNAseq.g39706.t2/Montipora_capitata_HIv3___RNAseq.g14488.t1,0.9980232391306181,cellular response to endogenous stimulus,BP
GO:0044463,GO:0044463,6/79,958/8363,0.9025191208086862,0.6330443508746969,6,958,Montipora_capitata_HIv3___RNAseq.g2559.t1a/Montipora_capitata_HIv3___RNAseq.g12807.t1/Montipora_capitata_HIv3___RNAseq.g20807.t2/Montipora_capitata_HIv3___TS.g5653.t1/Montipora_capitata_HIv3___RNAseq.g12947.t1/Montipora_capitata_HIv3___TS.g46192.t3,0.9980232391306181,NA,NA
GO:0120038,GO:0120038,6/79,958/8363,0.9025191208086862,0.6330443508746969,6,958,Montipora_capitata_HIv3___RNAseq.g2559.t1a/Montipora_capitata_HIv3___RNAseq.g12807.t1/Montipora_capitata_HIv3___RNAseq.g20807.t2/Montipora_capitata_HIv3___TS.g5653.t1/Montipora_capitata_HIv3___RNAseq.g12947.t1/Montipora_capitata_HIv3___TS.g46192.t3,0.9980232391306181,NA,NA
GO:0009893,positive regulation of metabolic process,14/79,1943/8363,0.906433318387948,0.7096105476782169,14,1943,Montipora_capitata_HIv3___TS.g33283.t2/Montipora_capitata_HIv3___RNAseq.g6978.t1/Montipora_capitata_HIv3___RNAseq.g26525.t1/Montipora_capitata_HIv3___RNAseq.g15043.t1/Montipora_capitata_HIv3___RNAseq.g403.t1/Montipora_capitata_HIv3___RNAseq.g24095.t1/Montipora_capitata_HIv3___RNAseq.g8971.t1/Montipora_capitata_HIv3___RNAseq.g36935.t1/Montipora_capitata_HIv3___RNAseq.g42740.t1/Montipora_capitata_HIv3___RNAseq.g41333.t1/Montipora_capitata_HIv3___RNAseq.g18929.t1/Montipora_capitata_HIv3___RNAseq.g39706.t2/Montipora_capitata_HIv3___TS.g47745.t1/Montipora_capitata_HIv3___TS.g46192.t3,0.9980232391306181,positive regulation of metabolic process,BP
GO:0051128,regulation of cellular component organization,12/79,1711/8363,0.9083099918714332,0.6942074604826816,12,1711,Montipora_capitata_HIv3___RNAseq.g6978.t1/Montipora_capitata_HIv3___RNAseq.g42608.t1/Montipora_capitata_HIv3___RNAseq.g24095.t1/Montipora_capitata_HIv3___RNAseq.g18698.t1/Montipora_capitata_HIv3___RNAseq.g8971.t1/Montipora_capitata_HIv3___RNAseq.g24020.t1/Montipora_capitata_HIv3___RNAseq.g23247.t1/Montipora_capitata_HIv3___RNAseq.g49962.t1/Montipora_capitata_HIv3___RNAseq.g15029.t1b/Montipora_capitata_HIv3___RNAseq.g39706.t2/Montipora_capitata_HIv3___TS.g47745.t1/Montipora_capitata_HIv3___TS.g20607.t1,0.9980232391306181,regulation of cellular component organization,BP
GO:0050896,response to stimulus,33/79,4064/8363,0.9089095341309077,0.7569272486144912,33,4064,Montipora_capitata_HIv3___TS.g33283.t2/Montipora_capitata_HIv3___RNAseq.g6978.t1/Montipora_capitata_HIv3___RNAseq.g26525.t1/Montipora_capitata_HIv3___RNAseq.g15043.t1/Montipora_capitata_HIv3___RNAseq.g34092.t1/Montipora_capitata_HIv3___RNAseq.g44519.t1/Montipora_capitata_HIv3___RNAseq.g50691.t1/Montipora_capitata_HIv3___RNAseq.g3374.t1/Montipora_capitata_HIv3___RNAseq.g13129.t1/Montipora_capitata_HIv3___RNAseq.g42608.t1/Montipora_capitata_HIv3___RNAseq.g668.t1/Montipora_capitata_HIv3___RNAseq.g24095.t1/Montipora_capitata_HIv3___RNAseq.g18698.t1/Montipora_capitata_HIv3___RNAseq.g8971.t1/Montipora_capitata_HIv3___TS.g40519.t3/Montipora_capitata_HIv3___RNAseq.g14155.t1/Montipora_capitata_HIv3___RNAseq.g32149.t1/Montipora_capitata_HIv3___RNAseq.g24020.t1/Montipora_capitata_HIv3___RNAseq.g42740.t1/Montipora_capitata_HIv3___RNAseq.g1174.t1/Montipora_capitata_HIv3___RNAseq.g39974.t1/Montipora_capitata_HIv3___RNAseq.g15188.t1/Montipora_capitata_HIv3___RNAseq.g18929.t1/Montipora_capitata_HIv3___RNAseq.g28116.t1/Montipora_capitata_HIv3___RNAseq.g15140.t1/Montipora_capitata_HIv3___RNAseq.g39706.t2/Montipora_capitata_HIv3___RNAseq.g26867.t1/Montipora_capitata_HIv3___RNAseq.g12947.t1/Montipora_capitata_HIv3___RNAseq.g11658.t1/Montipora_capitata_HIv3___RNAseq.g14488.t1/Montipora_capitata_HIv3___TS.g47745.t1/Montipora_capitata_HIv3___RNAseq.g37450.t2/Montipora_capitata_HIv3___TS.g46192.t3,0.9980232391306181,response to stimulus,BP
GO:0044237,cellular metabolic process,42/79,5012/8363,0.9104592574003585,0.7569462625579879,42,5012,Montipora_capitata_HIv3___TS.g33283.t2/Montipora_capitata_HIv3___RNAseq.g6978.t1/Montipora_capitata_HIv3___RNAseq.g36845.t1/Montipora_capitata_HIv3___RNAseq.g26525.t1/Montipora_capitata_HIv3___RNAseq.g15043.t1/Montipora_capitata_HIv3___TS.g44069.t1/Montipora_capitata_HIv3___RNAseq.g35299.t1/Montipora_capitata_HIv3___RNAseq.g34092.t1/Montipora_capitata_HIv3___RNAseq.g44519.t1/Montipora_capitata_HIv3___RNAseq.g3374.t1/Montipora_capitata_HIv3___RNAseq.g42608.t1/Montipora_capitata_HIv3___RNAseq.g12736.t1/Montipora_capitata_HIv3___RNAseq.g403.t1/Montipora_capitata_HIv3___RNAseq.g668.t1/Montipora_capitata_HIv3___RNAseq.g44562.t1/Montipora_capitata_HIv3___RNAseq.g24095.t1/Montipora_capitata_HIv3___RNAseq.g8971.t1/Montipora_capitata_HIv3___RNAseq.g20771.t1/Montipora_capitata_HIv3___RNAseq.g18395.t1/Montipora_capitata_HIv3___TS.g40519.t3/Montipora_capitata_HIv3___TS.g6904.t1/Montipora_capitata_HIv3___RNAseq.g32149.t1/Montipora_capitata_HIv3___RNAseq.g42740.t1/Montipora_capitata_HIv3___RNAseq.g1174.t1/Montipora_capitata_HIv3___RNAseq.g23247.t1/Montipora_capitata_HIv3___RNAseq.g39974.t1/Montipora_capitata_HIv3___RNAseq.g15188.t1/Montipora_capitata_HIv3___RNAseq.g18929.t1/Montipora_capitata_HIv3___TS.g50674.t1/Montipora_capitata_HIv3___TS.g28908.t1/Montipora_capitata_HIv3___RNAseq.g43111.t1/Montipora_capitata_HIv3___RNAseq.g28116.t1/Montipora_capitata_HIv3___RNAseq.g44719.t1/Montipora_capitata_HIv3___RNAseq.g9087.t1/Montipora_capitata_HIv3___RNAseq.g14956.t1/Montipora_capitata_HIv3___RNAseq.g39706.t2/Montipora_capitata_HIv3___RNAseq.g11658.t1/Montipora_capitata_HIv3___RNAseq.g14488.t1/Montipora_capitata_HIv3___TS.g47745.t1/Montipora_capitata_HIv3___RNAseq.g37450.t2/Montipora_capitata_HIv3___RNAseq.g20763.t1/Montipora_capitata_HIv3___TS.g46192.t3,0.9980232391306181,cellular metabolic process,BP
GO:0043933,protein-containing complex organization,8/79,1228/8363,0.9105208177435535,0.6524427928418259,8,1228,Montipora_capitata_HIv3___RNAseq.g26525.t1/Montipora_capitata_HIv3___RNAseq.g44519.t1/Montipora_capitata_HIv3___RNAseq.g13857.t1/Montipora_capitata_HIv3___RNAseq.g43111.t1/Montipora_capitata_HIv3___RNAseq.g15140.t1/Montipora_capitata_HIv3___RNAseq.g14488.t1/Montipora_capitata_HIv3___TS.g47745.t1/Montipora_capitata_HIv3___TS.g46192.t3,0.9980232391306181,protein-containing complex organization,BP
GO:0098796,membrane protein complex,3/79,568/8363,0.9117470333727149,0.5392902600557903,3,568,Montipora_capitata_HIv3___RNAseq.g12807.t1/Montipora_capitata_HIv3___RNAseq.g42740.t1/Montipora_capitata_HIv3___RNAseq.g15188.t1,0.9980232391306181,membrane protein complex,CC
GO:2000026,regulation of multicellular organismal development,9/79,1360/8363,0.9139076868998781,0.6598275603448667,9,1360,Montipora_capitata_HIv3___RNAseq.g6978.t1/Montipora_capitata_HIv3___RNAseq.g8971.t1/Montipora_capitata_HIv3___RNAseq.g32149.t1/Montipora_capitata_HIv3___RNAseq.g24020.t1/Montipora_capitata_HIv3___RNAseq.g42740.t1/Montipora_capitata_HIv3___RNAseq.g23247.t1/Montipora_capitata_HIv3___RNAseq.g49962.t1/Montipora_capitata_HIv3___RNAseq.g39706.t2/Montipora_capitata_HIv3___TS.g46192.t3,0.9980232391306181,regulation of multicellular organismal development,BP
GO:0009887,animal organ morphogenesis,6/79,985/8363,0.9163111957629709,0.6133203721491984,6,985,Montipora_capitata_HIv3___RNAseq.g2559.t1a/Montipora_capitata_HIv3___RNAseq.g668.t1/Montipora_capitata_HIv3___RNAseq.g8971.t1/Montipora_capitata_HIv3___RNAseq.g14488.t1/Montipora_capitata_HIv3___TS.g46192.t3/Montipora_capitata_HIv3___RNAseq.g50276.t1,0.9980232391306181,animal organ morphogenesis,BP
GO:0048731,system development,22/79,2886/8363,0.916652955246742,0.7304484731767178,22,2886,Montipora_capitata_HIv3___RNAseq.g6978.t1/Montipora_capitata_HIv3___RNAseq.g2559.t1a/Montipora_capitata_HIv3___RNAseq.g3374.t1/Montipora_capitata_HIv3___RNAseq.g13129.t1/Montipora_capitata_HIv3___RNAseq.g13857.t1/Montipora_capitata_HIv3___RNAseq.g668.t1/Montipora_capitata_HIv3___RNAseq.g18698.t1/Montipora_capitata_HIv3___RNAseq.g8971.t1/Montipora_capitata_HIv3___RNAseq.g24020.t1/Montipora_capitata_HIv3___RNAseq.g41333.t1/Montipora_capitata_HIv3___RNAseq.g1174.t1/Montipora_capitata_HIv3___RNAseq.g39974.t1/Montipora_capitata_HIv3___RNAseq.g8270.t1/Montipora_capitata_HIv3___RNAseq.g28116.t1/Montipora_capitata_HIv3___RNAseq.g15029.t1b/Montipora_capitata_HIv3___RNAseq.g14625.t1/Montipora_capitata_HIv3___RNAseq.g39706.t2/Montipora_capitata_HIv3___RNAseq.g14488.t1/Montipora_capitata_HIv3___TS.g47745.t1/Montipora_capitata_HIv3___RNAseq.g37450.t2/Montipora_capitata_HIv3___TS.g46192.t3/Montipora_capitata_HIv3___RNAseq.g50276.t1,0.9980232391306181,system development,BP
GO:0032268,GO:0032268,10/79,1490/8363,0.916840137274034,0.6663065320509314,10,1490,Montipora_capitata_HIv3___TS.g33283.t2/Montipora_capitata_HIv3___RNAseq.g6978.t1/Montipora_capitata_HIv3___RNAseq.g15043.t1/Montipora_capitata_HIv3___RNAseq.g24095.t1/Montipora_capitata_HIv3___RNAseq.g8971.t1/Montipora_capitata_HIv3___RNAseq.g42740.t1/Montipora_capitata_HIv3___RNAseq.g15188.t1/Montipora_capitata_HIv3___RNAseq.g15029.t1b/Montipora_capitata_HIv3___RNAseq.g39706.t2/Montipora_capitata_HIv3___TS.g47745.t1,0.9980232391306181,NA,NA
GO:0046983,protein dimerization activity,5/79,856/8363,0.9178514731550228,0.5901947676798881,5,856,Montipora_capitata_HIv3___RNAseq.g6978.t1/Montipora_capitata_HIv3___RNAseq.g34092.t1/Montipora_capitata_HIv3___RNAseq.g8971.t1/Montipora_capitata_HIv3___RNAseq.g37450.t2/Montipora_capitata_HIv3___TS.g46192.t3,0.9980232391306181,protein dimerization activity,MF
GO:0031323,regulation of cellular metabolic process,23/79,3003/8363,0.9184289453883467,0.7310424374883036,23,3003,Montipora_capitata_HIv3___TS.g33283.t2/Montipora_capitata_HIv3___RNAseq.g6978.t1/Montipora_capitata_HIv3___RNAseq.g26525.t1/Montipora_capitata_HIv3___RNAseq.g15043.t1/Montipora_capitata_HIv3___RNAseq.g41637.t1/Montipora_capitata_HIv3___RNAseq.g42608.t1/Montipora_capitata_HIv3___RNAseq.g12736.t1/Montipora_capitata_HIv3___RNAseq.g403.t1/Montipora_capitata_HIv3___RNAseq.g13857.t1/Montipora_capitata_HIv3___RNAseq.g24095.t1/Montipora_capitata_HIv3___RNAseq.g8971.t1/Montipora_capitata_HIv3___RNAseq.g36935.t1/Montipora_capitata_HIv3___RNAseq.g32149.t1/Montipora_capitata_HIv3___RNAseq.g42740.t1/Montipora_capitata_HIv3___RNAseq.g41333.t1/Montipora_capitata_HIv3___RNAseq.g15188.t1/Montipora_capitata_HIv3___RNAseq.g18929.t1/Montipora_capitata_HIv3___RNAseq.g28116.t1/Montipora_capitata_HIv3___RNAseq.g15029.t1b/Montipora_capitata_HIv3___RNAseq.g39706.t2/Montipora_capitata_HIv3___RNAseq.g14488.t1/Montipora_capitata_HIv3___TS.g47745.t1/Montipora_capitata_HIv3___TS.g46192.t3,0.9980232391306181,regulation of cellular metabolic process,BP
GO:0016310,phosphorylation,4/79,721/8363,0.918468661976757,0.5629017060909325,4,721,Montipora_capitata_HIv3___RNAseq.g6978.t1/Montipora_capitata_HIv3___RNAseq.g8971.t1/Montipora_capitata_HIv3___RNAseq.g28116.t1/Montipora_capitata_HIv3___RNAseq.g20763.t1,0.9980232391306181,phosphorylation,BP
GO:0048870,cell motility,4/79,721/8363,0.918468661976757,0.5629017060909325,4,721,Montipora_capitata_HIv3___TS.g33283.t2/Montipora_capitata_HIv3___RNAseq.g44519.t1/Montipora_capitata_HIv3___RNAseq.g8971.t1/Montipora_capitata_HIv3___RNAseq.g28116.t1,0.9980232391306181,cell motility,BP
GO:0019538,protein metabolic process,19/79,2554/8363,0.9189238225843843,0.7181557532408646,19,2554,Montipora_capitata_HIv3___RNAseq.g6978.t1/Montipora_capitata_HIv3___RNAseq.g15043.t1/Montipora_capitata_HIv3___RNAseq.g35299.t1/Montipora_capitata_HIv3___RNAseq.g3374.t1/Montipora_capitata_HIv3___RNAseq.g44562.t1/Montipora_capitata_HIv3___RNAseq.g8971.t1/Montipora_capitata_HIv3___RNAseq.g20771.t1/Montipora_capitata_HIv3___RNAseq.g20807.t2/Montipora_capitata_HIv3___RNAseq.g32149.t1/Montipora_capitata_HIv3___RNAseq.g42740.t1/Montipora_capitata_HIv3___RNAseq.g1174.t1/Montipora_capitata_HIv3___RNAseq.g23247.t1/Montipora_capitata_HIv3___RNAseq.g39974.t1/Montipora_capitata_HIv3___RNAseq.g15188.t1/Montipora_capitata_HIv3___RNAseq.g43111.t1/Montipora_capitata_HIv3___RNAseq.g28116.t1/Montipora_capitata_HIv3___RNAseq.g14625.t1/Montipora_capitata_HIv3___RNAseq.g39706.t2/Montipora_capitata_HIv3___RNAseq.g11658.t1,0.9980232391306181,protein metabolic process,BP
GO:0022008,neurogenesis,9/79,1372/8363,0.9189832483184392,0.6528871810315526,9,1372,Montipora_capitata_HIv3___RNAseq.g6978.t1/Montipora_capitata_HIv3___RNAseq.g13857.t1/Montipora_capitata_HIv3___RNAseq.g8971.t1/Montipora_capitata_HIv3___RNAseq.g24020.t1/Montipora_capitata_HIv3___RNAseq.g1174.t1/Montipora_capitata_HIv3___RNAseq.g39706.t2/Montipora_capitata_HIv3___TS.g47745.t1/Montipora_capitata_HIv3___RNAseq.g37450.t2/Montipora_capitata_HIv3___TS.g46192.t3,0.9980232391306181,neurogenesis,BP
GO:0051674,localization of cell,4/79,724/8363,0.9200442475529174,0.560333432538063,4,724,Montipora_capitata_HIv3___TS.g33283.t2/Montipora_capitata_HIv3___RNAseq.g44519.t1/Montipora_capitata_HIv3___RNAseq.g8971.t1/Montipora_capitata_HIv3___RNAseq.g28116.t1,0.9980232391306181,localization of cell,BP
GO:1901360,organic cyclic compound metabolic process,19/79,2560/8363,0.9209480517419958,0.7157136750700321,19,2560,Montipora_capitata_HIv3___RNAseq.g36845.t1/Montipora_capitata_HIv3___RNAseq.g26525.t1/Montipora_capitata_HIv3___RNAseq.g34092.t1/Montipora_capitata_HIv3___RNAseq.g42608.t1/Montipora_capitata_HIv3___RNAseq.g12736.t1/Montipora_capitata_HIv3___RNAseq.g403.t1/Montipora_capitata_HIv3___RNAseq.g8971.t1/Montipora_capitata_HIv3___RNAseq.g18395.t1/Montipora_capitata_HIv3___TS.g40519.t3/Montipora_capitata_HIv3___TS.g6904.t1/Montipora_capitata_HIv3___RNAseq.g42740.t1/Montipora_capitata_HIv3___RNAseq.g18929.t1/Montipora_capitata_HIv3___TS.g28908.t1/Montipora_capitata_HIv3___RNAseq.g14956.t1/Montipora_capitata_HIv3___RNAseq.g11658.t1/Montipora_capitata_HIv3___TS.g47745.t1/Montipora_capitata_HIv3___RNAseq.g37450.t2/Montipora_capitata_HIv3___RNAseq.g20763.t1/Montipora_capitata_HIv3___TS.g46192.t3,0.9980232391306181,organic cyclic compound metabolic process,BP
GO:0007417,central nervous system development,4/79,728/8363,0.9221034330696547,0.5569421580077563,4,728,Montipora_capitata_HIv3___RNAseq.g13129.t1/Montipora_capitata_HIv3___RNAseq.g8971.t1/Montipora_capitata_HIv3___RNAseq.g41333.t1/Montipora_capitata_HIv3___TS.g46192.t3,0.9980232391306181,central nervous system development,BP
GO:0005829,cytosol,23/79,3016/8363,0.922643926876044,0.7260837429151527,23,3016,Montipora_capitata_HIv3___TS.g33283.t2/Montipora_capitata_HIv3___RNAseq.g6978.t1/Montipora_capitata_HIv3___RNAseq.g26525.t1/Montipora_capitata_HIv3___TS.g44069.t1/Montipora_capitata_HIv3___RNAseq.g35299.t1/Montipora_capitata_HIv3___RNAseq.g34092.t1/Montipora_capitata_HIv3___RNAseq.g42608.t1/Montipora_capitata_HIv3___RNAseq.g12736.t1/Montipora_capitata_HIv3___RNAseq.g13857.t1/Montipora_capitata_HIv3___RNAseq.g24095.t1/Montipora_capitata_HIv3___RNAseq.g8971.t1/Montipora_capitata_HIv3___RNAseq.g41333.t1/Montipora_capitata_HIv3___RNAseq.g1174.t1/Montipora_capitata_HIv3___RNAseq.g23247.t1/Montipora_capitata_HIv3___RNAseq.g18929.t1/Montipora_capitata_HIv3___RNAseq.g43111.t1/Montipora_capitata_HIv3___RNAseq.g22853.t1/Montipora_capitata_HIv3___TS.g32614.t2/Montipora_capitata_HIv3___RNAseq.g11658.t1/Montipora_capitata_HIv3___RNAseq.g14488.t1/Montipora_capitata_HIv3___TS.g47745.t1/Montipora_capitata_HIv3___RNAseq.g37450.t2/Montipora_capitata_HIv3___RNAseq.g20763.t1,0.9980232391306181,cytosol,CC
GO:0048468,cell development,11/79,1627/8363,0.922752732883384,0.6675130841151721,11,1627,Montipora_capitata_HIv3___RNAseq.g18698.t1/Montipora_capitata_HIv3___RNAseq.g8971.t1/Montipora_capitata_HIv3___RNAseq.g24020.t1/Montipora_capitata_HIv3___RNAseq.g1174.t1/Montipora_capitata_HIv3___RNAseq.g28116.t1/Montipora_capitata_HIv3___RNAseq.g15029.t1b/Montipora_capitata_HIv3___RNAseq.g39706.t2/Montipora_capitata_HIv3___TS.g47745.t1/Montipora_capitata_HIv3___RNAseq.g37450.t2/Montipora_capitata_HIv3___TS.g20607.t1/Montipora_capitata_HIv3___TS.g46192.t3,0.9980232391306181,cell development,BP
GO:1901565,organonitrogen compound catabolic process,4/79,733/8363,0.9246117595327508,0.5527553701776721,4,733,Montipora_capitata_HIv3___RNAseq.g23247.t1/Montipora_capitata_HIv3___RNAseq.g15188.t1/Montipora_capitata_HIv3___RNAseq.g44719.t1/Montipora_capitata_HIv3___RNAseq.g14488.t1,0.9980232391306181,organonitrogen compound catabolic process,BP
GO:0007165,signal transduction,13/79,1874/8363,0.9250938638924802,0.6798531596972863,13,1874,Montipora_capitata_HIv3___TS.g33283.t2/Montipora_capitata_HIv3___RNAseq.g6978.t1/Montipora_capitata_HIv3___RNAseq.g34092.t1/Montipora_capitata_HIv3___RNAseq.g50691.t1/Montipora_capitata_HIv3___RNAseq.g3374.t1/Montipora_capitata_HIv3___RNAseq.g13129.t1/Montipora_capitata_HIv3___RNAseq.g24095.t1/Montipora_capitata_HIv3___RNAseq.g18698.t1/Montipora_capitata_HIv3___RNAseq.g8971.t1/Montipora_capitata_HIv3___RNAseq.g32149.t1/Montipora_capitata_HIv3___RNAseq.g15188.t1/Montipora_capitata_HIv3___RNAseq.g28116.t1/Montipora_capitata_HIv3___RNAseq.g39706.t2,0.9980232391306181,signal transduction,BP
GO:0002009,morphogenesis of an epithelium,4/79,734/8363,0.9251048025544315,0.5519248911260471,4,734,Montipora_capitata_HIv3___RNAseq.g2559.t1a/Montipora_capitata_HIv3___RNAseq.g668.t1/Montipora_capitata_HIv3___RNAseq.g8971.t1/Montipora_capitata_HIv3___RNAseq.g28116.t1,0.9980232391306181,morphogenesis of an epithelium,BP
GO:0007399,nervous system development,12/79,1755/8363,0.9253580467378725,0.6721654817357865,12,1755,Montipora_capitata_HIv3___RNAseq.g6978.t1/Montipora_capitata_HIv3___RNAseq.g13129.t1/Montipora_capitata_HIv3___RNAseq.g13857.t1/Montipora_capitata_HIv3___RNAseq.g8971.t1/Montipora_capitata_HIv3___RNAseq.g24020.t1/Montipora_capitata_HIv3___RNAseq.g41333.t1/Montipora_capitata_HIv3___RNAseq.g1174.t1/Montipora_capitata_HIv3___RNAseq.g8270.t1/Montipora_capitata_HIv3___RNAseq.g39706.t2/Montipora_capitata_HIv3___TS.g47745.t1/Montipora_capitata_HIv3___RNAseq.g37450.t2/Montipora_capitata_HIv3___TS.g46192.t3,0.9980232391306181,nervous system development,BP
GO:0009725,response to hormone,3/79,592/8363,0.9255663476094005,0.5157647606711933,3,592,Montipora_capitata_HIv3___TS.g33283.t2/Montipora_capitata_HIv3___RNAseq.g39974.t1/Montipora_capitata_HIv3___RNAseq.g14488.t1,0.9980232391306181,response to hormone,BP
GO:0051276,chromosome organization,4/79,736/8363,0.9260823710798175,0.5502707363659277,4,736,Montipora_capitata_HIv3___RNAseq.g13857.t1/Montipora_capitata_HIv3___RNAseq.g23247.t1/Montipora_capitata_HIv3___RNAseq.g15140.t1/Montipora_capitata_HIv3___TS.g47745.t1,0.9980232391306181,chromosome organization,BP
GO:0016043,cellular component organization,28/79,3583/8363,0.9275198511159972,0.730354797046574,28,3583,Montipora_capitata_HIv3___TS.g33283.t2/Montipora_capitata_HIv3___RNAseq.g6978.t1/Montipora_capitata_HIv3___RNAseq.g26525.t1/Montipora_capitata_HIv3___TS.g44069.t1/Montipora_capitata_HIv3___RNAseq.g44519.t1/Montipora_capitata_HIv3___RNAseq.g3374.t1/Montipora_capitata_HIv3___RNAseq.g39887.t1/Montipora_capitata_HIv3___RNAseq.g13857.t1/Montipora_capitata_HIv3___RNAseq.g668.t1/Montipora_capitata_HIv3___RNAseq.g18698.t1/Montipora_capitata_HIv3___RNAseq.g8971.t1/Montipora_capitata_HIv3___TS.g5653.t1/Montipora_capitata_HIv3___RNAseq.g24020.t1/Montipora_capitata_HIv3___RNAseq.g42740.t1/Montipora_capitata_HIv3___RNAseq.g1174.t1/Montipora_capitata_HIv3___RNAseq.g23247.t1/Montipora_capitata_HIv3___RNAseq.g49962.t1/Montipora_capitata_HIv3___RNAseq.g18929.t1/Montipora_capitata_HIv3___RNAseq.g8270.t1/Montipora_capitata_HIv3___RNAseq.g43111.t1/Montipora_capitata_HIv3___RNAseq.g15029.t1b/Montipora_capitata_HIv3___RNAseq.g15140.t1/Montipora_capitata_HIv3___RNAseq.g39706.t2/Montipora_capitata_HIv3___RNAseq.g14488.t1/Montipora_capitata_HIv3___TS.g47745.t1/Montipora_capitata_HIv3___RNAseq.g37450.t2/Montipora_capitata_HIv3___TS.g20607.t1/Montipora_capitata_HIv3___TS.g46192.t3,0.9980232391306181,cellular component organization,BP
GO:0042493,GO:0042493,4/79,740/8363,0.9280038022546772,0.5469893814080281,4,740,Montipora_capitata_HIv3___RNAseq.g15043.t1/Montipora_capitata_HIv3___RNAseq.g8971.t1/Montipora_capitata_HIv3___RNAseq.g39974.t1/Montipora_capitata_HIv3___RNAseq.g14488.t1,0.9980232391306181,NA,NA
GO:0060284,regulation of cell development,4/79,744/8363,0.9298809815905311,0.5437434802220197,4,744,Montipora_capitata_HIv3___RNAseq.g6978.t1/Montipora_capitata_HIv3___RNAseq.g8971.t1/Montipora_capitata_HIv3___RNAseq.g24020.t1/Montipora_capitata_HIv3___RNAseq.g39706.t2,0.9980232391306181,regulation of cell development,BP
GO:0065003,protein-containing complex assembly,6/79,1017/8363,0.9304772039587712,0.5913079377427035,6,1017,Montipora_capitata_HIv3___RNAseq.g26525.t1/Montipora_capitata_HIv3___RNAseq.g43111.t1/Montipora_capitata_HIv3___RNAseq.g15140.t1/Montipora_capitata_HIv3___RNAseq.g14488.t1/Montipora_capitata_HIv3___TS.g47745.t1/Montipora_capitata_HIv3___TS.g46192.t3,0.9980232391306181,protein-containing complex assembly,BP
GO:0001932,regulation of protein phosphorylation,4/79,747/8363,0.9312603196137859,0.5413322765069899,4,747,Montipora_capitata_HIv3___TS.g33283.t2/Montipora_capitata_HIv3___RNAseq.g6978.t1/Montipora_capitata_HIv3___RNAseq.g24095.t1/Montipora_capitata_HIv3___RNAseq.g8971.t1,0.9980232391306181,regulation of protein phosphorylation,BP
GO:0007267,cell-cell signaling,3/79,609/8363,0.9341427427741786,0.5001876541270182,3,609,Montipora_capitata_HIv3___RNAseq.g13129.t1/Montipora_capitata_HIv3___RNAseq.g8971.t1/Montipora_capitata_HIv3___RNAseq.g1174.t1,0.9980232391306181,cell-cell signaling,BP
GO:0051960,regulation of nervous system development,4/79,754/8363,0.9343856918507192,0.5357824484746168,4,754,Montipora_capitata_HIv3___RNAseq.g6978.t1/Montipora_capitata_HIv3___RNAseq.g8971.t1/Montipora_capitata_HIv3___RNAseq.g24020.t1/Montipora_capitata_HIv3___RNAseq.g39706.t2,0.9980232391306181,regulation of nervous system development,BP
GO:0044432,GO:0044432,4/79,756/8363,0.9352551716714099,0.5342157595076957,4,756,Montipora_capitata_HIv3___RNAseq.g50691.t1/Montipora_capitata_HIv3___RNAseq.g39974.t1/Montipora_capitata_HIv3___RNAseq.g15188.t1/Montipora_capitata_HIv3___RNAseq.g39706.t2,0.9980232391306181,NA,NA
GO:0044459,GO:0044459,7/79,1161/8363,0.9355367026191899,0.6007201067165945,7,1161,Montipora_capitata_HIv3___RNAseq.g6978.t1/Montipora_capitata_HIv3___RNAseq.g12807.t1/Montipora_capitata_HIv3___RNAseq.g13129.t1/Montipora_capitata_HIv3___RNAseq.g668.t1/Montipora_capitata_HIv3___RNAseq.g8971.t1/Montipora_capitata_HIv3___RNAseq.g41416.t2a/Montipora_capitata_HIv3___RNAseq.g28116.t1,0.9980232391306181,NA,NA
GO:0048699,generation of neurons,8/79,1291/8363,0.9360267293658174,0.6148763440880003,8,1291,Montipora_capitata_HIv3___RNAseq.g6978.t1/Montipora_capitata_HIv3___RNAseq.g8971.t1/Montipora_capitata_HIv3___RNAseq.g24020.t1/Montipora_capitata_HIv3___RNAseq.g1174.t1/Montipora_capitata_HIv3___RNAseq.g39706.t2/Montipora_capitata_HIv3___TS.g47745.t1/Montipora_capitata_HIv3___RNAseq.g37450.t2/Montipora_capitata_HIv3___TS.g46192.t3,0.9980232391306181,generation of neurons,BP
GO:0009719,response to endogenous stimulus,5/79,897/8363,0.9361974487649309,0.559963548542554,5,897,Montipora_capitata_HIv3___TS.g33283.t2/Montipora_capitata_HIv3___RNAseq.g8971.t1/Montipora_capitata_HIv3___RNAseq.g39974.t1/Montipora_capitata_HIv3___RNAseq.g39706.t2/Montipora_capitata_HIv3___RNAseq.g14488.t1,0.9980232391306181,response to endogenous stimulus,BP
GO:0048856,anatomical structure development,28/79,3631/8363,0.9406572686057922,0.7133125148455413,28,3631,Montipora_capitata_HIv3___RNAseq.g6978.t1/Montipora_capitata_HIv3___RNAseq.g2559.t1a/Montipora_capitata_HIv3___RNAseq.g15043.t1/Montipora_capitata_HIv3___RNAseq.g3374.t1/Montipora_capitata_HIv3___RNAseq.g13129.t1/Montipora_capitata_HIv3___RNAseq.g42608.t1/Montipora_capitata_HIv3___RNAseq.g13857.t1/Montipora_capitata_HIv3___RNAseq.g668.t1/Montipora_capitata_HIv3___RNAseq.g18698.t1/Montipora_capitata_HIv3___RNAseq.g8971.t1/Montipora_capitata_HIv3___RNAseq.g24020.t1/Montipora_capitata_HIv3___RNAseq.g42740.t1/Montipora_capitata_HIv3___RNAseq.g41333.t1/Montipora_capitata_HIv3___RNAseq.g1174.t1/Montipora_capitata_HIv3___RNAseq.g23247.t1/Montipora_capitata_HIv3___RNAseq.g39974.t1/Montipora_capitata_HIv3___RNAseq.g15188.t1/Montipora_capitata_HIv3___RNAseq.g8270.t1/Montipora_capitata_HIv3___RNAseq.g28116.t1/Montipora_capitata_HIv3___RNAseq.g15029.t1b/Montipora_capitata_HIv3___RNAseq.g14625.t1/Montipora_capitata_HIv3___RNAseq.g39706.t2/Montipora_capitata_HIv3___RNAseq.g14488.t1/Montipora_capitata_HIv3___TS.g47745.t1/Montipora_capitata_HIv3___RNAseq.g37450.t2/Montipora_capitata_HIv3___TS.g20607.t1/Montipora_capitata_HIv3___TS.g46192.t3/Montipora_capitata_HIv3___RNAseq.g50276.t1,0.9980232391306181,anatomical structure development,BP
GO:0071840,cellular component organization or biogenesis,29/79,3744/8363,0.9417108762501283,0.7133590682528579,29,3744,Montipora_capitata_HIv3___TS.g33283.t2/Montipora_capitata_HIv3___RNAseq.g6978.t1/Montipora_capitata_HIv3___RNAseq.g26525.t1/Montipora_capitata_HIv3___TS.g44069.t1/Montipora_capitata_HIv3___RNAseq.g44519.t1/Montipora_capitata_HIv3___RNAseq.g3374.t1/Montipora_capitata_HIv3___RNAseq.g39887.t1/Montipora_capitata_HIv3___RNAseq.g403.t1/Montipora_capitata_HIv3___RNAseq.g13857.t1/Montipora_capitata_HIv3___RNAseq.g668.t1/Montipora_capitata_HIv3___RNAseq.g18698.t1/Montipora_capitata_HIv3___RNAseq.g8971.t1/Montipora_capitata_HIv3___TS.g5653.t1/Montipora_capitata_HIv3___RNAseq.g24020.t1/Montipora_capitata_HIv3___RNAseq.g42740.t1/Montipora_capitata_HIv3___RNAseq.g1174.t1/Montipora_capitata_HIv3___RNAseq.g23247.t1/Montipora_capitata_HIv3___RNAseq.g49962.t1/Montipora_capitata_HIv3___RNAseq.g18929.t1/Montipora_capitata_HIv3___RNAseq.g8270.t1/Montipora_capitata_HIv3___RNAseq.g43111.t1/Montipora_capitata_HIv3___RNAseq.g15029.t1b/Montipora_capitata_HIv3___RNAseq.g15140.t1/Montipora_capitata_HIv3___RNAseq.g39706.t2/Montipora_capitata_HIv3___RNAseq.g14488.t1/Montipora_capitata_HIv3___TS.g47745.t1/Montipora_capitata_HIv3___RNAseq.g37450.t2/Montipora_capitata_HIv3___TS.g20607.t1/Montipora_capitata_HIv3___TS.g46192.t3,0.9980232391306181,cellular component organization or biogenesis,BP
GO:0044267,GO:0044267,16/79,2283/8363,0.9418760384759818,0.6741319737889631,16,2283,Montipora_capitata_HIv3___RNAseq.g6978.t1/Montipora_capitata_HIv3___RNAseq.g15043.t1/Montipora_capitata_HIv3___RNAseq.g35299.t1/Montipora_capitata_HIv3___RNAseq.g3374.t1/Montipora_capitata_HIv3___RNAseq.g44562.t1/Montipora_capitata_HIv3___RNAseq.g8971.t1/Montipora_capitata_HIv3___RNAseq.g32149.t1/Montipora_capitata_HIv3___RNAseq.g42740.t1/Montipora_capitata_HIv3___RNAseq.g1174.t1/Montipora_capitata_HIv3___RNAseq.g23247.t1/Montipora_capitata_HIv3___RNAseq.g39974.t1/Montipora_capitata_HIv3___RNAseq.g15188.t1/Montipora_capitata_HIv3___RNAseq.g43111.t1/Montipora_capitata_HIv3___RNAseq.g28116.t1/Montipora_capitata_HIv3___RNAseq.g39706.t2/Montipora_capitata_HIv3___RNAseq.g11658.t1,0.9980232391306181,NA,NA
GO:0048729,tissue morphogenesis,4/79,783/8363,0.9460290455902174,0.5138527778374078,4,783,Montipora_capitata_HIv3___RNAseq.g2559.t1a/Montipora_capitata_HIv3___RNAseq.g668.t1/Montipora_capitata_HIv3___RNAseq.g8971.t1/Montipora_capitata_HIv3___RNAseq.g28116.t1,0.9980232391306181,tissue morphogenesis,BP
GO:0006464,GO:0006464,12/79,1824/8363,0.9467964828666746,0.6397558603832454,12,1824,Montipora_capitata_HIv3___RNAseq.g6978.t1/Montipora_capitata_HIv3___RNAseq.g15043.t1/Montipora_capitata_HIv3___RNAseq.g35299.t1/Montipora_capitata_HIv3___RNAseq.g3374.t1/Montipora_capitata_HIv3___RNAseq.g44562.t1/Montipora_capitata_HIv3___RNAseq.g8971.t1/Montipora_capitata_HIv3___RNAseq.g32149.t1/Montipora_capitata_HIv3___RNAseq.g1174.t1/Montipora_capitata_HIv3___RNAseq.g23247.t1/Montipora_capitata_HIv3___RNAseq.g39974.t1/Montipora_capitata_HIv3___RNAseq.g15188.t1/Montipora_capitata_HIv3___RNAseq.g28116.t1,0.9980232391306181,NA,NA
GO:0036211,protein modification process,12/79,1824/8363,0.9467964828666746,0.6397558603832454,12,1824,Montipora_capitata_HIv3___RNAseq.g6978.t1/Montipora_capitata_HIv3___RNAseq.g15043.t1/Montipora_capitata_HIv3___RNAseq.g35299.t1/Montipora_capitata_HIv3___RNAseq.g3374.t1/Montipora_capitata_HIv3___RNAseq.g44562.t1/Montipora_capitata_HIv3___RNAseq.g8971.t1/Montipora_capitata_HIv3___RNAseq.g32149.t1/Montipora_capitata_HIv3___RNAseq.g1174.t1/Montipora_capitata_HIv3___RNAseq.g23247.t1/Montipora_capitata_HIv3___RNAseq.g39974.t1/Montipora_capitata_HIv3___RNAseq.g15188.t1/Montipora_capitata_HIv3___RNAseq.g28116.t1,0.9980232391306181,protein modification process,BP
GO:0051246,regulation of protein metabolic process,10/79,1579/8363,0.9472104080318652,0.620296151286149,10,1579,Montipora_capitata_HIv3___TS.g33283.t2/Montipora_capitata_HIv3___RNAseq.g6978.t1/Montipora_capitata_HIv3___RNAseq.g15043.t1/Montipora_capitata_HIv3___RNAseq.g24095.t1/Montipora_capitata_HIv3___RNAseq.g8971.t1/Montipora_capitata_HIv3___RNAseq.g42740.t1/Montipora_capitata_HIv3___RNAseq.g15188.t1/Montipora_capitata_HIv3___RNAseq.g15029.t1b/Montipora_capitata_HIv3___RNAseq.g39706.t2/Montipora_capitata_HIv3___TS.g47745.t1,0.9980232391306181,regulation of protein metabolic process,BP
GO:0044433,GO:0044433,4/79,793/8363,0.9495922173816679,0.5066645852288346,4,793,Montipora_capitata_HIv3___RNAseq.g44519.t1/Montipora_capitata_HIv3___RNAseq.g39706.t2/Montipora_capitata_HIv3___RNAseq.g14488.t1/Montipora_capitata_HIv3___TS.g20607.t1,0.9980232391306181,NA,NA
GO:0032502,developmental process,29/79,3778/8363,0.9496909380867193,0.7016307968718053,29,3778,Montipora_capitata_HIv3___RNAseq.g6978.t1/Montipora_capitata_HIv3___RNAseq.g2559.t1a/Montipora_capitata_HIv3___RNAseq.g15043.t1/Montipora_capitata_HIv3___RNAseq.g3374.t1/Montipora_capitata_HIv3___RNAseq.g13129.t1/Montipora_capitata_HIv3___RNAseq.g42608.t1/Montipora_capitata_HIv3___RNAseq.g13857.t1/Montipora_capitata_HIv3___RNAseq.g668.t1/Montipora_capitata_HIv3___RNAseq.g18698.t1/Montipora_capitata_HIv3___RNAseq.g8971.t1/Montipora_capitata_HIv3___RNAseq.g24020.t1/Montipora_capitata_HIv3___RNAseq.g42740.t1/Montipora_capitata_HIv3___RNAseq.g41333.t1/Montipora_capitata_HIv3___RNAseq.g1174.t1/Montipora_capitata_HIv3___RNAseq.g23247.t1/Montipora_capitata_HIv3___RNAseq.g39974.t1/Montipora_capitata_HIv3___RNAseq.g15188.t1/Montipora_capitata_HIv3___RNAseq.g49962.t1/Montipora_capitata_HIv3___RNAseq.g8270.t1/Montipora_capitata_HIv3___RNAseq.g28116.t1/Montipora_capitata_HIv3___RNAseq.g15029.t1b/Montipora_capitata_HIv3___RNAseq.g14625.t1/Montipora_capitata_HIv3___RNAseq.g39706.t2/Montipora_capitata_HIv3___RNAseq.g14488.t1/Montipora_capitata_HIv3___TS.g47745.t1/Montipora_capitata_HIv3___RNAseq.g37450.t2/Montipora_capitata_HIv3___TS.g20607.t1/Montipora_capitata_HIv3___TS.g46192.t3/Montipora_capitata_HIv3___RNAseq.g50276.t1,0.9980232391306181,developmental process,BP
GO:0042981,regulation of apoptotic process,5/79,935/8363,0.9498877517421522,0.5343243567065388,5,935,Montipora_capitata_HIv3___RNAseq.g44519.t1/Montipora_capitata_HIv3___RNAseq.g24095.t1/Montipora_capitata_HIv3___RNAseq.g8971.t1/Montipora_capitata_HIv3___RNAseq.g15188.t1/Montipora_capitata_HIv3___RNAseq.g14488.t1,0.9980232391306181,regulation of apoptotic process,BP
GO:0080090,regulation of primary metabolic process,21/79,2896/8363,0.9508839690770425,0.681222753350009,21,2896,Montipora_capitata_HIv3___TS.g33283.t2/Montipora_capitata_HIv3___RNAseq.g6978.t1/Montipora_capitata_HIv3___RNAseq.g26525.t1/Montipora_capitata_HIv3___RNAseq.g15043.t1/Montipora_capitata_HIv3___RNAseq.g42608.t1/Montipora_capitata_HIv3___RNAseq.g12736.t1/Montipora_capitata_HIv3___RNAseq.g403.t1/Montipora_capitata_HIv3___RNAseq.g13857.t1/Montipora_capitata_HIv3___RNAseq.g24095.t1/Montipora_capitata_HIv3___RNAseq.g8971.t1/Montipora_capitata_HIv3___RNAseq.g36935.t1/Montipora_capitata_HIv3___RNAseq.g32149.t1/Montipora_capitata_HIv3___RNAseq.g42740.t1/Montipora_capitata_HIv3___RNAseq.g41333.t1/Montipora_capitata_HIv3___RNAseq.g15188.t1/Montipora_capitata_HIv3___RNAseq.g18929.t1/Montipora_capitata_HIv3___RNAseq.g28116.t1/Montipora_capitata_HIv3___RNAseq.g15029.t1b/Montipora_capitata_HIv3___RNAseq.g39706.t2/Montipora_capitata_HIv3___TS.g47745.t1/Montipora_capitata_HIv3___TS.g46192.t3,0.9980232391306181,regulation of primary metabolic process,BP
GO:0055085,transmembrane transport,3/79,651/8363,0.951624131704159,0.4651870618146991,3,651,Montipora_capitata_HIv3___RNAseq.g13129.t1/Montipora_capitata_HIv3___RNAseq.g668.t1/Montipora_capitata_HIv3___RNAseq.g14155.t1,0.9980232391306181,transmembrane transport,BP
GO:0090304,nucleic acid metabolic process,11/79,1720/8363,0.9516721806811201,0.6223929282053701,11,1720,Montipora_capitata_HIv3___RNAseq.g26525.t1/Montipora_capitata_HIv3___RNAseq.g42608.t1/Montipora_capitata_HIv3___RNAseq.g12736.t1/Montipora_capitata_HIv3___RNAseq.g403.t1/Montipora_capitata_HIv3___RNAseq.g18395.t1/Montipora_capitata_HIv3___TS.g40519.t3/Montipora_capitata_HIv3___RNAseq.g18929.t1/Montipora_capitata_HIv3___TS.g28908.t1/Montipora_capitata_HIv3___RNAseq.g11658.t1/Montipora_capitata_HIv3___TS.g47745.t1/Montipora_capitata_HIv3___TS.g46192.t3,0.9980232391306181,nucleic acid metabolic process,BP
GO:0043412,macromolecule modification,13/79,1975/8363,0.9541787396843651,0.6347269987250561,13,1975,Montipora_capitata_HIv3___RNAseq.g6978.t1/Montipora_capitata_HIv3___RNAseq.g15043.t1/Montipora_capitata_HIv3___RNAseq.g35299.t1/Montipora_capitata_HIv3___RNAseq.g3374.t1/Montipora_capitata_HIv3___RNAseq.g44562.t1/Montipora_capitata_HIv3___RNAseq.g8971.t1/Montipora_capitata_HIv3___RNAseq.g32149.t1/Montipora_capitata_HIv3___RNAseq.g1174.t1/Montipora_capitata_HIv3___RNAseq.g23247.t1/Montipora_capitata_HIv3___RNAseq.g39974.t1/Montipora_capitata_HIv3___RNAseq.g15188.t1/Montipora_capitata_HIv3___RNAseq.g18929.t1/Montipora_capitata_HIv3___RNAseq.g28116.t1,0.9980232391306181,macromolecule modification,BP
GO:0023052,signaling,14/79,2101/8363,0.9554217599428017,0.6396015469508773,14,2101,Montipora_capitata_HIv3___TS.g33283.t2/Montipora_capitata_HIv3___RNAseq.g6978.t1/Montipora_capitata_HIv3___RNAseq.g34092.t1/Montipora_capitata_HIv3___RNAseq.g50691.t1/Montipora_capitata_HIv3___RNAseq.g3374.t1/Montipora_capitata_HIv3___RNAseq.g13129.t1/Montipora_capitata_HIv3___RNAseq.g24095.t1/Montipora_capitata_HIv3___RNAseq.g18698.t1/Montipora_capitata_HIv3___RNAseq.g8971.t1/Montipora_capitata_HIv3___RNAseq.g32149.t1/Montipora_capitata_HIv3___RNAseq.g1174.t1/Montipora_capitata_HIv3___RNAseq.g15188.t1/Montipora_capitata_HIv3___RNAseq.g28116.t1/Montipora_capitata_HIv3___RNAseq.g39706.t2,0.9980232391306181,signaling,BP
GO:0044703,multi-organism reproductive process,7/79,1226/8363,0.9558447039155067,0.5635074792696667,7,1226,Montipora_capitata_HIv3___RNAseq.g14946.t1/Montipora_capitata_HIv3___RNAseq.g24095.t1/Montipora_capitata_HIv3___RNAseq.g8971.t1/Montipora_capitata_HIv3___RNAseq.g28116.t1/Montipora_capitata_HIv3___RNAseq.g15029.t1b/Montipora_capitata_HIv3___RNAseq.g14488.t1/Montipora_capitata_HIv3___TS.g47745.t1,0.9980232391306181,multi-organism reproductive process,BP
GO:0010941,GO:0010941,6/79,1093/8363,0.9561027482280615,0.5442224406033799,6,1093,Montipora_capitata_HIv3___RNAseq.g6978.t1/Montipora_capitata_HIv3___RNAseq.g44519.t1/Montipora_capitata_HIv3___RNAseq.g24095.t1/Montipora_capitata_HIv3___RNAseq.g8971.t1/Montipora_capitata_HIv3___RNAseq.g15188.t1/Montipora_capitata_HIv3___RNAseq.g14488.t1,0.9980232391306181,NA,NA
GO:0044085,cellular component biogenesis,13/79,1985/8363,0.9564509119972318,0.6305106978844125,13,1985,Montipora_capitata_HIv3___RNAseq.g26525.t1/Montipora_capitata_HIv3___RNAseq.g3374.t1/Montipora_capitata_HIv3___RNAseq.g403.t1/Montipora_capitata_HIv3___RNAseq.g8971.t1/Montipora_capitata_HIv3___TS.g5653.t1/Montipora_capitata_HIv3___RNAseq.g18929.t1/Montipora_capitata_HIv3___RNAseq.g8270.t1/Montipora_capitata_HIv3___RNAseq.g43111.t1/Montipora_capitata_HIv3___RNAseq.g15029.t1b/Montipora_capitata_HIv3___RNAseq.g15140.t1/Montipora_capitata_HIv3___RNAseq.g14488.t1/Montipora_capitata_HIv3___TS.g47745.t1/Montipora_capitata_HIv3___TS.g46192.t3,0.9980232391306181,cellular component biogenesis,BP
GO:0051093,negative regulation of developmental process,3/79,667/8363,0.9570808881204254,0.4530272506266574,3,667,Montipora_capitata_HIv3___RNAseq.g8971.t1/Montipora_capitata_HIv3___RNAseq.g28116.t1/Montipora_capitata_HIv3___RNAseq.g39706.t2,0.9980232391306181,negative regulation of developmental process,BP
GO:0034641,cellular nitrogen compound metabolic process,19/79,2699/8363,0.957623384671235,0.6621943276347689,19,2699,Montipora_capitata_HIv3___RNAseq.g26525.t1/Montipora_capitata_HIv3___RNAseq.g34092.t1/Montipora_capitata_HIv3___RNAseq.g42608.t1/Montipora_capitata_HIv3___RNAseq.g12736.t1/Montipora_capitata_HIv3___RNAseq.g403.t1/Montipora_capitata_HIv3___RNAseq.g18395.t1/Montipora_capitata_HIv3___TS.g40519.t3/Montipora_capitata_HIv3___RNAseq.g18929.t1/Montipora_capitata_HIv3___TS.g28908.t1/Montipora_capitata_HIv3___RNAseq.g43111.t1/Montipora_capitata_HIv3___RNAseq.g44719.t1/Montipora_capitata_HIv3___RNAseq.g14956.t1/Montipora_capitata_HIv3___RNAseq.g39706.t2/Montipora_capitata_HIv3___RNAseq.g11658.t1/Montipora_capitata_HIv3___RNAseq.g14488.t1/Montipora_capitata_HIv3___TS.g47745.t1/Montipora_capitata_HIv3___RNAseq.g37450.t2/Montipora_capitata_HIv3___RNAseq.g20763.t1/Montipora_capitata_HIv3___TS.g46192.t3,0.9980232391306181,cellular nitrogen compound metabolic process,BP
GO:0043170,macromolecule metabolic process,30/79,3925/8363,0.9576779688906815,0.689927460315695,30,3925,Montipora_capitata_HIv3___RNAseq.g6978.t1/Montipora_capitata_HIv3___RNAseq.g26525.t1/Montipora_capitata_HIv3___RNAseq.g15043.t1/Montipora_capitata_HIv3___RNAseq.g35299.t1/Montipora_capitata_HIv3___RNAseq.g3374.t1/Montipora_capitata_HIv3___RNAseq.g42608.t1/Montipora_capitata_HIv3___RNAseq.g12736.t1/Montipora_capitata_HIv3___RNAseq.g403.t1/Montipora_capitata_HIv3___RNAseq.g13857.t1/Montipora_capitata_HIv3___RNAseq.g44562.t1/Montipora_capitata_HIv3___RNAseq.g8971.t1/Montipora_capitata_HIv3___RNAseq.g20771.t1/Montipora_capitata_HIv3___RNAseq.g18395.t1/Montipora_capitata_HIv3___TS.g40519.t3/Montipora_capitata_HIv3___RNAseq.g20807.t2/Montipora_capitata_HIv3___RNAseq.g32149.t1/Montipora_capitata_HIv3___RNAseq.g42740.t1/Montipora_capitata_HIv3___RNAseq.g1174.t1/Montipora_capitata_HIv3___RNAseq.g23247.t1/Montipora_capitata_HIv3___RNAseq.g39974.t1/Montipora_capitata_HIv3___RNAseq.g15188.t1/Montipora_capitata_HIv3___RNAseq.g18929.t1/Montipora_capitata_HIv3___TS.g28908.t1/Montipora_capitata_HIv3___RNAseq.g43111.t1/Montipora_capitata_HIv3___RNAseq.g28116.t1/Montipora_capitata_HIv3___RNAseq.g14625.t1/Montipora_capitata_HIv3___RNAseq.g39706.t2/Montipora_capitata_HIv3___RNAseq.g11658.t1/Montipora_capitata_HIv3___TS.g47745.t1/Montipora_capitata_HIv3___TS.g46192.t3,0.9980232391306181,macromolecule metabolic process,BP
GO:0043067,regulation of programmed cell death,5/79,961/8363,0.9576855690057864,0.5179560890850209,5,961,Montipora_capitata_HIv3___RNAseq.g44519.t1/Montipora_capitata_HIv3___RNAseq.g24095.t1/Montipora_capitata_HIv3___RNAseq.g8971.t1/Montipora_capitata_HIv3___RNAseq.g15188.t1/Montipora_capitata_HIv3___RNAseq.g14488.t1,0.9980232391306181,regulation of programmed cell death,BP
GO:0048609,multicellular organismal reproductive process,7/79,1240/8363,0.9593999585949435,0.5560059744370991,7,1240,Montipora_capitata_HIv3___RNAseq.g14946.t1/Montipora_capitata_HIv3___RNAseq.g24095.t1/Montipora_capitata_HIv3___RNAseq.g8971.t1/Montipora_capitata_HIv3___RNAseq.g28116.t1/Montipora_capitata_HIv3___RNAseq.g15029.t1b/Montipora_capitata_HIv3___RNAseq.g14488.t1/Montipora_capitata_HIv3___TS.g47745.t1,0.9980232391306181,multicellular organismal reproductive process,BP
GO:0032504,multicellular organism reproduction,7/79,1255/8363,0.9629269838021661,0.5481554101419105,7,1255,Montipora_capitata_HIv3___RNAseq.g14946.t1/Montipora_capitata_HIv3___RNAseq.g24095.t1/Montipora_capitata_HIv3___RNAseq.g8971.t1/Montipora_capitata_HIv3___RNAseq.g28116.t1/Montipora_capitata_HIv3___RNAseq.g15029.t1b/Montipora_capitata_HIv3___RNAseq.g14488.t1/Montipora_capitata_HIv3___TS.g47745.t1,0.9980232391306181,multicellular organism reproduction,BP
GO:0050789,regulation of biological process,42/79,5211/8363,0.9629310188645572,0.6841230101596247,42,5211,Montipora_capitata_HIv3___TS.g33283.t2/Montipora_capitata_HIv3___RNAseq.g6978.t1/Montipora_capitata_HIv3___RNAseq.g2559.t1a/Montipora_capitata_HIv3___RNAseq.g26525.t1/Montipora_capitata_HIv3___RNAseq.g15043.t1/Montipora_capitata_HIv3___RNAseq.g41637.t1/Montipora_capitata_HIv3___RNAseq.g34092.t1/Montipora_capitata_HIv3___RNAseq.g44519.t1/Montipora_capitata_HIv3___RNAseq.g50691.t1/Montipora_capitata_HIv3___RNAseq.g3374.t1/Montipora_capitata_HIv3___RNAseq.g13129.t1/Montipora_capitata_HIv3___RNAseq.g42608.t1/Montipora_capitata_HIv3___RNAseq.g12736.t1/Montipora_capitata_HIv3___RNAseq.g403.t1/Montipora_capitata_HIv3___RNAseq.g45361.t1/Montipora_capitata_HIv3___RNAseq.g13857.t1/Montipora_capitata_HIv3___RNAseq.g668.t1/Montipora_capitata_HIv3___RNAseq.g24095.t1/Montipora_capitata_HIv3___RNAseq.g18698.t1/Montipora_capitata_HIv3___RNAseq.g8971.t1/Montipora_capitata_HIv3___RNAseq.g36935.t1/Montipora_capitata_HIv3___RNAseq.g14155.t1/Montipora_capitata_HIv3___RNAseq.g32149.t1/Montipora_capitata_HIv3___RNAseq.g24020.t1/Montipora_capitata_HIv3___RNAseq.g42740.t1/Montipora_capitata_HIv3___RNAseq.g41333.t1/Montipora_capitata_HIv3___RNAseq.g23247.t1/Montipora_capitata_HIv3___RNAseq.g15188.t1/Montipora_capitata_HIv3___RNAseq.g49962.t1/Montipora_capitata_HIv3___RNAseq.g18929.t1/Montipora_capitata_HIv3___RNAseq.g8270.t1/Montipora_capitata_HIv3___RNAseq.g28116.t1/Montipora_capitata_HIv3___RNAseq.g15029.t1b/Montipora_capitata_HIv3___RNAseq.g39706.t2/Montipora_capitata_HIv3___RNAseq.g22853.t1/Montipora_capitata_HIv3___RNAseq.g11658.t1/Montipora_capitata_HIv3___RNAseq.g14488.t1/Montipora_capitata_HIv3___TS.g47745.t1/Montipora_capitata_HIv3___RNAseq.g37450.t2/Montipora_capitata_HIv3___RNAseq.g20763.t1/Montipora_capitata_HIv3___TS.g20607.t1/Montipora_capitata_HIv3___TS.g46192.t3,0.9980232391306181,regulation of biological process,BP
GO:0048585,negative regulation of response to stimulus,5/79,987/8363,0.9643789180710658,0.5024545295666839,5,987,Montipora_capitata_HIv3___RNAseq.g34092.t1/Montipora_capitata_HIv3___RNAseq.g8971.t1/Montipora_capitata_HIv3___RNAseq.g32149.t1/Montipora_capitata_HIv3___RNAseq.g15188.t1/Montipora_capitata_HIv3___RNAseq.g14488.t1,0.9980232391306181,negative regulation of response to stimulus,BP
GO:0050794,regulation of cellular process,38/79,4813/8363,0.9650999474071907,0.6811418333997753,38,4813,Montipora_capitata_HIv3___TS.g33283.t2/Montipora_capitata_HIv3___RNAseq.g6978.t1/Montipora_capitata_HIv3___RNAseq.g2559.t1a/Montipora_capitata_HIv3___RNAseq.g26525.t1/Montipora_capitata_HIv3___RNAseq.g15043.t1/Montipora_capitata_HIv3___RNAseq.g41637.t1/Montipora_capitata_HIv3___RNAseq.g34092.t1/Montipora_capitata_HIv3___RNAseq.g44519.t1/Montipora_capitata_HIv3___RNAseq.g50691.t1/Montipora_capitata_HIv3___RNAseq.g3374.t1/Montipora_capitata_HIv3___RNAseq.g13129.t1/Montipora_capitata_HIv3___RNAseq.g42608.t1/Montipora_capitata_HIv3___RNAseq.g12736.t1/Montipora_capitata_HIv3___RNAseq.g403.t1/Montipora_capitata_HIv3___RNAseq.g13857.t1/Montipora_capitata_HIv3___RNAseq.g668.t1/Montipora_capitata_HIv3___RNAseq.g24095.t1/Montipora_capitata_HIv3___RNAseq.g18698.t1/Montipora_capitata_HIv3___RNAseq.g8971.t1/Montipora_capitata_HIv3___RNAseq.g36935.t1/Montipora_capitata_HIv3___RNAseq.g14155.t1/Montipora_capitata_HIv3___RNAseq.g32149.t1/Montipora_capitata_HIv3___RNAseq.g24020.t1/Montipora_capitata_HIv3___RNAseq.g42740.t1/Montipora_capitata_HIv3___RNAseq.g41333.t1/Montipora_capitata_HIv3___RNAseq.g23247.t1/Montipora_capitata_HIv3___RNAseq.g15188.t1/Montipora_capitata_HIv3___RNAseq.g49962.t1/Montipora_capitata_HIv3___RNAseq.g18929.t1/Montipora_capitata_HIv3___RNAseq.g28116.t1/Montipora_capitata_HIv3___RNAseq.g15029.t1b/Montipora_capitata_HIv3___RNAseq.g39706.t2/Montipora_capitata_HIv3___RNAseq.g22853.t1/Montipora_capitata_HIv3___RNAseq.g14488.t1/Montipora_capitata_HIv3___TS.g47745.t1/Montipora_capitata_HIv3___RNAseq.g20763.t1/Montipora_capitata_HIv3___TS.g20607.t1/Montipora_capitata_HIv3___TS.g46192.t3,0.9980232391306181,regulation of cellular process,BP
GO:0022412,cellular process involved in reproduction in multicellular organism,4/79,846/8363,0.9651714158534244,0.4714175289333959,4,846,Montipora_capitata_HIv3___RNAseq.g8971.t1/Montipora_capitata_HIv3___RNAseq.g28116.t1/Montipora_capitata_HIv3___RNAseq.g15029.t1b/Montipora_capitata_HIv3___TS.g47745.t1,0.9980232391306181,cellular process involved in reproduction in multicellular organism,BP
GO:0044424,GO:0044424,64/79,7314/8363,0.9658283414995956,0.608560862704905,64,7314,Montipora_capitata_HIv3___TS.g33283.t2/Montipora_capitata_HIv3___RNAseq.g6978.t1/Montipora_capitata_HIv3___RNAseq.g36845.t1/Montipora_capitata_HIv3___RNAseq.g26525.t1/Montipora_capitata_HIv3___RNAseq.g15043.t1/Montipora_capitata_HIv3___TS.g44069.t1/Montipora_capitata_HIv3___RNAseq.g35299.t1/Montipora_capitata_HIv3___RNAseq.g34092.t1/Montipora_capitata_HIv3___RNAseq.g44519.t1/Montipora_capitata_HIv3___RNAseq.g50691.t1/Montipora_capitata_HIv3___RNAseq.g3374.t1/Montipora_capitata_HIv3___RNAseq.g42608.t1/Montipora_capitata_HIv3___RNAseq.g39887.t1/Montipora_capitata_HIv3___RNAseq.g12736.t1/Montipora_capitata_HIv3___RNAseq.g44539.t1/Montipora_capitata_HIv3___RNAseq.g403.t1/Montipora_capitata_HIv3___RNAseq.g24524.t1/Montipora_capitata_HIv3___RNAseq.g13857.t1/Montipora_capitata_HIv3___RNAseq.g24095.t1/Montipora_capitata_HIv3___RNAseq.g12548.t1/Montipora_capitata_HIv3___RNAseq.g18698.t1/Montipora_capitata_HIv3___RNAseq.g8971.t1/Montipora_capitata_HIv3___RNAseq.g41416.t2a/Montipora_capitata_HIv3___RNAseq.g18395.t1/Montipora_capitata_HIv3___TS.g40519.t3/Montipora_capitata_HIv3___RNAseq.g20807.t2/Montipora_capitata_HIv3___RNAseq.g36935.t1/Montipora_capitata_HIv3___TS.g5653.t1/Montipora_capitata_HIv3___RNAseq.g9338.t1/Montipora_capitata_HIv3___TS.g6904.t1/Montipora_capitata_HIv3___RNAseq.g14155.t1/Montipora_capitata_HIv3___RNAseq.g32149.t1/Montipora_capitata_HIv3___RNAseq.g30434.t1/Montipora_capitata_HIv3___RNAseq.g40284.t1/Montipora_capitata_HIv3___RNAseq.g42740.t1/Montipora_capitata_HIv3___RNAseq.g41333.t1/Montipora_capitata_HIv3___RNAseq.g22408.t1/Montipora_capitata_HIv3___RNAseq.g1174.t1/Montipora_capitata_HIv3___RNAseq.g23247.t1/Montipora_capitata_HIv3___RNAseq.g39974.t1/Montipora_capitata_HIv3___RNAseq.g15188.t1/Montipora_capitata_HIv3___RNAseq.g49962.t1/Montipora_capitata_HIv3___RNAseq.g18929.t1/Montipora_capitata_HIv3___TS.g50674.t1/Montipora_capitata_HIv3___RNAseq.g8270.t1/Montipora_capitata_HIv3___TS.g28908.t1/Montipora_capitata_HIv3___RNAseq.g43111.t1/Montipora_capitata_HIv3___RNAseq.g15029.t1b/Montipora_capitata_HIv3___TS.g21895.t1/Montipora_capitata_HIv3___RNAseq.g44719.t1/Montipora_capitata_HIv3___RNAseq.g9087.t1/Montipora_capitata_HIv3___RNAseq.g14625.t1/Montipora_capitata_HIv3___RNAseq.g15140.t1/Montipora_capitata_HIv3___RNAseq.g14956.t1/Montipora_capitata_HIv3___RNAseq.g39706.t2/Montipora_capitata_HIv3___RNAseq.g22853.t1/Montipora_capitata_HIv3___TS.g32614.t2/Montipora_capitata_HIv3___RNAseq.g11658.t1/Montipora_capitata_HIv3___RNAseq.g14488.t1/Montipora_capitata_HIv3___TS.g47745.t1/Montipora_capitata_HIv3___RNAseq.g37450.t2/Montipora_capitata_HIv3___RNAseq.g20763.t1/Montipora_capitata_HIv3___TS.g20607.t1/Montipora_capitata_HIv3___TS.g46192.t3,0.9980232391306181,NA,NA
GO:0022607,cellular component assembly,11/79,1786/8363,0.9660877871681841,0.5932412047379251,11,1786,Montipora_capitata_HIv3___RNAseq.g26525.t1/Montipora_capitata_HIv3___RNAseq.g3374.t1/Montipora_capitata_HIv3___RNAseq.g8971.t1/Montipora_capitata_HIv3___TS.g5653.t1/Montipora_capitata_HIv3___RNAseq.g8270.t1/Montipora_capitata_HIv3___RNAseq.g43111.t1/Montipora_capitata_HIv3___RNAseq.g15029.t1b/Montipora_capitata_HIv3___RNAseq.g15140.t1/Montipora_capitata_HIv3___RNAseq.g14488.t1/Montipora_capitata_HIv3___TS.g47745.t1/Montipora_capitata_HIv3___TS.g46192.t3,0.9980232391306181,cellular component assembly,BP
GO:0009892,negative regulation of metabolic process,10/79,1666/8363,0.9672093376798441,0.5801004254262262,10,1666,Montipora_capitata_HIv3___RNAseq.g41637.t1/Montipora_capitata_HIv3___RNAseq.g42608.t1/Montipora_capitata_HIv3___RNAseq.g8971.t1/Montipora_capitata_HIv3___RNAseq.g18929.t1/Montipora_capitata_HIv3___RNAseq.g8270.t1/Montipora_capitata_HIv3___RNAseq.g15029.t1b/Montipora_capitata_HIv3___RNAseq.g39706.t2/Montipora_capitata_HIv3___RNAseq.g11658.t1/Montipora_capitata_HIv3___RNAseq.g14488.t1/Montipora_capitata_HIv3___TS.g47745.t1,0.9980232391306181,negative regulation of metabolic process,BP
GO:0005488,binding,42/79,5238/8363,0.9675791473995985,0.6746723918003312,42,5238,Montipora_capitata_HIv3___TS.g33283.t2/Montipora_capitata_HIv3___RNAseq.g6978.t1/Montipora_capitata_HIv3___RNAseq.g26525.t1/Montipora_capitata_HIv3___RNAseq.g15043.t1/Montipora_capitata_HIv3___TS.g44069.t1/Montipora_capitata_HIv3___RNAseq.g14946.t1/Montipora_capitata_HIv3___RNAseq.g34092.t1/Montipora_capitata_HIv3___RNAseq.g44519.t1/Montipora_capitata_HIv3___RNAseq.g3374.t1/Montipora_capitata_HIv3___RNAseq.g13129.t1/Montipora_capitata_HIv3___RNAseq.g42608.t1/Montipora_capitata_HIv3___RNAseq.g12736.t1/Montipora_capitata_HIv3___RNAseq.g403.t1/Montipora_capitata_HIv3___RNAseq.g24524.t1/Montipora_capitata_HIv3___RNAseq.g668.t1/Montipora_capitata_HIv3___RNAseq.g24095.t1/Montipora_capitata_HIv3___RNAseq.g18698.t1/Montipora_capitata_HIv3___RNAseq.g8971.t1/Montipora_capitata_HIv3___RNAseq.g41416.t2a/Montipora_capitata_HIv3___RNAseq.g18395.t1/Montipora_capitata_HIv3___TS.g40519.t3/Montipora_capitata_HIv3___RNAseq.g36935.t1/Montipora_capitata_HIv3___TS.g5653.t1/Montipora_capitata_HIv3___RNAseq.g32149.t1/Montipora_capitata_HIv3___RNAseq.g42740.t1/Montipora_capitata_HIv3___RNAseq.g41333.t1/Montipora_capitata_HIv3___RNAseq.g1174.t1/Montipora_capitata_HIv3___RNAseq.g39974.t1/Montipora_capitata_HIv3___RNAseq.g15188.t1/Montipora_capitata_HIv3___RNAseq.g49962.t1/Montipora_capitata_HIv3___RNAseq.g18929.t1/Montipora_capitata_HIv3___RNAseq.g43111.t1/Montipora_capitata_HIv3___RNAseq.g15029.t1b/Montipora_capitata_HIv3___RNAseq.g44719.t1/Montipora_capitata_HIv3___RNAseq.g9087.t1/Montipora_capitata_HIv3___RNAseq.g15140.t1/Montipora_capitata_HIv3___RNAseq.g39706.t2/Montipora_capitata_HIv3___RNAseq.g14488.t1/Montipora_capitata_HIv3___TS.g47745.t1/Montipora_capitata_HIv3___RNAseq.g37450.t2/Montipora_capitata_HIv3___TS.g20607.t1/Montipora_capitata_HIv3___TS.g46192.t3,0.9980232391306181,binding,MF
GO:0005515,protein binding,29/79,3891/8363,0.9701270476650543,0.6641351589840113,29,3891,Montipora_capitata_HIv3___TS.g33283.t2/Montipora_capitata_HIv3___RNAseq.g6978.t1/Montipora_capitata_HIv3___RNAseq.g26525.t1/Montipora_capitata_HIv3___RNAseq.g15043.t1/Montipora_capitata_HIv3___TS.g44069.t1/Montipora_capitata_HIv3___RNAseq.g34092.t1/Montipora_capitata_HIv3___RNAseq.g3374.t1/Montipora_capitata_HIv3___RNAseq.g42608.t1/Montipora_capitata_HIv3___RNAseq.g403.t1/Montipora_capitata_HIv3___RNAseq.g24524.t1/Montipora_capitata_HIv3___RNAseq.g668.t1/Montipora_capitata_HIv3___RNAseq.g24095.t1/Montipora_capitata_HIv3___RNAseq.g18698.t1/Montipora_capitata_HIv3___RNAseq.g8971.t1/Montipora_capitata_HIv3___TS.g5653.t1/Montipora_capitata_HIv3___RNAseq.g32149.t1/Montipora_capitata_HIv3___RNAseq.g42740.t1/Montipora_capitata_HIv3___RNAseq.g41333.t1/Montipora_capitata_HIv3___RNAseq.g1174.t1/Montipora_capitata_HIv3___RNAseq.g15188.t1/Montipora_capitata_HIv3___RNAseq.g49962.t1/Montipora_capitata_HIv3___RNAseq.g18929.t1/Montipora_capitata_HIv3___RNAseq.g15029.t1b/Montipora_capitata_HIv3___RNAseq.g39706.t2/Montipora_capitata_HIv3___RNAseq.g14488.t1/Montipora_capitata_HIv3___TS.g47745.t1/Montipora_capitata_HIv3___RNAseq.g37450.t2/Montipora_capitata_HIv3___TS.g20607.t1/Montipora_capitata_HIv3___TS.g46192.t3,0.9980232391306181,protein binding,MF
GO:0005622,intracellular anatomical structure,64/79,7332/8363,0.9703246329130144,0.5964876103800434,64,7332,Montipora_capitata_HIv3___TS.g33283.t2/Montipora_capitata_HIv3___RNAseq.g6978.t1/Montipora_capitata_HIv3___RNAseq.g36845.t1/Montipora_capitata_HIv3___RNAseq.g26525.t1/Montipora_capitata_HIv3___RNAseq.g15043.t1/Montipora_capitata_HIv3___TS.g44069.t1/Montipora_capitata_HIv3___RNAseq.g35299.t1/Montipora_capitata_HIv3___RNAseq.g34092.t1/Montipora_capitata_HIv3___RNAseq.g44519.t1/Montipora_capitata_HIv3___RNAseq.g50691.t1/Montipora_capitata_HIv3___RNAseq.g3374.t1/Montipora_capitata_HIv3___RNAseq.g42608.t1/Montipora_capitata_HIv3___RNAseq.g39887.t1/Montipora_capitata_HIv3___RNAseq.g12736.t1/Montipora_capitata_HIv3___RNAseq.g44539.t1/Montipora_capitata_HIv3___RNAseq.g403.t1/Montipora_capitata_HIv3___RNAseq.g24524.t1/Montipora_capitata_HIv3___RNAseq.g13857.t1/Montipora_capitata_HIv3___RNAseq.g24095.t1/Montipora_capitata_HIv3___RNAseq.g12548.t1/Montipora_capitata_HIv3___RNAseq.g18698.t1/Montipora_capitata_HIv3___RNAseq.g8971.t1/Montipora_capitata_HIv3___RNAseq.g41416.t2a/Montipora_capitata_HIv3___RNAseq.g18395.t1/Montipora_capitata_HIv3___TS.g40519.t3/Montipora_capitata_HIv3___RNAseq.g20807.t2/Montipora_capitata_HIv3___RNAseq.g36935.t1/Montipora_capitata_HIv3___TS.g5653.t1/Montipora_capitata_HIv3___RNAseq.g9338.t1/Montipora_capitata_HIv3___TS.g6904.t1/Montipora_capitata_HIv3___RNAseq.g14155.t1/Montipora_capitata_HIv3___RNAseq.g32149.t1/Montipora_capitata_HIv3___RNAseq.g30434.t1/Montipora_capitata_HIv3___RNAseq.g40284.t1/Montipora_capitata_HIv3___RNAseq.g42740.t1/Montipora_capitata_HIv3___RNAseq.g41333.t1/Montipora_capitata_HIv3___RNAseq.g22408.t1/Montipora_capitata_HIv3___RNAseq.g1174.t1/Montipora_capitata_HIv3___RNAseq.g23247.t1/Montipora_capitata_HIv3___RNAseq.g39974.t1/Montipora_capitata_HIv3___RNAseq.g15188.t1/Montipora_capitata_HIv3___RNAseq.g49962.t1/Montipora_capitata_HIv3___RNAseq.g18929.t1/Montipora_capitata_HIv3___TS.g50674.t1/Montipora_capitata_HIv3___RNAseq.g8270.t1/Montipora_capitata_HIv3___TS.g28908.t1/Montipora_capitata_HIv3___RNAseq.g43111.t1/Montipora_capitata_HIv3___RNAseq.g15029.t1b/Montipora_capitata_HIv3___TS.g21895.t1/Montipora_capitata_HIv3___RNAseq.g44719.t1/Montipora_capitata_HIv3___RNAseq.g9087.t1/Montipora_capitata_HIv3___RNAseq.g14625.t1/Montipora_capitata_HIv3___RNAseq.g15140.t1/Montipora_capitata_HIv3___RNAseq.g14956.t1/Montipora_capitata_HIv3___RNAseq.g39706.t2/Montipora_capitata_HIv3___RNAseq.g22853.t1/Montipora_capitata_HIv3___TS.g32614.t2/Montipora_capitata_HIv3___RNAseq.g11658.t1/Montipora_capitata_HIv3___RNAseq.g14488.t1/Montipora_capitata_HIv3___TS.g47745.t1/Montipora_capitata_HIv3___RNAseq.g37450.t2/Montipora_capitata_HIv3___RNAseq.g20763.t1/Montipora_capitata_HIv3___TS.g20607.t1/Montipora_capitata_HIv3___TS.g46192.t3,0.9980232391306181,intracellular anatomical structure,CC
GO:0044451,GO:0044451,3/79,718/8363,0.9709120763377173,0.4178996582258999,3,718,Montipora_capitata_HIv3___RNAseq.g12736.t1/Montipora_capitata_HIv3___TS.g32614.t2/Montipora_capitata_HIv3___TS.g47745.t1,0.9980232391306181,NA,NA
GO:0006725,cellular aromatic compound metabolic process,16/79,2427/8363,0.9713885200598352,0.6186707544813801,16,2427,Montipora_capitata_HIv3___RNAseq.g26525.t1/Montipora_capitata_HIv3___RNAseq.g34092.t1/Montipora_capitata_HIv3___RNAseq.g42608.t1/Montipora_capitata_HIv3___RNAseq.g12736.t1/Montipora_capitata_HIv3___RNAseq.g403.t1/Montipora_capitata_HIv3___RNAseq.g18395.t1/Montipora_capitata_HIv3___TS.g40519.t3/Montipora_capitata_HIv3___RNAseq.g42740.t1/Montipora_capitata_HIv3___RNAseq.g18929.t1/Montipora_capitata_HIv3___TS.g28908.t1/Montipora_capitata_HIv3___RNAseq.g14956.t1/Montipora_capitata_HIv3___RNAseq.g11658.t1/Montipora_capitata_HIv3___TS.g47745.t1/Montipora_capitata_HIv3___RNAseq.g37450.t2/Montipora_capitata_HIv3___RNAseq.g20763.t1/Montipora_capitata_HIv3___TS.g46192.t3,0.9980232391306181,cellular aromatic compound metabolic process,BP
GO:0006996,organelle organization,16/79,2427/8363,0.9713885200598352,0.6186707544813801,16,2427,Montipora_capitata_HIv3___TS.g33283.t2/Montipora_capitata_HIv3___RNAseq.g6978.t1/Montipora_capitata_HIv3___RNAseq.g3374.t1/Montipora_capitata_HIv3___RNAseq.g39887.t1/Montipora_capitata_HIv3___RNAseq.g13857.t1/Montipora_capitata_HIv3___RNAseq.g8971.t1/Montipora_capitata_HIv3___TS.g5653.t1/Montipora_capitata_HIv3___RNAseq.g42740.t1/Montipora_capitata_HIv3___RNAseq.g1174.t1/Montipora_capitata_HIv3___RNAseq.g23247.t1/Montipora_capitata_HIv3___RNAseq.g49962.t1/Montipora_capitata_HIv3___RNAseq.g43111.t1/Montipora_capitata_HIv3___RNAseq.g15029.t1b/Montipora_capitata_HIv3___RNAseq.g15140.t1/Montipora_capitata_HIv3___TS.g47745.t1/Montipora_capitata_HIv3___TS.g20607.t1,0.9980232391306181,organelle organization,BP
GO:0098772,molecular function regulator activity,3/79,724/8363,0.9722333297553647,0.4140936979666253,3,724,Montipora_capitata_HIv3___RNAseq.g8971.t1/Montipora_capitata_HIv3___RNAseq.g49962.t1/Montipora_capitata_HIv3___RNAseq.g39706.t2,0.9980232391306181,molecular function regulator activity,MF
GO:0007154,cell communication,14/79,2212/8363,0.9750142447398531,0.5963814328393902,14,2212,Montipora_capitata_HIv3___TS.g33283.t2/Montipora_capitata_HIv3___RNAseq.g6978.t1/Montipora_capitata_HIv3___RNAseq.g34092.t1/Montipora_capitata_HIv3___RNAseq.g50691.t1/Montipora_capitata_HIv3___RNAseq.g3374.t1/Montipora_capitata_HIv3___RNAseq.g13129.t1/Montipora_capitata_HIv3___RNAseq.g24095.t1/Montipora_capitata_HIv3___RNAseq.g18698.t1/Montipora_capitata_HIv3___RNAseq.g8971.t1/Montipora_capitata_HIv3___RNAseq.g32149.t1/Montipora_capitata_HIv3___RNAseq.g1174.t1/Montipora_capitata_HIv3___RNAseq.g15188.t1/Montipora_capitata_HIv3___RNAseq.g28116.t1/Montipora_capitata_HIv3___RNAseq.g39706.t2,0.9980232391306181,cell communication,BP
GO:0034654,nucleobase-containing compound biosynthetic process,4/79,893/8363,0.9751658472846609,0.44367575786068514,4,893,Montipora_capitata_HIv3___RNAseq.g12736.t1/Montipora_capitata_HIv3___RNAseq.g14956.t1/Montipora_capitata_HIv3___RNAseq.g20763.t1/Montipora_capitata_HIv3___TS.g46192.t3,0.9980232391306181,nucleobase-containing compound biosynthetic process,BP
GO:0032991,protein-containing complex,22/79,3170/8363,0.9773862597391568,0.6297393971797044,22,3170,Montipora_capitata_HIv3___RNAseq.g6978.t1/Montipora_capitata_HIv3___RNAseq.g12807.t1/Montipora_capitata_HIv3___RNAseq.g42608.t1/Montipora_capitata_HIv3___RNAseq.g403.t1/Montipora_capitata_HIv3___RNAseq.g13857.t1/Montipora_capitata_HIv3___RNAseq.g18698.t1/Montipora_capitata_HIv3___RNAseq.g8971.t1/Montipora_capitata_HIv3___RNAseq.g18395.t1/Montipora_capitata_HIv3___TS.g40519.t3/Montipora_capitata_HIv3___TS.g5653.t1/Montipora_capitata_HIv3___RNAseq.g42740.t1/Montipora_capitata_HIv3___RNAseq.g1174.t1/Montipora_capitata_HIv3___RNAseq.g23247.t1/Montipora_capitata_HIv3___RNAseq.g15188.t1/Montipora_capitata_HIv3___RNAseq.g18929.t1/Montipora_capitata_HIv3___TS.g28908.t1/Montipora_capitata_HIv3___RNAseq.g43111.t1/Montipora_capitata_HIv3___RNAseq.g15029.t1b/Montipora_capitata_HIv3___TS.g32614.t2/Montipora_capitata_HIv3___RNAseq.g11658.t1/Montipora_capitata_HIv3___TS.g47745.t1/Montipora_capitata_HIv3___TS.g46192.t3,0.9980232391306181,protein-containing complex,CC
GO:0042802,identical protein binding,6/79,1197/8363,0.9775519940141644,0.4895272622206056,6,1197,Montipora_capitata_HIv3___RNAseq.g6978.t1/Montipora_capitata_HIv3___RNAseq.g15043.t1/Montipora_capitata_HIv3___TS.g44069.t1/Montipora_capitata_HIv3___RNAseq.g34092.t1/Montipora_capitata_HIv3___RNAseq.g8971.t1/Montipora_capitata_HIv3___RNAseq.g37450.t2,0.9980232391306181,identical protein binding,MF
GO:0007010,cytoskeleton organization,3/79,757/8363,0.9785535637713375,0.39424359165262796,3,757,Montipora_capitata_HIv3___TS.g33283.t2/Montipora_capitata_HIv3___RNAseq.g39887.t1/Montipora_capitata_HIv3___RNAseq.g15029.t1b,0.9980232391306181,cytoskeleton organization,BP
GO:0065007,biological regulation,45/79,5633/8363,0.9804606225852497,0.6385780312227304,45,5633,Montipora_capitata_HIv3___TS.g33283.t2/Montipora_capitata_HIv3___RNAseq.g6978.t1/Montipora_capitata_HIv3___RNAseq.g2559.t1a/Montipora_capitata_HIv3___RNAseq.g26525.t1/Montipora_capitata_HIv3___RNAseq.g15043.t1/Montipora_capitata_HIv3___RNAseq.g41637.t1/Montipora_capitata_HIv3___RNAseq.g14946.t1/Montipora_capitata_HIv3___RNAseq.g34092.t1/Montipora_capitata_HIv3___RNAseq.g44519.t1/Montipora_capitata_HIv3___RNAseq.g50691.t1/Montipora_capitata_HIv3___RNAseq.g3374.t1/Montipora_capitata_HIv3___RNAseq.g13129.t1/Montipora_capitata_HIv3___RNAseq.g42608.t1/Montipora_capitata_HIv3___RNAseq.g12736.t1/Montipora_capitata_HIv3___RNAseq.g403.t1/Montipora_capitata_HIv3___RNAseq.g45361.t1/Montipora_capitata_HIv3___RNAseq.g13857.t1/Montipora_capitata_HIv3___RNAseq.g668.t1/Montipora_capitata_HIv3___RNAseq.g24095.t1/Montipora_capitata_HIv3___RNAseq.g18698.t1/Montipora_capitata_HIv3___RNAseq.g8971.t1/Montipora_capitata_HIv3___RNAseq.g20771.t1/Montipora_capitata_HIv3___RNAseq.g36935.t1/Montipora_capitata_HIv3___RNAseq.g14155.t1/Montipora_capitata_HIv3___RNAseq.g32149.t1/Montipora_capitata_HIv3___RNAseq.g24020.t1/Montipora_capitata_HIv3___RNAseq.g42740.t1/Montipora_capitata_HIv3___RNAseq.g41333.t1/Montipora_capitata_HIv3___RNAseq.g23247.t1/Montipora_capitata_HIv3___RNAseq.g39974.t1/Montipora_capitata_HIv3___RNAseq.g15188.t1/Montipora_capitata_HIv3___RNAseq.g49962.t1/Montipora_capitata_HIv3___RNAseq.g18929.t1/Montipora_capitata_HIv3___RNAseq.g8270.t1/Montipora_capitata_HIv3___RNAseq.g28116.t1/Montipora_capitata_HIv3___RNAseq.g15029.t1b/Montipora_capitata_HIv3___RNAseq.g39706.t2/Montipora_capitata_HIv3___RNAseq.g22853.t1/Montipora_capitata_HIv3___RNAseq.g11658.t1/Montipora_capitata_HIv3___RNAseq.g14488.t1/Montipora_capitata_HIv3___TS.g47745.t1/Montipora_capitata_HIv3___RNAseq.g37450.t2/Montipora_capitata_HIv3___RNAseq.g20763.t1/Montipora_capitata_HIv3___TS.g20607.t1/Montipora_capitata_HIv3___TS.g46192.t3,0.9980232391306181,biological regulation,BP
GO:0044425,GO:0044425,14/79,2258/8363,0.9806122672359887,0.5797486268673414,14,2258,Montipora_capitata_HIv3___RNAseq.g6978.t1/Montipora_capitata_HIv3___RNAseq.g12807.t1/Montipora_capitata_HIv3___RNAseq.g50691.t1/Montipora_capitata_HIv3___RNAseq.g13129.t1/Montipora_capitata_HIv3___RNAseq.g668.t1/Montipora_capitata_HIv3___RNAseq.g8971.t1/Montipora_capitata_HIv3___RNAseq.g20771.t1/Montipora_capitata_HIv3___RNAseq.g41416.t2a/Montipora_capitata_HIv3___RNAseq.g42740.t1/Montipora_capitata_HIv3___RNAseq.g39974.t1/Montipora_capitata_HIv3___RNAseq.g15188.t1/Montipora_capitata_HIv3___RNAseq.g28116.t1/Montipora_capitata_HIv3___TS.g21895.t1/Montipora_capitata_HIv3___RNAseq.g39706.t2,0.9980232391306181,NA,NA
GO:0051716,cellular response to stimulus,20/79,2995/8363,0.9830022221352348,0.6049617737767429,20,2995,Montipora_capitata_HIv3___TS.g33283.t2/Montipora_capitata_HIv3___RNAseq.g6978.t1/Montipora_capitata_HIv3___RNAseq.g34092.t1/Montipora_capitata_HIv3___RNAseq.g44519.t1/Montipora_capitata_HIv3___RNAseq.g50691.t1/Montipora_capitata_HIv3___RNAseq.g3374.t1/Montipora_capitata_HIv3___RNAseq.g13129.t1/Montipora_capitata_HIv3___RNAseq.g668.t1/Montipora_capitata_HIv3___RNAseq.g24095.t1/Montipora_capitata_HIv3___RNAseq.g18698.t1/Montipora_capitata_HIv3___RNAseq.g8971.t1/Montipora_capitata_HIv3___TS.g40519.t3/Montipora_capitata_HIv3___RNAseq.g32149.t1/Montipora_capitata_HIv3___RNAseq.g15188.t1/Montipora_capitata_HIv3___RNAseq.g28116.t1/Montipora_capitata_HIv3___RNAseq.g39706.t2/Montipora_capitata_HIv3___RNAseq.g26867.t1/Montipora_capitata_HIv3___RNAseq.g14488.t1/Montipora_capitata_HIv3___TS.g47745.t1/Montipora_capitata_HIv3___TS.g46192.t3,0.9980232391306181,cellular response to stimulus,BP
GO:0071944,cell periphery,12/79,2047/8363,0.9843416799173473,0.5500479428505037,12,2047,Montipora_capitata_HIv3___RNAseq.g6978.t1/Montipora_capitata_HIv3___RNAseq.g12807.t1/Montipora_capitata_HIv3___RNAseq.g13129.t1/Montipora_capitata_HIv3___RNAseq.g403.t1/Montipora_capitata_HIv3___RNAseq.g668.t1/Montipora_capitata_HIv3___RNAseq.g18698.t1/Montipora_capitata_HIv3___RNAseq.g8971.t1/Montipora_capitata_HIv3___RNAseq.g20771.t1/Montipora_capitata_HIv3___RNAseq.g41416.t2a/Montipora_capitata_HIv3___RNAseq.g20807.t2/Montipora_capitata_HIv3___RNAseq.g28116.t1/Montipora_capitata_HIv3___RNAseq.g39706.t2,0.9980232391306181,cell periphery,CC
GO:0030154,cell differentiation,15/79,2430/8363,0.9853946998238765,0.5696182821344792,15,2430,Montipora_capitata_HIv3___RNAseq.g6978.t1/Montipora_capitata_HIv3___RNAseq.g13857.t1/Montipora_capitata_HIv3___RNAseq.g18698.t1/Montipora_capitata_HIv3___RNAseq.g8971.t1/Montipora_capitata_HIv3___RNAseq.g24020.t1/Montipora_capitata_HIv3___RNAseq.g41333.t1/Montipora_capitata_HIv3___RNAseq.g1174.t1/Montipora_capitata_HIv3___RNAseq.g28116.t1/Montipora_capitata_HIv3___RNAseq.g15029.t1b/Montipora_capitata_HIv3___RNAseq.g14625.t1/Montipora_capitata_HIv3___RNAseq.g39706.t2/Montipora_capitata_HIv3___TS.g47745.t1/Montipora_capitata_HIv3___RNAseq.g37450.t2/Montipora_capitata_HIv3___TS.g20607.t1/Montipora_capitata_HIv3___TS.g46192.t3,0.9980232391306181,cell differentiation,BP
GO:0003674,molecular_function,60/79,7077/8363,0.9855917533827492,0.5702411302222482,60,7077,Montipora_capitata_HIv3___TS.g33283.t2/Montipora_capitata_HIv3___RNAseq.g6978.t1/Montipora_capitata_HIv3___RNAseq.g36845.t1/Montipora_capitata_HIv3___RNAseq.g26525.t1/Montipora_capitata_HIv3___RNAseq.g15043.t1/Montipora_capitata_HIv3___TS.g44069.t1/Montipora_capitata_HIv3___RNAseq.g35299.t1/Montipora_capitata_HIv3___RNAseq.g14946.t1/Montipora_capitata_HIv3___RNAseq.g34092.t1/Montipora_capitata_HIv3___RNAseq.g44519.t1/Montipora_capitata_HIv3___RNAseq.g50691.t1/Montipora_capitata_HIv3___RNAseq.g3374.t1/Montipora_capitata_HIv3___RNAseq.g13129.t1/Montipora_capitata_HIv3___RNAseq.g42608.t1/Montipora_capitata_HIv3___RNAseq.g39887.t1/Montipora_capitata_HIv3___RNAseq.g12736.t1/Montipora_capitata_HIv3___RNAseq.g44539.t1/Montipora_capitata_HIv3___RNAseq.g403.t1/Montipora_capitata_HIv3___RNAseq.g24524.t1/Montipora_capitata_HIv3___RNAseq.g13857.t1/Montipora_capitata_HIv3___RNAseq.g668.t1/Montipora_capitata_HIv3___RNAseq.g44562.t1/Montipora_capitata_HIv3___RNAseq.g24095.t1/Montipora_capitata_HIv3___RNAseq.g18698.t1/Montipora_capitata_HIv3___RNAseq.g8971.t1/Montipora_capitata_HIv3___RNAseq.g20771.t1/Montipora_capitata_HIv3___RNAseq.g41416.t2a/Montipora_capitata_HIv3___RNAseq.g18395.t1/Montipora_capitata_HIv3___TS.g40519.t3/Montipora_capitata_HIv3___RNAseq.g20807.t2/Montipora_capitata_HIv3___RNAseq.g36935.t1/Montipora_capitata_HIv3___TS.g5653.t1/Montipora_capitata_HIv3___TS.g6904.t1/Montipora_capitata_HIv3___RNAseq.g14155.t1/Montipora_capitata_HIv3___RNAseq.g32149.t1/Montipora_capitata_HIv3___RNAseq.g42740.t1/Montipora_capitata_HIv3___RNAseq.g41333.t1/Montipora_capitata_HIv3___RNAseq.g1174.t1/Montipora_capitata_HIv3___RNAseq.g23247.t1/Montipora_capitata_HIv3___RNAseq.g39974.t1/Montipora_capitata_HIv3___RNAseq.g15188.t1/Montipora_capitata_HIv3___RNAseq.g49962.t1/Montipora_capitata_HIv3___RNAseq.g18929.t1/Montipora_capitata_HIv3___RNAseq.g43111.t1/Montipora_capitata_HIv3___RNAseq.g28116.t1/Montipora_capitata_HIv3___RNAseq.g15029.t1b/Montipora_capitata_HIv3___TS.g21895.t1/Montipora_capitata_HIv3___RNAseq.g44719.t1/Montipora_capitata_HIv3___RNAseq.g9087.t1/Montipora_capitata_HIv3___RNAseq.g14625.t1/Montipora_capitata_HIv3___RNAseq.g15140.t1/Montipora_capitata_HIv3___RNAseq.g14956.t1/Montipora_capitata_HIv3___RNAseq.g39706.t2/Montipora_capitata_HIv3___RNAseq.g11658.t1/Montipora_capitata_HIv3___RNAseq.g14488.t1/Montipora_capitata_HIv3___TS.g47745.t1/Montipora_capitata_HIv3___RNAseq.g37450.t2/Montipora_capitata_HIv3___RNAseq.g20763.t1/Montipora_capitata_HIv3___TS.g20607.t1/Montipora_capitata_HIv3___TS.g46192.t3,0.9980232391306181,molecular_function,MF
GO:0034645,GO:0034645,6/79,1287/8363,0.9878792847465987,0.449358247513295,6,1287,Montipora_capitata_HIv3___RNAseq.g3374.t1/Montipora_capitata_HIv3___RNAseq.g12736.t1/Montipora_capitata_HIv3___RNAseq.g15188.t1/Montipora_capitata_HIv3___RNAseq.g43111.t1/Montipora_capitata_HIv3___RNAseq.g11658.t1/Montipora_capitata_HIv3___TS.g46192.t3,0.9980232391306181,NA,NA
GO:0045595,regulation of cell differentiation,5/79,1142/8363,0.9879725536143567,0.4247497618102476,5,1142,Montipora_capitata_HIv3___RNAseq.g6978.t1/Montipora_capitata_HIv3___RNAseq.g8971.t1/Montipora_capitata_HIv3___RNAseq.g24020.t1/Montipora_capitata_HIv3___RNAseq.g42740.t1/Montipora_capitata_HIv3___RNAseq.g39706.t2,0.9980232391306181,regulation of cell differentiation,BP
GO:0048519,negative regulation of biological process,19/79,2943/8363,0.988087762437333,0.5805179471343479,19,2943,Montipora_capitata_HIv3___RNAseq.g6978.t1/Montipora_capitata_HIv3___RNAseq.g41637.t1/Montipora_capitata_HIv3___RNAseq.g34092.t1/Montipora_capitata_HIv3___RNAseq.g44519.t1/Montipora_capitata_HIv3___RNAseq.g42608.t1/Montipora_capitata_HIv3___RNAseq.g24095.t1/Montipora_capitata_HIv3___RNAseq.g18698.t1/Montipora_capitata_HIv3___RNAseq.g8971.t1/Montipora_capitata_HIv3___RNAseq.g32149.t1/Montipora_capitata_HIv3___RNAseq.g42740.t1/Montipora_capitata_HIv3___RNAseq.g15188.t1/Montipora_capitata_HIv3___RNAseq.g18929.t1/Montipora_capitata_HIv3___RNAseq.g8270.t1/Montipora_capitata_HIv3___RNAseq.g28116.t1/Montipora_capitata_HIv3___RNAseq.g15029.t1b/Montipora_capitata_HIv3___RNAseq.g39706.t2/Montipora_capitata_HIv3___RNAseq.g11658.t1/Montipora_capitata_HIv3___RNAseq.g14488.t1/Montipora_capitata_HIv3___TS.g47745.t1,0.9980232391306181,negative regulation of biological process,BP
GO:0006139,nucleobase-containing compound metabolic process,13/79,2220/8363,0.9882016861744983,0.5423749029639701,13,2220,Montipora_capitata_HIv3___RNAseq.g26525.t1/Montipora_capitata_HIv3___RNAseq.g42608.t1/Montipora_capitata_HIv3___RNAseq.g12736.t1/Montipora_capitata_HIv3___RNAseq.g403.t1/Montipora_capitata_HIv3___RNAseq.g18395.t1/Montipora_capitata_HIv3___TS.g40519.t3/Montipora_capitata_HIv3___RNAseq.g18929.t1/Montipora_capitata_HIv3___TS.g28908.t1/Montipora_capitata_HIv3___RNAseq.g14956.t1/Montipora_capitata_HIv3___RNAseq.g11658.t1/Montipora_capitata_HIv3___TS.g47745.t1/Montipora_capitata_HIv3___RNAseq.g20763.t1/Montipora_capitata_HIv3___TS.g46192.t3,0.9980232391306181,nucleobase-containing compound metabolic process,BP
GO:0048646,anatomical structure formation involved in morphogenesis,3/79,832/8363,0.9882598966169284,0.3550067623187955,3,832,Montipora_capitata_HIv3___RNAseq.g2559.t1a/Montipora_capitata_HIv3___RNAseq.g8971.t1/Montipora_capitata_HIv3___TS.g46192.t3,0.9980232391306181,anatomical structure formation involved in morphogenesis,BP
GO:0045934,negative regulation of nucleobase-containing compound metabolic process,3/79,840/8363,0.989004068951821,0.35123650740811857,3,840,Montipora_capitata_HIv3___RNAseq.g42608.t1/Montipora_capitata_HIv3___RNAseq.g8971.t1/Montipora_capitata_HIv3___TS.g47745.t1,0.9980232391306181,negative regulation of nucleobase-containing compound metabolic process,BP
GO:0048869,cellular developmental process,15/79,2482/8363,0.9892055055597095,0.5526728430539332,15,2482,Montipora_capitata_HIv3___RNAseq.g6978.t1/Montipora_capitata_HIv3___RNAseq.g13857.t1/Montipora_capitata_HIv3___RNAseq.g18698.t1/Montipora_capitata_HIv3___RNAseq.g8971.t1/Montipora_capitata_HIv3___RNAseq.g24020.t1/Montipora_capitata_HIv3___RNAseq.g41333.t1/Montipora_capitata_HIv3___RNAseq.g1174.t1/Montipora_capitata_HIv3___RNAseq.g28116.t1/Montipora_capitata_HIv3___RNAseq.g15029.t1b/Montipora_capitata_HIv3___RNAseq.g14625.t1/Montipora_capitata_HIv3___RNAseq.g39706.t2/Montipora_capitata_HIv3___TS.g47745.t1/Montipora_capitata_HIv3___RNAseq.g37450.t2/Montipora_capitata_HIv3___TS.g20607.t1/Montipora_capitata_HIv3___TS.g46192.t3,0.9980232391306181,cellular developmental process,BP
GO:0019953,sexual reproduction,5/79,1158/8363,0.9893061049602118,0.41791827415569804,5,1158,Montipora_capitata_HIv3___RNAseq.g14946.t1/Montipora_capitata_HIv3___RNAseq.g8971.t1/Montipora_capitata_HIv3___RNAseq.g28116.t1/Montipora_capitata_HIv3___RNAseq.g15029.t1b/Montipora_capitata_HIv3___TS.g47745.t1,0.9980232391306181,sexual reproduction,BP
GO:0048513,animal organ development,13/79,2240/8363,0.9895437531184363,0.5357384353689697,13,2240,Montipora_capitata_HIv3___RNAseq.g2559.t1a/Montipora_capitata_HIv3___RNAseq.g3374.t1/Montipora_capitata_HIv3___RNAseq.g13857.t1/Montipora_capitata_HIv3___RNAseq.g668.t1/Montipora_capitata_HIv3___RNAseq.g18698.t1/Montipora_capitata_HIv3___RNAseq.g8971.t1/Montipora_capitata_HIv3___RNAseq.g39974.t1/Montipora_capitata_HIv3___RNAseq.g28116.t1/Montipora_capitata_HIv3___RNAseq.g14625.t1/Montipora_capitata_HIv3___RNAseq.g39706.t2/Montipora_capitata_HIv3___RNAseq.g14488.t1/Montipora_capitata_HIv3___TS.g46192.t3/Montipora_capitata_HIv3___RNAseq.g50276.t1,0.9980232391306181,animal organ development,BP
GO:0009059,macromolecule biosynthetic process,6/79,1310/8363,0.9896978315008478,0.43998314411961437,6,1310,Montipora_capitata_HIv3___RNAseq.g3374.t1/Montipora_capitata_HIv3___RNAseq.g12736.t1/Montipora_capitata_HIv3___RNAseq.g15188.t1/Montipora_capitata_HIv3___RNAseq.g43111.t1/Montipora_capitata_HIv3___RNAseq.g11658.t1/Montipora_capitata_HIv3___TS.g46192.t3,0.9980232391306181,macromolecule biosynthetic process,BP
GO:0007276,gamete generation,4/79,1014/8363,0.9900228407735266,0.38413591404997616,4,1014,Montipora_capitata_HIv3___RNAseq.g8971.t1/Montipora_capitata_HIv3___RNAseq.g28116.t1/Montipora_capitata_HIv3___RNAseq.g15029.t1b/Montipora_capitata_HIv3___TS.g47745.t1,0.9980232391306181,gamete generation,BP
GO:0022402,cell cycle process,3/79,865/8363,0.9910519214965546,0.33990549345412746,3,865,Montipora_capitata_HIv3___RNAseq.g39887.t1/Montipora_capitata_HIv3___RNAseq.g23247.t1/Montipora_capitata_HIv3___RNAseq.g15029.t1b,0.9980232391306181,cell cycle process,BP
GO:0003006,developmental process involved in reproduction,4/79,1032/8363,0.991329825796541,0.37647629851928494,4,1032,Montipora_capitata_HIv3___RNAseq.g8971.t1/Montipora_capitata_HIv3___RNAseq.g28116.t1/Montipora_capitata_HIv3___RNAseq.g15029.t1b/Montipora_capitata_HIv3___TS.g47745.t1,0.9980232391306181,developmental process involved in reproduction,BP
GO:0000003,reproduction,8/79,1625/8363,0.9918386943480761,0.4646132436191933,8,1625,Montipora_capitata_HIv3___RNAseq.g14946.t1/Montipora_capitata_HIv3___RNAseq.g42608.t1/Montipora_capitata_HIv3___RNAseq.g24095.t1/Montipora_capitata_HIv3___RNAseq.g8971.t1/Montipora_capitata_HIv3___RNAseq.g28116.t1/Montipora_capitata_HIv3___RNAseq.g15029.t1b/Montipora_capitata_HIv3___RNAseq.g14488.t1/Montipora_capitata_HIv3___TS.g47745.t1,0.9980232391306181,reproduction,BP
GO:0051726,regulation of cell cycle,3/79,898/8363,0.993205374831054,0.32591778963967144,3,898,Montipora_capitata_HIv3___RNAseq.g8971.t1/Montipora_capitata_HIv3___RNAseq.g32149.t1/Montipora_capitata_HIv3___RNAseq.g23247.t1,0.9980232391306181,regulation of cell cycle,BP
GO:0010605,negative regulation of macromolecule metabolic process,7/79,1522/8363,0.9936862643651152,0.4344156573375692,7,1522,Montipora_capitata_HIv3___RNAseq.g42608.t1/Montipora_capitata_HIv3___RNAseq.g8971.t1/Montipora_capitata_HIv3___RNAseq.g18929.t1/Montipora_capitata_HIv3___RNAseq.g8270.t1/Montipora_capitata_HIv3___RNAseq.g39706.t2/Montipora_capitata_HIv3___RNAseq.g11658.t1/Montipora_capitata_HIv3___TS.g47745.t1,0.9980232391306181,negative regulation of macromolecule metabolic process,BP
GO:0044260,GO:0044260,21/79,3288/8363,0.9938139062997201,0.556051853918454,21,3288,Montipora_capitata_HIv3___RNAseq.g6978.t1/Montipora_capitata_HIv3___RNAseq.g15043.t1/Montipora_capitata_HIv3___RNAseq.g35299.t1/Montipora_capitata_HIv3___RNAseq.g3374.t1/Montipora_capitata_HIv3___RNAseq.g42608.t1/Montipora_capitata_HIv3___RNAseq.g12736.t1/Montipora_capitata_HIv3___RNAseq.g44562.t1/Montipora_capitata_HIv3___RNAseq.g8971.t1/Montipora_capitata_HIv3___TS.g40519.t3/Montipora_capitata_HIv3___RNAseq.g32149.t1/Montipora_capitata_HIv3___RNAseq.g42740.t1/Montipora_capitata_HIv3___RNAseq.g1174.t1/Montipora_capitata_HIv3___RNAseq.g23247.t1/Montipora_capitata_HIv3___RNAseq.g39974.t1/Montipora_capitata_HIv3___RNAseq.g15188.t1/Montipora_capitata_HIv3___RNAseq.g18929.t1/Montipora_capitata_HIv3___RNAseq.g43111.t1/Montipora_capitata_HIv3___RNAseq.g28116.t1/Montipora_capitata_HIv3___RNAseq.g39706.t2/Montipora_capitata_HIv3___RNAseq.g11658.t1/Montipora_capitata_HIv3___TS.g46192.t3,0.9980232391306181,NA,NA
GO:0005886,plasma membrane,10/79,1946/8363,0.9942083472808811,0.47526442549937775,10,1946,Montipora_capitata_HIv3___RNAseq.g6978.t1/Montipora_capitata_HIv3___RNAseq.g12807.t1/Montipora_capitata_HIv3___RNAseq.g13129.t1/Montipora_capitata_HIv3___RNAseq.g668.t1/Montipora_capitata_HIv3___RNAseq.g8971.t1/Montipora_capitata_HIv3___RNAseq.g20771.t1/Montipora_capitata_HIv3___RNAseq.g41416.t2a/Montipora_capitata_HIv3___RNAseq.g20807.t2/Montipora_capitata_HIv3___RNAseq.g28116.t1/Montipora_capitata_HIv3___RNAseq.g39706.t2,0.9980232391306181,plasma membrane,CC
GO:0048523,negative regulation of cellular process,15/79,2592/8363,0.994489803169503,0.5190800023165569,15,2592,Montipora_capitata_HIv3___RNAseq.g6978.t1/Montipora_capitata_HIv3___RNAseq.g41637.t1/Montipora_capitata_HIv3___RNAseq.g34092.t1/Montipora_capitata_HIv3___RNAseq.g44519.t1/Montipora_capitata_HIv3___RNAseq.g42608.t1/Montipora_capitata_HIv3___RNAseq.g24095.t1/Montipora_capitata_HIv3___RNAseq.g18698.t1/Montipora_capitata_HIv3___RNAseq.g8971.t1/Montipora_capitata_HIv3___RNAseq.g32149.t1/Montipora_capitata_HIv3___RNAseq.g42740.t1/Montipora_capitata_HIv3___RNAseq.g15188.t1/Montipora_capitata_HIv3___RNAseq.g15029.t1b/Montipora_capitata_HIv3___RNAseq.g39706.t2/Montipora_capitata_HIv3___RNAseq.g14488.t1/Montipora_capitata_HIv3___TS.g47745.t1,0.9980232391306181,negative regulation of cellular process,BP
GO:0007049,cell cycle,3/79,937/8363,0.9951152174817555,0.3106611464510559,3,937,Montipora_capitata_HIv3___RNAseq.g39887.t1/Montipora_capitata_HIv3___RNAseq.g23247.t1/Montipora_capitata_HIv3___RNAseq.g15029.t1b,0.9980232391306181,cell cycle,BP
GO:0031324,negative regulation of cellular metabolic process,6/79,1426/8363,0.9955957137645499,0.39732810926117546,6,1426,Montipora_capitata_HIv3___RNAseq.g41637.t1/Montipora_capitata_HIv3___RNAseq.g42608.t1/Montipora_capitata_HIv3___RNAseq.g8971.t1/Montipora_capitata_HIv3___RNAseq.g15029.t1b/Montipora_capitata_HIv3___RNAseq.g39706.t2/Montipora_capitata_HIv3___TS.g47745.t1,0.9980232391306181,negative regulation of cellular metabolic process,BP
GO:0022414,reproductive process,7/79,1576/8363,0.9957289328337662,0.4161187179753352,7,1576,Montipora_capitata_HIv3___RNAseq.g14946.t1/Montipora_capitata_HIv3___RNAseq.g24095.t1/Montipora_capitata_HIv3___RNAseq.g8971.t1/Montipora_capitata_HIv3___RNAseq.g28116.t1/Montipora_capitata_HIv3___RNAseq.g15029.t1b/Montipora_capitata_HIv3___RNAseq.g14488.t1/Montipora_capitata_HIv3___TS.g47745.t1,0.9980232391306181,reproductive process,BP
GO:0009987,cellular process,59/79,7244/8363,0.998733820520753,0.45128061318568724,59,7244,Montipora_capitata_HIv3___TS.g33283.t2/Montipora_capitata_HIv3___RNAseq.g6978.t1/Montipora_capitata_HIv3___RNAseq.g36845.t1/Montipora_capitata_HIv3___RNAseq.g26525.t1/Montipora_capitata_HIv3___RNAseq.g15043.t1/Montipora_capitata_HIv3___TS.g44069.t1/Montipora_capitata_HIv3___RNAseq.g35299.t1/Montipora_capitata_HIv3___RNAseq.g34092.t1/Montipora_capitata_HIv3___RNAseq.g44519.t1/Montipora_capitata_HIv3___RNAseq.g50691.t1/Montipora_capitata_HIv3___RNAseq.g3374.t1/Montipora_capitata_HIv3___RNAseq.g13129.t1/Montipora_capitata_HIv3___RNAseq.g42608.t1/Montipora_capitata_HIv3___RNAseq.g39887.t1/Montipora_capitata_HIv3___RNAseq.g12736.t1/Montipora_capitata_HIv3___RNAseq.g403.t1/Montipora_capitata_HIv3___RNAseq.g13857.t1/Montipora_capitata_HIv3___RNAseq.g668.t1/Montipora_capitata_HIv3___RNAseq.g44562.t1/Montipora_capitata_HIv3___RNAseq.g24095.t1/Montipora_capitata_HIv3___RNAseq.g18698.t1/Montipora_capitata_HIv3___RNAseq.g8971.t1/Montipora_capitata_HIv3___RNAseq.g20771.t1/Montipora_capitata_HIv3___RNAseq.g18395.t1/Montipora_capitata_HIv3___TS.g40519.t3/Montipora_capitata_HIv3___RNAseq.g20807.t2/Montipora_capitata_HIv3___TS.g5653.t1/Montipora_capitata_HIv3___TS.g6904.t1/Montipora_capitata_HIv3___RNAseq.g32149.t1/Montipora_capitata_HIv3___RNAseq.g24020.t1/Montipora_capitata_HIv3___RNAseq.g42740.t1/Montipora_capitata_HIv3___RNAseq.g41333.t1/Montipora_capitata_HIv3___RNAseq.g1174.t1/Montipora_capitata_HIv3___RNAseq.g23247.t1/Montipora_capitata_HIv3___RNAseq.g39974.t1/Montipora_capitata_HIv3___RNAseq.g15188.t1/Montipora_capitata_HIv3___RNAseq.g49962.t1/Montipora_capitata_HIv3___RNAseq.g18929.t1/Montipora_capitata_HIv3___TS.g50674.t1/Montipora_capitata_HIv3___RNAseq.g8270.t1/Montipora_capitata_HIv3___TS.g28908.t1/Montipora_capitata_HIv3___RNAseq.g43111.t1/Montipora_capitata_HIv3___RNAseq.g28116.t1/Montipora_capitata_HIv3___RNAseq.g15029.t1b/Montipora_capitata_HIv3___TS.g21895.t1/Montipora_capitata_HIv3___RNAseq.g44719.t1/Montipora_capitata_HIv3___RNAseq.g9087.t1/Montipora_capitata_HIv3___RNAseq.g14625.t1/Montipora_capitata_HIv3___RNAseq.g15140.t1/Montipora_capitata_HIv3___RNAseq.g14956.t1/Montipora_capitata_HIv3___RNAseq.g39706.t2/Montipora_capitata_HIv3___RNAseq.g26867.t1/Montipora_capitata_HIv3___RNAseq.g11658.t1/Montipora_capitata_HIv3___RNAseq.g14488.t1/Montipora_capitata_HIv3___TS.g47745.t1/Montipora_capitata_HIv3___RNAseq.g37450.t2/Montipora_capitata_HIv3___RNAseq.g20763.t1/Montipora_capitata_HIv3___TS.g20607.t1/Montipora_capitata_HIv3___TS.g46192.t3,0.999159680254965,cellular process,BP
GO:0051172,negative regulation of nitrogen compound metabolic process,4/79,1313/8363,0.999159680254965,0.284213238196516,4,1313,Montipora_capitata_HIv3___RNAseq.g42608.t1/Montipora_capitata_HIv3___RNAseq.g8971.t1/Montipora_capitata_HIv3___RNAseq.g39706.t2/Montipora_capitata_HIv3___TS.g47745.t1,0.999159680254965,negative regulation of nitrogen compound metabolic process,BP
