ID,Description,GeneRatio,BgRatio,pvalue,OddsRatio,Count,TermSize,GeneIDs,p.adjust,TERM,ONTOLOGY
GO:0009260,ribonucleotide biosynthetic process,3/26,142/8282,0.009613156850830753,7.612261248380282,3,142,Montipora_capitata_HIv3___RNAseq.g22747.t1/Montipora_capitata_HIv3___RNAseq.g33912.t1/Montipora_capitata_HIv3___RNAseq.g12097.t1,0.8024299597369436,ribonucleotide biosynthetic process,BP
GO:0046390,ribose phosphate biosynthetic process,3/26,146/8282,0.010368511118692003,7.396341903011949,3,146,Montipora_capitata_HIv3___RNAseq.g22747.t1/Montipora_capitata_HIv3___RNAseq.g33912.t1/Montipora_capitata_HIv3___RNAseq.g12097.t1,0.8024299597369436,ribose phosphate biosynthetic process,BP
GO:0042593,glucose homeostasis,3/26,153/8282,0.011772033422488297,7.043308545362164,3,153,Montipora_capitata_HIv3___RNAseq.g20093.t1/Montipora_capitata_HIv3___RNAseq.g25137.t1/Montipora_capitata_HIv3___RNAseq.g25143.t1,0.8024299597369436,glucose homeostasis,BP
GO:0033500,carbohydrate homeostasis,3/26,158/8282,0.012838879355791099,6.812800500076544,3,158,Montipora_capitata_HIv3___RNAseq.g20093.t1/Montipora_capitata_HIv3___RNAseq.g25137.t1/Montipora_capitata_HIv3___RNAseq.g25143.t1,0.8024299597369436,carbohydrate homeostasis,BP
GO:0009165,nucleotide biosynthetic process,3/26,205/8282,0.025559600617894324,5.198134925285956,3,205,Montipora_capitata_HIv3___RNAseq.g22747.t1/Montipora_capitata_HIv3___RNAseq.g33912.t1/Montipora_capitata_HIv3___RNAseq.g12097.t1,0.8593508247228673,nucleotide biosynthetic process,BP
GO:1901293,nucleoside phosphate biosynthetic process,3/26,208/8282,0.026539179803290062,5.120247754911609,3,208,Montipora_capitata_HIv3___RNAseq.g22747.t1/Montipora_capitata_HIv3___RNAseq.g33912.t1/Montipora_capitata_HIv3___RNAseq.g12097.t1,0.8593508247228673,nucleoside phosphate biosynthetic process,BP
GO:0005739,mitochondrion,7/26,1097/8282,0.04749069773133152,2.421762425808259,7,1097,Montipora_capitata_HIv3___RNAseq.g7598.t1/Montipora_capitata_HIv3___RNAseq.g20093.t1/Montipora_capitata_HIv3___RNAseq.g13613.t1/Montipora_capitata_HIv3___RNAseq.g25137.t1/Montipora_capitata_HIv3___RNAseq.g22747.t1/Montipora_capitata_HIv3___RNAseq.g12097.t1/Montipora_capitata_HIv3___RNAseq.g25143.t1,0.8593508247228673,mitochondrion,CC
GO:0050896,response to stimulus,17/26,4004/8282,0.060751457938661275,2.0223073587970024,17,4004,Montipora_capitata_HIv3___RNAseq.g7598.t1/Montipora_capitata_HIv3___RNAseq.g20093.t1/Montipora_capitata_HIv3___RNAseq.g40803.t1/Montipora_capitata_HIv3___RNAseq.g13613.t1/Montipora_capitata_HIv3___RNAseq.g25137.t1/Montipora_capitata_HIv3___TS.g26714.t1/Montipora_capitata_HIv3___RNAseq.g22747.t1/Montipora_capitata_HIv3___RNAseq.g21911.t1/Montipora_capitata_HIv3___RNAseq.g33912.t1/Montipora_capitata_HIv3___RNAseq.g44252.t1/Montipora_capitata_HIv3___RNAseq.g26661.t1/Montipora_capitata_HIv3___RNAseq.g34571.t1/Montipora_capitata_HIv3___RNAseq.g12097.t1/Montipora_capitata_HIv3___TS.g35289.t2/Montipora_capitata_HIv3___RNAseq.g25143.t1/Montipora_capitata_HIv3___RNAseq.g45083.t2/Montipora_capitata_HIv3___RNAseq.g14940.t1,0.8593508247228673,response to stimulus,BP
GO:0048878,chemical homeostasis,5/26,692/8282,0.06075901715580481,2.6227472898771147,5,692,Montipora_capitata_HIv3___RNAseq.g20093.t1/Montipora_capitata_HIv3___RNAseq.g25137.t1/Montipora_capitata_HIv3___RNAseq.g22747.t1/Montipora_capitata_HIv3___RNAseq.g44252.t1/Montipora_capitata_HIv3___RNAseq.g25143.t1,0.8593508247228673,chemical homeostasis,BP
GO:0140110,transcription regulator activity,5/26,718/8282,0.06911877482928978,2.518460899224667,5,718,Montipora_capitata_HIv3___RNAseq.g30422.t1/Montipora_capitata_HIv3___RNAseq.g20093.t1/Montipora_capitata_HIv3___RNAseq.g28405.t2/Montipora_capitata_HIv3___RNAseq.g34571.t1/Montipora_capitata_HIv3___RNAseq.g44321.t1,0.8593508247228673,transcription regulator activity,MF
GO:0048667,cell morphogenesis involved in neuron differentiation,4/26,518/8282,0.07580199857595378,2.73784839686888,4,518,Montipora_capitata_HIv3___RNAseq.g40803.t1/Montipora_capitata_HIv3___RNAseq.g25137.t1/Montipora_capitata_HIv3___RNAseq.g25143.t1/Montipora_capitata_HIv3___RNAseq.g14940.t1,0.8593508247228673,cell morphogenesis involved in neuron differentiation,BP
GO:0009259,ribonucleotide metabolic process,3/26,321/8282,0.07773816190297646,3.2551004111426884,3,321,Montipora_capitata_HIv3___RNAseq.g22747.t1/Montipora_capitata_HIv3___RNAseq.g33912.t1/Montipora_capitata_HIv3___RNAseq.g12097.t1,0.8593508247228673,ribonucleotide metabolic process,BP
GO:0048812,neuron projection morphogenesis,4/26,539/8282,0.08503311369050498,2.623450799807062,4,539,Montipora_capitata_HIv3___RNAseq.g40803.t1/Montipora_capitata_HIv3___RNAseq.g25137.t1/Montipora_capitata_HIv3___RNAseq.g25143.t1/Montipora_capitata_HIv3___RNAseq.g14940.t1,0.8593508247228673,neuron projection morphogenesis,BP
GO:0120039,plasma membrane bounded cell projection morphogenesis,4/26,540/8282,0.08548641828695427,2.6182220435590673,4,540,Montipora_capitata_HIv3___RNAseq.g40803.t1/Montipora_capitata_HIv3___RNAseq.g25137.t1/Montipora_capitata_HIv3___RNAseq.g25143.t1/Montipora_capitata_HIv3___RNAseq.g14940.t1,0.8593508247228673,plasma membrane bounded cell projection morphogenesis,BP
GO:0019693,ribose phosphate metabolic process,3/26,335/8282,0.08590103793218855,3.1123928154931044,3,335,Montipora_capitata_HIv3___RNAseq.g22747.t1/Montipora_capitata_HIv3___RNAseq.g33912.t1/Montipora_capitata_HIv3___RNAseq.g12097.t1,0.8593508247228673,ribose phosphate metabolic process,BP
GO:0048858,cell projection morphogenesis,4/26,543/8282,0.0868537486813877,2.6026507356571056,4,543,Montipora_capitata_HIv3___RNAseq.g40803.t1/Montipora_capitata_HIv3___RNAseq.g25137.t1/Montipora_capitata_HIv3___RNAseq.g25143.t1/Montipora_capitata_HIv3___RNAseq.g14940.t1,0.8593508247228673,cell projection morphogenesis,BP
GO:0007005,mitochondrion organization,3/26,338/8282,0.0876976726951848,3.083363425032322,3,338,Montipora_capitata_HIv3___RNAseq.g7598.t1/Montipora_capitata_HIv3___RNAseq.g25137.t1/Montipora_capitata_HIv3___RNAseq.g25143.t1,0.8593508247228673,mitochondrion organization,BP
GO:0042221,response to chemical,11/26,2345/8282,0.08880204119077817,1.8604182203203412,11,2345,Montipora_capitata_HIv3___RNAseq.g7598.t1/Montipora_capitata_HIv3___RNAseq.g20093.t1/Montipora_capitata_HIv3___RNAseq.g13613.t1/Montipora_capitata_HIv3___RNAseq.g25137.t1/Montipora_capitata_HIv3___RNAseq.g21911.t1/Montipora_capitata_HIv3___RNAseq.g33912.t1/Montipora_capitata_HIv3___RNAseq.g26661.t1/Montipora_capitata_HIv3___RNAseq.g34571.t1/Montipora_capitata_HIv3___RNAseq.g12097.t1/Montipora_capitata_HIv3___RNAseq.g25143.t1/Montipora_capitata_HIv3___RNAseq.g14940.t1,0.8593508247228673,response to chemical,BP
GO:0044421,GO:0044421,4/26,551/8282,0.0905540815180625,2.5619541878858847,4,551,Montipora_capitata_HIv3___RNAseq.g40524.t1/Montipora_capitata_HIv3___RNAseq.g663.t1/Montipora_capitata_HIv3___RNAseq.g44252.t1/Montipora_capitata_HIv3___RNAseq.g14940.t1,0.8593508247228673,NA,NA
GO:0006950,response to stress,10/26,2083/8282,0.09361436546349255,1.8639123737390302,10,2083,Montipora_capitata_HIv3___RNAseq.g7598.t1/Montipora_capitata_HIv3___RNAseq.g20093.t1/Montipora_capitata_HIv3___TS.g26714.t1/Montipora_capitata_HIv3___RNAseq.g22747.t1/Montipora_capitata_HIv3___RNAseq.g44252.t1/Montipora_capitata_HIv3___RNAseq.g26661.t1/Montipora_capitata_HIv3___RNAseq.g34571.t1/Montipora_capitata_HIv3___RNAseq.g12097.t1/Montipora_capitata_HIv3___TS.g35289.t2/Montipora_capitata_HIv3___RNAseq.g45083.t2,0.8593508247228673,response to stress,BP
GO:0006979,response to oxidative stress,3/26,349/8282,0.09442484863143524,2.981228609211882,3,349,Montipora_capitata_HIv3___RNAseq.g7598.t1/Montipora_capitata_HIv3___RNAseq.g22747.t1/Montipora_capitata_HIv3___RNAseq.g26661.t1,0.8593508247228673,response to oxidative stress,BP
GO:0098796,membrane protein complex,4/26,562/8282,0.09576933864062727,2.507890183352315,4,562,Montipora_capitata_HIv3___RNAseq.g663.t1/Montipora_capitata_HIv3___RNAseq.g13613.t1/Montipora_capitata_HIv3___RNAseq.g22747.t1/Montipora_capitata_HIv3___RNAseq.g44252.t1,0.8593508247228673,membrane protein complex,CC
GO:0032990,cell part morphogenesis,4/26,564/8282,0.09673325040961422,2.4982876911633114,4,564,Montipora_capitata_HIv3___RNAseq.g40803.t1/Montipora_capitata_HIv3___RNAseq.g25137.t1/Montipora_capitata_HIv3___RNAseq.g25143.t1/Montipora_capitata_HIv3___RNAseq.g14940.t1,0.8593508247228673,cell part morphogenesis,BP
GO:0097458,GO:0097458,6/26,1067/8282,0.10836234258694256,2.034214418817634,6,1067,Montipora_capitata_HIv3___RNAseq.g20093.t1/Montipora_capitata_HIv3___RNAseq.g25137.t1/Montipora_capitata_HIv3___RNAseq.g44252.t1/Montipora_capitata_HIv3___RNAseq.g34571.t1/Montipora_capitata_HIv3___RNAseq.g12097.t1/Montipora_capitata_HIv3___RNAseq.g25143.t1,0.8593508247228673,NA,NA
GO:0000904,GO:0000904,4/26,589/8282,0.10918152920062887,2.3837876290300373,4,589,Montipora_capitata_HIv3___RNAseq.g40803.t1/Montipora_capitata_HIv3___RNAseq.g25137.t1/Montipora_capitata_HIv3___RNAseq.g25143.t1/Montipora_capitata_HIv3___RNAseq.g14940.t1,0.8593508247228673,NA,NA
GO:0042592,homeostatic process,6/26,1079/8282,0.11291649584732762,2.008128967552791,6,1079,Montipora_capitata_HIv3___RNAseq.g7598.t1/Montipora_capitata_HIv3___RNAseq.g20093.t1/Montipora_capitata_HIv3___RNAseq.g25137.t1/Montipora_capitata_HIv3___RNAseq.g22747.t1/Montipora_capitata_HIv3___RNAseq.g44252.t1/Montipora_capitata_HIv3___RNAseq.g25143.t1,0.8593508247228673,homeostatic process,BP
GO:0043005,neuron projection,5/26,854/8282,0.12300876243262848,2.0770003317222643,5,854,Montipora_capitata_HIv3___RNAseq.g20093.t1/Montipora_capitata_HIv3___RNAseq.g25137.t1/Montipora_capitata_HIv3___RNAseq.g34571.t1/Montipora_capitata_HIv3___RNAseq.g12097.t1/Montipora_capitata_HIv3___RNAseq.g25143.t1,0.8593508247228673,neuron projection,CC
GO:0007409,axonogenesis,3/26,404/8282,0.13111700647229518,2.5545088763933745,3,404,Montipora_capitata_HIv3___RNAseq.g25137.t1/Montipora_capitata_HIv3___RNAseq.g25143.t1/Montipora_capitata_HIv3___RNAseq.g14940.t1,0.8593508247228673,axonogenesis,BP
GO:0010033,response to organic substance,8/26,1665/8282,0.1339545577567607,1.7698547068875043,8,1665,Montipora_capitata_HIv3___RNAseq.g20093.t1/Montipora_capitata_HIv3___RNAseq.g13613.t1/Montipora_capitata_HIv3___RNAseq.g25137.t1/Montipora_capitata_HIv3___RNAseq.g21911.t1/Montipora_capitata_HIv3___RNAseq.g33912.t1/Montipora_capitata_HIv3___RNAseq.g34571.t1/Montipora_capitata_HIv3___RNAseq.g12097.t1/Montipora_capitata_HIv3___RNAseq.g25143.t1,0.8593508247228673,response to organic substance,BP
GO:0006915,apoptotic process,3/26,412/8282,0.13684231330917712,2.5020482048246753,3,412,Montipora_capitata_HIv3___RNAseq.g13613.t1/Montipora_capitata_HIv3___RNAseq.g25137.t1/Montipora_capitata_HIv3___RNAseq.g25143.t1,0.8593508247228673,apoptotic process,BP
GO:0051186,GO:0051186,3/26,416/8282,0.13973873611051885,2.476569928476531,3,416,Montipora_capitata_HIv3___RNAseq.g22747.t1/Montipora_capitata_HIv3___RNAseq.g33912.t1/Montipora_capitata_HIv3___RNAseq.g26661.t1,0.8593508247228673,NA,NA
GO:0031175,neuron projection development,4/26,648/8282,0.14134410409881895,2.148797923595296,4,648,Montipora_capitata_HIv3___RNAseq.g40803.t1/Montipora_capitata_HIv3___RNAseq.g25137.t1/Montipora_capitata_HIv3___RNAseq.g25143.t1/Montipora_capitata_HIv3___RNAseq.g14940.t1,0.8593508247228673,neuron projection development,BP
GO:0010035,response to inorganic substance,3/26,422/8282,0.1441244837089531,2.4392576318318593,3,422,Montipora_capitata_HIv3___RNAseq.g25137.t1/Montipora_capitata_HIv3___RNAseq.g33912.t1/Montipora_capitata_HIv3___RNAseq.g25143.t1,0.8593508247228673,response to inorganic substance,BP
GO:0042803,protein homodimerization activity,4/26,653/8282,0.14423864289007735,2.1308443541433326,4,653,Montipora_capitata_HIv3___RNAseq.g31228.t1/Montipora_capitata_HIv3___RNAseq.g26661.t1/Montipora_capitata_HIv3___RNAseq.g44321.t1/Montipora_capitata_HIv3___RNAseq.g45083.t2,0.8593508247228673,protein homodimerization activity,MF
GO:0000981,"DNA-binding transcription factor activity, RNA polymerase II-specific",3/26,430/8282,0.1500468336929394,2.3910513330445355,3,430,Montipora_capitata_HIv3___RNAseq.g30422.t1/Montipora_capitata_HIv3___RNAseq.g28405.t2/Montipora_capitata_HIv3___RNAseq.g44321.t1,0.8593508247228673,"DNA-binding transcription factor activity, RNA polymerase II-specific",MF
GO:1901137,carbohydrate derivative biosynthetic process,3/26,432/8282,0.15154043053130012,2.3792528333404275,3,432,Montipora_capitata_HIv3___RNAseq.g22747.t1/Montipora_capitata_HIv3___RNAseq.g33912.t1/Montipora_capitata_HIv3___RNAseq.g12097.t1,0.8593508247228673,carbohydrate derivative biosynthetic process,BP
GO:0061564,axon development,3/26,432/8282,0.15154043053130012,2.3792528333404275,3,432,Montipora_capitata_HIv3___RNAseq.g25137.t1/Montipora_capitata_HIv3___RNAseq.g25143.t1/Montipora_capitata_HIv3___RNAseq.g14940.t1,0.8593508247228673,axon development,BP
GO:0019752,carboxylic acid metabolic process,4/26,667/8282,0.15247505855840499,2.0820232266418226,4,667,Montipora_capitata_HIv3___RNAseq.g39502.t1/Montipora_capitata_HIv3___RNAseq.g22747.t1/Montipora_capitata_HIv3___RNAseq.g33912.t1/Montipora_capitata_HIv3___RNAseq.g12097.t1,0.8593508247228673,carboxylic acid metabolic process,BP
GO:0090407,organophosphate biosynthetic process,3/26,434/8282,0.15303913267651328,2.3675713079542877,3,434,Montipora_capitata_HIv3___RNAseq.g22747.t1/Montipora_capitata_HIv3___RNAseq.g33912.t1/Montipora_capitata_HIv3___RNAseq.g12097.t1,0.8593508247228673,organophosphate biosynthetic process,BP
GO:0042802,identical protein binding,6/26,1177/8282,0.15387561307456113,1.8149531509094106,6,1177,Montipora_capitata_HIv3___RNAseq.g31228.t1/Montipora_capitata_HIv3___TS.g26714.t1/Montipora_capitata_HIv3___RNAseq.g26661.t1/Montipora_capitata_HIv3___RNAseq.g12097.t1/Montipora_capitata_HIv3___RNAseq.g44321.t1/Montipora_capitata_HIv3___RNAseq.g45083.t2,0.8593508247228673,identical protein binding,MF
GO:0009117,nucleotide metabolic process,3/26,439/8282,0.15680790039897652,2.3391964591632024,3,439,Montipora_capitata_HIv3___RNAseq.g22747.t1/Montipora_capitata_HIv3___RNAseq.g33912.t1/Montipora_capitata_HIv3___RNAseq.g12097.t1,0.8593508247228673,nucleotide metabolic process,BP
GO:0006753,nucleoside phosphate metabolic process,3/26,446/8282,0.16213579681644333,2.300125686958138,3,446,Montipora_capitata_HIv3___RNAseq.g22747.t1/Montipora_capitata_HIv3___RNAseq.g33912.t1/Montipora_capitata_HIv3___RNAseq.g12097.t1,0.8593508247228673,nucleoside phosphate metabolic process,BP
GO:0030162,regulation of proteolysis,3/26,450/8282,0.1652066254491616,2.278341447893422,3,450,Montipora_capitata_HIv3___RNAseq.g11431.t1/Montipora_capitata_HIv3___RNAseq.g13613.t1/Montipora_capitata_HIv3___RNAseq.g8826.t1,0.8593508247228673,regulation of proteolysis,BP
GO:0046914,transition metal ion binding,3/26,455/8282,0.16907133579360126,2.2518095947602843,3,455,Montipora_capitata_HIv3___RNAseq.g26661.t1/Montipora_capitata_HIv3___RNAseq.g12097.t1/Montipora_capitata_HIv3___RNAseq.g8826.t1,0.8593508247228673,transition metal ion binding,MF
GO:0000902,cell morphogenesis,4/26,698/8282,0.17137215563630412,1.9809506166766988,4,698,Montipora_capitata_HIv3___RNAseq.g40803.t1/Montipora_capitata_HIv3___RNAseq.g25137.t1/Montipora_capitata_HIv3___RNAseq.g25143.t1/Montipora_capitata_HIv3___RNAseq.g14940.t1,0.8593508247228673,cell morphogenesis,BP
GO:0046872,metal ion binding,4/26,702/8282,0.1738734824155767,1.9685663519663545,4,702,Montipora_capitata_HIv3___RNAseq.g26661.t1/Montipora_capitata_HIv3___RNAseq.g12097.t1/Montipora_capitata_HIv3___RNAseq.g8826.t1/Montipora_capitata_HIv3___RNAseq.g45083.t2,0.8593508247228673,metal ion binding,MF
GO:0044283,small molecule biosynthetic process,3/26,465/8282,0.1768850783414349,2.2001189247798147,3,465,Montipora_capitata_HIv3___RNAseq.g20093.t1/Montipora_capitata_HIv3___RNAseq.g33912.t1/Montipora_capitata_HIv3___RNAseq.g12097.t1,0.8593508247228673,small molecule biosynthetic process,BP
GO:0051716,cellular response to stimulus,12/26,2950/8282,0.17841558062632018,1.5514735260589008,12,2950,Montipora_capitata_HIv3___RNAseq.g7598.t1/Montipora_capitata_HIv3___RNAseq.g20093.t1/Montipora_capitata_HIv3___RNAseq.g40803.t1/Montipora_capitata_HIv3___RNAseq.g13613.t1/Montipora_capitata_HIv3___RNAseq.g25137.t1/Montipora_capitata_HIv3___TS.g26714.t1/Montipora_capitata_HIv3___RNAseq.g22747.t1/Montipora_capitata_HIv3___RNAseq.g21911.t1/Montipora_capitata_HIv3___RNAseq.g26661.t1/Montipora_capitata_HIv3___RNAseq.g34571.t1/Montipora_capitata_HIv3___RNAseq.g25143.t1/Montipora_capitata_HIv3___RNAseq.g45083.t2,0.8593508247228673,cellular response to stimulus,BP
GO:0043025,neuronal cell body,3/26,476/8282,0.1856038951424107,2.145892835571083,3,476,Montipora_capitata_HIv3___RNAseq.g44252.t1/Montipora_capitata_HIv3___RNAseq.g34571.t1/Montipora_capitata_HIv3___RNAseq.g12097.t1,0.8593508247228673,neuronal cell body,CC
GO:0033554,cellular response to stress,6/26,1246/8282,0.1864862845943987,1.6972852847353448,6,1246,Montipora_capitata_HIv3___RNAseq.g7598.t1/Montipora_capitata_HIv3___RNAseq.g20093.t1/Montipora_capitata_HIv3___TS.g26714.t1/Montipora_capitata_HIv3___RNAseq.g26661.t1/Montipora_capitata_HIv3___RNAseq.g34571.t1/Montipora_capitata_HIv3___RNAseq.g45083.t2,0.8593508247228673,cellular response to stress,BP
GO:0019222,regulation of metabolic process,13/26,3279/8282,0.1870997958766884,1.527738431460021,13,3279,Montipora_capitata_HIv3___RNAseq.g31228.t1/Montipora_capitata_HIv3___RNAseq.g11431.t1/Montipora_capitata_HIv3___RNAseq.g7598.t1/Montipora_capitata_HIv3___RNAseq.g30422.t1/Montipora_capitata_HIv3___RNAseq.g20093.t1/Montipora_capitata_HIv3___RNAseq.g40803.t1/Montipora_capitata_HIv3___RNAseq.g13613.t1/Montipora_capitata_HIv3___RNAseq.g22747.t1/Montipora_capitata_HIv3___RNAseq.g21911.t1/Montipora_capitata_HIv3___RNAseq.g28405.t2/Montipora_capitata_HIv3___RNAseq.g34571.t1/Montipora_capitata_HIv3___RNAseq.g8826.t1/Montipora_capitata_HIv3___RNAseq.g44321.t1,0.8593508247228673,regulation of metabolic process,BP
GO:0048856,anatomical structure development,14/26,3599/8282,0.19111790696651385,1.5199815252767617,14,3599,Montipora_capitata_HIv3___RNAseq.g11431.t1/Montipora_capitata_HIv3___RNAseq.g40524.t1/Montipora_capitata_HIv3___RNAseq.g663.t1/Montipora_capitata_HIv3___RNAseq.g39502.t1/Montipora_capitata_HIv3___RNAseq.g7598.t1/Montipora_capitata_HIv3___RNAseq.g30422.t1/Montipora_capitata_HIv3___RNAseq.g40803.t1/Montipora_capitata_HIv3___RNAseq.g25137.t1/Montipora_capitata_HIv3___RNAseq.g22747.t1/Montipora_capitata_HIv3___RNAseq.g44252.t1/Montipora_capitata_HIv3___TS.g35289.t2/Montipora_capitata_HIv3___RNAseq.g25143.t1/Montipora_capitata_HIv3___RNAseq.g44321.t1/Montipora_capitata_HIv3___RNAseq.g14940.t1,0.8593508247228673,anatomical structure development,BP
GO:1901700,response to oxygen-containing compound,5/26,993/8282,0.19415306747965297,1.7513445656075664,5,993,Montipora_capitata_HIv3___RNAseq.g7598.t1/Montipora_capitata_HIv3___RNAseq.g20093.t1/Montipora_capitata_HIv3___RNAseq.g25137.t1/Montipora_capitata_HIv3___RNAseq.g12097.t1/Montipora_capitata_HIv3___RNAseq.g25143.t1,0.8593508247228673,response to oxygen-containing compound,BP
GO:0043436,oxoacid metabolic process,4/26,740/8282,0.19829821351152593,1.8574650704985003,4,740,Montipora_capitata_HIv3___RNAseq.g39502.t1/Montipora_capitata_HIv3___RNAseq.g22747.t1/Montipora_capitata_HIv3___RNAseq.g33912.t1/Montipora_capitata_HIv3___RNAseq.g12097.t1,0.8593508247228673,oxoacid metabolic process,BP
GO:0030154,cell differentiation,10/26,2414/8282,0.20050044667631856,1.5213392162529868,10,2414,Montipora_capitata_HIv3___RNAseq.g11431.t1/Montipora_capitata_HIv3___RNAseq.g39502.t1/Montipora_capitata_HIv3___RNAseq.g7598.t1/Montipora_capitata_HIv3___RNAseq.g30422.t1/Montipora_capitata_HIv3___RNAseq.g40803.t1/Montipora_capitata_HIv3___RNAseq.g25137.t1/Montipora_capitata_HIv3___RNAseq.g22747.t1/Montipora_capitata_HIv3___RNAseq.g25143.t1/Montipora_capitata_HIv3___RNAseq.g44321.t1/Montipora_capitata_HIv3___RNAseq.g14940.t1,0.8593508247228673,cell differentiation,BP
GO:0009628,response to abiotic stimulus,5/26,1005/8282,0.20094378652840092,1.727475034721851,5,1005,Montipora_capitata_HIv3___RNAseq.g20093.t1/Montipora_capitata_HIv3___RNAseq.g22747.t1/Montipora_capitata_HIv3___RNAseq.g44252.t1/Montipora_capitata_HIv3___RNAseq.g34571.t1/Montipora_capitata_HIv3___TS.g35289.t2,0.8593508247228673,response to abiotic stimulus,BP
GO:0003700,DNA-binding transcription factor activity,3/26,498/8282,0.20339847195380367,2.0448189350462536,3,498,Montipora_capitata_HIv3___RNAseq.g30422.t1/Montipora_capitata_HIv3___RNAseq.g28405.t2/Montipora_capitata_HIv3___RNAseq.g44321.t1,0.8593508247228673,DNA-binding transcription factor activity,MF
GO:0043169,cation binding,4/26,748/8282,0.20358385128891343,1.8355782628783162,4,748,Montipora_capitata_HIv3___RNAseq.g26661.t1/Montipora_capitata_HIv3___RNAseq.g12097.t1/Montipora_capitata_HIv3___RNAseq.g8826.t1/Montipora_capitata_HIv3___RNAseq.g45083.t2,0.8593508247228673,cation binding,MF
GO:0012501,programmed cell death,3/26,501/8282,0.2058591458212778,2.0317193572665797,3,501,Montipora_capitata_HIv3___RNAseq.g13613.t1/Montipora_capitata_HIv3___RNAseq.g25137.t1/Montipora_capitata_HIv3___RNAseq.g25143.t1,0.8593508247228673,programmed cell death,BP
GO:0006082,organic acid metabolic process,4/26,752/8282,0.20624419793348814,1.8248115786592152,4,752,Montipora_capitata_HIv3___RNAseq.g39502.t1/Montipora_capitata_HIv3___RNAseq.g22747.t1/Montipora_capitata_HIv3___RNAseq.g33912.t1/Montipora_capitata_HIv3___RNAseq.g12097.t1,0.8593508247228673,organic acid metabolic process,BP
GO:0048869,cellular developmental process,10/26,2465/8282,0.22105199689034394,1.4767583358438727,10,2465,Montipora_capitata_HIv3___RNAseq.g11431.t1/Montipora_capitata_HIv3___RNAseq.g39502.t1/Montipora_capitata_HIv3___RNAseq.g7598.t1/Montipora_capitata_HIv3___RNAseq.g30422.t1/Montipora_capitata_HIv3___RNAseq.g40803.t1/Montipora_capitata_HIv3___RNAseq.g25137.t1/Montipora_capitata_HIv3___RNAseq.g22747.t1/Montipora_capitata_HIv3___RNAseq.g25143.t1/Montipora_capitata_HIv3___RNAseq.g44321.t1/Montipora_capitata_HIv3___RNAseq.g14940.t1,0.8786196034671175,cellular developmental process,BP
GO:0055086,nucleobase-containing small molecule metabolic process,3/26,529/8282,0.22917459666064638,1.9166987340078927,3,529,Montipora_capitata_HIv3___RNAseq.g22747.t1/Montipora_capitata_HIv3___RNAseq.g33912.t1/Montipora_capitata_HIv3___RNAseq.g12097.t1,0.8786196034671175,nucleobase-containing small molecule metabolic process,BP
GO:0044297,cell body,3/26,530/8282,0.23001804247157842,1.912818547714134,3,530,Montipora_capitata_HIv3___RNAseq.g44252.t1/Montipora_capitata_HIv3___RNAseq.g34571.t1/Montipora_capitata_HIv3___RNAseq.g12097.t1,0.8786196034671175,cell body,CC
GO:0008219,cell death,3/26,531/8282,0.23086217119020044,1.9089531907010757,3,531,Montipora_capitata_HIv3___RNAseq.g13613.t1/Montipora_capitata_HIv3___RNAseq.g25137.t1/Montipora_capitata_HIv3___RNAseq.g25143.t1,0.8786196034671175,cell death,BP
GO:0010629,negative regulation of gene expression,5/26,1061/8282,0.23377332350167682,1.6232550541890816,5,1061,Montipora_capitata_HIv3___RNAseq.g31228.t1/Montipora_capitata_HIv3___RNAseq.g20093.t1/Montipora_capitata_HIv3___RNAseq.g40803.t1/Montipora_capitata_HIv3___RNAseq.g34571.t1/Montipora_capitata_HIv3___RNAseq.g44321.t1,0.8786196034671175,negative regulation of gene expression,BP
GO:0009653,anatomical structure morphogenesis,8/26,1915/8282,0.2374284897781562,1.4796166955831729,8,1915,Montipora_capitata_HIv3___RNAseq.g39502.t1/Montipora_capitata_HIv3___RNAseq.g30422.t1/Montipora_capitata_HIv3___RNAseq.g40803.t1/Montipora_capitata_HIv3___RNAseq.g25137.t1/Montipora_capitata_HIv3___RNAseq.g22747.t1/Montipora_capitata_HIv3___RNAseq.g44252.t1/Montipora_capitata_HIv3___RNAseq.g25143.t1/Montipora_capitata_HIv3___RNAseq.g14940.t1,0.8786196034671175,anatomical structure morphogenesis,BP
GO:0006974,DNA damage response,3/26,539/8282,0.23763909152997237,1.8785543152742128,3,539,Montipora_capitata_HIv3___RNAseq.g20093.t1/Montipora_capitata_HIv3___TS.g26714.t1/Montipora_capitata_HIv3___RNAseq.g45083.t2,0.8786196034671175,DNA damage response,BP
GO:0032502,developmental process,14/26,3744/8282,0.2446746470022293,1.4155652481275796,14,3744,Montipora_capitata_HIv3___RNAseq.g11431.t1/Montipora_capitata_HIv3___RNAseq.g40524.t1/Montipora_capitata_HIv3___RNAseq.g663.t1/Montipora_capitata_HIv3___RNAseq.g39502.t1/Montipora_capitata_HIv3___RNAseq.g7598.t1/Montipora_capitata_HIv3___RNAseq.g30422.t1/Montipora_capitata_HIv3___RNAseq.g40803.t1/Montipora_capitata_HIv3___RNAseq.g25137.t1/Montipora_capitata_HIv3___RNAseq.g22747.t1/Montipora_capitata_HIv3___RNAseq.g44252.t1/Montipora_capitata_HIv3___TS.g35289.t2/Montipora_capitata_HIv3___RNAseq.g25143.t1/Montipora_capitata_HIv3___RNAseq.g44321.t1/Montipora_capitata_HIv3___RNAseq.g14940.t1,0.8786196034671175,developmental process,BP
GO:0032989,cellular component morphogenesis,4/26,811/8282,0.24670700090600525,1.6781334293180192,4,811,Montipora_capitata_HIv3___RNAseq.g40803.t1/Montipora_capitata_HIv3___RNAseq.g25137.t1/Montipora_capitata_HIv3___RNAseq.g25143.t1/Montipora_capitata_HIv3___RNAseq.g14940.t1,0.8786196034671175,cellular component morphogenesis,BP
GO:0048666,neuron development,4/26,813/8282,0.24811467896922615,1.673535888189539,4,813,Montipora_capitata_HIv3___RNAseq.g40803.t1/Montipora_capitata_HIv3___RNAseq.g25137.t1/Montipora_capitata_HIv3___RNAseq.g25143.t1/Montipora_capitata_HIv3___RNAseq.g14940.t1,0.8786196034671175,neuron development,BP
GO:0022008,neurogenesis,6/26,1366/8282,0.24952796738466138,1.5210849028511029,6,1366,Montipora_capitata_HIv3___RNAseq.g11431.t1/Montipora_capitata_HIv3___RNAseq.g40803.t1/Montipora_capitata_HIv3___RNAseq.g25137.t1/Montipora_capitata_HIv3___RNAseq.g25143.t1/Montipora_capitata_HIv3___RNAseq.g44321.t1/Montipora_capitata_HIv3___RNAseq.g14940.t1,0.8786196034671175,neurogenesis,BP
GO:0005576,extracellular region,4/26,841/8282,0.26803191136280957,1.611476729560714,4,841,Montipora_capitata_HIv3___RNAseq.g40524.t1/Montipora_capitata_HIv3___RNAseq.g663.t1/Montipora_capitata_HIv3___RNAseq.g44252.t1/Montipora_capitata_HIv3___RNAseq.g14940.t1,0.917917504667156,extracellular region,CC
GO:0046983,protein dimerization activity,4/26,841/8282,0.26803191136280957,1.611476729560714,4,841,Montipora_capitata_HIv3___RNAseq.g31228.t1/Montipora_capitata_HIv3___RNAseq.g26661.t1/Montipora_capitata_HIv3___RNAseq.g44321.t1/Montipora_capitata_HIv3___RNAseq.g45083.t2,0.917917504667156,protein dimerization activity,MF
GO:0019899,enzyme binding,6/26,1423/8282,0.2817673790172693,1.4478430294291302,6,1423,Montipora_capitata_HIv3___RNAseq.g11431.t1/Montipora_capitata_HIv3___RNAseq.g20093.t1/Montipora_capitata_HIv3___RNAseq.g13613.t1/Montipora_capitata_HIv3___RNAseq.g34571.t1/Montipora_capitata_HIv3___RNAseq.g12097.t1/Montipora_capitata_HIv3___RNAseq.g8826.t1,0.9288601429713375,enzyme binding,MF
GO:0007267,cell-cell signaling,3/26,592/8282,0.28342021064498196,1.69772353596708,3,592,Montipora_capitata_HIv3___RNAseq.g40803.t1/Montipora_capitata_HIv3___RNAseq.g25137.t1/Montipora_capitata_HIv3___RNAseq.g25143.t1,0.9288601429713375,cell-cell signaling,BP
GO:0043603,amide metabolic process,3/26,595/8282,0.28604767725991553,1.6884603728727163,3,595,Montipora_capitata_HIv3___RNAseq.g22747.t1/Montipora_capitata_HIv3___RNAseq.g33912.t1/Montipora_capitata_HIv3___RNAseq.g12097.t1,0.9288601429713375,amide metabolic process,BP
GO:1901701,cellular response to oxygen-containing compound,3/26,599/8282,0.28955548693705213,1.6762544840607958,3,599,Montipora_capitata_HIv3___RNAseq.g7598.t1/Montipora_capitata_HIv3___RNAseq.g25137.t1/Montipora_capitata_HIv3___RNAseq.g25143.t1,0.9288601429713375,cellular response to oxygen-containing compound,BP
GO:0006357,regulation of transcription by RNA polymerase II,5/26,1151/8282,0.2898043646070573,1.477103086777516,5,1151,Montipora_capitata_HIv3___RNAseq.g30422.t1/Montipora_capitata_HIv3___RNAseq.g20093.t1/Montipora_capitata_HIv3___RNAseq.g28405.t2/Montipora_capitata_HIv3___RNAseq.g34571.t1/Montipora_capitata_HIv3___RNAseq.g44321.t1,0.9288601429713375,regulation of transcription by RNA polymerase II,BP
GO:0008150,biological_process,26/26,7903/8282,0.2952953659137491,Inf,26,7903,Montipora_capitata_HIv3___RNAseq.g31228.t1/Montipora_capitata_HIv3___RNAseq.g11431.t1/Montipora_capitata_HIv3___RNAseq.g40524.t1/Montipora_capitata_HIv3___RNAseq.g663.t1/Montipora_capitata_HIv3___RNAseq.g39502.t1/Montipora_capitata_HIv3___RNAseq.g7598.t1/Montipora_capitata_HIv3___RNAseq.g30422.t1/Montipora_capitata_HIv3___RNAseq.g20093.t1/Montipora_capitata_HIv3___RNAseq.g40803.t1/Montipora_capitata_HIv3___RNAseq.g13613.t1/Montipora_capitata_HIv3___RNAseq.g25137.t1/Montipora_capitata_HIv3___TS.g26714.t1/Montipora_capitata_HIv3___RNAseq.g22747.t1/Montipora_capitata_HIv3___RNAseq.g21911.t1/Montipora_capitata_HIv3___RNAseq.g33912.t1/Montipora_capitata_HIv3___RNAseq.g44252.t1/Montipora_capitata_HIv3___RNAseq.g26661.t1/Montipora_capitata_HIv3___RNAseq.g28405.t2/Montipora_capitata_HIv3___RNAseq.g34571.t1/Montipora_capitata_HIv3___RNAseq.g12097.t1/Montipora_capitata_HIv3___TS.g35289.t2/Montipora_capitata_HIv3___RNAseq.g8826.t1/Montipora_capitata_HIv3___RNAseq.g25143.t1/Montipora_capitata_HIv3___RNAseq.g44321.t1/Montipora_capitata_HIv3___RNAseq.g45083.t2/Montipora_capitata_HIv3___RNAseq.g14940.t1,0.9344790060561681,biological_process,BP
GO:0060255,regulation of macromolecule metabolic process,11/26,2977/8282,0.3133773446893941,1.3078580373631816,11,2977,Montipora_capitata_HIv3___RNAseq.g31228.t1/Montipora_capitata_HIv3___RNAseq.g11431.t1/Montipora_capitata_HIv3___RNAseq.g30422.t1/Montipora_capitata_HIv3___RNAseq.g20093.t1/Montipora_capitata_HIv3___RNAseq.g40803.t1/Montipora_capitata_HIv3___RNAseq.g13613.t1/Montipora_capitata_HIv3___RNAseq.g21911.t1/Montipora_capitata_HIv3___RNAseq.g28405.t2/Montipora_capitata_HIv3___RNAseq.g34571.t1/Montipora_capitata_HIv3___RNAseq.g8826.t1/Montipora_capitata_HIv3___RNAseq.g44321.t1,0.9412509445898494,regulation of macromolecule metabolic process,BP
GO:0070887,cellular response to chemical stimulus,6/26,1485/8282,0.31809970562646867,1.3745853572221776,6,1485,Montipora_capitata_HIv3___RNAseq.g7598.t1/Montipora_capitata_HIv3___RNAseq.g13613.t1/Montipora_capitata_HIv3___RNAseq.g25137.t1/Montipora_capitata_HIv3___RNAseq.g21911.t1/Montipora_capitata_HIv3___RNAseq.g26661.t1/Montipora_capitata_HIv3___RNAseq.g25143.t1,0.9412509445898494,cellular response to chemical stimulus,BP
GO:0036477,somatodendritic compartment,3/26,635/8282,0.32130588894536355,1.5733518460723455,3,635,Montipora_capitata_HIv3___RNAseq.g44252.t1/Montipora_capitata_HIv3___RNAseq.g34571.t1/Montipora_capitata_HIv3___RNAseq.g12097.t1,0.9412509445898494,somatodendritic compartment,CC
GO:0002682,regulation of immune system process,3/26,640/8282,0.3257337115586223,1.5599795106014895,3,640,Montipora_capitata_HIv3___RNAseq.g40803.t1/Montipora_capitata_HIv3___RNAseq.g13613.t1/Montipora_capitata_HIv3___RNAseq.g34571.t1,0.9412509445898494,regulation of immune system process,BP
GO:0010605,negative regulation of macromolecule metabolic process,6/26,1507/8282,0.33124432106289914,1.350045161042594,6,1507,Montipora_capitata_HIv3___RNAseq.g31228.t1/Montipora_capitata_HIv3___RNAseq.g20093.t1/Montipora_capitata_HIv3___RNAseq.g40803.t1/Montipora_capitata_HIv3___RNAseq.g21911.t1/Montipora_capitata_HIv3___RNAseq.g34571.t1/Montipora_capitata_HIv3___RNAseq.g44321.t1,0.9412509445898494,negative regulation of macromolecule metabolic process,BP
GO:0016020,membrane,12/26,3337/8282,0.33730128716405644,1.2710978132111201,12,3337,Montipora_capitata_HIv3___RNAseq.g663.t1/Montipora_capitata_HIv3___RNAseq.g39502.t1/Montipora_capitata_HIv3___RNAseq.g7598.t1/Montipora_capitata_HIv3___RNAseq.g20093.t1/Montipora_capitata_HIv3___RNAseq.g13613.t1/Montipora_capitata_HIv3___RNAseq.g25137.t1/Montipora_capitata_HIv3___RNAseq.g22747.t1/Montipora_capitata_HIv3___RNAseq.g21911.t1/Montipora_capitata_HIv3___RNAseq.g44252.t1/Montipora_capitata_HIv3___RNAseq.g26661.t1/Montipora_capitata_HIv3___RNAseq.g34571.t1/Montipora_capitata_HIv3___RNAseq.g25143.t1,0.9412509445898494,membrane,CC
GO:0006355,regulation of DNA-templated transcription,6/26,1523/8282,0.34087189536834256,1.332644726086956,6,1523,Montipora_capitata_HIv3___RNAseq.g30422.t1/Montipora_capitata_HIv3___RNAseq.g20093.t1/Montipora_capitata_HIv3___RNAseq.g13613.t1/Montipora_capitata_HIv3___RNAseq.g28405.t2/Montipora_capitata_HIv3___RNAseq.g34571.t1/Montipora_capitata_HIv3___RNAseq.g44321.t1,0.9412509445898494,regulation of DNA-templated transcription,BP
GO:0065007,biological regulation,19/26,5568/8282,0.3425496481615484,1.3241246112688858,19,5568,Montipora_capitata_HIv3___RNAseq.g31228.t1/Montipora_capitata_HIv3___RNAseq.g11431.t1/Montipora_capitata_HIv3___RNAseq.g663.t1/Montipora_capitata_HIv3___RNAseq.g7598.t1/Montipora_capitata_HIv3___RNAseq.g30422.t1/Montipora_capitata_HIv3___RNAseq.g20093.t1/Montipora_capitata_HIv3___RNAseq.g40803.t1/Montipora_capitata_HIv3___RNAseq.g13613.t1/Montipora_capitata_HIv3___RNAseq.g25137.t1/Montipora_capitata_HIv3___RNAseq.g22747.t1/Montipora_capitata_HIv3___RNAseq.g21911.t1/Montipora_capitata_HIv3___RNAseq.g33912.t1/Montipora_capitata_HIv3___RNAseq.g44252.t1/Montipora_capitata_HIv3___RNAseq.g28405.t2/Montipora_capitata_HIv3___RNAseq.g34571.t1/Montipora_capitata_HIv3___RNAseq.g8826.t1/Montipora_capitata_HIv3___RNAseq.g25143.t1/Montipora_capitata_HIv3___RNAseq.g44321.t1/Montipora_capitata_HIv3___RNAseq.g45083.t2,0.9412509445898494,biological regulation,BP
GO:0045892,negative regulation of DNA-templated transcription,3/26,664/8282,0.3470127763829044,1.4986169990147098,3,664,Montipora_capitata_HIv3___RNAseq.g20093.t1/Montipora_capitata_HIv3___RNAseq.g34571.t1/Montipora_capitata_HIv3___RNAseq.g44321.t1,0.9412509445898494,negative regulation of DNA-templated transcription,BP
GO:0030182,neuron differentiation,4/26,949/8282,0.34749401097705207,1.4065663124580907,4,949,Montipora_capitata_HIv3___RNAseq.g40803.t1/Montipora_capitata_HIv3___RNAseq.g25137.t1/Montipora_capitata_HIv3___RNAseq.g25143.t1/Montipora_capitata_HIv3___RNAseq.g14940.t1,0.9412509445898494,neuron differentiation,BP
GO:0007275,multicellular organism development,12/26,3367/8282,0.35137506813824365,1.2520723324542047,12,3367,Montipora_capitata_HIv3___RNAseq.g11431.t1/Montipora_capitata_HIv3___RNAseq.g40524.t1/Montipora_capitata_HIv3___RNAseq.g663.t1/Montipora_capitata_HIv3___RNAseq.g39502.t1/Montipora_capitata_HIv3___RNAseq.g7598.t1/Montipora_capitata_HIv3___RNAseq.g40803.t1/Montipora_capitata_HIv3___RNAseq.g25137.t1/Montipora_capitata_HIv3___RNAseq.g22747.t1/Montipora_capitata_HIv3___TS.g35289.t2/Montipora_capitata_HIv3___RNAseq.g25143.t1/Montipora_capitata_HIv3___RNAseq.g44321.t1/Montipora_capitata_HIv3___RNAseq.g14940.t1,0.9412509445898494,multicellular organism development,BP
GO:1903507,GO:1903507,3/26,675/8282,0.35676820682555,1.4719564215481022,3,675,Montipora_capitata_HIv3___RNAseq.g20093.t1/Montipora_capitata_HIv3___RNAseq.g34571.t1/Montipora_capitata_HIv3___RNAseq.g44321.t1,0.9412509445898494,NA,NA
GO:1902679,negative regulation of RNA biosynthetic process,3/26,676/8282,0.3576548267059402,1.469575951276298,3,676,Montipora_capitata_HIv3___RNAseq.g20093.t1/Montipora_capitata_HIv3___RNAseq.g34571.t1/Montipora_capitata_HIv3___RNAseq.g44321.t1,0.9412509445898494,negative regulation of RNA biosynthetic process,BP
GO:1903506,GO:1903506,6/26,1552/8282,0.35844556684479695,1.3020242549009724,6,1552,Montipora_capitata_HIv3___RNAseq.g30422.t1/Montipora_capitata_HIv3___RNAseq.g20093.t1/Montipora_capitata_HIv3___RNAseq.g13613.t1/Montipora_capitata_HIv3___RNAseq.g28405.t2/Montipora_capitata_HIv3___RNAseq.g34571.t1/Montipora_capitata_HIv3___RNAseq.g44321.t1,0.9412509445898494,NA,NA
GO:0010468,regulation of gene expression,8/26,2155/8282,0.3593875496845646,1.264583130651213,8,2155,Montipora_capitata_HIv3___RNAseq.g31228.t1/Montipora_capitata_HIv3___RNAseq.g30422.t1/Montipora_capitata_HIv3___RNAseq.g20093.t1/Montipora_capitata_HIv3___RNAseq.g40803.t1/Montipora_capitata_HIv3___RNAseq.g13613.t1/Montipora_capitata_HIv3___RNAseq.g28405.t2/Montipora_capitata_HIv3___RNAseq.g34571.t1/Montipora_capitata_HIv3___RNAseq.g44321.t1,0.9412509445898494,regulation of gene expression,BP
GO:2001141,regulation of RNA biosynthetic process,6/26,1555/8282,0.3602714773350744,1.2989220456303212,6,1555,Montipora_capitata_HIv3___RNAseq.g30422.t1/Montipora_capitata_HIv3___RNAseq.g20093.t1/Montipora_capitata_HIv3___RNAseq.g13613.t1/Montipora_capitata_HIv3___RNAseq.g28405.t2/Montipora_capitata_HIv3___RNAseq.g34571.t1/Montipora_capitata_HIv3___RNAseq.g44321.t1,0.9412509445898494,regulation of RNA biosynthetic process,BP
GO:0120036,plasma membrane bounded cell projection organization,4/26,985/8282,0.3744746670048401,1.34828788909872,4,985,Montipora_capitata_HIv3___RNAseq.g40803.t1/Montipora_capitata_HIv3___RNAseq.g25137.t1/Montipora_capitata_HIv3___RNAseq.g25143.t1/Montipora_capitata_HIv3___RNAseq.g14940.t1,0.9412509445898494,plasma membrane bounded cell projection organization,BP
GO:0048699,generation of neurons,5/26,1285/8282,0.3779005601710259,1.2975733235038247,5,1285,Montipora_capitata_HIv3___RNAseq.g11431.t1/Montipora_capitata_HIv3___RNAseq.g40803.t1/Montipora_capitata_HIv3___RNAseq.g25137.t1/Montipora_capitata_HIv3___RNAseq.g25143.t1/Montipora_capitata_HIv3___RNAseq.g14940.t1,0.9412509445898494,generation of neurons,BP
GO:0030030,cell projection organization,4/26,990/8282,0.37822718847903514,1.3405301630888786,4,990,Montipora_capitata_HIv3___RNAseq.g40803.t1/Montipora_capitata_HIv3___RNAseq.g25137.t1/Montipora_capitata_HIv3___RNAseq.g25143.t1/Montipora_capitata_HIv3___RNAseq.g14940.t1,0.9412509445898494,cell projection organization,BP
GO:0016310,phosphorylation,3/26,707/8282,0.3850906549469222,1.3991355802064918,3,707,Montipora_capitata_HIv3___RNAseq.g20093.t1/Montipora_capitata_HIv3___RNAseq.g22747.t1/Montipora_capitata_HIv3___RNAseq.g12097.t1,0.9412509445898494,phosphorylation,BP
GO:0005886,plasma membrane,7/26,1900/8282,0.3862537115004368,1.2383512615128536,7,1900,Montipora_capitata_HIv3___RNAseq.g20093.t1/Montipora_capitata_HIv3___RNAseq.g13613.t1/Montipora_capitata_HIv3___RNAseq.g25137.t1/Montipora_capitata_HIv3___RNAseq.g22747.t1/Montipora_capitata_HIv3___RNAseq.g44252.t1/Montipora_capitata_HIv3___RNAseq.g34571.t1/Montipora_capitata_HIv3___RNAseq.g25143.t1,0.9412509445898494,plasma membrane,CC
GO:0120025,plasma membrane bounded cell projection,5/26,1305/8282,0.39127874582165123,1.273951426584917,5,1305,Montipora_capitata_HIv3___RNAseq.g20093.t1/Montipora_capitata_HIv3___RNAseq.g25137.t1/Montipora_capitata_HIv3___RNAseq.g34571.t1/Montipora_capitata_HIv3___RNAseq.g12097.t1/Montipora_capitata_HIv3___RNAseq.g25143.t1,0.9412509445898494,plasma membrane bounded cell projection,CC
GO:0032501,multicellular organismal process,14/26,4084/8282,0.3948272468676846,1.1998898702544376,14,4084,Montipora_capitata_HIv3___RNAseq.g11431.t1/Montipora_capitata_HIv3___RNAseq.g40524.t1/Montipora_capitata_HIv3___RNAseq.g663.t1/Montipora_capitata_HIv3___RNAseq.g39502.t1/Montipora_capitata_HIv3___RNAseq.g7598.t1/Montipora_capitata_HIv3___RNAseq.g20093.t1/Montipora_capitata_HIv3___RNAseq.g40803.t1/Montipora_capitata_HIv3___RNAseq.g25137.t1/Montipora_capitata_HIv3___RNAseq.g22747.t1/Montipora_capitata_HIv3___RNAseq.g44252.t1/Montipora_capitata_HIv3___TS.g35289.t2/Montipora_capitata_HIv3___RNAseq.g25143.t1/Montipora_capitata_HIv3___RNAseq.g44321.t1/Montipora_capitata_HIv3___RNAseq.g14940.t1,0.9412509445898494,multicellular organismal process,BP
GO:0042995,cell projection,5/26,1314/8282,0.3973046688309184,1.2635570176083408,5,1314,Montipora_capitata_HIv3___RNAseq.g20093.t1/Montipora_capitata_HIv3___RNAseq.g25137.t1/Montipora_capitata_HIv3___RNAseq.g34571.t1/Montipora_capitata_HIv3___RNAseq.g12097.t1/Montipora_capitata_HIv3___RNAseq.g25143.t1,0.9412509445898494,cell projection,CC
GO:0048468,cell development,6/26,1619/8282,0.3994766943494923,1.2354900355445557,6,1619,Montipora_capitata_HIv3___RNAseq.g39502.t1/Montipora_capitata_HIv3___RNAseq.g40803.t1/Montipora_capitata_HIv3___RNAseq.g25137.t1/Montipora_capitata_HIv3___RNAseq.g22747.t1/Montipora_capitata_HIv3___RNAseq.g25143.t1/Montipora_capitata_HIv3___RNAseq.g14940.t1,0.9412509445898494,cell development,BP
GO:0019637,organophosphate metabolic process,3/26,735/8282,0.4097236182988193,1.3406394296242596,3,735,Montipora_capitata_HIv3___RNAseq.g22747.t1/Montipora_capitata_HIv3___RNAseq.g33912.t1/Montipora_capitata_HIv3___RNAseq.g12097.t1,0.9412509445898494,organophosphate metabolic process,BP
GO:0048731,system development,10/26,2866/8282,0.4100809801728246,1.1816855473100882,10,2866,Montipora_capitata_HIv3___RNAseq.g11431.t1/Montipora_capitata_HIv3___RNAseq.g40524.t1/Montipora_capitata_HIv3___RNAseq.g663.t1/Montipora_capitata_HIv3___RNAseq.g7598.t1/Montipora_capitata_HIv3___RNAseq.g40803.t1/Montipora_capitata_HIv3___RNAseq.g25137.t1/Montipora_capitata_HIv3___RNAseq.g22747.t1/Montipora_capitata_HIv3___RNAseq.g25143.t1/Montipora_capitata_HIv3___RNAseq.g44321.t1/Montipora_capitata_HIv3___RNAseq.g14940.t1,0.9412509445898494,system development,BP
GO:0051253,negative regulation of RNA metabolic process,3/26,736/8282,0.4105996768603217,1.3386329151271799,3,736,Montipora_capitata_HIv3___RNAseq.g20093.t1/Montipora_capitata_HIv3___RNAseq.g34571.t1/Montipora_capitata_HIv3___RNAseq.g44321.t1,0.9412509445898494,negative regulation of RNA metabolic process,BP
GO:0080090,regulation of primary metabolic process,10/26,2871/8282,0.41263884013032437,1.178529116510356,10,2871,Montipora_capitata_HIv3___RNAseq.g11431.t1/Montipora_capitata_HIv3___RNAseq.g30422.t1/Montipora_capitata_HIv3___RNAseq.g20093.t1/Montipora_capitata_HIv3___RNAseq.g13613.t1/Montipora_capitata_HIv3___RNAseq.g22747.t1/Montipora_capitata_HIv3___RNAseq.g21911.t1/Montipora_capitata_HIv3___RNAseq.g28405.t2/Montipora_capitata_HIv3___RNAseq.g34571.t1/Montipora_capitata_HIv3___RNAseq.g8826.t1/Montipora_capitata_HIv3___RNAseq.g44321.t1,0.9412509445898494,regulation of primary metabolic process,BP
GO:0044281,small molecule metabolic process,5/26,1342/8282,0.4160565504287448,1.2320935169279887,5,1342,Montipora_capitata_HIv3___RNAseq.g39502.t1/Montipora_capitata_HIv3___RNAseq.g20093.t1/Montipora_capitata_HIv3___RNAseq.g22747.t1/Montipora_capitata_HIv3___RNAseq.g33912.t1/Montipora_capitata_HIv3___RNAseq.g12097.t1,0.9412509445898494,small molecule metabolic process,BP
GO:0009892,negative regulation of metabolic process,6/26,1650/8282,0.41856932933655167,1.2065402994198764,6,1650,Montipora_capitata_HIv3___RNAseq.g31228.t1/Montipora_capitata_HIv3___RNAseq.g20093.t1/Montipora_capitata_HIv3___RNAseq.g40803.t1/Montipora_capitata_HIv3___RNAseq.g21911.t1/Montipora_capitata_HIv3___RNAseq.g34571.t1/Montipora_capitata_HIv3___RNAseq.g44321.t1,0.9412509445898494,negative regulation of metabolic process,BP
GO:0044432,GO:0044432,3/26,746/8282,0.4193437179410303,1.3188647452363056,3,746,Montipora_capitata_HIv3___RNAseq.g39502.t1/Montipora_capitata_HIv3___RNAseq.g26661.t1/Montipora_capitata_HIv3___RNAseq.g14940.t1,0.9412509445898494,NA,NA
GO:0031967,organelle envelope,3/26,753/8282,0.42544542695461196,1.305343276342214,3,753,Montipora_capitata_HIv3___RNAseq.g7598.t1/Montipora_capitata_HIv3___RNAseq.g22747.t1/Montipora_capitata_HIv3___RNAseq.g26661.t1,0.9412509445898494,organelle envelope,CC
GO:0031975,envelope,3/26,753/8282,0.42544542695461196,1.305343276342214,3,753,Montipora_capitata_HIv3___RNAseq.g7598.t1/Montipora_capitata_HIv3___RNAseq.g22747.t1/Montipora_capitata_HIv3___RNAseq.g26661.t1,0.9412509445898494,envelope,CC
GO:0005515,protein binding,13/26,3851/8282,0.4342281021975922,1.151099207306726,13,3851,Montipora_capitata_HIv3___RNAseq.g31228.t1/Montipora_capitata_HIv3___RNAseq.g11431.t1/Montipora_capitata_HIv3___RNAseq.g20093.t1/Montipora_capitata_HIv3___RNAseq.g13613.t1/Montipora_capitata_HIv3___TS.g26714.t1/Montipora_capitata_HIv3___RNAseq.g44252.t1/Montipora_capitata_HIv3___RNAseq.g26661.t1/Montipora_capitata_HIv3___RNAseq.g34571.t1/Montipora_capitata_HIv3___RNAseq.g12097.t1/Montipora_capitata_HIv3___TS.g35289.t2/Montipora_capitata_HIv3___RNAseq.g8826.t1/Montipora_capitata_HIv3___RNAseq.g44321.t1/Montipora_capitata_HIv3___RNAseq.g45083.t2,0.9514699306911869,protein binding,MF
GO:0003677,DNA binding,3/26,772/8282,0.4419180297074018,1.2698742297551562,3,772,Montipora_capitata_HIv3___RNAseq.g20093.t1/Montipora_capitata_HIv3___TS.g26714.t1/Montipora_capitata_HIv3___RNAseq.g45083.t2,0.9514699306911869,DNA binding,MF
GO:0071944,cell periphery,7/26,2003/8282,0.44572510258076214,1.1554174266004997,7,2003,Montipora_capitata_HIv3___RNAseq.g20093.t1/Montipora_capitata_HIv3___RNAseq.g13613.t1/Montipora_capitata_HIv3___RNAseq.g25137.t1/Montipora_capitata_HIv3___RNAseq.g22747.t1/Montipora_capitata_HIv3___RNAseq.g44252.t1/Montipora_capitata_HIv3___RNAseq.g34571.t1/Montipora_capitata_HIv3___RNAseq.g25143.t1,0.9514699306911869,cell periphery,CC
GO:0080134,regulation of response to stress,3/26,779/8282,0.4479508460895455,1.2572444692398443,3,779,Montipora_capitata_HIv3___RNAseq.g20093.t1/Montipora_capitata_HIv3___RNAseq.g13613.t1/Montipora_capitata_HIv3___RNAseq.g34571.t1,0.9514699306911869,regulation of response to stress,BP
GO:0051252,regulation of RNA metabolic process,6/26,1711/8282,0.45612517987096624,1.1526812815294816,6,1711,Montipora_capitata_HIv3___RNAseq.g30422.t1/Montipora_capitata_HIv3___RNAseq.g20093.t1/Montipora_capitata_HIv3___RNAseq.g13613.t1/Montipora_capitata_HIv3___RNAseq.g28405.t2/Montipora_capitata_HIv3___RNAseq.g34571.t1/Montipora_capitata_HIv3___RNAseq.g44321.t1,0.9514699306911869,regulation of RNA metabolic process,BP
GO:2000113,GO:2000113,3/26,791/8282,0.4582432765037566,1.2361154378366244,3,791,Montipora_capitata_HIv3___RNAseq.g20093.t1/Montipora_capitata_HIv3___RNAseq.g34571.t1/Montipora_capitata_HIv3___RNAseq.g44321.t1,0.9514699306911869,NA,NA
GO:1901135,carbohydrate derivative metabolic process,3/26,791/8282,0.4582432765037566,1.2361154378366244,3,791,Montipora_capitata_HIv3___RNAseq.g22747.t1/Montipora_capitata_HIv3___RNAseq.g33912.t1/Montipora_capitata_HIv3___RNAseq.g12097.t1,0.9514699306911869,carbohydrate derivative metabolic process,BP
GO:0031323,regulation of cellular metabolic process,10/26,2976/8282,0.46672199751404986,1.114698492961287,10,2976,Montipora_capitata_HIv3___RNAseq.g7598.t1/Montipora_capitata_HIv3___RNAseq.g30422.t1/Montipora_capitata_HIv3___RNAseq.g20093.t1/Montipora_capitata_HIv3___RNAseq.g13613.t1/Montipora_capitata_HIv3___RNAseq.g22747.t1/Montipora_capitata_HIv3___RNAseq.g21911.t1/Montipora_capitata_HIv3___RNAseq.g28405.t2/Montipora_capitata_HIv3___RNAseq.g34571.t1/Montipora_capitata_HIv3___RNAseq.g8826.t1/Montipora_capitata_HIv3___RNAseq.g44321.t1,0.9514699306911869,regulation of cellular metabolic process,BP
GO:0016740,transferase activity,5/26,1418/8282,0.46672517997435026,1.1530112725070365,5,1418,Montipora_capitata_HIv3___RNAseq.g13613.t1/Montipora_capitata_HIv3___RNAseq.g22747.t1/Montipora_capitata_HIv3___RNAseq.g33912.t1/Montipora_capitata_HIv3___RNAseq.g12097.t1/Montipora_capitata_HIv3___RNAseq.g8826.t1,0.9514699306911869,transferase activity,MF
GO:0009968,negative regulation of signal transduction,3/26,803/8282,0.4684688216023263,1.215620209102858,3,803,Montipora_capitata_HIv3___RNAseq.g20093.t1/Montipora_capitata_HIv3___RNAseq.g21911.t1/Montipora_capitata_HIv3___RNAseq.g34571.t1,0.9514699306911869,negative regulation of signal transduction,BP
GO:0010558,negative regulation of macromolecule biosynthetic process,3/26,810/8282,0.47440092219091945,1.2039461091299382,3,810,Montipora_capitata_HIv3___RNAseq.g20093.t1/Montipora_capitata_HIv3___RNAseq.g34571.t1/Montipora_capitata_HIv3___RNAseq.g44321.t1,0.9514699306911869,negative regulation of macromolecule biosynthetic process,BP
GO:0007399,nervous system development,6/26,1743/8282,0.47573496534559345,1.125915148203136,6,1743,Montipora_capitata_HIv3___RNAseq.g11431.t1/Montipora_capitata_HIv3___RNAseq.g40803.t1/Montipora_capitata_HIv3___RNAseq.g25137.t1/Montipora_capitata_HIv3___RNAseq.g25143.t1/Montipora_capitata_HIv3___RNAseq.g44321.t1/Montipora_capitata_HIv3___RNAseq.g14940.t1,0.9514699306911869,nervous system development,BP
GO:0045595,regulation of cell differentiation,4/26,1131/8282,0.4830096546396654,1.1500732764764086,4,1131,Montipora_capitata_HIv3___RNAseq.g11431.t1/Montipora_capitata_HIv3___RNAseq.g40803.t1/Montipora_capitata_HIv3___RNAseq.g34571.t1/Montipora_capitata_HIv3___RNAseq.g44321.t1,0.9583524893644155,regulation of cell differentiation,BP
GO:0045934,negative regulation of nucleobase-containing compound metabolic process,3/26,831/8282,0.492041889185719,1.1701080010111022,3,831,Montipora_capitata_HIv3___RNAseq.g20093.t1/Montipora_capitata_HIv3___RNAseq.g34571.t1/Montipora_capitata_HIv3___RNAseq.g44321.t1,0.96858639603488,negative regulation of nucleobase-containing compound metabolic process,BP
GO:0065008,regulation of biological quality,8/26,2431/8282,0.510595601965354,1.0699207515630755,8,2431,Montipora_capitata_HIv3___RNAseq.g7598.t1/Montipora_capitata_HIv3___RNAseq.g20093.t1/Montipora_capitata_HIv3___RNAseq.g25137.t1/Montipora_capitata_HIv3___RNAseq.g22747.t1/Montipora_capitata_HIv3___RNAseq.g33912.t1/Montipora_capitata_HIv3___RNAseq.g44252.t1/Montipora_capitata_HIv3___RNAseq.g34571.t1/Montipora_capitata_HIv3___RNAseq.g25143.t1,0.9716355806666264,regulation of biological quality,BP
GO:0031327,negative regulation of cellular biosynthetic process,3/26,855/8282,0.5118947412468413,1.1334642461641171,3,855,Montipora_capitata_HIv3___RNAseq.g20093.t1/Montipora_capitata_HIv3___RNAseq.g34571.t1/Montipora_capitata_HIv3___RNAseq.g44321.t1,0.9716355806666264,negative regulation of cellular biosynthetic process,BP
GO:0051171,regulation of nitrogen compound metabolic process,9/26,2767/8282,0.5216100968031063,1.0553607452817064,9,2767,Montipora_capitata_HIv3___RNAseq.g11431.t1/Montipora_capitata_HIv3___RNAseq.g30422.t1/Montipora_capitata_HIv3___RNAseq.g20093.t1/Montipora_capitata_HIv3___RNAseq.g13613.t1/Montipora_capitata_HIv3___RNAseq.g21911.t1/Montipora_capitata_HIv3___RNAseq.g28405.t2/Montipora_capitata_HIv3___RNAseq.g34571.t1/Montipora_capitata_HIv3___RNAseq.g8826.t1/Montipora_capitata_HIv3___RNAseq.g44321.t1,0.9716355806666264,regulation of nitrogen compound metabolic process,BP
GO:0009890,negative regulation of biosynthetic process,3/26,871/8282,0.5249325840526132,1.110157353828897,3,871,Montipora_capitata_HIv3___RNAseq.g20093.t1/Montipora_capitata_HIv3___RNAseq.g34571.t1/Montipora_capitata_HIv3___RNAseq.g44321.t1,0.9716355806666264,negative regulation of biosynthetic process,BP
GO:2000112,GO:2000112,6/26,1829/8282,0.5277336783651352,1.0586391656282916,6,1829,Montipora_capitata_HIv3___RNAseq.g30422.t1/Montipora_capitata_HIv3___RNAseq.g20093.t1/Montipora_capitata_HIv3___RNAseq.g13613.t1/Montipora_capitata_HIv3___RNAseq.g28405.t2/Montipora_capitata_HIv3___RNAseq.g34571.t1/Montipora_capitata_HIv3___RNAseq.g44321.t1,0.9716355806666264,NA,NA
GO:0034654,nucleobase-containing compound biosynthetic process,3/26,883/8282,0.5346013204318059,1.0932333631050777,3,883,Montipora_capitata_HIv3___RNAseq.g22747.t1/Montipora_capitata_HIv3___RNAseq.g33912.t1/Montipora_capitata_HIv3___RNAseq.g12097.t1,0.9716355806666264,nucleobase-containing compound biosynthetic process,BP
GO:0010648,negative regulation of cell communication,3/26,887/8282,0.5378026928960162,1.087766422169292,3,887,Montipora_capitata_HIv3___RNAseq.g20093.t1/Montipora_capitata_HIv3___RNAseq.g21911.t1/Montipora_capitata_HIv3___RNAseq.g34571.t1,0.9716355806666264,negative regulation of cell communication,BP
GO:0023057,negative regulation of signaling,3/26,888/8282,0.5386013272552539,1.086389282804534,3,888,Montipora_capitata_HIv3___RNAseq.g20093.t1/Montipora_capitata_HIv3___RNAseq.g21911.t1/Montipora_capitata_HIv3___RNAseq.g34571.t1,0.9716355806666264,negative regulation of signaling,BP
GO:0071310,cellular response to organic substance,4/26,1213/8282,0.5415186296969446,1.0597848721208738,4,1213,Montipora_capitata_HIv3___RNAseq.g13613.t1/Montipora_capitata_HIv3___RNAseq.g25137.t1/Montipora_capitata_HIv3___RNAseq.g21911.t1/Montipora_capitata_HIv3___RNAseq.g25143.t1,0.9716355806666264,cellular response to organic substance,BP
GO:0051726,regulation of cell cycle,3/26,895/8282,0.544172431192065,1.0768358893912182,3,895,Montipora_capitata_HIv3___RNAseq.g20093.t1/Montipora_capitata_HIv3___RNAseq.g22747.t1/Montipora_capitata_HIv3___RNAseq.g45083.t2,0.9716355806666264,regulation of cell cycle,BP
GO:0051246,regulation of protein metabolic process,5/26,1563/8282,0.560338749094491,1.0235944457378838,5,1563,Montipora_capitata_HIv3___RNAseq.g11431.t1/Montipora_capitata_HIv3___RNAseq.g20093.t1/Montipora_capitata_HIv3___RNAseq.g13613.t1/Montipora_capitata_HIv3___RNAseq.g21911.t1/Montipora_capitata_HIv3___RNAseq.g8826.t1,0.9716355806666264,regulation of protein metabolic process,BP
GO:0044425,GO:0044425,7/26,2209/8282,0.5629408076493763,1.0129056302893462,7,2209,Montipora_capitata_HIv3___RNAseq.g663.t1/Montipora_capitata_HIv3___RNAseq.g39502.t1/Montipora_capitata_HIv3___RNAseq.g20093.t1/Montipora_capitata_HIv3___RNAseq.g13613.t1/Montipora_capitata_HIv3___RNAseq.g22747.t1/Montipora_capitata_HIv3___RNAseq.g44252.t1/Montipora_capitata_HIv3___RNAseq.g26661.t1,0.9716355806666264,NA,NA
GO:0006139,nucleobase-containing compound metabolic process,7/26,2209/8282,0.5629408076493763,1.0129056302893462,7,2209,Montipora_capitata_HIv3___RNAseq.g31228.t1/Montipora_capitata_HIv3___RNAseq.g40803.t1/Montipora_capitata_HIv3___TS.g26714.t1/Montipora_capitata_HIv3___RNAseq.g22747.t1/Montipora_capitata_HIv3___RNAseq.g33912.t1/Montipora_capitata_HIv3___RNAseq.g12097.t1/Montipora_capitata_HIv3___RNAseq.g45083.t2,0.9716355806666264,nucleobase-containing compound metabolic process,BP
GO:0019219,regulation of nucleobase-containing compound metabolic process,6/26,1890/8282,0.563681446720897,1.0146483977220768,6,1890,Montipora_capitata_HIv3___RNAseq.g30422.t1/Montipora_capitata_HIv3___RNAseq.g20093.t1/Montipora_capitata_HIv3___RNAseq.g13613.t1/Montipora_capitata_HIv3___RNAseq.g28405.t2/Montipora_capitata_HIv3___RNAseq.g34571.t1/Montipora_capitata_HIv3___RNAseq.g44321.t1,0.9716355806666264,regulation of nucleobase-containing compound metabolic process,BP
GO:0010556,regulation of macromolecule biosynthetic process,6/26,1896/8282,0.567164328783242,1.010475177196445,6,1896,Montipora_capitata_HIv3___RNAseq.g30422.t1/Montipora_capitata_HIv3___RNAseq.g20093.t1/Montipora_capitata_HIv3___RNAseq.g13613.t1/Montipora_capitata_HIv3___RNAseq.g28405.t2/Montipora_capitata_HIv3___RNAseq.g34571.t1/Montipora_capitata_HIv3___RNAseq.g44321.t1,0.9716355806666264,regulation of macromolecule biosynthetic process,BP
GO:0007049,cell cycle,3/26,929/8282,0.5707345543996389,1.0324933048007028,3,929,Montipora_capitata_HIv3___RNAseq.g39502.t1/Montipora_capitata_HIv3___TS.g26714.t1/Montipora_capitata_HIv3___RNAseq.g22747.t1,0.9716355806666264,cell cycle,BP
GO:1901360,organic cyclic compound metabolic process,8/26,2546/8282,0.5723653405765337,1.001320057030179,8,2546,Montipora_capitata_HIv3___RNAseq.g31228.t1/Montipora_capitata_HIv3___RNAseq.g39502.t1/Montipora_capitata_HIv3___RNAseq.g40803.t1/Montipora_capitata_HIv3___TS.g26714.t1/Montipora_capitata_HIv3___RNAseq.g22747.t1/Montipora_capitata_HIv3___RNAseq.g33912.t1/Montipora_capitata_HIv3___RNAseq.g12097.t1/Montipora_capitata_HIv3___RNAseq.g45083.t2,0.9716355806666264,organic cyclic compound metabolic process,BP
GO:0044463,GO:0044463,3/26,945/8282,0.58293731509355,1.012738305333151,3,945,Montipora_capitata_HIv3___RNAseq.g20093.t1/Montipora_capitata_HIv3___RNAseq.g34571.t1/Montipora_capitata_HIv3___RNAseq.g12097.t1,0.9716355806666264,NA,NA
GO:0120038,GO:0120038,3/26,945/8282,0.58293731509355,1.012738305333151,3,945,Montipora_capitata_HIv3___RNAseq.g20093.t1/Montipora_capitata_HIv3___RNAseq.g34571.t1/Montipora_capitata_HIv3___RNAseq.g12097.t1,0.9716355806666264,NA,NA
GO:0019438,aromatic compound biosynthetic process,3/26,959/8282,0.5934527157214471,0.9959982727345905,3,959,Montipora_capitata_HIv3___RNAseq.g22747.t1/Montipora_capitata_HIv3___RNAseq.g33912.t1/Montipora_capitata_HIv3___RNAseq.g12097.t1,0.9716355806666264,aromatic compound biosynthetic process,BP
GO:0018130,heterocycle biosynthetic process,3/26,965/8282,0.5979121663061986,0.9889733712817169,3,965,Montipora_capitata_HIv3___RNAseq.g22747.t1/Montipora_capitata_HIv3___RNAseq.g33912.t1/Montipora_capitata_HIv3___RNAseq.g12097.t1,0.9716355806666264,heterocycle biosynthetic process,BP
GO:0051172,negative regulation of nitrogen compound metabolic process,4/26,1298/8282,0.5990105462638422,0.9782219235917641,4,1298,Montipora_capitata_HIv3___RNAseq.g20093.t1/Montipora_capitata_HIv3___RNAseq.g21911.t1/Montipora_capitata_HIv3___RNAseq.g34571.t1/Montipora_capitata_HIv3___RNAseq.g44321.t1,0.9716355806666264,negative regulation of nitrogen compound metabolic process,BP
GO:0040011,locomotion,3/26,969/8282,0.6008692397068592,0.9843384896170496,3,969,Montipora_capitata_HIv3___RNAseq.g22747.t1/Montipora_capitata_HIv3___RNAseq.g44252.t1/Montipora_capitata_HIv3___RNAseq.g14940.t1,0.9716355806666264,locomotion,BP
GO:0048585,negative regulation of response to stimulus,3/26,975/8282,0.6052808424529743,0.9774575513027244,3,975,Montipora_capitata_HIv3___RNAseq.g20093.t1/Montipora_capitata_HIv3___RNAseq.g21911.t1/Montipora_capitata_HIv3___RNAseq.g34571.t1,0.9716355806666264,negative regulation of response to stimulus,BP
GO:0031984,organelle subcompartment,3/26,976/8282,0.6060132957921689,0.9763189622481783,3,976,Montipora_capitata_HIv3___RNAseq.g663.t1/Montipora_capitata_HIv3___RNAseq.g39502.t1/Montipora_capitata_HIv3___RNAseq.g26661.t1,0.9716355806666264,organelle subcompartment,CC
GO:0006796,phosphate-containing compound metabolic process,4/26,1309/8282,0.6061745691694869,0.9684429048388353,4,1309,Montipora_capitata_HIv3___RNAseq.g20093.t1/Montipora_capitata_HIv3___RNAseq.g22747.t1/Montipora_capitata_HIv3___RNAseq.g33912.t1/Montipora_capitata_HIv3___RNAseq.g12097.t1,0.9716355806666264,phosphate-containing compound metabolic process,BP
GO:0031326,regulation of cellular biosynthetic process,6/26,1976/8282,0.6125368017649742,0.9572400368170164,6,1976,Montipora_capitata_HIv3___RNAseq.g30422.t1/Montipora_capitata_HIv3___RNAseq.g20093.t1/Montipora_capitata_HIv3___RNAseq.g13613.t1/Montipora_capitata_HIv3___RNAseq.g28405.t2/Montipora_capitata_HIv3___RNAseq.g34571.t1/Montipora_capitata_HIv3___RNAseq.g44321.t1,0.9716355806666264,regulation of cellular biosynthetic process,BP
GO:0050789,regulation of biological process,16/26,5152/8282,0.613148114433558,0.9719487544286846,16,5152,Montipora_capitata_HIv3___RNAseq.g31228.t1/Montipora_capitata_HIv3___RNAseq.g11431.t1/Montipora_capitata_HIv3___RNAseq.g663.t1/Montipora_capitata_HIv3___RNAseq.g7598.t1/Montipora_capitata_HIv3___RNAseq.g30422.t1/Montipora_capitata_HIv3___RNAseq.g20093.t1/Montipora_capitata_HIv3___RNAseq.g40803.t1/Montipora_capitata_HIv3___RNAseq.g13613.t1/Montipora_capitata_HIv3___RNAseq.g22747.t1/Montipora_capitata_HIv3___RNAseq.g21911.t1/Montipora_capitata_HIv3___RNAseq.g44252.t1/Montipora_capitata_HIv3___RNAseq.g28405.t2/Montipora_capitata_HIv3___RNAseq.g34571.t1/Montipora_capitata_HIv3___RNAseq.g8826.t1/Montipora_capitata_HIv3___RNAseq.g44321.t1/Montipora_capitata_HIv3___RNAseq.g45083.t2,0.9716355806666264,regulation of biological process,BP
GO:0005622,intracellular anatomical structure,23/26,7292/8282,0.6217728115209644,1.0409938383385475,23,7292,Montipora_capitata_HIv3___RNAseq.g31228.t1/Montipora_capitata_HIv3___RNAseq.g11431.t1/Montipora_capitata_HIv3___RNAseq.g663.t1/Montipora_capitata_HIv3___RNAseq.g39502.t1/Montipora_capitata_HIv3___RNAseq.g7598.t1/Montipora_capitata_HIv3___RNAseq.g30422.t1/Montipora_capitata_HIv3___RNAseq.g20093.t1/Montipora_capitata_HIv3___RNAseq.g40803.t1/Montipora_capitata_HIv3___RNAseq.g13613.t1/Montipora_capitata_HIv3___RNAseq.g25137.t1/Montipora_capitata_HIv3___TS.g26714.t1/Montipora_capitata_HIv3___RNAseq.g22747.t1/Montipora_capitata_HIv3___RNAseq.g21911.t1/Montipora_capitata_HIv3___RNAseq.g33912.t1/Montipora_capitata_HIv3___RNAseq.g26661.t1/Montipora_capitata_HIv3___RNAseq.g34571.t1/Montipora_capitata_HIv3___RNAseq.g12097.t1/Montipora_capitata_HIv3___TS.g35289.t2/Montipora_capitata_HIv3___RNAseq.g8826.t1/Montipora_capitata_HIv3___RNAseq.g25143.t1/Montipora_capitata_HIv3___RNAseq.g44321.t1/Montipora_capitata_HIv3___RNAseq.g45083.t2/Montipora_capitata_HIv3___RNAseq.g14940.t1,0.9716355806666264,intracellular anatomical structure,CC
GO:0006793,phosphorus metabolic process,4/26,1335/8282,0.6228356687939696,0.9459683003188412,4,1335,Montipora_capitata_HIv3___RNAseq.g20093.t1/Montipora_capitata_HIv3___RNAseq.g22747.t1/Montipora_capitata_HIv3___RNAseq.g33912.t1/Montipora_capitata_HIv3___RNAseq.g12097.t1,0.9716355806666264,phosphorus metabolic process,BP
GO:0003676,nucleic acid binding,4/26,1341/8282,0.6266250193238725,0.9409053679594079,4,1341,Montipora_capitata_HIv3___RNAseq.g31228.t1/Montipora_capitata_HIv3___RNAseq.g20093.t1/Montipora_capitata_HIv3___TS.g26714.t1/Montipora_capitata_HIv3___RNAseq.g45083.t2,0.9716355806666264,nucleic acid binding,MF
GO:0005575,cellular_component,25/26,7871/8282,0.6275438018226122,1.3063685332383173,25,7871,Montipora_capitata_HIv3___RNAseq.g31228.t1/Montipora_capitata_HIv3___RNAseq.g11431.t1/Montipora_capitata_HIv3___RNAseq.g40524.t1/Montipora_capitata_HIv3___RNAseq.g663.t1/Montipora_capitata_HIv3___RNAseq.g39502.t1/Montipora_capitata_HIv3___RNAseq.g7598.t1/Montipora_capitata_HIv3___RNAseq.g30422.t1/Montipora_capitata_HIv3___RNAseq.g20093.t1/Montipora_capitata_HIv3___RNAseq.g40803.t1/Montipora_capitata_HIv3___RNAseq.g13613.t1/Montipora_capitata_HIv3___RNAseq.g25137.t1/Montipora_capitata_HIv3___TS.g26714.t1/Montipora_capitata_HIv3___RNAseq.g22747.t1/Montipora_capitata_HIv3___RNAseq.g21911.t1/Montipora_capitata_HIv3___RNAseq.g33912.t1/Montipora_capitata_HIv3___RNAseq.g44252.t1/Montipora_capitata_HIv3___RNAseq.g26661.t1/Montipora_capitata_HIv3___RNAseq.g34571.t1/Montipora_capitata_HIv3___RNAseq.g12097.t1/Montipora_capitata_HIv3___TS.g35289.t2/Montipora_capitata_HIv3___RNAseq.g8826.t1/Montipora_capitata_HIv3___RNAseq.g25143.t1/Montipora_capitata_HIv3___RNAseq.g44321.t1/Montipora_capitata_HIv3___RNAseq.g45083.t2/Montipora_capitata_HIv3___RNAseq.g14940.t1,0.9716355806666264,cellular_component,CC
GO:0044444,GO:0044444,17/26,5512/8282,0.6384470139322889,0.9490916140994518,17,5512,Montipora_capitata_HIv3___RNAseq.g31228.t1/Montipora_capitata_HIv3___RNAseq.g11431.t1/Montipora_capitata_HIv3___RNAseq.g663.t1/Montipora_capitata_HIv3___RNAseq.g39502.t1/Montipora_capitata_HIv3___RNAseq.g7598.t1/Montipora_capitata_HIv3___RNAseq.g20093.t1/Montipora_capitata_HIv3___RNAseq.g40803.t1/Montipora_capitata_HIv3___RNAseq.g13613.t1/Montipora_capitata_HIv3___RNAseq.g25137.t1/Montipora_capitata_HIv3___RNAseq.g22747.t1/Montipora_capitata_HIv3___RNAseq.g33912.t1/Montipora_capitata_HIv3___RNAseq.g26661.t1/Montipora_capitata_HIv3___RNAseq.g34571.t1/Montipora_capitata_HIv3___RNAseq.g12097.t1/Montipora_capitata_HIv3___TS.g35289.t2/Montipora_capitata_HIv3___RNAseq.g25143.t1/Montipora_capitata_HIv3___RNAseq.g14940.t1,0.9716355806666264,NA,NA
GO:0003006,developmental process involved in reproduction,3/26,1025/8282,0.6408984293230844,0.9232520749642286,3,1025,Montipora_capitata_HIv3___RNAseq.g40524.t1/Montipora_capitata_HIv3___RNAseq.g39502.t1/Montipora_capitata_HIv3___RNAseq.g22747.t1,0.9716355806666264,developmental process involved in reproduction,BP
GO:0046483,heterocycle metabolic process,7/26,2357/8282,0.6417309385255865,0.925921804041301,7,2357,Montipora_capitata_HIv3___RNAseq.g31228.t1/Montipora_capitata_HIv3___RNAseq.g40803.t1/Montipora_capitata_HIv3___TS.g26714.t1/Montipora_capitata_HIv3___RNAseq.g22747.t1/Montipora_capitata_HIv3___RNAseq.g33912.t1/Montipora_capitata_HIv3___RNAseq.g12097.t1/Montipora_capitata_HIv3___RNAseq.g45083.t2,0.9716355806666264,heterocycle metabolic process,BP
GO:0009889,regulation of biosynthetic process,6/26,2030/8282,0.6419023027407704,0.9237244380446488,6,2030,Montipora_capitata_HIv3___RNAseq.g30422.t1/Montipora_capitata_HIv3___RNAseq.g20093.t1/Montipora_capitata_HIv3___RNAseq.g13613.t1/Montipora_capitata_HIv3___RNAseq.g28405.t2/Montipora_capitata_HIv3___RNAseq.g34571.t1/Montipora_capitata_HIv3___RNAseq.g44321.t1,0.9716355806666264,regulation of biosynthetic process,BP
GO:0005829,cytosol,9/26,3014/8282,0.6463806280552209,0.9251065949205449,9,3014,Montipora_capitata_HIv3___RNAseq.g11431.t1/Montipora_capitata_HIv3___RNAseq.g20093.t1/Montipora_capitata_HIv3___RNAseq.g40803.t1/Montipora_capitata_HIv3___RNAseq.g13613.t1/Montipora_capitata_HIv3___RNAseq.g22747.t1/Montipora_capitata_HIv3___RNAseq.g33912.t1/Montipora_capitata_HIv3___RNAseq.g34571.t1/Montipora_capitata_HIv3___RNAseq.g12097.t1/Montipora_capitata_HIv3___TS.g35289.t2,0.9716355806666264,cytosol,CC
GO:1901566,organonitrogen compound biosynthetic process,3/26,1037/8282,0.6491357354806183,0.9110211558601168,3,1037,Montipora_capitata_HIv3___RNAseq.g22747.t1/Montipora_capitata_HIv3___RNAseq.g33912.t1/Montipora_capitata_HIv3___RNAseq.g12097.t1,0.9716355806666264,organonitrogen compound biosynthetic process,BP
GO:0005737,cytoplasm,19/26,6163/8282,0.6598535718360825,0.933037470322782,19,6163,Montipora_capitata_HIv3___RNAseq.g31228.t1/Montipora_capitata_HIv3___RNAseq.g11431.t1/Montipora_capitata_HIv3___RNAseq.g663.t1/Montipora_capitata_HIv3___RNAseq.g39502.t1/Montipora_capitata_HIv3___RNAseq.g7598.t1/Montipora_capitata_HIv3___RNAseq.g20093.t1/Montipora_capitata_HIv3___RNAseq.g40803.t1/Montipora_capitata_HIv3___RNAseq.g13613.t1/Montipora_capitata_HIv3___RNAseq.g25137.t1/Montipora_capitata_HIv3___RNAseq.g22747.t1/Montipora_capitata_HIv3___RNAseq.g21911.t1/Montipora_capitata_HIv3___RNAseq.g33912.t1/Montipora_capitata_HIv3___RNAseq.g26661.t1/Montipora_capitata_HIv3___RNAseq.g34571.t1/Montipora_capitata_HIv3___RNAseq.g12097.t1/Montipora_capitata_HIv3___TS.g35289.t2/Montipora_capitata_HIv3___RNAseq.g25143.t1/Montipora_capitata_HIv3___RNAseq.g45083.t2/Montipora_capitata_HIv3___RNAseq.g14940.t1,0.9716355806666264,cytoplasm,CC
GO:1901362,organic cyclic compound biosynthetic process,3/26,1057/8282,0.662591848772182,0.8912537791848071,3,1057,Montipora_capitata_HIv3___RNAseq.g22747.t1/Montipora_capitata_HIv3___RNAseq.g33912.t1/Montipora_capitata_HIv3___RNAseq.g12097.t1,0.9716355806666264,organic cyclic compound biosynthetic process,BP
GO:0005783,endoplasmic reticulum,3/26,1066/8282,0.6685350860932608,0.8826005651713161,3,1066,Montipora_capitata_HIv3___RNAseq.g39502.t1/Montipora_capitata_HIv3___RNAseq.g26661.t1/Montipora_capitata_HIv3___RNAseq.g14940.t1,0.9716355806666264,endoplasmic reticulum,CC
GO:0031324,negative regulation of cellular metabolic process,4/26,1411/8282,0.669227555878428,0.8850729658932703,4,1411,Montipora_capitata_HIv3___RNAseq.g20093.t1/Montipora_capitata_HIv3___RNAseq.g21911.t1/Montipora_capitata_HIv3___RNAseq.g34571.t1/Montipora_capitata_HIv3___RNAseq.g44321.t1,0.9716355806666264,negative regulation of cellular metabolic process,BP
GO:0006725,cellular aromatic compound metabolic process,7/26,2412/8282,0.6692431631189024,0.8963260906267054,7,2412,Montipora_capitata_HIv3___RNAseq.g31228.t1/Montipora_capitata_HIv3___RNAseq.g40803.t1/Montipora_capitata_HIv3___TS.g26714.t1/Montipora_capitata_HIv3___RNAseq.g22747.t1/Montipora_capitata_HIv3___RNAseq.g33912.t1/Montipora_capitata_HIv3___RNAseq.g12097.t1/Montipora_capitata_HIv3___RNAseq.g45083.t2,0.9716355806666264,cellular aromatic compound metabolic process,BP
GO:0009888,tissue development,4/26,1439/8282,0.6854110690910097,0.8642530189072056,4,1439,Montipora_capitata_HIv3___RNAseq.g40524.t1/Montipora_capitata_HIv3___RNAseq.g663.t1/Montipora_capitata_HIv3___RNAseq.g22747.t1/Montipora_capitata_HIv3___RNAseq.g44252.t1,0.9716355806666264,tissue development,BP
GO:0043167,ion binding,4/26,1441/8282,0.6865477924768099,0.8627972759290868,4,1441,Montipora_capitata_HIv3___RNAseq.g26661.t1/Montipora_capitata_HIv3___RNAseq.g12097.t1/Montipora_capitata_HIv3___RNAseq.g8826.t1/Montipora_capitata_HIv3___RNAseq.g45083.t2,0.9716355806666264,ion binding,MF
GO:0016021,GO:0016021,3/26,1107/8282,0.6947226016528106,0.8450224065579973,3,1107,Montipora_capitata_HIv3___RNAseq.g13613.t1/Montipora_capitata_HIv3___RNAseq.g44252.t1/Montipora_capitata_HIv3___RNAseq.g26661.t1,0.9716355806666264,NA,NA
GO:1901576,organic substance biosynthetic process,6/26,2143/8282,0.6995378018958285,0.8590256980902737,6,2143,Montipora_capitata_HIv3___RNAseq.g39502.t1/Montipora_capitata_HIv3___RNAseq.g20093.t1/Montipora_capitata_HIv3___RNAseq.g22747.t1/Montipora_capitata_HIv3___RNAseq.g33912.t1/Montipora_capitata_HIv3___RNAseq.g12097.t1/Montipora_capitata_HIv3___RNAseq.g45083.t2,0.9716355806666264,organic substance biosynthetic process,BP
GO:0044459,GO:0044459,3/26,1117/8282,0.7008881114321273,0.8362613256017352,3,1117,Montipora_capitata_HIv3___RNAseq.g20093.t1/Montipora_capitata_HIv3___RNAseq.g13613.t1/Montipora_capitata_HIv3___RNAseq.g44252.t1,0.9716355806666264,NA,NA
GO:0006464,GO:0006464,5/26,1812/8282,0.7024481941599998,0.8497550229405731,5,1812,Montipora_capitata_HIv3___RNAseq.g11431.t1/Montipora_capitata_HIv3___RNAseq.g20093.t1/Montipora_capitata_HIv3___RNAseq.g13613.t1/Montipora_capitata_HIv3___RNAseq.g12097.t1/Montipora_capitata_HIv3___RNAseq.g8826.t1,0.9716355806666264,NA,NA
GO:0036211,protein modification process,5/26,1812/8282,0.7024481941599998,0.8497550229405731,5,1812,Montipora_capitata_HIv3___RNAseq.g11431.t1/Montipora_capitata_HIv3___RNAseq.g20093.t1/Montipora_capitata_HIv3___RNAseq.g13613.t1/Montipora_capitata_HIv3___RNAseq.g12097.t1/Montipora_capitata_HIv3___RNAseq.g8826.t1,0.9716355806666264,protein modification process,BP
GO:0009058,biosynthetic process,6/26,2171/8282,0.7129550247585128,0.844038645842295,6,2171,Montipora_capitata_HIv3___RNAseq.g39502.t1/Montipora_capitata_HIv3___RNAseq.g20093.t1/Montipora_capitata_HIv3___RNAseq.g22747.t1/Montipora_capitata_HIv3___RNAseq.g33912.t1/Montipora_capitata_HIv3___RNAseq.g12097.t1/Montipora_capitata_HIv3___RNAseq.g45083.t2,0.9716355806666264,biosynthetic process,BP
GO:0032991,protein-containing complex,9/26,3164/8282,0.714663390126954,0.8559409483630168,9,3164,Montipora_capitata_HIv3___RNAseq.g31228.t1/Montipora_capitata_HIv3___RNAseq.g11431.t1/Montipora_capitata_HIv3___RNAseq.g663.t1/Montipora_capitata_HIv3___RNAseq.g40803.t1/Montipora_capitata_HIv3___RNAseq.g13613.t1/Montipora_capitata_HIv3___TS.g26714.t1/Montipora_capitata_HIv3___RNAseq.g22747.t1/Montipora_capitata_HIv3___RNAseq.g44252.t1/Montipora_capitata_HIv3___RNAseq.g12097.t1,0.9716355806666264,protein-containing complex,CC
GO:0051239,regulation of multicellular organismal process,5/26,1838/8282,0.7155255612412756,0.8343266569495572,5,1838,Montipora_capitata_HIv3___RNAseq.g11431.t1/Montipora_capitata_HIv3___RNAseq.g20093.t1/Montipora_capitata_HIv3___RNAseq.g40803.t1/Montipora_capitata_HIv3___RNAseq.g13613.t1/Montipora_capitata_HIv3___RNAseq.g34571.t1,0.9716355806666264,regulation of multicellular organismal process,BP
GO:0050794,regulation of cellular process,14/26,4753/8282,0.7156647100532627,0.8658470364102541,14,4753,Montipora_capitata_HIv3___RNAseq.g11431.t1/Montipora_capitata_HIv3___RNAseq.g663.t1/Montipora_capitata_HIv3___RNAseq.g7598.t1/Montipora_capitata_HIv3___RNAseq.g30422.t1/Montipora_capitata_HIv3___RNAseq.g20093.t1/Montipora_capitata_HIv3___RNAseq.g40803.t1/Montipora_capitata_HIv3___RNAseq.g13613.t1/Montipora_capitata_HIv3___RNAseq.g22747.t1/Montipora_capitata_HIv3___RNAseq.g21911.t1/Montipora_capitata_HIv3___RNAseq.g28405.t2/Montipora_capitata_HIv3___RNAseq.g34571.t1/Montipora_capitata_HIv3___RNAseq.g8826.t1/Montipora_capitata_HIv3___RNAseq.g44321.t1/Montipora_capitata_HIv3___RNAseq.g45083.t2,0.9716355806666264,regulation of cellular process,BP
GO:0044464,GO:0044464,24/26,7703/8282,0.7279282689694946,0.9017019559515136,24,7703,Montipora_capitata_HIv3___RNAseq.g31228.t1/Montipora_capitata_HIv3___RNAseq.g11431.t1/Montipora_capitata_HIv3___RNAseq.g663.t1/Montipora_capitata_HIv3___RNAseq.g39502.t1/Montipora_capitata_HIv3___RNAseq.g7598.t1/Montipora_capitata_HIv3___RNAseq.g30422.t1/Montipora_capitata_HIv3___RNAseq.g20093.t1/Montipora_capitata_HIv3___RNAseq.g40803.t1/Montipora_capitata_HIv3___RNAseq.g13613.t1/Montipora_capitata_HIv3___RNAseq.g25137.t1/Montipora_capitata_HIv3___TS.g26714.t1/Montipora_capitata_HIv3___RNAseq.g22747.t1/Montipora_capitata_HIv3___RNAseq.g21911.t1/Montipora_capitata_HIv3___RNAseq.g33912.t1/Montipora_capitata_HIv3___RNAseq.g44252.t1/Montipora_capitata_HIv3___RNAseq.g26661.t1/Montipora_capitata_HIv3___RNAseq.g34571.t1/Montipora_capitata_HIv3___RNAseq.g12097.t1/Montipora_capitata_HIv3___TS.g35289.t2/Montipora_capitata_HIv3___RNAseq.g8826.t1/Montipora_capitata_HIv3___RNAseq.g25143.t1/Montipora_capitata_HIv3___RNAseq.g44321.t1/Montipora_capitata_HIv3___RNAseq.g45083.t2/Montipora_capitata_HIv3___RNAseq.g14940.t1,0.9716355806666264,NA,NA
GO:0043231,intracellular membrane-bounded organelle,17/26,5700/8282,0.7282502107342058,0.8552304209642553,17,5700,Montipora_capitata_HIv3___RNAseq.g663.t1/Montipora_capitata_HIv3___RNAseq.g39502.t1/Montipora_capitata_HIv3___RNAseq.g7598.t1/Montipora_capitata_HIv3___RNAseq.g30422.t1/Montipora_capitata_HIv3___RNAseq.g20093.t1/Montipora_capitata_HIv3___RNAseq.g13613.t1/Montipora_capitata_HIv3___RNAseq.g25137.t1/Montipora_capitata_HIv3___TS.g26714.t1/Montipora_capitata_HIv3___RNAseq.g22747.t1/Montipora_capitata_HIv3___RNAseq.g26661.t1/Montipora_capitata_HIv3___RNAseq.g34571.t1/Montipora_capitata_HIv3___RNAseq.g12097.t1/Montipora_capitata_HIv3___TS.g35289.t2/Montipora_capitata_HIv3___RNAseq.g25143.t1/Montipora_capitata_HIv3___RNAseq.g44321.t1/Montipora_capitata_HIv3___RNAseq.g45083.t2/Montipora_capitata_HIv3___RNAseq.g14940.t1,0.9716355806666264,intracellular membrane-bounded organelle,CC
GO:0043226,organelle,20/26,6592/8282,0.7301609879206938,0.8541173915919472,20,6592,Montipora_capitata_HIv3___RNAseq.g31228.t1/Montipora_capitata_HIv3___RNAseq.g663.t1/Montipora_capitata_HIv3___RNAseq.g39502.t1/Montipora_capitata_HIv3___RNAseq.g7598.t1/Montipora_capitata_HIv3___RNAseq.g30422.t1/Montipora_capitata_HIv3___RNAseq.g20093.t1/Montipora_capitata_HIv3___RNAseq.g40803.t1/Montipora_capitata_HIv3___RNAseq.g13613.t1/Montipora_capitata_HIv3___RNAseq.g25137.t1/Montipora_capitata_HIv3___TS.g26714.t1/Montipora_capitata_HIv3___RNAseq.g22747.t1/Montipora_capitata_HIv3___RNAseq.g44252.t1/Montipora_capitata_HIv3___RNAseq.g26661.t1/Montipora_capitata_HIv3___RNAseq.g34571.t1/Montipora_capitata_HIv3___RNAseq.g12097.t1/Montipora_capitata_HIv3___TS.g35289.t2/Montipora_capitata_HIv3___RNAseq.g25143.t1/Montipora_capitata_HIv3___RNAseq.g44321.t1/Montipora_capitata_HIv3___RNAseq.g45083.t2/Montipora_capitata_HIv3___RNAseq.g14940.t1,0.9716355806666264,organelle,CC
GO:0005623,GO:0005623,24/26,7706/8282,0.7305377581279744,0.8966605705614601,24,7706,Montipora_capitata_HIv3___RNAseq.g31228.t1/Montipora_capitata_HIv3___RNAseq.g11431.t1/Montipora_capitata_HIv3___RNAseq.g663.t1/Montipora_capitata_HIv3___RNAseq.g39502.t1/Montipora_capitata_HIv3___RNAseq.g7598.t1/Montipora_capitata_HIv3___RNAseq.g30422.t1/Montipora_capitata_HIv3___RNAseq.g20093.t1/Montipora_capitata_HIv3___RNAseq.g40803.t1/Montipora_capitata_HIv3___RNAseq.g13613.t1/Montipora_capitata_HIv3___RNAseq.g25137.t1/Montipora_capitata_HIv3___TS.g26714.t1/Montipora_capitata_HIv3___RNAseq.g22747.t1/Montipora_capitata_HIv3___RNAseq.g21911.t1/Montipora_capitata_HIv3___RNAseq.g33912.t1/Montipora_capitata_HIv3___RNAseq.g44252.t1/Montipora_capitata_HIv3___RNAseq.g26661.t1/Montipora_capitata_HIv3___RNAseq.g34571.t1/Montipora_capitata_HIv3___RNAseq.g12097.t1/Montipora_capitata_HIv3___TS.g35289.t2/Montipora_capitata_HIv3___RNAseq.g8826.t1/Montipora_capitata_HIv3___RNAseq.g25143.t1/Montipora_capitata_HIv3___RNAseq.g44321.t1/Montipora_capitata_HIv3___RNAseq.g45083.t2/Montipora_capitata_HIv3___RNAseq.g14940.t1,0.9716355806666264,NA,NA
GO:0031224,GO:0031224,3/26,1169/8282,0.7315455132122155,0.7931447479529973,3,1169,Montipora_capitata_HIv3___RNAseq.g13613.t1/Montipora_capitata_HIv3___RNAseq.g44252.t1/Montipora_capitata_HIv3___RNAseq.g26661.t1,0.9716355806666264,NA,NA
GO:0009987,cellular process,22/26,7174/8282,0.7374006285367084,0.8490210885358034,22,7174,Montipora_capitata_HIv3___RNAseq.g31228.t1/Montipora_capitata_HIv3___RNAseq.g11431.t1/Montipora_capitata_HIv3___RNAseq.g39502.t1/Montipora_capitata_HIv3___RNAseq.g7598.t1/Montipora_capitata_HIv3___RNAseq.g30422.t1/Montipora_capitata_HIv3___RNAseq.g20093.t1/Montipora_capitata_HIv3___RNAseq.g40803.t1/Montipora_capitata_HIv3___RNAseq.g13613.t1/Montipora_capitata_HIv3___RNAseq.g25137.t1/Montipora_capitata_HIv3___TS.g26714.t1/Montipora_capitata_HIv3___RNAseq.g22747.t1/Montipora_capitata_HIv3___RNAseq.g21911.t1/Montipora_capitata_HIv3___RNAseq.g33912.t1/Montipora_capitata_HIv3___RNAseq.g44252.t1/Montipora_capitata_HIv3___RNAseq.g26661.t1/Montipora_capitata_HIv3___RNAseq.g34571.t1/Montipora_capitata_HIv3___RNAseq.g12097.t1/Montipora_capitata_HIv3___RNAseq.g8826.t1/Montipora_capitata_HIv3___RNAseq.g25143.t1/Montipora_capitata_HIv3___RNAseq.g44321.t1/Montipora_capitata_HIv3___RNAseq.g45083.t2/Montipora_capitata_HIv3___RNAseq.g14940.t1,0.9716355806666264,cellular process,BP
GO:0031090,organelle membrane,4/26,1550/8282,0.7445395660683016,0.7891555379329098,4,1550,Montipora_capitata_HIv3___RNAseq.g663.t1/Montipora_capitata_HIv3___RNAseq.g7598.t1/Montipora_capitata_HIv3___RNAseq.g20093.t1/Montipora_capitata_HIv3___RNAseq.g26661.t1,0.9716355806666264,organelle membrane,CC
GO:0016787,hydrolase activity,4/26,1551/8282,0.7450352786962875,0.7885279659856961,4,1551,Montipora_capitata_HIv3___TS.g26714.t1/Montipora_capitata_HIv3___RNAseq.g12097.t1/Montipora_capitata_HIv3___TS.g35289.t2/Montipora_capitata_HIv3___RNAseq.g45083.t2,0.9716355806666264,hydrolase activity,MF
GO:0043227,membrane-bounded organelle,18/26,6038/8282,0.7460714417220584,0.8357599491952894,18,6038,Montipora_capitata_HIv3___RNAseq.g663.t1/Montipora_capitata_HIv3___RNAseq.g39502.t1/Montipora_capitata_HIv3___RNAseq.g7598.t1/Montipora_capitata_HIv3___RNAseq.g30422.t1/Montipora_capitata_HIv3___RNAseq.g20093.t1/Montipora_capitata_HIv3___RNAseq.g13613.t1/Montipora_capitata_HIv3___RNAseq.g25137.t1/Montipora_capitata_HIv3___TS.g26714.t1/Montipora_capitata_HIv3___RNAseq.g22747.t1/Montipora_capitata_HIv3___RNAseq.g44252.t1/Montipora_capitata_HIv3___RNAseq.g26661.t1/Montipora_capitata_HIv3___RNAseq.g34571.t1/Montipora_capitata_HIv3___RNAseq.g12097.t1/Montipora_capitata_HIv3___TS.g35289.t2/Montipora_capitata_HIv3___RNAseq.g25143.t1/Montipora_capitata_HIv3___RNAseq.g44321.t1/Montipora_capitata_HIv3___RNAseq.g45083.t2/Montipora_capitata_HIv3___RNAseq.g14940.t1,0.9716355806666264,membrane-bounded organelle,CC
GO:1901363,heterocyclic compound binding,5/26,1902/8282,0.7461579593467542,0.7981513025381014,5,1902,Montipora_capitata_HIv3___RNAseq.g31228.t1/Montipora_capitata_HIv3___RNAseq.g20093.t1/Montipora_capitata_HIv3___TS.g26714.t1/Montipora_capitata_HIv3___RNAseq.g12097.t1/Montipora_capitata_HIv3___RNAseq.g45083.t2,0.9716355806666264,heterocyclic compound binding,MF
GO:0097159,organic cyclic compound binding,5/26,1928/8282,0.7579615492725774,0.7841430735986286,5,1928,Montipora_capitata_HIv3___RNAseq.g31228.t1/Montipora_capitata_HIv3___RNAseq.g20093.t1/Montipora_capitata_HIv3___TS.g26714.t1/Montipora_capitata_HIv3___RNAseq.g12097.t1/Montipora_capitata_HIv3___RNAseq.g45083.t2,0.9716355806666264,organic cyclic compound binding,MF
GO:0003824,catalytic activity,10/26,3599/8282,0.7602282101205264,0.8127468534923257,10,3599,Montipora_capitata_HIv3___RNAseq.g39502.t1/Montipora_capitata_HIv3___RNAseq.g13613.t1/Montipora_capitata_HIv3___TS.g26714.t1/Montipora_capitata_HIv3___RNAseq.g22747.t1/Montipora_capitata_HIv3___RNAseq.g33912.t1/Montipora_capitata_HIv3___RNAseq.g26661.t1/Montipora_capitata_HIv3___RNAseq.g12097.t1/Montipora_capitata_HIv3___TS.g35289.t2/Montipora_capitata_HIv3___RNAseq.g8826.t1/Montipora_capitata_HIv3___RNAseq.g45083.t2,0.9716355806666264,catalytic activity,MF
GO:0140096,"catalytic activity, acting on a protein",3/26,1248/8282,0.7736622801598666,0.7345459918752527,3,1248,Montipora_capitata_HIv3___RNAseq.g13613.t1/Montipora_capitata_HIv3___RNAseq.g12097.t1/Montipora_capitata_HIv3___RNAseq.g8826.t1,0.9716355806666264,"catalytic activity, acting on a protein",MF
GO:0043412,macromolecule modification,5/26,1967/8282,0.7749683498055933,0.7638271213258848,5,1967,Montipora_capitata_HIv3___RNAseq.g11431.t1/Montipora_capitata_HIv3___RNAseq.g20093.t1/Montipora_capitata_HIv3___RNAseq.g13613.t1/Montipora_capitata_HIv3___RNAseq.g12097.t1/Montipora_capitata_HIv3___RNAseq.g8826.t1,0.9716355806666264,macromolecule modification,BP
GO:0034641,cellular nitrogen compound metabolic process,7/26,2683/8282,0.7873485182261859,0.7682859859352281,7,2683,Montipora_capitata_HIv3___RNAseq.g31228.t1/Montipora_capitata_HIv3___RNAseq.g40803.t1/Montipora_capitata_HIv3___TS.g26714.t1/Montipora_capitata_HIv3___RNAseq.g22747.t1/Montipora_capitata_HIv3___RNAseq.g33912.t1/Montipora_capitata_HIv3___RNAseq.g12097.t1/Montipora_capitata_HIv3___RNAseq.g45083.t2,0.9716355806666264,cellular nitrogen compound metabolic process,BP
GO:0005634,nucleus,10/26,3678/8282,0.7896967853597544,0.7817847294866368,10,3678,Montipora_capitata_HIv3___RNAseq.g30422.t1/Montipora_capitata_HIv3___RNAseq.g20093.t1/Montipora_capitata_HIv3___TS.g26714.t1/Montipora_capitata_HIv3___RNAseq.g22747.t1/Montipora_capitata_HIv3___RNAseq.g26661.t1/Montipora_capitata_HIv3___RNAseq.g34571.t1/Montipora_capitata_HIv3___RNAseq.g12097.t1/Montipora_capitata_HIv3___TS.g35289.t2/Montipora_capitata_HIv3___RNAseq.g44321.t1/Montipora_capitata_HIv3___RNAseq.g45083.t2,0.9716355806666264,nucleus,CC
GO:0050793,regulation of developmental process,4/26,1652/8282,0.791705542747672,0.7290665618777276,4,1652,Montipora_capitata_HIv3___RNAseq.g11431.t1/Montipora_capitata_HIv3___RNAseq.g40803.t1/Montipora_capitata_HIv3___RNAseq.g34571.t1/Montipora_capitata_HIv3___RNAseq.g44321.t1,0.9716355806666264,regulation of developmental process,BP
GO:0009966,regulation of signal transduction,4/26,1655/8282,0.792989820971365,0.7274116486735704,4,1655,Montipora_capitata_HIv3___RNAseq.g663.t1/Montipora_capitata_HIv3___RNAseq.g20093.t1/Montipora_capitata_HIv3___RNAseq.g21911.t1/Montipora_capitata_HIv3___RNAseq.g34571.t1,0.9716355806666264,regulation of signal transduction,BP
GO:0044424,GO:0044424,22/26,7274/8282,0.7973443375437748,0.7614742933950917,22,7274,Montipora_capitata_HIv3___RNAseq.g31228.t1/Montipora_capitata_HIv3___RNAseq.g11431.t1/Montipora_capitata_HIv3___RNAseq.g663.t1/Montipora_capitata_HIv3___RNAseq.g39502.t1/Montipora_capitata_HIv3___RNAseq.g7598.t1/Montipora_capitata_HIv3___RNAseq.g30422.t1/Montipora_capitata_HIv3___RNAseq.g20093.t1/Montipora_capitata_HIv3___RNAseq.g40803.t1/Montipora_capitata_HIv3___RNAseq.g13613.t1/Montipora_capitata_HIv3___RNAseq.g25137.t1/Montipora_capitata_HIv3___TS.g26714.t1/Montipora_capitata_HIv3___RNAseq.g22747.t1/Montipora_capitata_HIv3___RNAseq.g21911.t1/Montipora_capitata_HIv3___RNAseq.g33912.t1/Montipora_capitata_HIv3___RNAseq.g26661.t1/Montipora_capitata_HIv3___RNAseq.g34571.t1/Montipora_capitata_HIv3___RNAseq.g12097.t1/Montipora_capitata_HIv3___TS.g35289.t2/Montipora_capitata_HIv3___RNAseq.g25143.t1/Montipora_capitata_HIv3___RNAseq.g44321.t1/Montipora_capitata_HIv3___RNAseq.g45083.t2/Montipora_capitata_HIv3___RNAseq.g14940.t1,0.9716355806666264,NA,NA
GO:0044271,cellular nitrogen compound biosynthetic process,3/26,1304/8282,0.8003503574969446,0.6973177356696486,3,1304,Montipora_capitata_HIv3___RNAseq.g22747.t1/Montipora_capitata_HIv3___RNAseq.g33912.t1/Montipora_capitata_HIv3___RNAseq.g12097.t1,0.9716355806666264,cellular nitrogen compound biosynthetic process,BP
GO:0044237,cellular metabolic process,14/26,4979/8282,0.8045007268345996,0.7733479958687518,14,4979,Montipora_capitata_HIv3___RNAseq.g31228.t1/Montipora_capitata_HIv3___RNAseq.g11431.t1/Montipora_capitata_HIv3___RNAseq.g39502.t1/Montipora_capitata_HIv3___RNAseq.g7598.t1/Montipora_capitata_HIv3___RNAseq.g20093.t1/Montipora_capitata_HIv3___RNAseq.g40803.t1/Montipora_capitata_HIv3___RNAseq.g13613.t1/Montipora_capitata_HIv3___TS.g26714.t1/Montipora_capitata_HIv3___RNAseq.g22747.t1/Montipora_capitata_HIv3___RNAseq.g33912.t1/Montipora_capitata_HIv3___RNAseq.g26661.t1/Montipora_capitata_HIv3___RNAseq.g12097.t1/Montipora_capitata_HIv3___RNAseq.g8826.t1/Montipora_capitata_HIv3___RNAseq.g45083.t2,0.9716355806666264,cellular metabolic process,BP
GO:0031982,vesicle,3/26,1324/8282,0.8092668254654569,0.6847868479082756,3,1324,Montipora_capitata_HIv3___RNAseq.g663.t1/Montipora_capitata_HIv3___RNAseq.g22747.t1/Montipora_capitata_HIv3___RNAseq.g44252.t1,0.9716355806666264,vesicle,CC
GO:0023052,signaling,5/26,2057/8282,0.8110271993981362,0.7198929279762587,5,2057,Montipora_capitata_HIv3___RNAseq.g20093.t1/Montipora_capitata_HIv3___RNAseq.g40803.t1/Montipora_capitata_HIv3___RNAseq.g13613.t1/Montipora_capitata_HIv3___RNAseq.g25137.t1/Montipora_capitata_HIv3___RNAseq.g25143.t1,0.9716355806666264,signaling,BP
GO:0043229,intracellular organelle,19/26,6479/8282,0.8125524587646278,0.7546497750971084,19,6479,Montipora_capitata_HIv3___RNAseq.g31228.t1/Montipora_capitata_HIv3___RNAseq.g663.t1/Montipora_capitata_HIv3___RNAseq.g39502.t1/Montipora_capitata_HIv3___RNAseq.g7598.t1/Montipora_capitata_HIv3___RNAseq.g30422.t1/Montipora_capitata_HIv3___RNAseq.g20093.t1/Montipora_capitata_HIv3___RNAseq.g40803.t1/Montipora_capitata_HIv3___RNAseq.g13613.t1/Montipora_capitata_HIv3___RNAseq.g25137.t1/Montipora_capitata_HIv3___TS.g26714.t1/Montipora_capitata_HIv3___RNAseq.g22747.t1/Montipora_capitata_HIv3___RNAseq.g26661.t1/Montipora_capitata_HIv3___RNAseq.g34571.t1/Montipora_capitata_HIv3___RNAseq.g12097.t1/Montipora_capitata_HIv3___TS.g35289.t2/Montipora_capitata_HIv3___RNAseq.g25143.t1/Montipora_capitata_HIv3___RNAseq.g44321.t1/Montipora_capitata_HIv3___RNAseq.g45083.t2/Montipora_capitata_HIv3___RNAseq.g14940.t1,0.9716355806666264,intracellular organelle,CC
GO:0090304,nucleic acid metabolic process,4/26,1719/8282,0.8190182400078543,0.6934863143489763,4,1719,Montipora_capitata_HIv3___RNAseq.g31228.t1/Montipora_capitata_HIv3___RNAseq.g40803.t1/Montipora_capitata_HIv3___TS.g26714.t1/Montipora_capitata_HIv3___RNAseq.g45083.t2,0.9716355806666264,nucleic acid metabolic process,BP
GO:0043228,non-membrane-bounded organelle,6/26,2440/8282,0.8229351964864737,0.7176403214940235,6,2440,Montipora_capitata_HIv3___RNAseq.g31228.t1/Montipora_capitata_HIv3___RNAseq.g40803.t1/Montipora_capitata_HIv3___TS.g26714.t1/Montipora_capitata_HIv3___RNAseq.g22747.t1/Montipora_capitata_HIv3___RNAseq.g45083.t2/Montipora_capitata_HIv3___RNAseq.g14940.t1,0.9716355806666264,non-membrane-bounded organelle,CC
GO:0043232,intracellular non-membrane-bounded organelle,6/26,2440/8282,0.8229351964864737,0.7176403214940235,6,2440,Montipora_capitata_HIv3___RNAseq.g31228.t1/Montipora_capitata_HIv3___RNAseq.g40803.t1/Montipora_capitata_HIv3___TS.g26714.t1/Montipora_capitata_HIv3___RNAseq.g22747.t1/Montipora_capitata_HIv3___RNAseq.g45083.t2/Montipora_capitata_HIv3___RNAseq.g14940.t1,0.9716355806666264,intracellular non-membrane-bounded organelle,CC
GO:0009605,response to external stimulus,3/26,1374/8282,0.8301920649474713,0.6550591101018881,3,1374,Montipora_capitata_HIv3___RNAseq.g20093.t1/Montipora_capitata_HIv3___RNAseq.g12097.t1/Montipora_capitata_HIv3___RNAseq.g14940.t1,0.9716355806666264,response to external stimulus,BP
GO:0070013,intracellular organelle lumen,8/26,3165/8282,0.8374778594649696,0.7178680189772029,8,3165,Montipora_capitata_HIv3___RNAseq.g20093.t1/Montipora_capitata_HIv3___TS.g26714.t1/Montipora_capitata_HIv3___RNAseq.g22747.t1/Montipora_capitata_HIv3___RNAseq.g26661.t1/Montipora_capitata_HIv3___RNAseq.g34571.t1/Montipora_capitata_HIv3___RNAseq.g12097.t1/Montipora_capitata_HIv3___RNAseq.g45083.t2/Montipora_capitata_HIv3___RNAseq.g14940.t1,0.9716355806666264,intracellular organelle lumen,CC
GO:0031974,membrane-enclosed lumen,8/26,3169/8282,0.8387111814490598,0.7163973517910216,8,3169,Montipora_capitata_HIv3___RNAseq.g20093.t1/Montipora_capitata_HIv3___TS.g26714.t1/Montipora_capitata_HIv3___RNAseq.g22747.t1/Montipora_capitata_HIv3___RNAseq.g26661.t1/Montipora_capitata_HIv3___RNAseq.g34571.t1/Montipora_capitata_HIv3___RNAseq.g12097.t1/Montipora_capitata_HIv3___RNAseq.g45083.t2/Montipora_capitata_HIv3___RNAseq.g14940.t1,0.9716355806666264,membrane-enclosed lumen,CC
GO:0043233,organelle lumen,8/26,3169/8282,0.8387111814490598,0.7163973517910216,8,3169,Montipora_capitata_HIv3___RNAseq.g20093.t1/Montipora_capitata_HIv3___TS.g26714.t1/Montipora_capitata_HIv3___RNAseq.g22747.t1/Montipora_capitata_HIv3___RNAseq.g26661.t1/Montipora_capitata_HIv3___RNAseq.g34571.t1/Montipora_capitata_HIv3___RNAseq.g12097.t1/Montipora_capitata_HIv3___RNAseq.g45083.t2/Montipora_capitata_HIv3___RNAseq.g14940.t1,0.9716355806666264,organelle lumen,CC
GO:0048583,regulation of response to stimulus,5/26,2140/8282,0.8404157816390102,0.6826611958596053,5,2140,Montipora_capitata_HIv3___RNAseq.g663.t1/Montipora_capitata_HIv3___RNAseq.g20093.t1/Montipora_capitata_HIv3___RNAseq.g13613.t1/Montipora_capitata_HIv3___RNAseq.g21911.t1/Montipora_capitata_HIv3___RNAseq.g34571.t1,0.9716355806666264,regulation of response to stimulus,BP
GO:0007154,cell communication,5/26,2166/8282,0.8488821139832812,0.6715870546032243,5,2166,Montipora_capitata_HIv3___RNAseq.g20093.t1/Montipora_capitata_HIv3___RNAseq.g40803.t1/Montipora_capitata_HIv3___RNAseq.g13613.t1/Montipora_capitata_HIv3___RNAseq.g25137.t1/Montipora_capitata_HIv3___RNAseq.g25143.t1,0.9716355806666264,cell communication,BP
GO:0044238,primary metabolic process,13/26,4814/8282,0.8507707008693882,0.7196817348784448,13,4814,Montipora_capitata_HIv3___RNAseq.g31228.t1/Montipora_capitata_HIv3___RNAseq.g11431.t1/Montipora_capitata_HIv3___RNAseq.g39502.t1/Montipora_capitata_HIv3___RNAseq.g20093.t1/Montipora_capitata_HIv3___RNAseq.g40803.t1/Montipora_capitata_HIv3___RNAseq.g13613.t1/Montipora_capitata_HIv3___TS.g26714.t1/Montipora_capitata_HIv3___RNAseq.g22747.t1/Montipora_capitata_HIv3___RNAseq.g33912.t1/Montipora_capitata_HIv3___RNAseq.g26661.t1/Montipora_capitata_HIv3___RNAseq.g12097.t1/Montipora_capitata_HIv3___RNAseq.g8826.t1/Montipora_capitata_HIv3___RNAseq.g45083.t2,0.9716355806666264,primary metabolic process,BP
GO:0019538,protein metabolic process,6/26,2529/8282,0.8517202607340199,0.6817030603675177,6,2529,Montipora_capitata_HIv3___RNAseq.g11431.t1/Montipora_capitata_HIv3___RNAseq.g20093.t1/Montipora_capitata_HIv3___RNAseq.g13613.t1/Montipora_capitata_HIv3___RNAseq.g26661.t1/Montipora_capitata_HIv3___RNAseq.g12097.t1/Montipora_capitata_HIv3___RNAseq.g8826.t1,0.9716355806666264,protein metabolic process,BP
GO:0016043,cellular component organization,9/26,3549/8282,0.8530672230694633,0.7053137294469805,9,3549,Montipora_capitata_HIv3___RNAseq.g39502.t1/Montipora_capitata_HIv3___RNAseq.g7598.t1/Montipora_capitata_HIv3___RNAseq.g40803.t1/Montipora_capitata_HIv3___RNAseq.g25137.t1/Montipora_capitata_HIv3___TS.g26714.t1/Montipora_capitata_HIv3___RNAseq.g22747.t1/Montipora_capitata_HIv3___RNAseq.g26661.t1/Montipora_capitata_HIv3___RNAseq.g25143.t1/Montipora_capitata_HIv3___RNAseq.g14940.t1,0.9716355806666264,cellular component organization,BP
GO:0043170,macromolecule metabolic process,10/26,3900/8282,0.8600678204225172,0.7015094987131962,10,3900,Montipora_capitata_HIv3___RNAseq.g31228.t1/Montipora_capitata_HIv3___RNAseq.g11431.t1/Montipora_capitata_HIv3___RNAseq.g20093.t1/Montipora_capitata_HIv3___RNAseq.g40803.t1/Montipora_capitata_HIv3___RNAseq.g13613.t1/Montipora_capitata_HIv3___TS.g26714.t1/Montipora_capitata_HIv3___RNAseq.g26661.t1/Montipora_capitata_HIv3___RNAseq.g12097.t1/Montipora_capitata_HIv3___RNAseq.g8826.t1/Montipora_capitata_HIv3___RNAseq.g45083.t2,0.9716355806666264,macromolecule metabolic process,BP
GO:0048519,negative regulation of biological process,7/26,2908/8282,0.8613929542552259,0.6801037530797452,7,2908,Montipora_capitata_HIv3___RNAseq.g31228.t1/Montipora_capitata_HIv3___RNAseq.g20093.t1/Montipora_capitata_HIv3___RNAseq.g40803.t1/Montipora_capitata_HIv3___RNAseq.g13613.t1/Montipora_capitata_HIv3___RNAseq.g21911.t1/Montipora_capitata_HIv3___RNAseq.g34571.t1/Montipora_capitata_HIv3___RNAseq.g44321.t1,0.9716355806666264,negative regulation of biological process,BP
GO:0032268,GO:0032268,3/26,1471/8282,0.8655316540492128,0.6031624353920985,3,1471,Montipora_capitata_HIv3___RNAseq.g20093.t1/Montipora_capitata_HIv3___RNAseq.g21911.t1/Montipora_capitata_HIv3___RNAseq.g8826.t1,0.9716355806666264,NA,NA
GO:0048513,animal organ development,5/26,2222/8282,0.8659605885816581,0.6486182557205568,5,2222,Montipora_capitata_HIv3___RNAseq.g40524.t1/Montipora_capitata_HIv3___RNAseq.g663.t1/Montipora_capitata_HIv3___RNAseq.g7598.t1/Montipora_capitata_HIv3___RNAseq.g22747.t1/Montipora_capitata_HIv3___RNAseq.g14940.t1,0.9716355806666264,animal organ development,BP
GO:0006807,nitrogen compound metabolic process,12/26,4578/8282,0.871509743246904,0.6927364240361784,12,4578,Montipora_capitata_HIv3___RNAseq.g31228.t1/Montipora_capitata_HIv3___RNAseq.g11431.t1/Montipora_capitata_HIv3___RNAseq.g20093.t1/Montipora_capitata_HIv3___RNAseq.g40803.t1/Montipora_capitata_HIv3___RNAseq.g13613.t1/Montipora_capitata_HIv3___TS.g26714.t1/Montipora_capitata_HIv3___RNAseq.g22747.t1/Montipora_capitata_HIv3___RNAseq.g33912.t1/Montipora_capitata_HIv3___RNAseq.g26661.t1/Montipora_capitata_HIv3___RNAseq.g12097.t1/Montipora_capitata_HIv3___RNAseq.g8826.t1/Montipora_capitata_HIv3___RNAseq.g45083.t2,0.9716355806666264,nitrogen compound metabolic process,BP
GO:0010646,regulation of cell communication,4/26,1886/8282,0.8752472773226564,0.6158306761107495,4,1886,Montipora_capitata_HIv3___RNAseq.g663.t1/Montipora_capitata_HIv3___RNAseq.g20093.t1/Montipora_capitata_HIv3___RNAseq.g21911.t1/Montipora_capitata_HIv3___RNAseq.g34571.t1,0.9716355806666264,regulation of cell communication,BP
GO:0044267,GO:0044267,5/26,2269/8282,0.8791151945546503,0.630157990764254,5,2269,Montipora_capitata_HIv3___RNAseq.g11431.t1/Montipora_capitata_HIv3___RNAseq.g20093.t1/Montipora_capitata_HIv3___RNAseq.g13613.t1/Montipora_capitata_HIv3___RNAseq.g12097.t1/Montipora_capitata_HIv3___RNAseq.g8826.t1,0.9716355806666264,NA,NA
GO:0023051,regulation of signaling,4/26,1902/8282,0.8798080554178573,0.609108238885005,4,1902,Montipora_capitata_HIv3___RNAseq.g663.t1/Montipora_capitata_HIv3___RNAseq.g20093.t1/Montipora_capitata_HIv3___RNAseq.g21911.t1/Montipora_capitata_HIv3___RNAseq.g34571.t1,0.9716355806666264,regulation of signaling,BP
GO:1901564,organonitrogen compound metabolic process,8/26,3320/8282,0.8806166933840675,0.6634778001749767,8,3320,Montipora_capitata_HIv3___RNAseq.g11431.t1/Montipora_capitata_HIv3___RNAseq.g20093.t1/Montipora_capitata_HIv3___RNAseq.g13613.t1/Montipora_capitata_HIv3___RNAseq.g22747.t1/Montipora_capitata_HIv3___RNAseq.g33912.t1/Montipora_capitata_HIv3___RNAseq.g26661.t1/Montipora_capitata_HIv3___RNAseq.g12097.t1/Montipora_capitata_HIv3___RNAseq.g8826.t1,0.9716355806666264,organonitrogen compound metabolic process,BP
GO:0008152,metabolic process,14/26,5250/8282,0.8867832791640301,0.6729665174337697,14,5250,Montipora_capitata_HIv3___RNAseq.g31228.t1/Montipora_capitata_HIv3___RNAseq.g11431.t1/Montipora_capitata_HIv3___RNAseq.g39502.t1/Montipora_capitata_HIv3___RNAseq.g7598.t1/Montipora_capitata_HIv3___RNAseq.g20093.t1/Montipora_capitata_HIv3___RNAseq.g40803.t1/Montipora_capitata_HIv3___RNAseq.g13613.t1/Montipora_capitata_HIv3___TS.g26714.t1/Montipora_capitata_HIv3___RNAseq.g22747.t1/Montipora_capitata_HIv3___RNAseq.g33912.t1/Montipora_capitata_HIv3___RNAseq.g26661.t1/Montipora_capitata_HIv3___RNAseq.g12097.t1/Montipora_capitata_HIv3___RNAseq.g8826.t1/Montipora_capitata_HIv3___RNAseq.g45083.t2,0.9716355806666264,metabolic process,BP
GO:0022414,reproductive process,3/26,1556/8282,0.8913049235146824,0.5630157695288167,3,1556,Montipora_capitata_HIv3___RNAseq.g40524.t1/Montipora_capitata_HIv3___RNAseq.g39502.t1/Montipora_capitata_HIv3___RNAseq.g22747.t1,0.9716355806666264,reproductive process,BP
GO:0071840,cellular component organization or biogenesis,9/26,3709/8282,0.893941104550406,0.6519257774184384,9,3709,Montipora_capitata_HIv3___RNAseq.g39502.t1/Montipora_capitata_HIv3___RNAseq.g7598.t1/Montipora_capitata_HIv3___RNAseq.g40803.t1/Montipora_capitata_HIv3___RNAseq.g25137.t1/Montipora_capitata_HIv3___TS.g26714.t1/Montipora_capitata_HIv3___RNAseq.g22747.t1/Montipora_capitata_HIv3___RNAseq.g26661.t1/Montipora_capitata_HIv3___RNAseq.g25143.t1/Montipora_capitata_HIv3___RNAseq.g14940.t1,0.9716355806666264,cellular component organization or biogenesis,BP
GO:0065009,regulation of molecular function,3/26,1599/8282,0.9026781104592159,0.5443352805356776,3,1599,Montipora_capitata_HIv3___RNAseq.g13613.t1/Montipora_capitata_HIv3___RNAseq.g21911.t1/Montipora_capitata_HIv3___RNAseq.g34571.t1,0.9716355806666264,regulation of molecular function,BP
GO:0000003,reproduction,3/26,1604/8282,0.9039327331045757,0.5422282635127824,3,1604,Montipora_capitata_HIv3___RNAseq.g40524.t1/Montipora_capitata_HIv3___RNAseq.g39502.t1/Montipora_capitata_HIv3___RNAseq.g22747.t1,0.9716355806666264,reproduction,BP
GO:0044428,GO:0044428,6/26,2735/8282,0.9048943767827401,0.6076184280842335,6,2735,Montipora_capitata_HIv3___RNAseq.g20093.t1/Montipora_capitata_HIv3___TS.g26714.t1/Montipora_capitata_HIv3___RNAseq.g26661.t1/Montipora_capitata_HIv3___RNAseq.g34571.t1/Montipora_capitata_HIv3___RNAseq.g12097.t1/Montipora_capitata_HIv3___RNAseq.g45083.t2,0.9716355806666264,NA,NA
GO:0071704,organic substance metabolic process,13/26,5028/8282,0.9055643611812958,0.6463162380651859,13,5028,Montipora_capitata_HIv3___RNAseq.g31228.t1/Montipora_capitata_HIv3___RNAseq.g11431.t1/Montipora_capitata_HIv3___RNAseq.g39502.t1/Montipora_capitata_HIv3___RNAseq.g20093.t1/Montipora_capitata_HIv3___RNAseq.g40803.t1/Montipora_capitata_HIv3___RNAseq.g13613.t1/Montipora_capitata_HIv3___TS.g26714.t1/Montipora_capitata_HIv3___RNAseq.g22747.t1/Montipora_capitata_HIv3___RNAseq.g33912.t1/Montipora_capitata_HIv3___RNAseq.g26661.t1/Montipora_capitata_HIv3___RNAseq.g12097.t1/Montipora_capitata_HIv3___RNAseq.g8826.t1/Montipora_capitata_HIv3___RNAseq.g45083.t2,0.9716355806666264,organic substance metabolic process,BP
GO:0006996,organelle organization,5/26,2418/8282,0.914243245325878,0.5765734903189261,5,2418,Montipora_capitata_HIv3___RNAseq.g39502.t1/Montipora_capitata_HIv3___RNAseq.g7598.t1/Montipora_capitata_HIv3___RNAseq.g25137.t1/Montipora_capitata_HIv3___TS.g26714.t1/Montipora_capitata_HIv3___RNAseq.g25143.t1,0.9767556039806389,organelle organization,BP
GO:0012505,endomembrane system,5/26,2444/8282,0.9194284688067743,0.5678897271240435,5,2444,Montipora_capitata_HIv3___RNAseq.g663.t1/Montipora_capitata_HIv3___RNAseq.g39502.t1/Montipora_capitata_HIv3___RNAseq.g22747.t1/Montipora_capitata_HIv3___RNAseq.g26661.t1/Montipora_capitata_HIv3___RNAseq.g14940.t1,0.9780816229585053,endomembrane system,CC
GO:0044249,cellular biosynthetic process,4/26,2109/8282,0.9275665123591441,0.5312948936633846,4,2109,Montipora_capitata_HIv3___RNAseq.g22747.t1/Montipora_capitata_HIv3___RNAseq.g33912.t1/Montipora_capitata_HIv3___RNAseq.g12097.t1/Montipora_capitata_HIv3___RNAseq.g45083.t2,0.9780816229585053,cellular biosynthetic process,BP
GO:0031981,nuclear lumen,5/26,2514/8282,0.9321294332473513,0.545404850355318,5,2514,Montipora_capitata_HIv3___RNAseq.g20093.t1/Montipora_capitata_HIv3___TS.g26714.t1/Montipora_capitata_HIv3___RNAseq.g34571.t1/Montipora_capitata_HIv3___RNAseq.g12097.t1/Montipora_capitata_HIv3___RNAseq.g45083.t2,0.9780816229585053,nuclear lumen,CC
GO:0005654,nucleoplasm,4/26,2152/8282,0.9351668703387244,0.5170248463388106,4,2152,Montipora_capitata_HIv3___RNAseq.g20093.t1/Montipora_capitata_HIv3___RNAseq.g34571.t1/Montipora_capitata_HIv3___RNAseq.g12097.t1/Montipora_capitata_HIv3___RNAseq.g45083.t2,0.9780816229585053,nucleoplasm,CC
GO:0005488,binding,13/26,5186/8282,0.9356770064717889,0.596044243768728,13,5186,Montipora_capitata_HIv3___RNAseq.g31228.t1/Montipora_capitata_HIv3___RNAseq.g11431.t1/Montipora_capitata_HIv3___RNAseq.g20093.t1/Montipora_capitata_HIv3___RNAseq.g13613.t1/Montipora_capitata_HIv3___TS.g26714.t1/Montipora_capitata_HIv3___RNAseq.g44252.t1/Montipora_capitata_HIv3___RNAseq.g26661.t1/Montipora_capitata_HIv3___RNAseq.g34571.t1/Montipora_capitata_HIv3___RNAseq.g12097.t1/Montipora_capitata_HIv3___TS.g35289.t2/Montipora_capitata_HIv3___RNAseq.g8826.t1/Montipora_capitata_HIv3___RNAseq.g44321.t1/Montipora_capitata_HIv3___RNAseq.g45083.t2,0.9780816229585053,binding,MF
GO:0044260,GO:0044260,7/26,3275/8282,0.938958358040165,0.5623640642611358,7,3275,Montipora_capitata_HIv3___RNAseq.g11431.t1/Montipora_capitata_HIv3___RNAseq.g20093.t1/Montipora_capitata_HIv3___RNAseq.g13613.t1/Montipora_capitata_HIv3___TS.g26714.t1/Montipora_capitata_HIv3___RNAseq.g12097.t1/Montipora_capitata_HIv3___RNAseq.g8826.t1/Montipora_capitata_HIv3___RNAseq.g45083.t2,0.9780816229585053,NA,NA
GO:0007165,signal transduction,3/26,1829/8282,0.9477997873608859,0.4593577274476503,3,1829,Montipora_capitata_HIv3___RNAseq.g20093.t1/Montipora_capitata_HIv3___RNAseq.g40803.t1/Montipora_capitata_HIv3___RNAseq.g13613.t1,0.9831948001668942,signal transduction,BP
GO:0006810,transport,4/26,2442/8282,0.9707975993186929,0.43392342489926006,4,2442,Montipora_capitata_HIv3___RNAseq.g25137.t1/Montipora_capitata_HIv3___RNAseq.g44252.t1/Montipora_capitata_HIv3___TS.g35289.t2/Montipora_capitata_HIv3___RNAseq.g25143.t1,0.9979413224664527,transport,BP
GO:0051234,establishment of localization,4/26,2536/8282,0.9778651788906423,0.41106557284383133,4,2536,Montipora_capitata_HIv3___RNAseq.g25137.t1/Montipora_capitata_HIv3___RNAseq.g44252.t1/Montipora_capitata_HIv3___TS.g35289.t2/Montipora_capitata_HIv3___RNAseq.g25143.t1,0.9979413224664527,establishment of localization,BP
GO:0048523,negative regulation of cellular process,4/26,2566/8282,0.979777389615378,0.404123863506328,4,2566,Montipora_capitata_HIv3___RNAseq.g20093.t1/Montipora_capitata_HIv3___RNAseq.g21911.t1/Montipora_capitata_HIv3___RNAseq.g34571.t1/Montipora_capitata_HIv3___RNAseq.g44321.t1,0.9979413224664527,negative regulation of cellular process,BP
GO:0003674,molecular_function,18/26,6999/8282,0.9871106350926813,0.4109971673282466,18,6999,Montipora_capitata_HIv3___RNAseq.g31228.t1/Montipora_capitata_HIv3___RNAseq.g11431.t1/Montipora_capitata_HIv3___RNAseq.g39502.t1/Montipora_capitata_HIv3___RNAseq.g30422.t1/Montipora_capitata_HIv3___RNAseq.g20093.t1/Montipora_capitata_HIv3___RNAseq.g13613.t1/Montipora_capitata_HIv3___TS.g26714.t1/Montipora_capitata_HIv3___RNAseq.g22747.t1/Montipora_capitata_HIv3___RNAseq.g33912.t1/Montipora_capitata_HIv3___RNAseq.g44252.t1/Montipora_capitata_HIv3___RNAseq.g26661.t1/Montipora_capitata_HIv3___RNAseq.g28405.t2/Montipora_capitata_HIv3___RNAseq.g34571.t1/Montipora_capitata_HIv3___RNAseq.g12097.t1/Montipora_capitata_HIv3___TS.g35289.t2/Montipora_capitata_HIv3___RNAseq.g8826.t1/Montipora_capitata_HIv3___RNAseq.g44321.t1/Montipora_capitata_HIv3___RNAseq.g45083.t2,0.9979413224664527,molecular_function,MF
GO:0044446,GO:0044446,11/26,5184/8282,0.9893712488377051,0.43709256092905996,11,5184,Montipora_capitata_HIv3___RNAseq.g663.t1/Montipora_capitata_HIv3___RNAseq.g39502.t1/Montipora_capitata_HIv3___RNAseq.g7598.t1/Montipora_capitata_HIv3___RNAseq.g20093.t1/Montipora_capitata_HIv3___TS.g26714.t1/Montipora_capitata_HIv3___RNAseq.g22747.t1/Montipora_capitata_HIv3___RNAseq.g26661.t1/Montipora_capitata_HIv3___RNAseq.g34571.t1/Montipora_capitata_HIv3___RNAseq.g12097.t1/Montipora_capitata_HIv3___RNAseq.g45083.t2/Montipora_capitata_HIv3___RNAseq.g14940.t1,0.9979413224664527,NA,NA
GO:0051179,localization,5/26,3214/8282,0.9908939656608533,0.37450847204472226,5,3214,Montipora_capitata_HIv3___RNAseq.g20093.t1/Montipora_capitata_HIv3___RNAseq.g25137.t1/Montipora_capitata_HIv3___RNAseq.g44252.t1/Montipora_capitata_HIv3___TS.g35289.t2/Montipora_capitata_HIv3___RNAseq.g25143.t1,0.9979413224664527,localization,BP
GO:0044422,GO:0044422,11/26,5314/8282,0.9933491036424588,0.40840420590425214,11,5314,Montipora_capitata_HIv3___RNAseq.g663.t1/Montipora_capitata_HIv3___RNAseq.g39502.t1/Montipora_capitata_HIv3___RNAseq.g7598.t1/Montipora_capitata_HIv3___RNAseq.g20093.t1/Montipora_capitata_HIv3___TS.g26714.t1/Montipora_capitata_HIv3___RNAseq.g22747.t1/Montipora_capitata_HIv3___RNAseq.g26661.t1/Montipora_capitata_HIv3___RNAseq.g34571.t1/Montipora_capitata_HIv3___RNAseq.g12097.t1/Montipora_capitata_HIv3___RNAseq.g45083.t2/Montipora_capitata_HIv3___RNAseq.g14940.t1,0.9979413224664527,NA,NA
GO:0048518,positive regulation of biological process,4/26,3151/8282,0.9971239120536739,0.29520861703877044,4,3151,Montipora_capitata_HIv3___RNAseq.g13613.t1/Montipora_capitata_HIv3___RNAseq.g34571.t1/Montipora_capitata_HIv3___RNAseq.g8826.t1/Montipora_capitata_HIv3___RNAseq.g45083.t2,0.9979413224664527,positive regulation of biological process,BP
GO:0048522,positive regulation of cellular process,3/26,2811/8282,0.9979413224664527,0.25311079571808465,3,2811,Montipora_capitata_HIv3___RNAseq.g34571.t1/Montipora_capitata_HIv3___RNAseq.g8826.t1/Montipora_capitata_HIv3___RNAseq.g45083.t2,0.9979413224664527,positive regulation of cellular process,BP
