ID,Description,GeneRatio,BgRatio,pvalue,OddsRatio,Count,TermSize,GeneIDs,p.adjust,TERM,ONTOLOGY
GO:0032813,tumor necrosis factor receptor superfamily binding,3/38,33/8282,4.421898385292059e-4,23.40002016089652,3,33,Montipora_capitata_HIv3___RNAseq.g13613.t1/Montipora_capitata_HIv3___TS.g14965.t1/Montipora_capitata_HIv3___RNAseq.g29751.t1,0.1369511709812459,tumor necrosis factor receptor superfamily binding,MF
GO:1901976,regulation of cell cycle checkpoint,3/38,38/8282,6.729787271805695e-4,20.07286894900848,3,38,Montipora_capitata_HIv3___RNAseq.g20093.t1/Montipora_capitata_HIv3___RNAseq.g29751.t1/Montipora_capitata_HIv3___RNAseq.g45083.t2,0.1369511709812459,regulation of cell cycle checkpoint,BP
GO:0016667,"oxidoreductase activity, acting on a sulfur group of donors",3/38,54/8282,0.0018811894598384192,13.755307385004079,3,54,Montipora_capitata_HIv3___TS.g13493.t1/Montipora_capitata_HIv3___RNAseq.g26661.t1/Montipora_capitata_HIv3___RNAseq.g44164.t1,0.2552147033847455,"oxidoreductase activity, acting on a sulfur group of donors",MF
GO:0005126,cytokine receptor binding,3/38,77/8282,0.005159951185569059,9.45523038251888,3,77,Montipora_capitata_HIv3___RNAseq.g13613.t1/Montipora_capitata_HIv3___TS.g14965.t1/Montipora_capitata_HIv3___RNAseq.g29751.t1,0.48377298297207094,cytokine receptor binding,MF
GO:2001236,regulation of extrinsic apoptotic signaling pathway,3/38,81/8282,0.00594315703896893,8.965401995831463,3,81,Montipora_capitata_HIv3___TS.g14965.t1/Montipora_capitata_HIv3___RNAseq.g29751.t1/Montipora_capitata_HIv3___RNAseq.g44164.t1,0.48377298297207094,regulation of extrinsic apoptotic signaling pathway,BP
GO:0005739,mitochondrion,11/38,1097/8282,0.008346758074445496,2.684842057726871,11,1097,Montipora_capitata_HIv3___TS.g13493.t1/Montipora_capitata_HIv3___RNAseq.g7598.t1/Montipora_capitata_HIv3___RNAseq.g20093.t1/Montipora_capitata_HIv3___RNAseq.g13613.t1/Montipora_capitata_HIv3___RNAseq.g25137.t1/Montipora_capitata_HIv3___RNAseq.g22747.t1/Montipora_capitata_HIv3___TS.g14965.t1/Montipora_capitata_HIv3___RNAseq.g12097.t1/Montipora_capitata_HIv3___RNAseq.g25143.t1/Montipora_capitata_HIv3___RNAseq.g44164.t1/Montipora_capitata_HIv3___RNAseq.g2578.t1,0.5570630720894885,mitochondrion,CC
GO:0007623,circadian rhythm,3/38,122/8282,0.018084263121578462,5.849147243240464,3,122,Montipora_capitata_HIv3___RNAseq.g20093.t1/Montipora_capitata_HIv3___RNAseq.g22747.t1/Montipora_capitata_HIv3___RNAseq.g44164.t1,0.5570630720894885,circadian rhythm,BP
GO:0097223,GO:0097223,3/38,130/8282,0.021372725835655526,5.476170661098466,3,130,Montipora_capitata_HIv3___RNAseq.g25591.t1/Montipora_capitata_HIv3___RNAseq.g34571.t1/Montipora_capitata_HIv3___RNAseq.g44164.t1,0.5570630720894885,NA,NA
GO:0019902,phosphatase binding,3/38,131/8282,0.02180544525985602,5.432128966807997,3,131,Montipora_capitata_HIv3___RNAseq.g20093.t1/Montipora_capitata_HIv3___RNAseq.g25591.t1/Montipora_capitata_HIv3___RNAseq.g13613.t1,0.5570630720894885,phosphatase binding,MF
GO:0048856,anatomical structure development,23/38,3599/8282,0.025248718569741972,2.0014223737455854,23,3599,Montipora_capitata_HIv3___RNAseq.g11431.t1/Montipora_capitata_HIv3___RNAseq.g40524.t1/Montipora_capitata_HIv3___RNAseq.g663.t1/Montipora_capitata_HIv3___RNAseq.g39502.t1/Montipora_capitata_HIv3___RNAseq.g7598.t1/Montipora_capitata_HIv3___RNAseq.g30422.t1/Montipora_capitata_HIv3___RNAseq.g40803.t1/Montipora_capitata_HIv3___RNAseq.g25591.t1/Montipora_capitata_HIv3___RNAseq.g41254.t1/Montipora_capitata_HIv3___RNAseq.g25137.t1/Montipora_capitata_HIv3___RNAseq.g44775.t1/Montipora_capitata_HIv3___RNAseq.g22747.t1/Montipora_capitata_HIv3___RNAseq.g44252.t1/Montipora_capitata_HIv3___TS.g14965.t1/Montipora_capitata_HIv3___RNAseq.g49974.t1/Montipora_capitata_HIv3___TS.g16805.t1/Montipora_capitata_HIv3___TS.g35289.t2/Montipora_capitata_HIv3___RNAseq.g29751.t1/Montipora_capitata_HIv3___RNAseq.g25143.t1/Montipora_capitata_HIv3___RNAseq.g44321.t1/Montipora_capitata_HIv3___RNAseq.g44164.t1/Montipora_capitata_HIv3___RNAseq.g43134.t1/Montipora_capitata_HIv3___RNAseq.g14940.t1,0.5570630720894885,anatomical structure development,BP
GO:0009260,ribonucleotide biosynthetic process,3/38,142/8282,0.026883785097147783,4.995615978982627,3,142,Montipora_capitata_HIv3___RNAseq.g22747.t1/Montipora_capitata_HIv3___RNAseq.g33912.t1/Montipora_capitata_HIv3___RNAseq.g12097.t1,0.5570630720894885,ribonucleotide biosynthetic process,BP
GO:0046390,ribose phosphate biosynthetic process,3/38,146/8282,0.02887514546155517,4.853632676493267,3,146,Montipora_capitata_HIv3___RNAseq.g22747.t1/Montipora_capitata_HIv3___RNAseq.g33912.t1/Montipora_capitata_HIv3___RNAseq.g12097.t1,0.5570630720894885,ribose phosphate biosynthetic process,BP
GO:0048667,cell morphogenesis involved in neuron differentiation,6/38,518/8282,0.02907859811338496,2.8309822257421136,6,518,Montipora_capitata_HIv3___RNAseq.g40803.t1/Montipora_capitata_HIv3___RNAseq.g25137.t1/Montipora_capitata_HIv3___RNAseq.g49974.t1/Montipora_capitata_HIv3___RNAseq.g25143.t1/Montipora_capitata_HIv3___RNAseq.g43134.t1/Montipora_capitata_HIv3___RNAseq.g14940.t1,0.5570630720894885,cell morphogenesis involved in neuron differentiation,BP
GO:0042593,glucose homeostasis,3/38,153/8282,0.032545139221085755,4.623437170816995,3,153,Montipora_capitata_HIv3___RNAseq.g20093.t1/Montipora_capitata_HIv3___RNAseq.g25137.t1/Montipora_capitata_HIv3___RNAseq.g25143.t1,0.5570630720894885,glucose homeostasis,BP
GO:0048812,neuron projection morphogenesis,6/38,539/8282,0.03444127599756876,2.7119562966372404,6,539,Montipora_capitata_HIv3___RNAseq.g40803.t1/Montipora_capitata_HIv3___RNAseq.g25137.t1/Montipora_capitata_HIv3___RNAseq.g49974.t1/Montipora_capitata_HIv3___RNAseq.g25143.t1/Montipora_capitata_HIv3___RNAseq.g43134.t1/Montipora_capitata_HIv3___RNAseq.g14940.t1,0.5570630720894885,neuron projection morphogenesis,BP
GO:0120039,plasma membrane bounded cell projection morphogenesis,6/38,540/8282,0.03471182919747433,2.706537543353662,6,540,Montipora_capitata_HIv3___RNAseq.g40803.t1/Montipora_capitata_HIv3___RNAseq.g25137.t1/Montipora_capitata_HIv3___RNAseq.g49974.t1/Montipora_capitata_HIv3___RNAseq.g25143.t1/Montipora_capitata_HIv3___RNAseq.g43134.t1/Montipora_capitata_HIv3___RNAseq.g14940.t1,0.5570630720894885,plasma membrane bounded cell projection morphogenesis,BP
GO:0033500,carbohydrate homeostasis,3/38,158/8282,0.03531017673851252,4.471064697915764,3,158,Montipora_capitata_HIv3___RNAseq.g20093.t1/Montipora_capitata_HIv3___RNAseq.g25137.t1/Montipora_capitata_HIv3___RNAseq.g25143.t1,0.5570630720894885,carbohydrate homeostasis,BP
GO:0048858,cell projection morphogenesis,6/38,543/8282,0.03553189710829692,2.690398895309757,6,543,Montipora_capitata_HIv3___RNAseq.g40803.t1/Montipora_capitata_HIv3___RNAseq.g25137.t1/Montipora_capitata_HIv3___RNAseq.g49974.t1/Montipora_capitata_HIv3___RNAseq.g25143.t1/Montipora_capitata_HIv3___RNAseq.g43134.t1/Montipora_capitata_HIv3___RNAseq.g14940.t1,0.5570630720894885,cell projection morphogenesis,BP
GO:0048878,chemical homeostasis,7/38,692/8282,0.03557789387925417,2.4913854947622736,7,692,Montipora_capitata_HIv3___RNAseq.g20093.t1/Montipora_capitata_HIv3___RNAseq.g25591.t1/Montipora_capitata_HIv3___RNAseq.g25137.t1/Montipora_capitata_HIv3___RNAseq.g22747.t1/Montipora_capitata_HIv3___RNAseq.g44252.t1/Montipora_capitata_HIv3___TS.g16805.t1/Montipora_capitata_HIv3___RNAseq.g25143.t1,0.5570630720894885,chemical homeostasis,BP
GO:0006457,protein folding,3/38,159/8282,0.03587747974218491,4.442007522454369,3,159,Montipora_capitata_HIv3___RNAseq.g34571.t1/Montipora_capitata_HIv3___RNAseq.g44164.t1/Montipora_capitata_HIv3___RNAseq.g2578.t1,0.5570630720894885,protein folding,BP
GO:0007409,axonogenesis,5/38,404/8282,0.03594116179012732,2.9783777547655212,5,404,Montipora_capitata_HIv3___RNAseq.g25137.t1/Montipora_capitata_HIv3___RNAseq.g49974.t1/Montipora_capitata_HIv3___RNAseq.g25143.t1/Montipora_capitata_HIv3___RNAseq.g43134.t1/Montipora_capitata_HIv3___RNAseq.g14940.t1,0.5570630720894885,axonogenesis,BP
GO:0043005,neuron projection,8/38,854/8282,0.0369157188726516,2.3315752622600394,8,854,Montipora_capitata_HIv3___RNAseq.g20093.t1/Montipora_capitata_HIv3___RNAseq.g25591.t1/Montipora_capitata_HIv3___RNAseq.g25137.t1/Montipora_capitata_HIv3___TS.g14965.t1/Montipora_capitata_HIv3___RNAseq.g34571.t1/Montipora_capitata_HIv3___RNAseq.g12097.t1/Montipora_capitata_HIv3___RNAseq.g25143.t1/Montipora_capitata_HIv3___RNAseq.g2578.t1,0.5570630720894885,neuron projection,CC
GO:0006839,mitochondrial transport,3/38,161/8282,0.0370263331604748,4.384882081269676,3,161,Montipora_capitata_HIv3___RNAseq.g25137.t1/Montipora_capitata_HIv3___TS.g14965.t1/Montipora_capitata_HIv3___RNAseq.g25143.t1,0.5570630720894885,mitochondrial transport,BP
GO:0006915,apoptotic process,5/38,412/8282,0.03862635103274617,2.9168785725028052,5,412,Montipora_capitata_HIv3___RNAseq.g13613.t1/Montipora_capitata_HIv3___RNAseq.g25137.t1/Montipora_capitata_HIv3___TS.g14965.t1/Montipora_capitata_HIv3___RNAseq.g29751.t1/Montipora_capitata_HIv3___RNAseq.g25143.t1,0.5570630720894885,apoptotic process,BP
GO:0009653,anatomical structure morphogenesis,14/38,1915/8282,0.039364057833631144,1.9463172733372651,14,1915,Montipora_capitata_HIv3___RNAseq.g39502.t1/Montipora_capitata_HIv3___RNAseq.g30422.t1/Montipora_capitata_HIv3___RNAseq.g40803.t1/Montipora_capitata_HIv3___RNAseq.g41254.t1/Montipora_capitata_HIv3___RNAseq.g25137.t1/Montipora_capitata_HIv3___RNAseq.g22747.t1/Montipora_capitata_HIv3___RNAseq.g44252.t1/Montipora_capitata_HIv3___TS.g14965.t1/Montipora_capitata_HIv3___RNAseq.g49974.t1/Montipora_capitata_HIv3___RNAseq.g29751.t1/Montipora_capitata_HIv3___RNAseq.g25143.t1/Montipora_capitata_HIv3___RNAseq.g44164.t1/Montipora_capitata_HIv3___RNAseq.g43134.t1/Montipora_capitata_HIv3___RNAseq.g14940.t1,0.5570630720894885,anatomical structure morphogenesis,BP
GO:0098796,membrane protein complex,6/38,562/8282,0.04102217276306634,2.5921559544023105,6,562,Montipora_capitata_HIv3___RNAseq.g663.t1/Montipora_capitata_HIv3___RNAseq.g13613.t1/Montipora_capitata_HIv3___RNAseq.g22747.t1/Montipora_capitata_HIv3___RNAseq.g44252.t1/Montipora_capitata_HIv3___TS.g14965.t1/Montipora_capitata_HIv3___RNAseq.g44164.t1,0.5570630720894885,membrane protein complex,CC
GO:0032502,developmental process,23/38,3744/8282,0.04131327741278963,1.863652446489614,23,3744,Montipora_capitata_HIv3___RNAseq.g11431.t1/Montipora_capitata_HIv3___RNAseq.g40524.t1/Montipora_capitata_HIv3___RNAseq.g663.t1/Montipora_capitata_HIv3___RNAseq.g39502.t1/Montipora_capitata_HIv3___RNAseq.g7598.t1/Montipora_capitata_HIv3___RNAseq.g30422.t1/Montipora_capitata_HIv3___RNAseq.g40803.t1/Montipora_capitata_HIv3___RNAseq.g25591.t1/Montipora_capitata_HIv3___RNAseq.g41254.t1/Montipora_capitata_HIv3___RNAseq.g25137.t1/Montipora_capitata_HIv3___RNAseq.g44775.t1/Montipora_capitata_HIv3___RNAseq.g22747.t1/Montipora_capitata_HIv3___RNAseq.g44252.t1/Montipora_capitata_HIv3___TS.g14965.t1/Montipora_capitata_HIv3___RNAseq.g49974.t1/Montipora_capitata_HIv3___TS.g16805.t1/Montipora_capitata_HIv3___TS.g35289.t2/Montipora_capitata_HIv3___RNAseq.g29751.t1/Montipora_capitata_HIv3___RNAseq.g25143.t1/Montipora_capitata_HIv3___RNAseq.g44321.t1/Montipora_capitata_HIv3___RNAseq.g44164.t1/Montipora_capitata_HIv3___RNAseq.g43134.t1/Montipora_capitata_HIv3___RNAseq.g14940.t1,0.5570630720894885,developmental process,BP
GO:0032990,cell part morphogenesis,6/38,564/8282,0.04163024765296935,2.5821992052024023,6,564,Montipora_capitata_HIv3___RNAseq.g40803.t1/Montipora_capitata_HIv3___RNAseq.g25137.t1/Montipora_capitata_HIv3___RNAseq.g49974.t1/Montipora_capitata_HIv3___RNAseq.g25143.t1/Montipora_capitata_HIv3___RNAseq.g43134.t1/Montipora_capitata_HIv3___RNAseq.g14940.t1,0.5570630720894885,cell part morphogenesis,BP
GO:0010035,response to inorganic substance,5/38,422/8282,0.04215453002503915,2.843321737461922,5,422,Montipora_capitata_HIv3___RNAseq.g25591.t1/Montipora_capitata_HIv3___RNAseq.g25137.t1/Montipora_capitata_HIv3___RNAseq.g33912.t1/Montipora_capitata_HIv3___TS.g14965.t1/Montipora_capitata_HIv3___RNAseq.g25143.t1,0.5570630720894885,response to inorganic substance,BP
GO:0140110,transcription regulator activity,7/38,718/8282,0.042243801748390104,2.3921143357461974,7,718,Montipora_capitata_HIv3___RNAseq.g30422.t1/Montipora_capitata_HIv3___RNAseq.g20093.t1/Montipora_capitata_HIv3___RNAseq.g28405.t2/Montipora_capitata_HIv3___RNAseq.g49974.t1/Montipora_capitata_HIv3___RNAseq.g34571.t1/Montipora_capitata_HIv3___RNAseq.g44321.t1/Montipora_capitata_HIv3___RNAseq.g43134.t1,0.5570630720894885,transcription regulator activity,MF
GO:0048511,rhythmic process,3/38,170/8282,0.04242986544170551,4.14413323172131,3,170,Montipora_capitata_HIv3___RNAseq.g20093.t1/Montipora_capitata_HIv3___RNAseq.g22747.t1/Montipora_capitata_HIv3___RNAseq.g44164.t1,0.5570630720894885,rhythmic process,BP
GO:0000981,"DNA-binding transcription factor activity, RNA polymerase II-specific",5/38,430/8282,0.04511569665881187,2.7869708488731004,5,430,Montipora_capitata_HIv3___RNAseq.g30422.t1/Montipora_capitata_HIv3___RNAseq.g28405.t2/Montipora_capitata_HIv3___RNAseq.g49974.t1/Montipora_capitata_HIv3___RNAseq.g44321.t1/Montipora_capitata_HIv3___RNAseq.g43134.t1,0.5608880710194176,"DNA-binding transcription factor activity, RNA polymerase II-specific",MF
GO:0061564,axon development,5/38,432/8282,0.04587535824970632,2.773212506594732,5,432,Montipora_capitata_HIv3___RNAseq.g25137.t1/Montipora_capitata_HIv3___RNAseq.g49974.t1/Montipora_capitata_HIv3___RNAseq.g25143.t1/Montipora_capitata_HIv3___RNAseq.g43134.t1/Montipora_capitata_HIv3___RNAseq.g14940.t1,0.5608880710194176,axon development,BP
GO:0042221,response to chemical,16/38,2345/8282,0.047177166798275355,1.8468260820566473,16,2345,Montipora_capitata_HIv3___RNAseq.g7598.t1/Montipora_capitata_HIv3___RNAseq.g20093.t1/Montipora_capitata_HIv3___RNAseq.g25591.t1/Montipora_capitata_HIv3___RNAseq.g13613.t1/Montipora_capitata_HIv3___RNAseq.g25137.t1/Montipora_capitata_HIv3___RNAseq.g21911.t1/Montipora_capitata_HIv3___RNAseq.g33912.t1/Montipora_capitata_HIv3___RNAseq.g26661.t1/Montipora_capitata_HIv3___TS.g14965.t1/Montipora_capitata_HIv3___RNAseq.g49974.t1/Montipora_capitata_HIv3___RNAseq.g34571.t1/Montipora_capitata_HIv3___RNAseq.g12097.t1/Montipora_capitata_HIv3___RNAseq.g25143.t1/Montipora_capitata_HIv3___RNAseq.g44164.t1/Montipora_capitata_HIv3___RNAseq.g43134.t1/Montipora_capitata_HIv3___RNAseq.g14940.t1,0.5608880710194176,response to chemical,BP
GO:0097458,GO:0097458,9/38,1067/8282,0.048233617900932724,2.107647912293002,9,1067,Montipora_capitata_HIv3___RNAseq.g20093.t1/Montipora_capitata_HIv3___RNAseq.g25591.t1/Montipora_capitata_HIv3___RNAseq.g25137.t1/Montipora_capitata_HIv3___RNAseq.g44252.t1/Montipora_capitata_HIv3___TS.g14965.t1/Montipora_capitata_HIv3___RNAseq.g34571.t1/Montipora_capitata_HIv3___RNAseq.g12097.t1/Montipora_capitata_HIv3___RNAseq.g25143.t1/Montipora_capitata_HIv3___RNAseq.g2578.t1,0.5608880710194176,NA,NA
GO:0000904,GO:0000904,6/38,589/8282,0.0497254391700522,2.46330926715578,6,589,Montipora_capitata_HIv3___RNAseq.g40803.t1/Montipora_capitata_HIv3___RNAseq.g25137.t1/Montipora_capitata_HIv3___RNAseq.g49974.t1/Montipora_capitata_HIv3___RNAseq.g25143.t1/Montipora_capitata_HIv3___RNAseq.g43134.t1/Montipora_capitata_HIv3___RNAseq.g14940.t1,0.5621737150614234,NA,NA
GO:0009165,nucleotide biosynthetic process,3/38,205/8282,0.06696694311006528,3.411497426988803,3,205,Montipora_capitata_HIv3___RNAseq.g22747.t1/Montipora_capitata_HIv3___RNAseq.g33912.t1/Montipora_capitata_HIv3___RNAseq.g12097.t1,0.6834203279049188,nucleotide biosynthetic process,BP
GO:0007005,mitochondrion organization,4/38,338/8282,0.06773027662703761,2.7856237299832762,4,338,Montipora_capitata_HIv3___RNAseq.g7598.t1/Montipora_capitata_HIv3___RNAseq.g25137.t1/Montipora_capitata_HIv3___TS.g14965.t1/Montipora_capitata_HIv3___RNAseq.g25143.t1,0.6834203279049188,mitochondrion organization,BP
GO:1901293,nucleoside phosphate biosynthetic process,3/38,208/8282,0.0693204801431094,3.360332803762696,3,208,Montipora_capitata_HIv3___RNAseq.g22747.t1/Montipora_capitata_HIv3___RNAseq.g33912.t1/Montipora_capitata_HIv3___RNAseq.g12097.t1,0.6834203279049188,nucleoside phosphate biosynthetic process,BP
GO:0048731,system development,18/38,2866/8282,0.07065121362716614,1.70514827021692,18,2866,Montipora_capitata_HIv3___RNAseq.g11431.t1/Montipora_capitata_HIv3___RNAseq.g40524.t1/Montipora_capitata_HIv3___RNAseq.g663.t1/Montipora_capitata_HIv3___RNAseq.g7598.t1/Montipora_capitata_HIv3___RNAseq.g40803.t1/Montipora_capitata_HIv3___RNAseq.g25591.t1/Montipora_capitata_HIv3___RNAseq.g41254.t1/Montipora_capitata_HIv3___RNAseq.g25137.t1/Montipora_capitata_HIv3___RNAseq.g22747.t1/Montipora_capitata_HIv3___TS.g14965.t1/Montipora_capitata_HIv3___RNAseq.g49974.t1/Montipora_capitata_HIv3___TS.g16805.t1/Montipora_capitata_HIv3___RNAseq.g29751.t1/Montipora_capitata_HIv3___RNAseq.g25143.t1/Montipora_capitata_HIv3___RNAseq.g44321.t1/Montipora_capitata_HIv3___RNAseq.g44164.t1/Montipora_capitata_HIv3___RNAseq.g43134.t1/Montipora_capitata_HIv3___RNAseq.g14940.t1,0.6834203279049188,system development,BP
GO:0031175,neuron projection development,6/38,648/8282,0.072551010909318,2.219948614143859,6,648,Montipora_capitata_HIv3___RNAseq.g40803.t1/Montipora_capitata_HIv3___RNAseq.g25137.t1/Montipora_capitata_HIv3___RNAseq.g49974.t1/Montipora_capitata_HIv3___RNAseq.g25143.t1/Montipora_capitata_HIv3___RNAseq.g43134.t1/Montipora_capitata_HIv3___RNAseq.g14940.t1,0.6834203279049188,neuron projection development,BP
GO:0006950,response to stress,14/38,2083/8282,0.07360856262041372,1.7408451757884675,14,2083,Montipora_capitata_HIv3___RNAseq.g7598.t1/Montipora_capitata_HIv3___RNAseq.g20093.t1/Montipora_capitata_HIv3___RNAseq.g25591.t1/Montipora_capitata_HIv3___TS.g26714.t1/Montipora_capitata_HIv3___RNAseq.g22747.t1/Montipora_capitata_HIv3___RNAseq.g44252.t1/Montipora_capitata_HIv3___RNAseq.g26661.t1/Montipora_capitata_HIv3___TS.g14965.t1/Montipora_capitata_HIv3___TS.g16805.t1/Montipora_capitata_HIv3___RNAseq.g34571.t1/Montipora_capitata_HIv3___RNAseq.g12097.t1/Montipora_capitata_HIv3___TS.g35289.t2/Montipora_capitata_HIv3___RNAseq.g44164.t1/Montipora_capitata_HIv3___RNAseq.g45083.t2,0.6834203279049188,response to stress,BP
GO:0003700,DNA-binding transcription factor activity,5/38,498/8282,0.075341060027331,2.3818968183003806,5,498,Montipora_capitata_HIv3___RNAseq.g30422.t1/Montipora_capitata_HIv3___RNAseq.g28405.t2/Montipora_capitata_HIv3___RNAseq.g49974.t1/Montipora_capitata_HIv3___RNAseq.g44321.t1/Montipora_capitata_HIv3___RNAseq.g43134.t1,0.6834203279049188,DNA-binding transcription factor activity,MF
GO:0012501,programmed cell death,5/38,501/8282,0.07688345897443855,2.366545989490463,5,501,Montipora_capitata_HIv3___RNAseq.g13613.t1/Montipora_capitata_HIv3___RNAseq.g25137.t1/Montipora_capitata_HIv3___TS.g14965.t1/Montipora_capitata_HIv3___RNAseq.g29751.t1/Montipora_capitata_HIv3___RNAseq.g25143.t1,0.6834203279049188,programmed cell death,BP
GO:1901700,response to oxygen-containing compound,8/38,993/8282,0.07747251995059277,1.9650742578742493,8,993,Montipora_capitata_HIv3___RNAseq.g7598.t1/Montipora_capitata_HIv3___RNAseq.g20093.t1/Montipora_capitata_HIv3___RNAseq.g25591.t1/Montipora_capitata_HIv3___RNAseq.g25137.t1/Montipora_capitata_HIv3___TS.g14965.t1/Montipora_capitata_HIv3___RNAseq.g12097.t1/Montipora_capitata_HIv3___RNAseq.g25143.t1/Montipora_capitata_HIv3___RNAseq.g44164.t1,0.6834203279049188,response to oxygen-containing compound,BP
GO:0005102,signaling receptor binding,6/38,668/8282,0.08149393720653751,2.147198423966526,6,668,Montipora_capitata_HIv3___RNAseq.g20093.t1/Montipora_capitata_HIv3___RNAseq.g13613.t1/Montipora_capitata_HIv3___TS.g14965.t1/Montipora_capitata_HIv3___RNAseq.g29751.t1/Montipora_capitata_HIv3___RNAseq.g44164.t1/Montipora_capitata_HIv3___RNAseq.g2578.t1,0.6834203279049188,signaling receptor binding,MF
GO:0009628,response to abiotic stimulus,8/38,1005/8282,0.08192001579465406,1.938240396525083,8,1005,Montipora_capitata_HIv3___RNAseq.g20093.t1/Montipora_capitata_HIv3___RNAseq.g25591.t1/Montipora_capitata_HIv3___RNAseq.g22747.t1/Montipora_capitata_HIv3___RNAseq.g44252.t1/Montipora_capitata_HIv3___TS.g14965.t1/Montipora_capitata_HIv3___RNAseq.g34571.t1/Montipora_capitata_HIv3___TS.g35289.t2/Montipora_capitata_HIv3___RNAseq.g44164.t1,0.6834203279049188,response to abiotic stimulus,BP
GO:0050896,response to stimulus,23/38,4004/8282,0.08944922722943764,1.641838553027347,23,4004,Montipora_capitata_HIv3___RNAseq.g7598.t1/Montipora_capitata_HIv3___RNAseq.g20093.t1/Montipora_capitata_HIv3___RNAseq.g40803.t1/Montipora_capitata_HIv3___RNAseq.g25591.t1/Montipora_capitata_HIv3___RNAseq.g13613.t1/Montipora_capitata_HIv3___RNAseq.g25137.t1/Montipora_capitata_HIv3___TS.g26714.t1/Montipora_capitata_HIv3___RNAseq.g22747.t1/Montipora_capitata_HIv3___RNAseq.g21911.t1/Montipora_capitata_HIv3___RNAseq.g33912.t1/Montipora_capitata_HIv3___RNAseq.g44252.t1/Montipora_capitata_HIv3___RNAseq.g26661.t1/Montipora_capitata_HIv3___TS.g14965.t1/Montipora_capitata_HIv3___RNAseq.g49974.t1/Montipora_capitata_HIv3___TS.g16805.t1/Montipora_capitata_HIv3___RNAseq.g34571.t1/Montipora_capitata_HIv3___RNAseq.g12097.t1/Montipora_capitata_HIv3___TS.g35289.t2/Montipora_capitata_HIv3___RNAseq.g25143.t1/Montipora_capitata_HIv3___RNAseq.g44164.t1/Montipora_capitata_HIv3___RNAseq.g45083.t2/Montipora_capitata_HIv3___RNAseq.g43134.t1/Montipora_capitata_HIv3___RNAseq.g14940.t1,0.6834203279049188,response to stimulus,BP
GO:0003006,developmental process involved in reproduction,8/38,1025/8282,0.08967754589661385,1.894712055795335,8,1025,Montipora_capitata_HIv3___RNAseq.g40524.t1/Montipora_capitata_HIv3___RNAseq.g39502.t1/Montipora_capitata_HIv3___RNAseq.g44775.t1/Montipora_capitata_HIv3___RNAseq.g22747.t1/Montipora_capitata_HIv3___TS.g14965.t1/Montipora_capitata_HIv3___RNAseq.g29751.t1/Montipora_capitata_HIv3___RNAseq.g44164.t1/Montipora_capitata_HIv3___RNAseq.g43134.t1,0.6834203279049188,developmental process involved in reproduction,BP
GO:0071214,cellular response to abiotic stimulus,3/38,233/8282,0.09036491901816919,2.985876350624265,3,233,Montipora_capitata_HIv3___RNAseq.g20093.t1/Montipora_capitata_HIv3___RNAseq.g22747.t1/Montipora_capitata_HIv3___TS.g14965.t1,0.6834203279049188,cellular response to abiotic stimulus,BP
GO:0104004,cellular response to environmental stimulus,3/38,233/8282,0.09036491901816919,2.985876350624265,3,233,Montipora_capitata_HIv3___RNAseq.g20093.t1/Montipora_capitata_HIv3___RNAseq.g22747.t1/Montipora_capitata_HIv3___TS.g14965.t1,0.6834203279049188,cellular response to environmental stimulus,BP
GO:0007275,multicellular organism development,20/38,3367/8282,0.09085929202031572,1.6255260176852475,20,3367,Montipora_capitata_HIv3___RNAseq.g11431.t1/Montipora_capitata_HIv3___RNAseq.g40524.t1/Montipora_capitata_HIv3___RNAseq.g663.t1/Montipora_capitata_HIv3___RNAseq.g39502.t1/Montipora_capitata_HIv3___RNAseq.g7598.t1/Montipora_capitata_HIv3___RNAseq.g40803.t1/Montipora_capitata_HIv3___RNAseq.g25591.t1/Montipora_capitata_HIv3___RNAseq.g41254.t1/Montipora_capitata_HIv3___RNAseq.g25137.t1/Montipora_capitata_HIv3___RNAseq.g22747.t1/Montipora_capitata_HIv3___TS.g14965.t1/Montipora_capitata_HIv3___RNAseq.g49974.t1/Montipora_capitata_HIv3___TS.g16805.t1/Montipora_capitata_HIv3___TS.g35289.t2/Montipora_capitata_HIv3___RNAseq.g29751.t1/Montipora_capitata_HIv3___RNAseq.g25143.t1/Montipora_capitata_HIv3___RNAseq.g44321.t1/Montipora_capitata_HIv3___RNAseq.g44164.t1/Montipora_capitata_HIv3___RNAseq.g43134.t1/Montipora_capitata_HIv3___RNAseq.g14940.t1,0.6834203279049188,multicellular organism development,BP
GO:0009266,response to temperature stimulus,3/38,234/8282,0.0912578295710361,2.972584610855061,3,234,Montipora_capitata_HIv3___TS.g14965.t1/Montipora_capitata_HIv3___RNAseq.g34571.t1/Montipora_capitata_HIv3___TS.g35289.t2,0.6834203279049188,response to temperature stimulus,BP
GO:0048608,reproductive structure development,4/38,376/8282,0.09196029052711945,2.4891118705564654,4,376,Montipora_capitata_HIv3___RNAseq.g40524.t1/Montipora_capitata_HIv3___TS.g14965.t1/Montipora_capitata_HIv3___RNAseq.g29751.t1/Montipora_capitata_HIv3___RNAseq.g44164.t1,0.6834203279049188,reproductive structure development,BP
GO:0008219,cell death,5/38,531/8282,0.09326451886061514,2.2228470035958594,5,531,Montipora_capitata_HIv3___RNAseq.g13613.t1/Montipora_capitata_HIv3___RNAseq.g25137.t1/Montipora_capitata_HIv3___TS.g14965.t1/Montipora_capitata_HIv3___RNAseq.g29751.t1/Montipora_capitata_HIv3___RNAseq.g25143.t1,0.6834203279049188,cell death,BP
GO:0061458,reproductive system development,4/38,379/8282,0.09403326379035737,2.4682745455980357,4,379,Montipora_capitata_HIv3___RNAseq.g40524.t1/Montipora_capitata_HIv3___TS.g14965.t1/Montipora_capitata_HIv3___RNAseq.g29751.t1/Montipora_capitata_HIv3___RNAseq.g44164.t1,0.6834203279049188,reproductive system development,BP
GO:0000902,cell morphogenesis,6/38,698/8282,0.09605134187215351,2.046013958145068,6,698,Montipora_capitata_HIv3___RNAseq.g40803.t1/Montipora_capitata_HIv3___RNAseq.g25137.t1/Montipora_capitata_HIv3___RNAseq.g49974.t1/Montipora_capitata_HIv3___RNAseq.g25143.t1/Montipora_capitata_HIv3___RNAseq.g43134.t1/Montipora_capitata_HIv3___RNAseq.g14940.t1,0.6858402831923944,cell morphogenesis,BP
GO:0044421,GO:0044421,5/38,551/8282,0.10513493564206962,2.135860284556312,5,551,Montipora_capitata_HIv3___RNAseq.g40524.t1/Montipora_capitata_HIv3___RNAseq.g663.t1/Montipora_capitata_HIv3___RNAseq.g44252.t1/Montipora_capitata_HIv3___RNAseq.g44164.t1/Montipora_capitata_HIv3___RNAseq.g14940.t1,0.7285840458378139,NA,NA
GO:0031625,ubiquitin protein ligase binding,3/38,252/8282,0.10795951354665378,2.7514453149468303,3,252,Montipora_capitata_HIv3___RNAseq.g11431.t1/Montipora_capitata_HIv3___RNAseq.g13613.t1/Montipora_capitata_HIv3___TS.g14965.t1,0.7285840458378139,ubiquitin protein ligase binding,MF
GO:0032501,multicellular organismal process,23/38,4084/8282,0.11043741760035472,1.5793009796449202,23,4084,Montipora_capitata_HIv3___RNAseq.g11431.t1/Montipora_capitata_HIv3___RNAseq.g40524.t1/Montipora_capitata_HIv3___RNAseq.g663.t1/Montipora_capitata_HIv3___RNAseq.g39502.t1/Montipora_capitata_HIv3___RNAseq.g7598.t1/Montipora_capitata_HIv3___RNAseq.g20093.t1/Montipora_capitata_HIv3___RNAseq.g40803.t1/Montipora_capitata_HIv3___RNAseq.g25591.t1/Montipora_capitata_HIv3___RNAseq.g41254.t1/Montipora_capitata_HIv3___RNAseq.g25137.t1/Montipora_capitata_HIv3___RNAseq.g44775.t1/Montipora_capitata_HIv3___RNAseq.g22747.t1/Montipora_capitata_HIv3___RNAseq.g44252.t1/Montipora_capitata_HIv3___TS.g14965.t1/Montipora_capitata_HIv3___RNAseq.g49974.t1/Montipora_capitata_HIv3___TS.g16805.t1/Montipora_capitata_HIv3___TS.g35289.t2/Montipora_capitata_HIv3___RNAseq.g29751.t1/Montipora_capitata_HIv3___RNAseq.g25143.t1/Montipora_capitata_HIv3___RNAseq.g44321.t1/Montipora_capitata_HIv3___RNAseq.g44164.t1/Montipora_capitata_HIv3___RNAseq.g43134.t1/Montipora_capitata_HIv3___RNAseq.g14940.t1,0.7285840458378139,multicellular organismal process,BP
GO:2001233,regulation of apoptotic signaling pathway,3/38,255/8282,0.11085487118837566,2.7176930859106894,3,255,Montipora_capitata_HIv3___TS.g14965.t1/Montipora_capitata_HIv3___RNAseq.g29751.t1/Montipora_capitata_HIv3___RNAseq.g44164.t1,0.7285840458378139,regulation of apoptotic signaling pathway,BP
GO:0030154,cell differentiation,15/38,2414/8282,0.11205034161764825,1.5888805584114292,15,2414,Montipora_capitata_HIv3___RNAseq.g11431.t1/Montipora_capitata_HIv3___RNAseq.g39502.t1/Montipora_capitata_HIv3___RNAseq.g7598.t1/Montipora_capitata_HIv3___RNAseq.g30422.t1/Montipora_capitata_HIv3___RNAseq.g40803.t1/Montipora_capitata_HIv3___RNAseq.g25137.t1/Montipora_capitata_HIv3___RNAseq.g44775.t1/Montipora_capitata_HIv3___RNAseq.g22747.t1/Montipora_capitata_HIv3___TS.g14965.t1/Montipora_capitata_HIv3___RNAseq.g49974.t1/Montipora_capitata_HIv3___RNAseq.g29751.t1/Montipora_capitata_HIv3___RNAseq.g25143.t1/Montipora_capitata_HIv3___RNAseq.g44321.t1/Montipora_capitata_HIv3___RNAseq.g43134.t1/Montipora_capitata_HIv3___RNAseq.g14940.t1,0.7285840458378139,cell differentiation,BP
GO:0042592,homeostatic process,8/38,1079/8282,0.11277836581764687,1.785838070491971,8,1079,Montipora_capitata_HIv3___RNAseq.g7598.t1/Montipora_capitata_HIv3___RNAseq.g20093.t1/Montipora_capitata_HIv3___RNAseq.g25591.t1/Montipora_capitata_HIv3___RNAseq.g25137.t1/Montipora_capitata_HIv3___RNAseq.g22747.t1/Montipora_capitata_HIv3___RNAseq.g44252.t1/Montipora_capitata_HIv3___TS.g16805.t1/Montipora_capitata_HIv3___RNAseq.g25143.t1,0.7285840458378139,homeostatic process,BP
GO:0044389,ubiquitin-like protein ligase binding,3/38,267/8282,0.12273721624861238,2.5904369496942485,3,267,Montipora_capitata_HIv3___RNAseq.g11431.t1/Montipora_capitata_HIv3___RNAseq.g13613.t1/Montipora_capitata_HIv3___TS.g14965.t1,0.7696601382217368,ubiquitin-like protein ligase binding,MF
GO:0004842,ubiquitin-protein transferase activity,3/38,268/8282,0.12374848898567281,2.580341532831091,3,268,Montipora_capitata_HIv3___RNAseq.g13613.t1/Montipora_capitata_HIv3___RNAseq.g29751.t1/Montipora_capitata_HIv3___RNAseq.g8826.t1,0.7696601382217368,ubiquitin-protein transferase activity,MF
GO:0010033,response to organic substance,11/38,1665/8282,0.12480975214406544,1.6231149029024892,11,1665,Montipora_capitata_HIv3___RNAseq.g20093.t1/Montipora_capitata_HIv3___RNAseq.g25591.t1/Montipora_capitata_HIv3___RNAseq.g13613.t1/Montipora_capitata_HIv3___RNAseq.g25137.t1/Montipora_capitata_HIv3___RNAseq.g21911.t1/Montipora_capitata_HIv3___RNAseq.g33912.t1/Montipora_capitata_HIv3___TS.g14965.t1/Montipora_capitata_HIv3___RNAseq.g34571.t1/Montipora_capitata_HIv3___RNAseq.g12097.t1/Montipora_capitata_HIv3___RNAseq.g25143.t1/Montipora_capitata_HIv3___RNAseq.g44164.t1,0.7696601382217368,response to organic substance,BP
GO:0048869,cellular developmental process,15/38,2465/8282,0.12934035642072422,1.5422375688061312,15,2465,Montipora_capitata_HIv3___RNAseq.g11431.t1/Montipora_capitata_HIv3___RNAseq.g39502.t1/Montipora_capitata_HIv3___RNAseq.g7598.t1/Montipora_capitata_HIv3___RNAseq.g30422.t1/Montipora_capitata_HIv3___RNAseq.g40803.t1/Montipora_capitata_HIv3___RNAseq.g25137.t1/Montipora_capitata_HIv3___RNAseq.g44775.t1/Montipora_capitata_HIv3___RNAseq.g22747.t1/Montipora_capitata_HIv3___TS.g14965.t1/Montipora_capitata_HIv3___RNAseq.g49974.t1/Montipora_capitata_HIv3___RNAseq.g29751.t1/Montipora_capitata_HIv3___RNAseq.g25143.t1/Montipora_capitata_HIv3___RNAseq.g44321.t1/Montipora_capitata_HIv3___RNAseq.g43134.t1/Montipora_capitata_HIv3___RNAseq.g14940.t1,0.7812037225331484,cellular developmental process,BP
GO:0007411,axon guidance,3/38,277/8282,0.13298955788579866,2.492689889754789,3,277,Montipora_capitata_HIv3___RNAseq.g49974.t1/Montipora_capitata_HIv3___RNAseq.g43134.t1/Montipora_capitata_HIv3___RNAseq.g14940.t1,0.7812037225331484,axon guidance,BP
GO:0019787,ubiquitin-like protein transferase activity,3/38,279/8282,0.1350764090681781,2.4740399206828645,3,279,Montipora_capitata_HIv3___RNAseq.g13613.t1/Montipora_capitata_HIv3___RNAseq.g29751.t1/Montipora_capitata_HIv3___RNAseq.g8826.t1,0.7812037225331484,ubiquitin-like protein transferase activity,MF
GO:1901701,cellular response to oxygen-containing compound,5/38,599/8282,0.13657779867663067,1.951158441529244,5,599,Montipora_capitata_HIv3___RNAseq.g7598.t1/Montipora_capitata_HIv3___RNAseq.g25591.t1/Montipora_capitata_HIv3___RNAseq.g25137.t1/Montipora_capitata_HIv3___RNAseq.g25143.t1/Montipora_capitata_HIv3___RNAseq.g44164.t1,0.7812037225331484,cellular response to oxygen-containing compound,BP
GO:0097485,neuron projection guidance,3/38,283/8282,0.13928525664587083,2.4375190092007237,3,283,Montipora_capitata_HIv3___RNAseq.g49974.t1/Montipora_capitata_HIv3___RNAseq.g43134.t1/Montipora_capitata_HIv3___RNAseq.g14940.t1,0.7812037225331484,neuron projection guidance,BP
GO:0080134,regulation of response to stress,6/38,779/8282,0.1419963418805256,1.812009712750086,6,779,Montipora_capitata_HIv3___RNAseq.g20093.t1/Montipora_capitata_HIv3___RNAseq.g25591.t1/Montipora_capitata_HIv3___RNAseq.g13613.t1/Montipora_capitata_HIv3___TS.g14965.t1/Montipora_capitata_HIv3___RNAseq.g34571.t1/Montipora_capitata_HIv3___RNAseq.g29751.t1,0.7812037225331484,regulation of response to stress,BP
GO:0001655,urogenital system development,3/38,290/8282,0.14676025668353113,2.3760207847306396,3,290,Montipora_capitata_HIv3___RNAseq.g7598.t1/Montipora_capitata_HIv3___RNAseq.g41254.t1/Montipora_capitata_HIv3___RNAseq.g29751.t1,0.7812037225331484,urogenital system development,BP
GO:0006357,regulation of transcription by RNA polymerase II,8/38,1151/8282,0.14838650214196053,1.6565662157131764,8,1151,Montipora_capitata_HIv3___RNAseq.g30422.t1/Montipora_capitata_HIv3___RNAseq.g20093.t1/Montipora_capitata_HIv3___RNAseq.g25591.t1/Montipora_capitata_HIv3___RNAseq.g28405.t2/Montipora_capitata_HIv3___RNAseq.g49974.t1/Montipora_capitata_HIv3___RNAseq.g34571.t1/Montipora_capitata_HIv3___RNAseq.g44321.t1/Montipora_capitata_HIv3___RNAseq.g43134.t1,0.7812037225331484,regulation of transcription by RNA polymerase II,BP
GO:0030162,regulation of proteolysis,4/38,450/8282,0.1493327852650702,2.0567302304873873,4,450,Montipora_capitata_HIv3___RNAseq.g11431.t1/Montipora_capitata_HIv3___RNAseq.g13613.t1/Montipora_capitata_HIv3___TS.g14965.t1/Montipora_capitata_HIv3___RNAseq.g8826.t1,0.7812037225331484,regulation of proteolysis,BP
GO:0055082,intracellular chemical homeostasis,4/38,455/8282,0.15364130896221598,2.032631034447441,4,455,Montipora_capitata_HIv3___RNAseq.g25591.t1/Montipora_capitata_HIv3___RNAseq.g25137.t1/Montipora_capitata_HIv3___TS.g16805.t1/Montipora_capitata_HIv3___RNAseq.g25143.t1,0.7812037225331484,intracellular chemical homeostasis,BP
GO:0046914,transition metal ion binding,4/38,455/8282,0.15364130896221598,2.032631034447441,4,455,Montipora_capitata_HIv3___TS.g13493.t1/Montipora_capitata_HIv3___RNAseq.g26661.t1/Montipora_capitata_HIv3___RNAseq.g12097.t1/Montipora_capitata_HIv3___RNAseq.g8826.t1,0.7812037225331484,transition metal ion binding,MF
GO:0009968,negative regulation of signal transduction,6/38,803/8282,0.15736610896597775,1.7518084757994095,6,803,Montipora_capitata_HIv3___RNAseq.g20093.t1/Montipora_capitata_HIv3___RNAseq.g25591.t1/Montipora_capitata_HIv3___RNAseq.g21911.t1/Montipora_capitata_HIv3___TS.g14965.t1/Montipora_capitata_HIv3___RNAseq.g49974.t1/Montipora_capitata_HIv3___RNAseq.g34571.t1,0.7812037225331484,negative regulation of signal transduction,BP
GO:0007399,nervous system development,11/38,1743/8282,0.1585315088326003,1.5316866715078137,11,1743,Montipora_capitata_HIv3___RNAseq.g11431.t1/Montipora_capitata_HIv3___RNAseq.g40803.t1/Montipora_capitata_HIv3___RNAseq.g25591.t1/Montipora_capitata_HIv3___RNAseq.g25137.t1/Montipora_capitata_HIv3___TS.g14965.t1/Montipora_capitata_HIv3___RNAseq.g49974.t1/Montipora_capitata_HIv3___TS.g16805.t1/Montipora_capitata_HIv3___RNAseq.g25143.t1/Montipora_capitata_HIv3___RNAseq.g44321.t1/Montipora_capitata_HIv3___RNAseq.g43134.t1/Montipora_capitata_HIv3___RNAseq.g14940.t1,0.7812037225331484,nervous system development,BP
GO:0010038,response to metal ion,3/38,302/8282,0.15988180341961433,2.2773615979745334,3,302,Montipora_capitata_HIv3___RNAseq.g25137.t1/Montipora_capitata_HIv3___TS.g14965.t1/Montipora_capitata_HIv3___RNAseq.g25143.t1,0.7812037225331484,response to metal ion,BP
GO:0022414,reproductive process,10/38,1556/8282,0.16192297604552872,1.5472160023962638,10,1556,Montipora_capitata_HIv3___RNAseq.g40524.t1/Montipora_capitata_HIv3___RNAseq.g39502.t1/Montipora_capitata_HIv3___RNAseq.g25591.t1/Montipora_capitata_HIv3___RNAseq.g41254.t1/Montipora_capitata_HIv3___RNAseq.g44775.t1/Montipora_capitata_HIv3___RNAseq.g22747.t1/Montipora_capitata_HIv3___TS.g14965.t1/Montipora_capitata_HIv3___RNAseq.g29751.t1/Montipora_capitata_HIv3___RNAseq.g44164.t1/Montipora_capitata_HIv3___RNAseq.g43134.t1,0.7812037225331484,reproductive process,BP
GO:0042802,identical protein binding,8/38,1177/8282,0.16254150636654122,1.6137973578194051,8,1177,Montipora_capitata_HIv3___RNAseq.g31228.t1/Montipora_capitata_HIv3___TS.g26714.t1/Montipora_capitata_HIv3___RNAseq.g26661.t1/Montipora_capitata_HIv3___TS.g14965.t1/Montipora_capitata_HIv3___RNAseq.g12097.t1/Montipora_capitata_HIv3___RNAseq.g44321.t1/Montipora_capitata_HIv3___RNAseq.g44164.t1/Montipora_capitata_HIv3___RNAseq.g45083.t2,0.7812037225331484,identical protein binding,MF
GO:0032989,cellular component morphogenesis,6/38,811/8282,0.1626557868997472,1.7325387873085796,6,811,Montipora_capitata_HIv3___RNAseq.g40803.t1/Montipora_capitata_HIv3___RNAseq.g25137.t1/Montipora_capitata_HIv3___RNAseq.g49974.t1/Montipora_capitata_HIv3___RNAseq.g25143.t1/Montipora_capitata_HIv3___RNAseq.g43134.t1/Montipora_capitata_HIv3___RNAseq.g14940.t1,0.7812037225331484,cellular component morphogenesis,BP
GO:0048666,neuron development,6/38,813/8282,0.16399087300379886,1.7277810383373067,6,813,Montipora_capitata_HIv3___RNAseq.g40803.t1/Montipora_capitata_HIv3___RNAseq.g25137.t1/Montipora_capitata_HIv3___RNAseq.g49974.t1/Montipora_capitata_HIv3___RNAseq.g25143.t1/Montipora_capitata_HIv3___RNAseq.g43134.t1/Montipora_capitata_HIv3___RNAseq.g14940.t1,0.7812037225331484,neuron development,BP
GO:0005740,mitochondrial envelope,4/38,467/8282,0.16417961684580593,1.9769238497290629,4,467,Montipora_capitata_HIv3___RNAseq.g7598.t1/Montipora_capitata_HIv3___RNAseq.g22747.t1/Montipora_capitata_HIv3___TS.g14965.t1/Montipora_capitata_HIv3___RNAseq.g44164.t1,0.7812037225331484,mitochondrial envelope,CC
GO:0048232,male gamete generation,4/38,468/8282,0.16507007404877336,1.972412311117467,4,468,Montipora_capitata_HIv3___RNAseq.g25591.t1/Montipora_capitata_HIv3___RNAseq.g41254.t1/Montipora_capitata_HIv3___RNAseq.g44775.t1/Montipora_capitata_HIv3___RNAseq.g22747.t1,0.7812037225331484,male gamete generation,BP
GO:0007548,sex differentiation,3/38,314/8282,0.17336246954478027,2.186242277356895,3,314,Montipora_capitata_HIv3___RNAseq.g40524.t1/Montipora_capitata_HIv3___RNAseq.g44164.t1/Montipora_capitata_HIv3___RNAseq.g43134.t1,0.7932439784629876,sex differentiation,BP
GO:0008270,zinc ion binding,3/38,317/8282,0.17678481063305493,2.164333834145283,3,317,Montipora_capitata_HIv3___TS.g13493.t1/Montipora_capitata_HIv3___RNAseq.g12097.t1/Montipora_capitata_HIv3___RNAseq.g8826.t1,0.7932439784629876,zinc ion binding,MF
GO:0009259,ribonucleotide metabolic process,3/38,321/8282,0.18137867961854803,2.1360908286439186,3,321,Montipora_capitata_HIv3___RNAseq.g22747.t1/Montipora_capitata_HIv3___RNAseq.g33912.t1/Montipora_capitata_HIv3___RNAseq.g12097.t1,0.7932439784629876,ribonucleotide metabolic process,BP
GO:0000003,reproduction,10/38,1604/8282,0.18639139990329626,1.4898800468692441,10,1604,Montipora_capitata_HIv3___RNAseq.g40524.t1/Montipora_capitata_HIv3___RNAseq.g39502.t1/Montipora_capitata_HIv3___RNAseq.g25591.t1/Montipora_capitata_HIv3___RNAseq.g41254.t1/Montipora_capitata_HIv3___RNAseq.g44775.t1/Montipora_capitata_HIv3___RNAseq.g22747.t1/Montipora_capitata_HIv3___TS.g14965.t1/Montipora_capitata_HIv3___RNAseq.g29751.t1/Montipora_capitata_HIv3___RNAseq.g44164.t1/Montipora_capitata_HIv3___RNAseq.g43134.t1,0.7932439784629876,reproduction,BP
GO:0044057,regulation of system process,3/38,327/8282,0.18833286715026448,2.094941403666897,3,327,Montipora_capitata_HIv3___RNAseq.g20093.t1/Montipora_capitata_HIv3___RNAseq.g25591.t1/Montipora_capitata_HIv3___TS.g16805.t1,0.7932439784629876,regulation of system process,BP
GO:0048468,cell development,10/38,1619/8282,0.19439887340053955,1.4726640084469242,10,1619,Montipora_capitata_HIv3___RNAseq.g39502.t1/Montipora_capitata_HIv3___RNAseq.g40803.t1/Montipora_capitata_HIv3___RNAseq.g25137.t1/Montipora_capitata_HIv3___RNAseq.g44775.t1/Montipora_capitata_HIv3___RNAseq.g22747.t1/Montipora_capitata_HIv3___RNAseq.g49974.t1/Montipora_capitata_HIv3___RNAseq.g29751.t1/Montipora_capitata_HIv3___RNAseq.g25143.t1/Montipora_capitata_HIv3___RNAseq.g43134.t1/Montipora_capitata_HIv3___RNAseq.g14940.t1,0.7932439784629876,cell development,BP
GO:0019693,ribose phosphate metabolic process,3/38,335/8282,0.19771700020298894,2.04243939926196,3,335,Montipora_capitata_HIv3___RNAseq.g22747.t1/Montipora_capitata_HIv3___RNAseq.g33912.t1/Montipora_capitata_HIv3___RNAseq.g12097.t1,0.7932439784629876,ribose phosphate metabolic process,BP
GO:0065008,regulation of biological quality,14/38,2431/8282,0.19908777843358846,1.4062614753721387,14,2431,Montipora_capitata_HIv3___RNAseq.g7598.t1/Montipora_capitata_HIv3___RNAseq.g20093.t1/Montipora_capitata_HIv3___RNAseq.g25591.t1/Montipora_capitata_HIv3___RNAseq.g41254.t1/Montipora_capitata_HIv3___RNAseq.g25137.t1/Montipora_capitata_HIv3___RNAseq.g22747.t1/Montipora_capitata_HIv3___RNAseq.g33912.t1/Montipora_capitata_HIv3___RNAseq.g44252.t1/Montipora_capitata_HIv3___TS.g14965.t1/Montipora_capitata_HIv3___TS.g16805.t1/Montipora_capitata_HIv3___RNAseq.g34571.t1/Montipora_capitata_HIv3___RNAseq.g25143.t1/Montipora_capitata_HIv3___RNAseq.g44164.t1/Montipora_capitata_HIv3___RNAseq.g43134.t1,0.7932439784629876,regulation of biological quality,BP
GO:0030001,metal ion transport,3/38,339/8282,0.20245427816377798,2.017111035329248,3,339,Montipora_capitata_HIv3___RNAseq.g25591.t1/Montipora_capitata_HIv3___RNAseq.g44252.t1/Montipora_capitata_HIv3___TS.g16805.t1,0.7932439784629876,metal ion transport,BP
GO:0055065,GO:0055065,3/38,341/8282,0.20483369127577727,2.004672144869448,3,341,Montipora_capitata_HIv3___RNAseq.g25591.t1/Montipora_capitata_HIv3___RNAseq.g44252.t1/Montipora_capitata_HIv3___TS.g16805.t1,0.7932439784629876,NA,NA
GO:0019222,regulation of metabolic process,18/38,3279/8282,0.20622456365972444,1.3751710189661464,18,3279,Montipora_capitata_HIv3___RNAseq.g31228.t1/Montipora_capitata_HIv3___RNAseq.g11431.t1/Montipora_capitata_HIv3___RNAseq.g7598.t1/Montipora_capitata_HIv3___RNAseq.g30422.t1/Montipora_capitata_HIv3___RNAseq.g20093.t1/Montipora_capitata_HIv3___RNAseq.g40803.t1/Montipora_capitata_HIv3___RNAseq.g25591.t1/Montipora_capitata_HIv3___RNAseq.g13613.t1/Montipora_capitata_HIv3___RNAseq.g22747.t1/Montipora_capitata_HIv3___RNAseq.g21911.t1/Montipora_capitata_HIv3___TS.g14965.t1/Montipora_capitata_HIv3___RNAseq.g28405.t2/Montipora_capitata_HIv3___RNAseq.g49974.t1/Montipora_capitata_HIv3___RNAseq.g34571.t1/Montipora_capitata_HIv3___RNAseq.g29751.t1/Montipora_capitata_HIv3___RNAseq.g8826.t1/Montipora_capitata_HIv3___RNAseq.g44321.t1/Montipora_capitata_HIv3___RNAseq.g43134.t1,0.7932439784629876,regulation of metabolic process,BP
GO:0006979,response to oxidative stress,3/38,349/8282,0.21441967704374232,1.9563604453701209,3,349,Montipora_capitata_HIv3___RNAseq.g7598.t1/Montipora_capitata_HIv3___RNAseq.g22747.t1/Montipora_capitata_HIv3___RNAseq.g26661.t1,0.7932439784629876,response to oxidative stress,BP
GO:0046872,metal ion binding,5/38,702/8282,0.21632017163233774,1.6404503502681118,5,702,Montipora_capitata_HIv3___TS.g13493.t1/Montipora_capitata_HIv3___RNAseq.g26661.t1/Montipora_capitata_HIv3___RNAseq.g12097.t1/Montipora_capitata_HIv3___RNAseq.g8826.t1/Montipora_capitata_HIv3___RNAseq.g45083.t2,0.7932439784629876,metal ion binding,MF
GO:0010648,negative regulation of cell communication,6/38,887/8282,0.21668937522579665,1.5669261742533063,6,887,Montipora_capitata_HIv3___RNAseq.g20093.t1/Montipora_capitata_HIv3___RNAseq.g25591.t1/Montipora_capitata_HIv3___RNAseq.g21911.t1/Montipora_capitata_HIv3___TS.g14965.t1/Montipora_capitata_HIv3___RNAseq.g49974.t1/Montipora_capitata_HIv3___RNAseq.g34571.t1,0.7932439784629876,negative regulation of cell communication,BP
GO:0023057,negative regulation of signaling,6/38,888/8282,0.2174420894537041,1.564937268725202,6,888,Montipora_capitata_HIv3___RNAseq.g20093.t1/Montipora_capitata_HIv3___RNAseq.g25591.t1/Montipora_capitata_HIv3___RNAseq.g21911.t1/Montipora_capitata_HIv3___TS.g14965.t1/Montipora_capitata_HIv3___RNAseq.g49974.t1/Montipora_capitata_HIv3___RNAseq.g34571.t1,0.7932439784629876,negative regulation of signaling,BP
GO:0098660,inorganic ion transmembrane transport,3/38,355/8282,0.22167675990067176,1.921576856604334,3,355,Montipora_capitata_HIv3___RNAseq.g25591.t1/Montipora_capitata_HIv3___RNAseq.g44252.t1/Montipora_capitata_HIv3___TS.g16805.t1,0.7932439784629876,inorganic ion transmembrane transport,BP
GO:0071407,cellular response to organic cyclic compound,3/38,356/8282,0.2228915843627097,1.9158955127670372,3,356,Montipora_capitata_HIv3___RNAseq.g25591.t1/Montipora_capitata_HIv3___TS.g14965.t1/Montipora_capitata_HIv3___RNAseq.g44164.t1,0.7932439784629876,cellular response to organic cyclic compound,BP
GO:0044297,cell body,4/38,530/8282,0.22351713365354897,1.726086141070278,4,530,Montipora_capitata_HIv3___RNAseq.g44252.t1/Montipora_capitata_HIv3___TS.g14965.t1/Montipora_capitata_HIv3___RNAseq.g34571.t1/Montipora_capitata_HIv3___RNAseq.g12097.t1,0.7932439784629876,cell body,CC
GO:1990837,sequence-specific double-stranded DNA binding,3/38,357/8282,0.2241078774535524,1.910246566395235,3,357,Montipora_capitata_HIv3___RNAseq.g20093.t1/Montipora_capitata_HIv3___TS.g26714.t1/Montipora_capitata_HIv3___RNAseq.g43134.t1,0.7932439784629876,sequence-specific double-stranded DNA binding,MF
GO:0016491,oxidoreductase activity,4/38,531/8282,0.2245057683009338,1.7225880774845905,4,531,Montipora_capitata_HIv3___RNAseq.g39502.t1/Montipora_capitata_HIv3___TS.g13493.t1/Montipora_capitata_HIv3___RNAseq.g26661.t1/Montipora_capitata_HIv3___RNAseq.g44164.t1,0.7932439784629876,oxidoreductase activity,MF
GO:0016887,ATP hydrolysis activity,3/38,361/8282,0.2289873731367851,1.8879694783298564,3,361,Montipora_capitata_HIv3___RNAseq.g25591.t1/Montipora_capitata_HIv3___TS.g26714.t1/Montipora_capitata_HIv3___TS.g35289.t2,0.7932439784629876,ATP hydrolysis activity,MF
GO:0070887,cellular response to chemical stimulus,9/38,1485/8282,0.23056830907304696,1.4229751906482824,9,1485,Montipora_capitata_HIv3___RNAseq.g7598.t1/Montipora_capitata_HIv3___RNAseq.g25591.t1/Montipora_capitata_HIv3___RNAseq.g13613.t1/Montipora_capitata_HIv3___RNAseq.g25137.t1/Montipora_capitata_HIv3___RNAseq.g21911.t1/Montipora_capitata_HIv3___RNAseq.g26661.t1/Montipora_capitata_HIv3___TS.g14965.t1/Montipora_capitata_HIv3___RNAseq.g25143.t1/Montipora_capitata_HIv3___RNAseq.g44164.t1,0.7932439784629876,cellular response to chemical stimulus,BP
GO:0007417,central nervous system development,5/38,721/8282,0.2325289340329713,1.592903293642463,5,721,Montipora_capitata_HIv3___RNAseq.g25591.t1/Montipora_capitata_HIv3___RNAseq.g25137.t1/Montipora_capitata_HIv3___RNAseq.g49974.t1/Montipora_capitata_HIv3___TS.g16805.t1/Montipora_capitata_HIv3___RNAseq.g25143.t1,0.7932439784629876,central nervous system development,BP
GO:0002009,morphogenesis of an epithelium,5/38,722/8282,0.2333926480917046,1.5904706072466406,5,722,Montipora_capitata_HIv3___RNAseq.g41254.t1/Montipora_capitata_HIv3___RNAseq.g22747.t1/Montipora_capitata_HIv3___RNAseq.g44252.t1/Montipora_capitata_HIv3___TS.g14965.t1/Montipora_capitata_HIv3___RNAseq.g29751.t1,0.7932439784629876,morphogenesis of an epithelium,BP
GO:0002684,positive regulation of immune system process,3/38,369/8282,0.23881137048683415,1.8446840817954664,3,369,Montipora_capitata_HIv3___RNAseq.g13613.t1/Montipora_capitata_HIv3___TS.g14965.t1/Montipora_capitata_HIv3___RNAseq.g34571.t1,0.7932439784629876,positive regulation of immune system process,BP
GO:0005886,plasma membrane,11/38,1900/8282,0.2397371895815445,1.3705486328504788,11,1900,Montipora_capitata_HIv3___RNAseq.g20093.t1/Montipora_capitata_HIv3___RNAseq.g25591.t1/Montipora_capitata_HIv3___RNAseq.g13613.t1/Montipora_capitata_HIv3___RNAseq.g25137.t1/Montipora_capitata_HIv3___RNAseq.g22747.t1/Montipora_capitata_HIv3___RNAseq.g44252.t1/Montipora_capitata_HIv3___TS.g14965.t1/Montipora_capitata_HIv3___TS.g16805.t1/Montipora_capitata_HIv3___RNAseq.g34571.t1/Montipora_capitata_HIv3___RNAseq.g25143.t1/Montipora_capitata_HIv3___RNAseq.g44164.t1,0.7932439784629876,plasma membrane,CC
GO:0006935,chemotaxis,3/38,370/8282,0.24004511607392473,1.839434129291858,3,370,Montipora_capitata_HIv3___RNAseq.g49974.t1/Montipora_capitata_HIv3___RNAseq.g43134.t1/Montipora_capitata_HIv3___RNAseq.g14940.t1,0.7932439784629876,chemotaxis,BP
GO:0120025,plasma membrane bounded cell projection,8/38,1305/8282,0.2411563715852279,1.4282497666226326,8,1305,Montipora_capitata_HIv3___RNAseq.g20093.t1/Montipora_capitata_HIv3___RNAseq.g25591.t1/Montipora_capitata_HIv3___RNAseq.g25137.t1/Montipora_capitata_HIv3___TS.g14965.t1/Montipora_capitata_HIv3___RNAseq.g34571.t1/Montipora_capitata_HIv3___RNAseq.g12097.t1/Montipora_capitata_HIv3___RNAseq.g25143.t1/Montipora_capitata_HIv3___RNAseq.g2578.t1,0.7932439784629876,plasma membrane bounded cell projection,CC
GO:0044459,GO:0044459,7/38,1117/8282,0.24585274552263373,1.4511849756972082,7,1117,Montipora_capitata_HIv3___RNAseq.g20093.t1/Montipora_capitata_HIv3___RNAseq.g25591.t1/Montipora_capitata_HIv3___RNAseq.g13613.t1/Montipora_capitata_HIv3___RNAseq.g44252.t1/Montipora_capitata_HIv3___TS.g14965.t1/Montipora_capitata_HIv3___TS.g16805.t1/Montipora_capitata_HIv3___RNAseq.g44164.t1,0.7932439784629876,NA,NA
GO:0042995,cell projection,8/38,1314/8282,0.24717688457964432,1.416571701014418,8,1314,Montipora_capitata_HIv3___RNAseq.g20093.t1/Montipora_capitata_HIv3___RNAseq.g25591.t1/Montipora_capitata_HIv3___RNAseq.g25137.t1/Montipora_capitata_HIv3___TS.g14965.t1/Montipora_capitata_HIv3___RNAseq.g34571.t1/Montipora_capitata_HIv3___RNAseq.g12097.t1/Montipora_capitata_HIv3___RNAseq.g25143.t1/Montipora_capitata_HIv3___RNAseq.g2578.t1,0.7932439784629876,cell projection,CC
GO:0043086,negative regulation of catalytic activity,3/38,377/8282,0.2487144512107998,1.8034797806144047,3,377,Montipora_capitata_HIv3___RNAseq.g25591.t1/Montipora_capitata_HIv3___RNAseq.g21911.t1/Montipora_capitata_HIv3___TS.g14965.t1,0.7932439784629876,negative regulation of catalytic activity,BP
GO:0051716,cellular response to stimulus,16/38,2950/8282,0.24972176065576424,1.3161488757091537,16,2950,Montipora_capitata_HIv3___RNAseq.g7598.t1/Montipora_capitata_HIv3___RNAseq.g20093.t1/Montipora_capitata_HIv3___RNAseq.g40803.t1/Montipora_capitata_HIv3___RNAseq.g25591.t1/Montipora_capitata_HIv3___RNAseq.g13613.t1/Montipora_capitata_HIv3___RNAseq.g25137.t1/Montipora_capitata_HIv3___TS.g26714.t1/Montipora_capitata_HIv3___RNAseq.g22747.t1/Montipora_capitata_HIv3___RNAseq.g21911.t1/Montipora_capitata_HIv3___RNAseq.g26661.t1/Montipora_capitata_HIv3___TS.g14965.t1/Montipora_capitata_HIv3___TS.g16805.t1/Montipora_capitata_HIv3___RNAseq.g34571.t1/Montipora_capitata_HIv3___RNAseq.g25143.t1/Montipora_capitata_HIv3___RNAseq.g44164.t1/Montipora_capitata_HIv3___RNAseq.g45083.t2,0.7932439784629876,cellular response to stimulus,BP
GO:0044092,negative regulation of molecular function,4/38,557/8282,0.2506231685418943,1.6360768749170465,4,557,Montipora_capitata_HIv3___RNAseq.g25591.t1/Montipora_capitata_HIv3___RNAseq.g13613.t1/Montipora_capitata_HIv3___RNAseq.g21911.t1/Montipora_capitata_HIv3___TS.g14965.t1,0.7932439784629876,negative regulation of molecular function,BP
GO:0005887,GO:0005887,4/38,559/8282,0.25266255620796724,1.6297577565212527,4,559,Montipora_capitata_HIv3___RNAseq.g25591.t1/Montipora_capitata_HIv3___RNAseq.g13613.t1/Montipora_capitata_HIv3___RNAseq.g44252.t1/Montipora_capitata_HIv3___TS.g16805.t1,0.7932439784629876,NA,NA
GO:0065007,biological regulation,28/38,5568/8282,0.2531689735187542,1.366620224374538,28,5568,Montipora_capitata_HIv3___RNAseq.g31228.t1/Montipora_capitata_HIv3___RNAseq.g11431.t1/Montipora_capitata_HIv3___RNAseq.g663.t1/Montipora_capitata_HIv3___RNAseq.g7598.t1/Montipora_capitata_HIv3___RNAseq.g30422.t1/Montipora_capitata_HIv3___RNAseq.g20093.t1/Montipora_capitata_HIv3___RNAseq.g40803.t1/Montipora_capitata_HIv3___RNAseq.g25591.t1/Montipora_capitata_HIv3___RNAseq.g13613.t1/Montipora_capitata_HIv3___RNAseq.g41254.t1/Montipora_capitata_HIv3___RNAseq.g25137.t1/Montipora_capitata_HIv3___RNAseq.g22747.t1/Montipora_capitata_HIv3___RNAseq.g21911.t1/Montipora_capitata_HIv3___RNAseq.g33912.t1/Montipora_capitata_HIv3___RNAseq.g44252.t1/Montipora_capitata_HIv3___TS.g14965.t1/Montipora_capitata_HIv3___RNAseq.g28405.t2/Montipora_capitata_HIv3___RNAseq.g49974.t1/Montipora_capitata_HIv3___TS.g16805.t1/Montipora_capitata_HIv3___RNAseq.g34571.t1/Montipora_capitata_HIv3___RNAseq.g29751.t1/Montipora_capitata_HIv3___RNAseq.g8826.t1/Montipora_capitata_HIv3___RNAseq.g25143.t1/Montipora_capitata_HIv3___RNAseq.g44321.t1/Montipora_capitata_HIv3___RNAseq.g44164.t1/Montipora_capitata_HIv3___RNAseq.g2578.t1/Montipora_capitata_HIv3___RNAseq.g45083.t2/Montipora_capitata_HIv3___RNAseq.g43134.t1,0.7932439784629876,biological regulation,BP
GO:1902532,negative regulation of intracellular signal transduction,3/38,381/8282,0.2536928425703534,1.7835086648428833,3,381,Montipora_capitata_HIv3___RNAseq.g25591.t1/Montipora_capitata_HIv3___RNAseq.g21911.t1/Montipora_capitata_HIv3___TS.g14965.t1,0.7932439784629876,negative regulation of intracellular signal transduction,BP
GO:0006355,regulation of DNA-templated transcription,9/38,1523/8282,0.25442635882266573,1.3794777083313203,9,1523,Montipora_capitata_HIv3___RNAseq.g30422.t1/Montipora_capitata_HIv3___RNAseq.g20093.t1/Montipora_capitata_HIv3___RNAseq.g25591.t1/Montipora_capitata_HIv3___RNAseq.g13613.t1/Montipora_capitata_HIv3___RNAseq.g28405.t2/Montipora_capitata_HIv3___RNAseq.g49974.t1/Montipora_capitata_HIv3___RNAseq.g34571.t1/Montipora_capitata_HIv3___RNAseq.g44321.t1/Montipora_capitata_HIv3___RNAseq.g43134.t1,0.7932439784629876,regulation of DNA-templated transcription,BP
GO:0098590,plasma membrane region,4/38,561/8282,0.2547059001683954,1.6234840019119996,4,561,Montipora_capitata_HIv3___RNAseq.g20093.t1/Montipora_capitata_HIv3___RNAseq.g25591.t1/Montipora_capitata_HIv3___RNAseq.g44252.t1/Montipora_capitata_HIv3___RNAseq.g44164.t1,0.7932439784629876,plasma membrane region,CC
GO:0043169,cation binding,5/38,748/8282,0.2561899025058358,1.529524802887993,5,748,Montipora_capitata_HIv3___TS.g13493.t1/Montipora_capitata_HIv3___RNAseq.g26661.t1/Montipora_capitata_HIv3___RNAseq.g12097.t1/Montipora_capitata_HIv3___RNAseq.g8826.t1/Montipora_capitata_HIv3___RNAseq.g45083.t2,0.7932439784629876,cation binding,MF
GO:0016567,protein ubiquitination,3/38,386/8282,0.259938805078107,1.7591101985814874,3,386,Montipora_capitata_HIv3___RNAseq.g13613.t1/Montipora_capitata_HIv3___RNAseq.g29751.t1/Montipora_capitata_HIv3___RNAseq.g8826.t1,0.7932439784629876,protein ubiquitination,BP
GO:0031967,organelle envelope,5/38,753/8282,0.26064423057997715,1.5182900786695424,5,753,Montipora_capitata_HIv3___RNAseq.g7598.t1/Montipora_capitata_HIv3___RNAseq.g22747.t1/Montipora_capitata_HIv3___RNAseq.g26661.t1/Montipora_capitata_HIv3___TS.g14965.t1/Montipora_capitata_HIv3___RNAseq.g44164.t1,0.7932439784629876,organelle envelope,CC
GO:0031975,envelope,5/38,753/8282,0.26064423057997715,1.5182900786695424,5,753,Montipora_capitata_HIv3___RNAseq.g7598.t1/Montipora_capitata_HIv3___RNAseq.g22747.t1/Montipora_capitata_HIv3___RNAseq.g26661.t1/Montipora_capitata_HIv3___TS.g14965.t1/Montipora_capitata_HIv3___RNAseq.g44164.t1,0.7932439784629876,envelope,CC
GO:0060255,regulation of macromolecule metabolic process,16/38,2977/8282,0.26347834345551335,1.2975233488479254,16,2977,Montipora_capitata_HIv3___RNAseq.g31228.t1/Montipora_capitata_HIv3___RNAseq.g11431.t1/Montipora_capitata_HIv3___RNAseq.g30422.t1/Montipora_capitata_HIv3___RNAseq.g20093.t1/Montipora_capitata_HIv3___RNAseq.g40803.t1/Montipora_capitata_HIv3___RNAseq.g25591.t1/Montipora_capitata_HIv3___RNAseq.g13613.t1/Montipora_capitata_HIv3___RNAseq.g21911.t1/Montipora_capitata_HIv3___TS.g14965.t1/Montipora_capitata_HIv3___RNAseq.g28405.t2/Montipora_capitata_HIv3___RNAseq.g49974.t1/Montipora_capitata_HIv3___RNAseq.g34571.t1/Montipora_capitata_HIv3___RNAseq.g29751.t1/Montipora_capitata_HIv3___RNAseq.g8826.t1/Montipora_capitata_HIv3___RNAseq.g44321.t1/Montipora_capitata_HIv3___RNAseq.g43134.t1,0.7932439784629876,regulation of macromolecule metabolic process,BP
GO:0015318,inorganic molecular entity transmembrane transporter activity,3/38,390/8282,0.2649526273465367,1.740045075975939,3,390,Montipora_capitata_HIv3___RNAseq.g25591.t1/Montipora_capitata_HIv3___RNAseq.g44252.t1/Montipora_capitata_HIv3___TS.g16805.t1,0.7932439784629876,inorganic molecular entity transmembrane transporter activity,MF
GO:0030182,neuron differentiation,6/38,949/8282,0.26506879470658756,1.4516015572529362,6,949,Montipora_capitata_HIv3___RNAseq.g40803.t1/Montipora_capitata_HIv3___RNAseq.g25137.t1/Montipora_capitata_HIv3___RNAseq.g49974.t1/Montipora_capitata_HIv3___RNAseq.g25143.t1/Montipora_capitata_HIv3___RNAseq.g43134.t1/Montipora_capitata_HIv3___RNAseq.g14940.t1,0.7932439784629876,neuron differentiation,BP
GO:1903506,GO:1903506,9/38,1552/8282,0.27324052782998426,1.3477234040027193,9,1552,Montipora_capitata_HIv3___RNAseq.g30422.t1/Montipora_capitata_HIv3___RNAseq.g20093.t1/Montipora_capitata_HIv3___RNAseq.g25591.t1/Montipora_capitata_HIv3___RNAseq.g13613.t1/Montipora_capitata_HIv3___RNAseq.g28405.t2/Montipora_capitata_HIv3___RNAseq.g49974.t1/Montipora_capitata_HIv3___RNAseq.g34571.t1/Montipora_capitata_HIv3___RNAseq.g44321.t1/Montipora_capitata_HIv3___RNAseq.g43134.t1,0.7932439784629876,NA,NA
GO:0009725,response to hormone,4/38,579/8282,0.2732615616169086,1.5689836453534072,4,579,Montipora_capitata_HIv3___RNAseq.g20093.t1/Montipora_capitata_HIv3___TS.g14965.t1/Montipora_capitata_HIv3___RNAseq.g12097.t1/Montipora_capitata_HIv3___RNAseq.g44164.t1,0.7932439784629876,response to hormone,BP
GO:0005515,protein binding,20/38,3851/8282,0.27480479874400615,1.2798653638066544,20,3851,Montipora_capitata_HIv3___RNAseq.g31228.t1/Montipora_capitata_HIv3___RNAseq.g11431.t1/Montipora_capitata_HIv3___RNAseq.g20093.t1/Montipora_capitata_HIv3___RNAseq.g25591.t1/Montipora_capitata_HIv3___RNAseq.g13613.t1/Montipora_capitata_HIv3___TS.g26714.t1/Montipora_capitata_HIv3___RNAseq.g44252.t1/Montipora_capitata_HIv3___RNAseq.g26661.t1/Montipora_capitata_HIv3___TS.g14965.t1/Montipora_capitata_HIv3___RNAseq.g49974.t1/Montipora_capitata_HIv3___RNAseq.g34571.t1/Montipora_capitata_HIv3___RNAseq.g12097.t1/Montipora_capitata_HIv3___TS.g35289.t2/Montipora_capitata_HIv3___RNAseq.g29751.t1/Montipora_capitata_HIv3___RNAseq.g8826.t1/Montipora_capitata_HIv3___RNAseq.g44321.t1/Montipora_capitata_HIv3___RNAseq.g44164.t1/Montipora_capitata_HIv3___RNAseq.g2578.t1/Montipora_capitata_HIv3___RNAseq.g45083.t2/Montipora_capitata_HIv3___RNAseq.g43134.t1,0.7932439784629876,protein binding,MF
GO:0031400,negative regulation of protein modification process,3/38,398/8282,0.275021188442981,1.7030725008981997,3,398,Montipora_capitata_HIv3___RNAseq.g20093.t1/Montipora_capitata_HIv3___RNAseq.g25591.t1/Montipora_capitata_HIv3___RNAseq.g21911.t1,0.7932439784629876,negative regulation of protein modification process,BP
GO:0048729,tissue morphogenesis,5/38,769/8282,0.27503438513334005,1.483327210870967,5,769,Montipora_capitata_HIv3___RNAseq.g41254.t1/Montipora_capitata_HIv3___RNAseq.g22747.t1/Montipora_capitata_HIv3___RNAseq.g44252.t1/Montipora_capitata_HIv3___TS.g14965.t1/Montipora_capitata_HIv3___RNAseq.g29751.t1,0.7932439784629876,tissue morphogenesis,BP
GO:2001141,regulation of RNA biosynthetic process,9/38,1555/8282,0.2752145002601474,1.3445064562581004,9,1555,Montipora_capitata_HIv3___RNAseq.g30422.t1/Montipora_capitata_HIv3___RNAseq.g20093.t1/Montipora_capitata_HIv3___RNAseq.g25591.t1/Montipora_capitata_HIv3___RNAseq.g13613.t1/Montipora_capitata_HIv3___RNAseq.g28405.t2/Montipora_capitata_HIv3___RNAseq.g49974.t1/Montipora_capitata_HIv3___RNAseq.g34571.t1/Montipora_capitata_HIv3___RNAseq.g44321.t1/Montipora_capitata_HIv3___RNAseq.g43134.t1,0.7932439784629876,regulation of RNA biosynthetic process,BP
GO:0003677,DNA binding,5/38,772/8282,0.27775427469589004,1.4769340709276964,5,772,Montipora_capitata_HIv3___RNAseq.g20093.t1/Montipora_capitata_HIv3___TS.g26714.t1/Montipora_capitata_HIv3___RNAseq.g49974.t1/Montipora_capitata_HIv3___RNAseq.g45083.t2/Montipora_capitata_HIv3___RNAseq.g43134.t1,0.7932439784629876,DNA binding,MF
GO:0040011,locomotion,6/38,969/8282,0.28132439660673814,1.4175665426179767,6,969,Montipora_capitata_HIv3___RNAseq.g25591.t1/Montipora_capitata_HIv3___RNAseq.g22747.t1/Montipora_capitata_HIv3___RNAseq.g44252.t1/Montipora_capitata_HIv3___RNAseq.g49974.t1/Montipora_capitata_HIv3___RNAseq.g43134.t1/Montipora_capitata_HIv3___RNAseq.g14940.t1,0.7932439784629876,locomotion,BP
GO:0019725,cellular homeostasis,4/38,588/8282,0.2826401265332432,1.5429931257550349,4,588,Montipora_capitata_HIv3___RNAseq.g25591.t1/Montipora_capitata_HIv3___RNAseq.g25137.t1/Montipora_capitata_HIv3___TS.g16805.t1/Montipora_capitata_HIv3___RNAseq.g25143.t1,0.7932439784629876,cellular homeostasis,BP
GO:0022008,neurogenesis,8/38,1366/8282,0.28299950255459405,1.352128704548973,8,1366,Montipora_capitata_HIv3___RNAseq.g11431.t1/Montipora_capitata_HIv3___RNAseq.g40803.t1/Montipora_capitata_HIv3___RNAseq.g25137.t1/Montipora_capitata_HIv3___RNAseq.g49974.t1/Montipora_capitata_HIv3___RNAseq.g25143.t1/Montipora_capitata_HIv3___RNAseq.g44321.t1/Montipora_capitata_HIv3___RNAseq.g43134.t1/Montipora_capitata_HIv3___RNAseq.g14940.t1,0.7932439784629876,neurogenesis,BP
GO:0055080,monoatomic cation homeostasis,3/38,405/8282,0.2838704617795849,1.671927886030815,3,405,Montipora_capitata_HIv3___RNAseq.g25591.t1/Montipora_capitata_HIv3___RNAseq.g44252.t1/Montipora_capitata_HIv3___TS.g16805.t1,0.7932439784629876,monoatomic cation homeostasis,BP
GO:0048585,negative regulation of response to stimulus,6/38,975/8282,0.2862530309510634,1.4076299634576974,6,975,Montipora_capitata_HIv3___RNAseq.g20093.t1/Montipora_capitata_HIv3___RNAseq.g25591.t1/Montipora_capitata_HIv3___RNAseq.g21911.t1/Montipora_capitata_HIv3___TS.g14965.t1/Montipora_capitata_HIv3___RNAseq.g49974.t1/Montipora_capitata_HIv3___RNAseq.g34571.t1,0.7932439784629876,negative regulation of response to stimulus,BP
GO:0007267,cell-cell signaling,4/38,592/8282,0.28682743255395243,1.5317020232490632,4,592,Montipora_capitata_HIv3___RNAseq.g40803.t1/Montipora_capitata_HIv3___RNAseq.g25137.t1/Montipora_capitata_HIv3___TS.g16805.t1/Montipora_capitata_HIv3___RNAseq.g25143.t1,0.7932439784629876,cell-cell signaling,BP
GO:0009605,response to external stimulus,8/38,1374/8282,0.28865352576018505,1.3426497857256223,8,1374,Montipora_capitata_HIv3___RNAseq.g20093.t1/Montipora_capitata_HIv3___TS.g14965.t1/Montipora_capitata_HIv3___RNAseq.g49974.t1/Montipora_capitata_HIv3___TS.g16805.t1/Montipora_capitata_HIv3___RNAseq.g12097.t1/Montipora_capitata_HIv3___RNAseq.g44164.t1/Montipora_capitata_HIv3___RNAseq.g43134.t1/Montipora_capitata_HIv3___RNAseq.g14940.t1,0.7932439784629876,response to external stimulus,BP
GO:0042330,taxis,3/38,409/8282,0.28894139928696044,1.6546128646835863,3,409,Montipora_capitata_HIv3___RNAseq.g49974.t1/Montipora_capitata_HIv3___RNAseq.g43134.t1/Montipora_capitata_HIv3___RNAseq.g14940.t1,0.7932439784629876,taxis,BP
GO:0032446,protein modification by small protein conjugation,3/38,412/8282,0.2927506067375359,1.641848736715491,3,412,Montipora_capitata_HIv3___RNAseq.g13613.t1/Montipora_capitata_HIv3___RNAseq.g29751.t1/Montipora_capitata_HIv3___RNAseq.g8826.t1,0.7932439784629876,protein modification by small protein conjugation,BP
GO:0031226,GO:0031226,4/38,599/8282,0.2941810700920028,1.512301684205469,4,599,Montipora_capitata_HIv3___RNAseq.g25591.t1/Montipora_capitata_HIv3___RNAseq.g13613.t1/Montipora_capitata_HIv3___RNAseq.g44252.t1/Montipora_capitata_HIv3___TS.g16805.t1,0.7932439784629876,NA,NA
GO:0120036,plasma membrane bounded cell projection organization,6/38,985/8282,0.29451651200391443,1.3913396093277035,6,985,Montipora_capitata_HIv3___RNAseq.g40803.t1/Montipora_capitata_HIv3___RNAseq.g25137.t1/Montipora_capitata_HIv3___RNAseq.g49974.t1/Montipora_capitata_HIv3___RNAseq.g25143.t1/Montipora_capitata_HIv3___RNAseq.g43134.t1/Montipora_capitata_HIv3___RNAseq.g14940.t1,0.7932439784629876,plasma membrane bounded cell projection organization,BP
GO:0051186,GO:0051186,3/38,416/8282,0.2978367533273684,1.6251182102959985,3,416,Montipora_capitata_HIv3___RNAseq.g22747.t1/Montipora_capitata_HIv3___RNAseq.g33912.t1/Montipora_capitata_HIv3___RNAseq.g26661.t1,0.7932439784629876,NA,NA
GO:0007283,spermatogenesis,3/38,416/8282,0.2978367533273684,1.6251182102959985,3,416,Montipora_capitata_HIv3___RNAseq.g25591.t1/Montipora_capitata_HIv3___RNAseq.g44775.t1/Montipora_capitata_HIv3___RNAseq.g22747.t1,0.7932439784629876,spermatogenesis,BP
GO:0030030,cell projection organization,6/38,990/8282,0.2986701114532493,1.383318572570714,6,990,Montipora_capitata_HIv3___RNAseq.g40803.t1/Montipora_capitata_HIv3___RNAseq.g25137.t1/Montipora_capitata_HIv3___RNAseq.g49974.t1/Montipora_capitata_HIv3___RNAseq.g25143.t1/Montipora_capitata_HIv3___RNAseq.g43134.t1/Montipora_capitata_HIv3___RNAseq.g14940.t1,0.7932439784629876,cell projection organization,BP
GO:0071944,cell periphery,11/38,2003/8282,0.30114507635239923,1.2786297673826152,11,2003,Montipora_capitata_HIv3___RNAseq.g20093.t1/Montipora_capitata_HIv3___RNAseq.g25591.t1/Montipora_capitata_HIv3___RNAseq.g13613.t1/Montipora_capitata_HIv3___RNAseq.g25137.t1/Montipora_capitata_HIv3___RNAseq.g22747.t1/Montipora_capitata_HIv3___RNAseq.g44252.t1/Montipora_capitata_HIv3___TS.g14965.t1/Montipora_capitata_HIv3___TS.g16805.t1/Montipora_capitata_HIv3___RNAseq.g34571.t1/Montipora_capitata_HIv3___RNAseq.g25143.t1/Montipora_capitata_HIv3___RNAseq.g44164.t1,0.7932439784629876,cell periphery,CC
GO:0051345,positive regulation of hydrolase activity,3/38,421/8282,0.30420462584646873,1.604655136981894,3,421,Montipora_capitata_HIv3___TS.g14965.t1/Montipora_capitata_HIv3___TS.g16805.t1/Montipora_capitata_HIv3___RNAseq.g34571.t1,0.7932439784629876,positive regulation of hydrolase activity,BP
GO:0003690,double-stranded DNA binding,3/38,423/8282,0.30675455404737656,1.5966062758249266,3,423,Montipora_capitata_HIv3___RNAseq.g20093.t1/Montipora_capitata_HIv3___TS.g26714.t1/Montipora_capitata_HIv3___RNAseq.g43134.t1,0.7932439784629876,double-stranded DNA binding,MF
GO:0015075,monoatomic ion transmembrane transporter activity,3/38,425/8282,0.30930588978220264,1.5886336819159563,3,425,Montipora_capitata_HIv3___RNAseq.g25591.t1/Montipora_capitata_HIv3___RNAseq.g44252.t1/Montipora_capitata_HIv3___TS.g16805.t1,0.7932439784629876,monoatomic ion transmembrane transporter activity,MF
GO:0071310,cellular response to organic substance,7/38,1213/8282,0.3180562386857915,1.3177160795768932,7,1213,Montipora_capitata_HIv3___RNAseq.g25591.t1/Montipora_capitata_HIv3___RNAseq.g13613.t1/Montipora_capitata_HIv3___RNAseq.g25137.t1/Montipora_capitata_HIv3___RNAseq.g21911.t1/Montipora_capitata_HIv3___TS.g14965.t1/Montipora_capitata_HIv3___RNAseq.g25143.t1/Montipora_capitata_HIv3___RNAseq.g44164.t1,0.7932439784629876,cellular response to organic substance,BP
GO:1901137,carbohydrate derivative biosynthetic process,3/38,432/8282,0.3182449366860761,1.5613148516866888,3,432,Montipora_capitata_HIv3___RNAseq.g22747.t1/Montipora_capitata_HIv3___RNAseq.g33912.t1/Montipora_capitata_HIv3___RNAseq.g12097.t1,0.7932439784629876,carbohydrate derivative biosynthetic process,BP
GO:0005615,extracellular space,3/38,432/8282,0.3182449366860761,1.5613148516866888,3,432,Montipora_capitata_HIv3___RNAseq.g663.t1/Montipora_capitata_HIv3___RNAseq.g44252.t1/Montipora_capitata_HIv3___RNAseq.g44164.t1,0.7932439784629876,extracellular space,CC
GO:0080090,regulation of primary metabolic process,15/38,2871/8282,0.3204318258710609,1.230308497720483,15,2871,Montipora_capitata_HIv3___RNAseq.g11431.t1/Montipora_capitata_HIv3___RNAseq.g30422.t1/Montipora_capitata_HIv3___RNAseq.g20093.t1/Montipora_capitata_HIv3___RNAseq.g25591.t1/Montipora_capitata_HIv3___RNAseq.g13613.t1/Montipora_capitata_HIv3___RNAseq.g22747.t1/Montipora_capitata_HIv3___RNAseq.g21911.t1/Montipora_capitata_HIv3___TS.g14965.t1/Montipora_capitata_HIv3___RNAseq.g28405.t2/Montipora_capitata_HIv3___RNAseq.g49974.t1/Montipora_capitata_HIv3___RNAseq.g34571.t1/Montipora_capitata_HIv3___RNAseq.g29751.t1/Montipora_capitata_HIv3___RNAseq.g8826.t1/Montipora_capitata_HIv3___RNAseq.g44321.t1/Montipora_capitata_HIv3___RNAseq.g43134.t1,0.7932439784629876,regulation of primary metabolic process,BP
GO:0090407,organophosphate biosynthetic process,3/38,434/8282,0.3208011444428292,1.5536724305137937,3,434,Montipora_capitata_HIv3___RNAseq.g22747.t1/Montipora_capitata_HIv3___RNAseq.g33912.t1/Montipora_capitata_HIv3___RNAseq.g12097.t1,0.7932439784629876,organophosphate biosynthetic process,BP
GO:0019899,enzyme binding,8/38,1423/8282,0.3239803732953207,1.28692967548929,8,1423,Montipora_capitata_HIv3___RNAseq.g11431.t1/Montipora_capitata_HIv3___RNAseq.g20093.t1/Montipora_capitata_HIv3___RNAseq.g25591.t1/Montipora_capitata_HIv3___RNAseq.g13613.t1/Montipora_capitata_HIv3___TS.g14965.t1/Montipora_capitata_HIv3___RNAseq.g34571.t1/Montipora_capitata_HIv3___RNAseq.g12097.t1/Montipora_capitata_HIv3___RNAseq.g8826.t1,0.7932439784629876,enzyme binding,MF
GO:0019901,protein kinase binding,3/38,437/8282,0.3246368512169585,1.5423408544922002,3,437,Montipora_capitata_HIv3___RNAseq.g20093.t1/Montipora_capitata_HIv3___RNAseq.g25591.t1/Montipora_capitata_HIv3___RNAseq.g13613.t1,0.7932439784629876,protein kinase binding,MF
GO:0009117,nucleotide metabolic process,3/38,439/8282,0.3271947528788316,1.5348730985884025,3,439,Montipora_capitata_HIv3___RNAseq.g22747.t1/Montipora_capitata_HIv3___RNAseq.g33912.t1/Montipora_capitata_HIv3___RNAseq.g12097.t1,0.7932439784629876,nucleotide metabolic process,BP
GO:0098771,inorganic ion homeostasis,3/38,441/8282,0.32975313375457926,1.527473541045219,3,441,Montipora_capitata_HIv3___RNAseq.g25591.t1/Montipora_capitata_HIv3___RNAseq.g44252.t1/Montipora_capitata_HIv3___TS.g16805.t1,0.7932439784629876,inorganic ion homeostasis,BP
GO:0043565,sequence-specific DNA binding,3/38,441/8282,0.32975313375457926,1.527473541045219,3,441,Montipora_capitata_HIv3___RNAseq.g20093.t1/Montipora_capitata_HIv3___TS.g26714.t1/Montipora_capitata_HIv3___RNAseq.g43134.t1,0.7932439784629876,sequence-specific DNA binding,MF
GO:0009636,response to toxic substance,3/38,442/8282,0.33103246886802684,1.5238035151897404,3,442,Montipora_capitata_HIv3___RNAseq.g26661.t1/Montipora_capitata_HIv3___TS.g14965.t1/Montipora_capitata_HIv3___RNAseq.g44164.t1,0.7932439784629876,response to toxic substance,BP
GO:0036477,somatodendritic compartment,4/38,635/8282,0.3324100173010835,1.4193284244591566,4,635,Montipora_capitata_HIv3___RNAseq.g44252.t1/Montipora_capitata_HIv3___RNAseq.g34571.t1/Montipora_capitata_HIv3___RNAseq.g12097.t1/Montipora_capitata_HIv3___RNAseq.g2578.t1,0.7932439784629876,somatodendritic compartment,CC
GO:0006753,nucleoside phosphate metabolic process,3/38,446/8282,0.3361504498687179,1.5092734564847297,3,446,Montipora_capitata_HIv3___RNAseq.g22747.t1/Montipora_capitata_HIv3___RNAseq.g33912.t1/Montipora_capitata_HIv3___RNAseq.g12097.t1,0.7932439784629876,nucleoside phosphate metabolic process,BP
GO:0002682,regulation of immune system process,4/38,640/8282,0.33775942778463264,1.4072479105451015,4,640,Montipora_capitata_HIv3___RNAseq.g40803.t1/Montipora_capitata_HIv3___RNAseq.g13613.t1/Montipora_capitata_HIv3___TS.g14965.t1/Montipora_capitata_HIv3___RNAseq.g34571.t1,0.7932439784629876,regulation of immune system process,BP
GO:0005576,extracellular region,5/38,841/8282,0.34176421563623155,1.3425546102834485,5,841,Montipora_capitata_HIv3___RNAseq.g40524.t1/Montipora_capitata_HIv3___RNAseq.g663.t1/Montipora_capitata_HIv3___RNAseq.g44252.t1/Montipora_capitata_HIv3___RNAseq.g44164.t1/Montipora_capitata_HIv3___RNAseq.g14940.t1,0.7932439784629876,extracellular region,CC
GO:0046983,protein dimerization activity,5/38,841/8282,0.34176421563623155,1.3425546102834485,5,841,Montipora_capitata_HIv3___RNAseq.g31228.t1/Montipora_capitata_HIv3___RNAseq.g26661.t1/Montipora_capitata_HIv3___TS.g14965.t1/Montipora_capitata_HIv3___RNAseq.g44321.t1/Montipora_capitata_HIv3___RNAseq.g45083.t2,0.7932439784629876,protein dimerization activity,MF
GO:0009966,regulation of signal transduction,9/38,1655/8282,0.34348476539494993,1.243983743479082,9,1655,Montipora_capitata_HIv3___RNAseq.g663.t1/Montipora_capitata_HIv3___RNAseq.g20093.t1/Montipora_capitata_HIv3___RNAseq.g25591.t1/Montipora_capitata_HIv3___RNAseq.g21911.t1/Montipora_capitata_HIv3___TS.g14965.t1/Montipora_capitata_HIv3___RNAseq.g49974.t1/Montipora_capitata_HIv3___RNAseq.g34571.t1/Montipora_capitata_HIv3___RNAseq.g29751.t1/Montipora_capitata_HIv3___RNAseq.g44164.t1,0.7932439784629876,regulation of signal transduction,BP
GO:0033554,cellular response to stress,7/38,1246/8282,0.34396110132955077,1.2766119941799972,7,1246,Montipora_capitata_HIv3___RNAseq.g7598.t1/Montipora_capitata_HIv3___RNAseq.g20093.t1/Montipora_capitata_HIv3___TS.g26714.t1/Montipora_capitata_HIv3___RNAseq.g26661.t1/Montipora_capitata_HIv3___RNAseq.g34571.t1/Montipora_capitata_HIv3___RNAseq.g44164.t1/Montipora_capitata_HIv3___RNAseq.g45083.t2,0.7932439784629876,cellular response to stress,BP
GO:0042803,protein homodimerization activity,4/38,653/8282,0.35169528249495136,1.3767095940425,4,653,Montipora_capitata_HIv3___RNAseq.g31228.t1/Montipora_capitata_HIv3___RNAseq.g26661.t1/Montipora_capitata_HIv3___RNAseq.g44321.t1/Montipora_capitata_HIv3___RNAseq.g45083.t2,0.7932439784629876,protein homodimerization activity,MF
GO:0031327,negative regulation of cellular biosynthetic process,5/38,855/8282,0.3549917467685217,1.3179510746747742,5,855,Montipora_capitata_HIv3___RNAseq.g20093.t1/Montipora_capitata_HIv3___RNAseq.g25591.t1/Montipora_capitata_HIv3___RNAseq.g34571.t1/Montipora_capitata_HIv3___RNAseq.g44321.t1/Montipora_capitata_HIv3___RNAseq.g43134.t1,0.7932439784629876,negative regulation of cellular biosynthetic process,BP
GO:0010629,negative regulation of gene expression,6/38,1061/8282,0.3588837015502239,1.2776237283121,6,1061,Montipora_capitata_HIv3___RNAseq.g31228.t1/Montipora_capitata_HIv3___RNAseq.g20093.t1/Montipora_capitata_HIv3___RNAseq.g40803.t1/Montipora_capitata_HIv3___RNAseq.g34571.t1/Montipora_capitata_HIv3___RNAseq.g44321.t1/Montipora_capitata_HIv3___RNAseq.g43134.t1,0.7932439784629876,negative regulation of gene expression,BP
GO:0044283,small molecule biosynthetic process,3/38,465/8282,0.3604512361992235,1.4436925727067358,3,465,Montipora_capitata_HIv3___RNAseq.g20093.t1/Montipora_capitata_HIv3___RNAseq.g33912.t1/Montipora_capitata_HIv3___RNAseq.g12097.t1,0.7932439784629876,small molecule biosynthetic process,BP
GO:0045892,negative regulation of DNA-templated transcription,4/38,664/8282,0.36350747936324856,1.3518089366866965,4,664,Montipora_capitata_HIv3___RNAseq.g20093.t1/Montipora_capitata_HIv3___RNAseq.g34571.t1/Montipora_capitata_HIv3___RNAseq.g44321.t1/Montipora_capitata_HIv3___RNAseq.g43134.t1,0.7932439784629876,negative regulation of DNA-templated transcription,BP
GO:0019752,carboxylic acid metabolic process,4/38,667/8282,0.3667306829883572,1.345161214343065,4,667,Montipora_capitata_HIv3___RNAseq.g39502.t1/Montipora_capitata_HIv3___RNAseq.g22747.t1/Montipora_capitata_HIv3___RNAseq.g33912.t1/Montipora_capitata_HIv3___RNAseq.g12097.t1,0.7932439784629876,carboxylic acid metabolic process,BP
GO:0019900,kinase binding,3/38,472/8282,0.36938825840149836,1.4208708364915463,3,472,Montipora_capitata_HIv3___RNAseq.g20093.t1/Montipora_capitata_HIv3___RNAseq.g25591.t1/Montipora_capitata_HIv3___RNAseq.g13613.t1,0.7932439784629876,kinase binding,MF
GO:0009890,negative regulation of biosynthetic process,5/38,871/8282,0.37016170415835076,1.290808103894829,5,871,Montipora_capitata_HIv3___RNAseq.g20093.t1/Montipora_capitata_HIv3___RNAseq.g25591.t1/Montipora_capitata_HIv3___RNAseq.g34571.t1/Montipora_capitata_HIv3___RNAseq.g44321.t1/Montipora_capitata_HIv3___RNAseq.g43134.t1,0.7932439784629876,negative regulation of biosynthetic process,BP
GO:0034097,response to cytokine,3/38,473/8282,0.37066382264209574,1.4176660837782356,3,473,Montipora_capitata_HIv3___RNAseq.g13613.t1/Montipora_capitata_HIv3___RNAseq.g21911.t1/Montipora_capitata_HIv3___TS.g14965.t1,0.7932439784629876,response to cytokine,BP
GO:0019904,protein domain specific binding,3/38,476/8282,0.37448851738708666,1.408133128572924,3,476,Montipora_capitata_HIv3___RNAseq.g25591.t1/Montipora_capitata_HIv3___RNAseq.g44252.t1/Montipora_capitata_HIv3___TS.g14965.t1,0.7932439784629876,protein domain specific binding,MF
GO:0006812,monoatomic cation transport,3/38,476/8282,0.37448851738708666,1.408133128572924,3,476,Montipora_capitata_HIv3___RNAseq.g25591.t1/Montipora_capitata_HIv3___RNAseq.g44252.t1/Montipora_capitata_HIv3___TS.g16805.t1,0.7932439784629876,monoatomic cation transport,BP
GO:0043025,neuronal cell body,3/38,476/8282,0.37448851738708666,1.408133128572924,3,476,Montipora_capitata_HIv3___RNAseq.g44252.t1/Montipora_capitata_HIv3___RNAseq.g34571.t1/Montipora_capitata_HIv3___RNAseq.g12097.t1,0.7932439784629876,neuronal cell body,CC
GO:0048699,generation of neurons,7/38,1285/8282,0.37502324863813785,1.230753870090724,7,1285,Montipora_capitata_HIv3___RNAseq.g11431.t1/Montipora_capitata_HIv3___RNAseq.g40803.t1/Montipora_capitata_HIv3___RNAseq.g25137.t1/Montipora_capitata_HIv3___RNAseq.g49974.t1/Montipora_capitata_HIv3___RNAseq.g25143.t1/Montipora_capitata_HIv3___RNAseq.g43134.t1/Montipora_capitata_HIv3___RNAseq.g14940.t1,0.7932439784629876,generation of neurons,BP
GO:1903507,GO:1903507,4/38,675/8282,0.3753268777158807,1.3277244839341817,4,675,Montipora_capitata_HIv3___RNAseq.g20093.t1/Montipora_capitata_HIv3___RNAseq.g34571.t1/Montipora_capitata_HIv3___RNAseq.g44321.t1/Montipora_capitata_HIv3___RNAseq.g43134.t1,0.7932439784629876,NA,NA
GO:1902679,negative regulation of RNA biosynthetic process,4/38,676/8282,0.37640136175598327,1.325574074900141,4,676,Montipora_capitata_HIv3___RNAseq.g20093.t1/Montipora_capitata_HIv3___RNAseq.g34571.t1/Montipora_capitata_HIv3___RNAseq.g44321.t1/Montipora_capitata_HIv3___RNAseq.g43134.t1,0.7932439784629876,negative regulation of RNA biosynthetic process,BP
GO:0009719,response to endogenous stimulus,5/38,880/8282,0.37871126341231,1.2759750086949193,5,880,Montipora_capitata_HIv3___RNAseq.g20093.t1/Montipora_capitata_HIv3___RNAseq.g25591.t1/Montipora_capitata_HIv3___TS.g14965.t1/Montipora_capitata_HIv3___RNAseq.g12097.t1/Montipora_capitata_HIv3___RNAseq.g44164.t1,0.7932439784629876,response to endogenous stimulus,BP
GO:0031667,response to nutrient levels,3/38,480/8282,0.37958300145542345,1.3956090402180914,3,480,Montipora_capitata_HIv3___TS.g16805.t1/Montipora_capitata_HIv3___RNAseq.g12097.t1/Montipora_capitata_HIv3___RNAseq.g44164.t1,0.7932439784629876,response to nutrient levels,BP
GO:0031323,regulation of cellular metabolic process,15/38,2976/8282,0.38191238305182124,1.1635750417127122,15,2976,Montipora_capitata_HIv3___RNAseq.g7598.t1/Montipora_capitata_HIv3___RNAseq.g30422.t1/Montipora_capitata_HIv3___RNAseq.g20093.t1/Montipora_capitata_HIv3___RNAseq.g25591.t1/Montipora_capitata_HIv3___RNAseq.g13613.t1/Montipora_capitata_HIv3___RNAseq.g22747.t1/Montipora_capitata_HIv3___RNAseq.g21911.t1/Montipora_capitata_HIv3___TS.g14965.t1/Montipora_capitata_HIv3___RNAseq.g28405.t2/Montipora_capitata_HIv3___RNAseq.g49974.t1/Montipora_capitata_HIv3___RNAseq.g34571.t1/Montipora_capitata_HIv3___RNAseq.g29751.t1/Montipora_capitata_HIv3___RNAseq.g8826.t1/Montipora_capitata_HIv3___RNAseq.g44321.t1/Montipora_capitata_HIv3___RNAseq.g43134.t1,0.7932439784629876,regulation of cellular metabolic process,BP
GO:0050801,monoatomic ion homeostasis,3/38,482/8282,0.38212784103259867,1.3894254276208498,3,482,Montipora_capitata_HIv3___RNAseq.g25591.t1/Montipora_capitata_HIv3___RNAseq.g44252.t1/Montipora_capitata_HIv3___TS.g16805.t1,0.7932439784629876,monoatomic ion homeostasis,BP
GO:0051252,regulation of RNA metabolic process,9/38,1711/8282,0.3832764548722837,1.192861387519733,9,1711,Montipora_capitata_HIv3___RNAseq.g30422.t1/Montipora_capitata_HIv3___RNAseq.g20093.t1/Montipora_capitata_HIv3___RNAseq.g25591.t1/Montipora_capitata_HIv3___RNAseq.g13613.t1/Montipora_capitata_HIv3___RNAseq.g28405.t2/Montipora_capitata_HIv3___RNAseq.g49974.t1/Montipora_capitata_HIv3___RNAseq.g34571.t1/Montipora_capitata_HIv3___RNAseq.g44321.t1/Montipora_capitata_HIv3___RNAseq.g43134.t1,0.7932439784629876,regulation of RNA metabolic process,BP
GO:0051171,regulation of nitrogen compound metabolic process,14/38,2767/8282,0.3842751889060278,1.1634549820474644,14,2767,Montipora_capitata_HIv3___RNAseq.g11431.t1/Montipora_capitata_HIv3___RNAseq.g30422.t1/Montipora_capitata_HIv3___RNAseq.g20093.t1/Montipora_capitata_HIv3___RNAseq.g25591.t1/Montipora_capitata_HIv3___RNAseq.g13613.t1/Montipora_capitata_HIv3___RNAseq.g21911.t1/Montipora_capitata_HIv3___TS.g14965.t1/Montipora_capitata_HIv3___RNAseq.g28405.t2/Montipora_capitata_HIv3___RNAseq.g49974.t1/Montipora_capitata_HIv3___RNAseq.g34571.t1/Montipora_capitata_HIv3___RNAseq.g29751.t1/Montipora_capitata_HIv3___RNAseq.g8826.t1/Montipora_capitata_HIv3___RNAseq.g44321.t1/Montipora_capitata_HIv3___RNAseq.g43134.t1,0.7932439784629876,regulation of nitrogen compound metabolic process,BP
GO:0044429,GO:0044429,4/38,684/8282,0.38499533496890126,1.308601702114761,4,684,Montipora_capitata_HIv3___RNAseq.g7598.t1/Montipora_capitata_HIv3___RNAseq.g22747.t1/Montipora_capitata_HIv3___TS.g14965.t1/Montipora_capitata_HIv3___RNAseq.g44164.t1,0.7932439784629876,NA,NA
GO:0010605,negative regulation of macromolecule metabolic process,8/38,1507/8282,0.38659633064134397,1.1998495574708818,8,1507,Montipora_capitata_HIv3___RNAseq.g31228.t1/Montipora_capitata_HIv3___RNAseq.g20093.t1/Montipora_capitata_HIv3___RNAseq.g40803.t1/Montipora_capitata_HIv3___RNAseq.g25591.t1/Montipora_capitata_HIv3___RNAseq.g21911.t1/Montipora_capitata_HIv3___RNAseq.g34571.t1/Montipora_capitata_HIv3___RNAseq.g44321.t1/Montipora_capitata_HIv3___RNAseq.g43134.t1,0.7932439784629876,negative regulation of macromolecule metabolic process,BP
GO:0050789,regulation of biological process,25/38,5152/8282,0.39142858219919074,1.1691636542543415,25,5152,Montipora_capitata_HIv3___RNAseq.g31228.t1/Montipora_capitata_HIv3___RNAseq.g11431.t1/Montipora_capitata_HIv3___RNAseq.g663.t1/Montipora_capitata_HIv3___RNAseq.g7598.t1/Montipora_capitata_HIv3___RNAseq.g30422.t1/Montipora_capitata_HIv3___RNAseq.g20093.t1/Montipora_capitata_HIv3___RNAseq.g40803.t1/Montipora_capitata_HIv3___RNAseq.g25591.t1/Montipora_capitata_HIv3___RNAseq.g13613.t1/Montipora_capitata_HIv3___RNAseq.g41254.t1/Montipora_capitata_HIv3___RNAseq.g22747.t1/Montipora_capitata_HIv3___RNAseq.g21911.t1/Montipora_capitata_HIv3___RNAseq.g44252.t1/Montipora_capitata_HIv3___TS.g14965.t1/Montipora_capitata_HIv3___RNAseq.g28405.t2/Montipora_capitata_HIv3___RNAseq.g49974.t1/Montipora_capitata_HIv3___TS.g16805.t1/Montipora_capitata_HIv3___RNAseq.g34571.t1/Montipora_capitata_HIv3___RNAseq.g29751.t1/Montipora_capitata_HIv3___RNAseq.g8826.t1/Montipora_capitata_HIv3___RNAseq.g44321.t1/Montipora_capitata_HIv3___RNAseq.g44164.t1/Montipora_capitata_HIv3___RNAseq.g2578.t1/Montipora_capitata_HIv3___RNAseq.g45083.t2/Montipora_capitata_HIv3___RNAseq.g43134.t1,0.7932439784629876,regulation of biological process,BP
GO:0051726,regulation of cell cycle,5/38,895/8282,0.3929735589388068,1.2519197642847417,5,895,Montipora_capitata_HIv3___RNAseq.g20093.t1/Montipora_capitata_HIv3___RNAseq.g25591.t1/Montipora_capitata_HIv3___RNAseq.g22747.t1/Montipora_capitata_HIv3___RNAseq.g29751.t1/Montipora_capitata_HIv3___RNAseq.g45083.t2,0.7932439784629876,regulation of cell cycle,BP
GO:0000122,negative regulation of transcription by RNA polymerase II,3/38,491/8282,0.3935569352400966,1.3622263056237862,3,491,Montipora_capitata_HIv3___RNAseq.g20093.t1/Montipora_capitata_HIv3___RNAseq.g34571.t1/Montipora_capitata_HIv3___RNAseq.g43134.t1,0.7932439784629876,negative regulation of transcription by RNA polymerase II,BP
GO:0080135,regulation of cellular response to stress,3/38,491/8282,0.3935569352400966,1.3622263056237862,3,491,Montipora_capitata_HIv3___RNAseq.g20093.t1/Montipora_capitata_HIv3___RNAseq.g34571.t1/Montipora_capitata_HIv3___RNAseq.g29751.t1,0.7932439784629876,regulation of cellular response to stress,BP
GO:0055114,GO:0055114,4/38,693/8282,0.3946560366699964,1.2899742741901352,4,693,Montipora_capitata_HIv3___RNAseq.g39502.t1/Montipora_capitata_HIv3___TS.g13493.t1/Montipora_capitata_HIv3___RNAseq.g26661.t1/Montipora_capitata_HIv3___RNAseq.g44164.t1,0.7932439784629876,NA,NA
GO:0009991,response to extracellular stimulus,3/38,494/8282,0.3973574343974803,1.353381467278545,3,494,Montipora_capitata_HIv3___TS.g16805.t1/Montipora_capitata_HIv3___RNAseq.g12097.t1/Montipora_capitata_HIv3___RNAseq.g44164.t1,0.7932439784629876,response to extracellular stimulus,BP
GO:0016021,GO:0016021,6/38,1107/8282,0.3986479233708563,1.2164138302183842,6,1107,Montipora_capitata_HIv3___RNAseq.g25591.t1/Montipora_capitata_HIv3___RNAseq.g13613.t1/Montipora_capitata_HIv3___RNAseq.g44252.t1/Montipora_capitata_HIv3___RNAseq.g26661.t1/Montipora_capitata_HIv3___TS.g16805.t1/Montipora_capitata_HIv3___RNAseq.g44164.t1,0.7932439784629876,NA,NA
GO:0010468,regulation of gene expression,11/38,2155/8282,0.39954549283762275,1.1590872951249314,11,2155,Montipora_capitata_HIv3___RNAseq.g31228.t1/Montipora_capitata_HIv3___RNAseq.g30422.t1/Montipora_capitata_HIv3___RNAseq.g20093.t1/Montipora_capitata_HIv3___RNAseq.g40803.t1/Montipora_capitata_HIv3___RNAseq.g25591.t1/Montipora_capitata_HIv3___RNAseq.g13613.t1/Montipora_capitata_HIv3___RNAseq.g28405.t2/Montipora_capitata_HIv3___RNAseq.g49974.t1/Montipora_capitata_HIv3___RNAseq.g34571.t1/Montipora_capitata_HIv3___RNAseq.g44321.t1/Montipora_capitata_HIv3___RNAseq.g43134.t1,0.7932439784629876,regulation of gene expression,BP
GO:0034220,monoatomic ion transmembrane transport,3/38,499/8282,0.4036801273624653,1.3388849398784535,3,499,Montipora_capitata_HIv3___RNAseq.g25591.t1/Montipora_capitata_HIv3___RNAseq.g44252.t1/Montipora_capitata_HIv3___TS.g16805.t1,0.7975621933811814,monoatomic ion transmembrane transport,BP
GO:0050794,regulation of cellular process,23/38,4753/8282,0.41320278091756296,1.1390912113167242,23,4753,Montipora_capitata_HIv3___RNAseq.g11431.t1/Montipora_capitata_HIv3___RNAseq.g663.t1/Montipora_capitata_HIv3___RNAseq.g7598.t1/Montipora_capitata_HIv3___RNAseq.g30422.t1/Montipora_capitata_HIv3___RNAseq.g20093.t1/Montipora_capitata_HIv3___RNAseq.g40803.t1/Montipora_capitata_HIv3___RNAseq.g25591.t1/Montipora_capitata_HIv3___RNAseq.g13613.t1/Montipora_capitata_HIv3___RNAseq.g41254.t1/Montipora_capitata_HIv3___RNAseq.g22747.t1/Montipora_capitata_HIv3___RNAseq.g21911.t1/Montipora_capitata_HIv3___TS.g14965.t1/Montipora_capitata_HIv3___RNAseq.g28405.t2/Montipora_capitata_HIv3___RNAseq.g49974.t1/Montipora_capitata_HIv3___TS.g16805.t1/Montipora_capitata_HIv3___RNAseq.g34571.t1/Montipora_capitata_HIv3___RNAseq.g29751.t1/Montipora_capitata_HIv3___RNAseq.g8826.t1/Montipora_capitata_HIv3___RNAseq.g44321.t1/Montipora_capitata_HIv3___RNAseq.g44164.t1/Montipora_capitata_HIv3___RNAseq.g2578.t1/Montipora_capitata_HIv3___RNAseq.g45083.t2/Montipora_capitata_HIv3___RNAseq.g43134.t1,0.812432520934532,regulation of cellular process,BP
GO:0022857,transmembrane transporter activity,3/38,513/8282,0.4212970379769462,1.29978419293129,3,513,Montipora_capitata_HIv3___RNAseq.g25591.t1/Montipora_capitata_HIv3___RNAseq.g44252.t1/Montipora_capitata_HIv3___TS.g16805.t1,0.8243648771952745,transmembrane transporter activity,MF
GO:0051246,regulation of protein metabolic process,8/38,1563/8282,0.4290897808811931,1.1471123230805087,8,1563,Montipora_capitata_HIv3___RNAseq.g11431.t1/Montipora_capitata_HIv3___RNAseq.g20093.t1/Montipora_capitata_HIv3___RNAseq.g25591.t1/Montipora_capitata_HIv3___RNAseq.g13613.t1/Montipora_capitata_HIv3___RNAseq.g21911.t1/Montipora_capitata_HIv3___TS.g14965.t1/Montipora_capitata_HIv3___RNAseq.g29751.t1/Montipora_capitata_HIv3___RNAseq.g8826.t1,0.8355958890844287,regulation of protein metabolic process,BP
GO:0044425,GO:0044425,11/38,2209/8282,0.4357112982827195,1.1206204862136964,11,2209,Montipora_capitata_HIv3___RNAseq.g663.t1/Montipora_capitata_HIv3___RNAseq.g39502.t1/Montipora_capitata_HIv3___RNAseq.g20093.t1/Montipora_capitata_HIv3___RNAseq.g25591.t1/Montipora_capitata_HIv3___RNAseq.g13613.t1/Montipora_capitata_HIv3___RNAseq.g22747.t1/Montipora_capitata_HIv3___RNAseq.g44252.t1/Montipora_capitata_HIv3___RNAseq.g26661.t1/Montipora_capitata_HIv3___TS.g14965.t1/Montipora_capitata_HIv3___TS.g16805.t1/Montipora_capitata_HIv3___RNAseq.g44164.t1,0.8391924263471949,NA,NA
GO:0044463,GO:0044463,5/38,945/8282,0.4404191415497033,1.1772768870141819,5,945,Montipora_capitata_HIv3___RNAseq.g20093.t1/Montipora_capitata_HIv3___RNAseq.g25591.t1/Montipora_capitata_HIv3___RNAseq.g34571.t1/Montipora_capitata_HIv3___RNAseq.g12097.t1/Montipora_capitata_HIv3___RNAseq.g2578.t1,0.8391924263471949,NA,NA
GO:0120038,GO:0120038,5/38,945/8282,0.4404191415497033,1.1772768870141819,5,945,Montipora_capitata_HIv3___RNAseq.g20093.t1/Montipora_capitata_HIv3___RNAseq.g25591.t1/Montipora_capitata_HIv3___RNAseq.g34571.t1/Montipora_capitata_HIv3___RNAseq.g12097.t1/Montipora_capitata_HIv3___RNAseq.g2578.t1,0.8391924263471949,NA,NA
GO:0051253,negative regulation of RNA metabolic process,4/38,736/8282,0.44054090500615006,1.207298165255754,4,736,Montipora_capitata_HIv3___RNAseq.g20093.t1/Montipora_capitata_HIv3___RNAseq.g34571.t1/Montipora_capitata_HIv3___RNAseq.g44321.t1/Montipora_capitata_HIv3___RNAseq.g43134.t1,0.8391924263471949,negative regulation of RNA metabolic process,BP
GO:0055086,nucleobase-containing small molecule metabolic process,3/38,529/8282,0.44124614063464307,1.2576460389462136,3,529,Montipora_capitata_HIv3___RNAseq.g22747.t1/Montipora_capitata_HIv3___RNAseq.g33912.t1/Montipora_capitata_HIv3___RNAseq.g12097.t1,0.8391924263471949,nucleobase-containing small molecule metabolic process,BP
GO:0043436,oxoacid metabolic process,4/38,740/8282,0.444774354551311,1.2000984376986006,4,740,Montipora_capitata_HIv3___RNAseq.g39502.t1/Montipora_capitata_HIv3___RNAseq.g22747.t1/Montipora_capitata_HIv3___RNAseq.g33912.t1/Montipora_capitata_HIv3___RNAseq.g12097.t1,0.8419681967552725,oxoacid metabolic process,BP
GO:0044432,GO:0044432,4/38,746/8282,0.4511099409000724,1.1894443770007903,4,746,Montipora_capitata_HIv3___RNAseq.g39502.t1/Montipora_capitata_HIv3___RNAseq.g26661.t1/Montipora_capitata_HIv3___RNAseq.g44164.t1/Montipora_capitata_HIv3___RNAseq.g14940.t1,0.8448367123805136,NA,NA
GO:0031224,GO:0031224,6/38,1169/8282,0.45234072032164896,1.1415584625111246,6,1169,Montipora_capitata_HIv3___RNAseq.g25591.t1/Montipora_capitata_HIv3___RNAseq.g13613.t1/Montipora_capitata_HIv3___RNAseq.g44252.t1/Montipora_capitata_HIv3___RNAseq.g26661.t1/Montipora_capitata_HIv3___TS.g16805.t1/Montipora_capitata_HIv3___RNAseq.g44164.t1,0.8448367123805136,NA,NA
GO:0006974,DNA damage response,3/38,539/8282,0.4535980216309802,1.2325870856262784,3,539,Montipora_capitata_HIv3___RNAseq.g20093.t1/Montipora_capitata_HIv3___TS.g26714.t1/Montipora_capitata_HIv3___RNAseq.g45083.t2,0.8448367123805136,DNA damage response,BP
GO:0017111,ribonucleoside triphosphate phosphatase activity,3/38,540/8282,0.45482784940341725,1.2301325167788428,3,540,Montipora_capitata_HIv3___RNAseq.g25591.t1/Montipora_capitata_HIv3___TS.g26714.t1/Montipora_capitata_HIv3___TS.g35289.t2,0.8448367123805136,ribonucleoside triphosphate phosphatase activity,MF
GO:0006082,organic acid metabolic process,4/38,752/8282,0.45742684158049474,1.1789612172181896,4,752,Montipora_capitata_HIv3___RNAseq.g39502.t1/Montipora_capitata_HIv3___RNAseq.g22747.t1/Montipora_capitata_HIv3___RNAseq.g33912.t1/Montipora_capitata_HIv3___RNAseq.g12097.t1,0.8448367123805136,organic acid metabolic process,BP
GO:2000112,GO:2000112,9/38,1829/8282,0.4685592184632319,1.0954178514186566,9,1829,Montipora_capitata_HIv3___RNAseq.g30422.t1/Montipora_capitata_HIv3___RNAseq.g20093.t1/Montipora_capitata_HIv3___RNAseq.g25591.t1/Montipora_capitata_HIv3___RNAseq.g13613.t1/Montipora_capitata_HIv3___RNAseq.g28405.t2/Montipora_capitata_HIv3___RNAseq.g49974.t1/Montipora_capitata_HIv3___RNAseq.g34571.t1/Montipora_capitata_HIv3___RNAseq.g44321.t1/Montipora_capitata_HIv3___RNAseq.g43134.t1,0.8448367123805136,NA,NA
GO:0016020,membrane,16/38,3337/8282,0.4708199584470225,1.0780874910737044,16,3337,Montipora_capitata_HIv3___RNAseq.g663.t1/Montipora_capitata_HIv3___RNAseq.g39502.t1/Montipora_capitata_HIv3___RNAseq.g7598.t1/Montipora_capitata_HIv3___RNAseq.g20093.t1/Montipora_capitata_HIv3___RNAseq.g25591.t1/Montipora_capitata_HIv3___RNAseq.g13613.t1/Montipora_capitata_HIv3___RNAseq.g25137.t1/Montipora_capitata_HIv3___RNAseq.g22747.t1/Montipora_capitata_HIv3___RNAseq.g21911.t1/Montipora_capitata_HIv3___RNAseq.g44252.t1/Montipora_capitata_HIv3___RNAseq.g26661.t1/Montipora_capitata_HIv3___TS.g14965.t1/Montipora_capitata_HIv3___TS.g16805.t1/Montipora_capitata_HIv3___RNAseq.g34571.t1/Montipora_capitata_HIv3___RNAseq.g25143.t1/Montipora_capitata_HIv3___RNAseq.g44164.t1,0.8448367123805136,membrane,CC
GO:0050790,regulation of catalytic activity,6/38,1195/8282,0.47468989347105783,1.11256411873578,6,1195,Montipora_capitata_HIv3___RNAseq.g25591.t1/Montipora_capitata_HIv3___RNAseq.g21911.t1/Montipora_capitata_HIv3___TS.g14965.t1/Montipora_capitata_HIv3___TS.g16805.t1/Montipora_capitata_HIv3___RNAseq.g34571.t1/Montipora_capitata_HIv3___RNAseq.g29751.t1,0.8448367123805136,regulation of catalytic activity,BP
GO:0051239,regulation of multicellular organismal process,9/38,1838/8282,0.47506166966831087,1.088499648633413,9,1838,Montipora_capitata_HIv3___RNAseq.g11431.t1/Montipora_capitata_HIv3___RNAseq.g20093.t1/Montipora_capitata_HIv3___RNAseq.g40803.t1/Montipora_capitata_HIv3___RNAseq.g25591.t1/Montipora_capitata_HIv3___RNAseq.g13613.t1/Montipora_capitata_HIv3___TS.g14965.t1/Montipora_capitata_HIv3___TS.g16805.t1/Montipora_capitata_HIv3___RNAseq.g34571.t1/Montipora_capitata_HIv3___RNAseq.g44164.t1,0.8448367123805136,regulation of multicellular organismal process,BP
GO:0008150,biological_process,37/38,7903/8282,0.4754563270376254,1.7779596493199867,37,7903,Montipora_capitata_HIv3___RNAseq.g31228.t1/Montipora_capitata_HIv3___RNAseq.g11431.t1/Montipora_capitata_HIv3___RNAseq.g40524.t1/Montipora_capitata_HIv3___RNAseq.g663.t1/Montipora_capitata_HIv3___RNAseq.g39502.t1/Montipora_capitata_HIv3___TS.g13493.t1/Montipora_capitata_HIv3___RNAseq.g7598.t1/Montipora_capitata_HIv3___RNAseq.g30422.t1/Montipora_capitata_HIv3___RNAseq.g20093.t1/Montipora_capitata_HIv3___RNAseq.g40803.t1/Montipora_capitata_HIv3___RNAseq.g25591.t1/Montipora_capitata_HIv3___RNAseq.g13613.t1/Montipora_capitata_HIv3___RNAseq.g41254.t1/Montipora_capitata_HIv3___RNAseq.g25137.t1/Montipora_capitata_HIv3___TS.g26714.t1/Montipora_capitata_HIv3___RNAseq.g44775.t1/Montipora_capitata_HIv3___RNAseq.g22747.t1/Montipora_capitata_HIv3___RNAseq.g21911.t1/Montipora_capitata_HIv3___RNAseq.g33912.t1/Montipora_capitata_HIv3___RNAseq.g44252.t1/Montipora_capitata_HIv3___RNAseq.g26661.t1/Montipora_capitata_HIv3___TS.g14965.t1/Montipora_capitata_HIv3___RNAseq.g28405.t2/Montipora_capitata_HIv3___RNAseq.g49974.t1/Montipora_capitata_HIv3___TS.g16805.t1/Montipora_capitata_HIv3___RNAseq.g34571.t1/Montipora_capitata_HIv3___RNAseq.g12097.t1/Montipora_capitata_HIv3___TS.g35289.t2/Montipora_capitata_HIv3___RNAseq.g29751.t1/Montipora_capitata_HIv3___RNAseq.g8826.t1/Montipora_capitata_HIv3___RNAseq.g25143.t1/Montipora_capitata_HIv3___RNAseq.g44321.t1/Montipora_capitata_HIv3___RNAseq.g44164.t1/Montipora_capitata_HIv3___RNAseq.g2578.t1/Montipora_capitata_HIv3___RNAseq.g45083.t2/Montipora_capitata_HIv3___RNAseq.g43134.t1/Montipora_capitata_HIv3___RNAseq.g14940.t1,0.8448367123805136,biological_process,BP
GO:0006508,proteolysis,4/38,771/8282,0.4772925272919768,1.1468438237704384,4,771,Montipora_capitata_HIv3___RNAseq.g11431.t1/Montipora_capitata_HIv3___RNAseq.g13613.t1/Montipora_capitata_HIv3___TS.g14965.t1/Montipora_capitata_HIv3___RNAseq.g44164.t1,0.8448367123805136,proteolysis,BP
GO:0010564,regulation of cell cycle process,3/38,560/8282,0.47920183139947803,1.182891806332631,3,560,Montipora_capitata_HIv3___RNAseq.g25591.t1/Montipora_capitata_HIv3___RNAseq.g22747.t1/Montipora_capitata_HIv3___RNAseq.g45083.t2,0.8448367123805136,regulation of cell cycle process,BP
GO:0097367,carbohydrate derivative binding,3/38,561/8282,0.4804087987716882,1.180618655565546,3,561,Montipora_capitata_HIv3___RNAseq.g33271.t1/Montipora_capitata_HIv3___TS.g16805.t1/Montipora_capitata_HIv3___RNAseq.g12097.t1,0.8448367123805136,carbohydrate derivative binding,MF
GO:0016740,transferase activity,7/38,1418/8282,0.4819746954501529,1.093515433040146,7,1418,Montipora_capitata_HIv3___RNAseq.g13613.t1/Montipora_capitata_HIv3___RNAseq.g22747.t1/Montipora_capitata_HIv3___RNAseq.g33912.t1/Montipora_capitata_HIv3___RNAseq.g12097.t1/Montipora_capitata_HIv3___RNAseq.g29751.t1/Montipora_capitata_HIv3___RNAseq.g8826.t1/Montipora_capitata_HIv3___RNAseq.g44164.t1,0.8448367123805136,transferase activity,MF
GO:0060562,epithelial tube morphogenesis,3/38,565/8282,0.4852248705116414,1.171606938494723,3,565,Montipora_capitata_HIv3___RNAseq.g41254.t1/Montipora_capitata_HIv3___RNAseq.g22747.t1/Montipora_capitata_HIv3___TS.g14965.t1,0.8448367123805136,epithelial tube morphogenesis,BP
GO:0051338,regulation of transferase activity,3/38,567/8282,0.4876257276050012,1.1671490091119057,3,567,Montipora_capitata_HIv3___RNAseq.g25591.t1/Montipora_capitata_HIv3___RNAseq.g21911.t1/Montipora_capitata_HIv3___RNAseq.g29751.t1,0.8448367123805136,regulation of transferase activity,BP
GO:0043085,positive regulation of catalytic activity,4/38,786/8282,0.49280876157398235,1.1225789944419444,4,786,Montipora_capitata_HIv3___RNAseq.g25591.t1/Montipora_capitata_HIv3___TS.g14965.t1/Montipora_capitata_HIv3___TS.g16805.t1/Montipora_capitata_HIv3___RNAseq.g34571.t1,0.8448367123805136,positive regulation of catalytic activity,BP
GO:0009892,negative regulation of metabolic process,8/38,1650/8282,0.49500621605634565,1.0721910392875909,8,1650,Montipora_capitata_HIv3___RNAseq.g31228.t1/Montipora_capitata_HIv3___RNAseq.g20093.t1/Montipora_capitata_HIv3___RNAseq.g40803.t1/Montipora_capitata_HIv3___RNAseq.g25591.t1/Montipora_capitata_HIv3___RNAseq.g21911.t1/Montipora_capitata_HIv3___RNAseq.g34571.t1/Montipora_capitata_HIv3___RNAseq.g44321.t1/Montipora_capitata_HIv3___RNAseq.g43134.t1,0.8448367123805136,negative regulation of metabolic process,BP
GO:0007276,gamete generation,5/38,1005/8282,0.49648275652202134,1.0975989387393144,5,1005,Montipora_capitata_HIv3___RNAseq.g39502.t1/Montipora_capitata_HIv3___RNAseq.g25591.t1/Montipora_capitata_HIv3___RNAseq.g41254.t1/Montipora_capitata_HIv3___RNAseq.g44775.t1/Montipora_capitata_HIv3___RNAseq.g22747.t1,0.8448367123805136,gamete generation,BP
GO:0048609,multicellular organismal reproductive process,6/38,1221/8282,0.4968468307164199,1.084734860691439,6,1221,Montipora_capitata_HIv3___RNAseq.g39502.t1/Montipora_capitata_HIv3___RNAseq.g25591.t1/Montipora_capitata_HIv3___RNAseq.g41254.t1/Montipora_capitata_HIv3___RNAseq.g44775.t1/Montipora_capitata_HIv3___RNAseq.g22747.t1/Montipora_capitata_HIv3___RNAseq.g44164.t1,0.8448367123805136,multicellular organismal reproductive process,BP
GO:2000113,GO:2000113,4/38,791/8282,0.4979445613847924,1.1146961051976465,4,791,Montipora_capitata_HIv3___RNAseq.g20093.t1/Montipora_capitata_HIv3___RNAseq.g34571.t1/Montipora_capitata_HIv3___RNAseq.g44321.t1/Montipora_capitata_HIv3___RNAseq.g43134.t1,0.8448367123805136,NA,NA
GO:0016462,pyrophosphatase activity,3/38,576/8282,0.49836863909872087,1.1474733892633382,3,576,Montipora_capitata_HIv3___RNAseq.g25591.t1/Montipora_capitata_HIv3___TS.g26714.t1/Montipora_capitata_HIv3___TS.g35289.t2,0.8448367123805136,pyrophosphatase activity,MF
GO:0016817,"hydrolase activity, acting on acid anhydrides",3/38,576/8282,0.49836863909872087,1.1474733892633382,3,576,Montipora_capitata_HIv3___RNAseq.g25591.t1/Montipora_capitata_HIv3___TS.g26714.t1/Montipora_capitata_HIv3___TS.g35289.t2,0.8448367123805136,"hydrolase activity, acting on acid anhydrides",MF
GO:0016818,"hydrolase activity, acting on acid anhydrides, in phosphorus-containing anhydrides",3/38,576/8282,0.49836863909872087,1.1474733892633382,3,576,Montipora_capitata_HIv3___RNAseq.g25591.t1/Montipora_capitata_HIv3___TS.g26714.t1/Montipora_capitata_HIv3___TS.g35289.t2,0.8448367123805136,"hydrolase activity, acting on acid anhydrides, in phosphorus-containing anhydrides",MF
GO:0009888,tissue development,7/38,1439/8282,0.49867524717136436,1.0741633938609547,7,1439,Montipora_capitata_HIv3___RNAseq.g40524.t1/Montipora_capitata_HIv3___RNAseq.g663.t1/Montipora_capitata_HIv3___RNAseq.g41254.t1/Montipora_capitata_HIv3___RNAseq.g22747.t1/Montipora_capitata_HIv3___RNAseq.g44252.t1/Montipora_capitata_HIv3___TS.g14965.t1/Montipora_capitata_HIv3___RNAseq.g29751.t1,0.8448367123805136,tissue development,BP
GO:0043167,ion binding,7/38,1441/8282,0.5002595766184368,1.0723499412900432,7,1441,Montipora_capitata_HIv3___TS.g13493.t1/Montipora_capitata_HIv3___RNAseq.g33271.t1/Montipora_capitata_HIv3___RNAseq.g26661.t1/Montipora_capitata_HIv3___TS.g16805.t1/Montipora_capitata_HIv3___RNAseq.g12097.t1/Montipora_capitata_HIv3___RNAseq.g8826.t1/Montipora_capitata_HIv3___RNAseq.g45083.t2,0.8448367123805136,ion binding,MF
GO:0070647,protein modification by small protein conjugation or removal,3/38,583/8282,0.5066530442990731,1.13259223330326,3,583,Montipora_capitata_HIv3___RNAseq.g13613.t1/Montipora_capitata_HIv3___RNAseq.g29751.t1/Montipora_capitata_HIv3___RNAseq.g8826.t1,0.8481203946471908,protein modification by small protein conjugation or removal,BP
GO:0032504,multicellular organism reproduction,6/38,1236/8282,0.5095190551850328,1.069215277200926,6,1236,Montipora_capitata_HIv3___RNAseq.g39502.t1/Montipora_capitata_HIv3___RNAseq.g25591.t1/Montipora_capitata_HIv3___RNAseq.g41254.t1/Montipora_capitata_HIv3___RNAseq.g44775.t1/Montipora_capitata_HIv3___RNAseq.g22747.t1/Montipora_capitata_HIv3___RNAseq.g44164.t1,0.8481203946471908,multicellular organism reproduction,BP
GO:0010646,regulation of cell communication,9/38,1886/8282,0.5095561848958492,1.0527241732136348,9,1886,Montipora_capitata_HIv3___RNAseq.g663.t1/Montipora_capitata_HIv3___RNAseq.g20093.t1/Montipora_capitata_HIv3___RNAseq.g25591.t1/Montipora_capitata_HIv3___RNAseq.g21911.t1/Montipora_capitata_HIv3___TS.g14965.t1/Montipora_capitata_HIv3___RNAseq.g49974.t1/Montipora_capitata_HIv3___RNAseq.g34571.t1/Montipora_capitata_HIv3___RNAseq.g29751.t1/Montipora_capitata_HIv3___RNAseq.g44164.t1,0.8481203946471908,regulation of cell communication,BP
GO:0019219,regulation of nucleobase-containing compound metabolic process,9/38,1890/8282,0.512412118270198,1.049825411363215,9,1890,Montipora_capitata_HIv3___RNAseq.g30422.t1/Montipora_capitata_HIv3___RNAseq.g20093.t1/Montipora_capitata_HIv3___RNAseq.g25591.t1/Montipora_capitata_HIv3___RNAseq.g13613.t1/Montipora_capitata_HIv3___RNAseq.g28405.t2/Montipora_capitata_HIv3___RNAseq.g49974.t1/Montipora_capitata_HIv3___RNAseq.g34571.t1/Montipora_capitata_HIv3___RNAseq.g44321.t1/Montipora_capitata_HIv3___RNAseq.g43134.t1,0.8481203946471908,regulation of nucleobase-containing compound metabolic process,BP
GO:0010556,regulation of macromolecule biosynthetic process,9/38,1896/8282,0.5166894388511606,1.0455003496949657,9,1896,Montipora_capitata_HIv3___RNAseq.g30422.t1/Montipora_capitata_HIv3___RNAseq.g20093.t1/Montipora_capitata_HIv3___RNAseq.g25591.t1/Montipora_capitata_HIv3___RNAseq.g13613.t1/Montipora_capitata_HIv3___RNAseq.g28405.t2/Montipora_capitata_HIv3___RNAseq.g49974.t1/Montipora_capitata_HIv3___RNAseq.g34571.t1/Montipora_capitata_HIv3___RNAseq.g44321.t1/Montipora_capitata_HIv3___RNAseq.g43134.t1,0.8481203946471908,regulation of macromolecule biosynthetic process,BP
GO:0010558,negative regulation of macromolecule biosynthetic process,4/38,810/8282,0.5172802925649317,1.0857051385651528,4,810,Montipora_capitata_HIv3___RNAseq.g20093.t1/Montipora_capitata_HIv3___RNAseq.g34571.t1/Montipora_capitata_HIv3___RNAseq.g44321.t1/Montipora_capitata_HIv3___RNAseq.g43134.t1,0.8481203946471908,negative regulation of macromolecule biosynthetic process,BP
GO:0140096,"catalytic activity, acting on a protein",6/38,1248/8282,0.5195893919097333,1.0570700059997529,6,1248,Montipora_capitata_HIv3___RNAseq.g13613.t1/Montipora_capitata_HIv3___TS.g14965.t1/Montipora_capitata_HIv3___RNAseq.g12097.t1/Montipora_capitata_HIv3___RNAseq.g29751.t1/Montipora_capitata_HIv3___RNAseq.g8826.t1/Montipora_capitata_HIv3___RNAseq.g44164.t1,0.8481203946471908,"catalytic activity, acting on a protein",MF
GO:0043603,amide metabolic process,3/38,595/8282,0.5207032349013484,1.1078860978238199,3,595,Montipora_capitata_HIv3___RNAseq.g22747.t1/Montipora_capitata_HIv3___RNAseq.g33912.t1/Montipora_capitata_HIv3___RNAseq.g12097.t1,0.8481203946471908,amide metabolic process,BP
GO:0023051,regulation of signaling,9/38,1902/8282,0.5209584733705104,1.0412027534662587,9,1902,Montipora_capitata_HIv3___RNAseq.g663.t1/Montipora_capitata_HIv3___RNAseq.g20093.t1/Montipora_capitata_HIv3___RNAseq.g25591.t1/Montipora_capitata_HIv3___RNAseq.g21911.t1/Montipora_capitata_HIv3___TS.g14965.t1/Montipora_capitata_HIv3___RNAseq.g49974.t1/Montipora_capitata_HIv3___RNAseq.g34571.t1/Montipora_capitata_HIv3___RNAseq.g29751.t1/Montipora_capitata_HIv3___RNAseq.g44164.t1,0.8481203946471908,regulation of signaling,BP
GO:0032269,GO:0032269,3/38,598/8282,0.5241848712951851,1.1018645987451159,3,598,Montipora_capitata_HIv3___RNAseq.g20093.t1/Montipora_capitata_HIv3___RNAseq.g25591.t1/Montipora_capitata_HIv3___RNAseq.g21911.t1,0.8499730781559375,NA,NA
GO:0005789,endoplasmic reticulum membrane,3/38,600/8282,0.5264989325659251,1.0978838940640203,3,600,Montipora_capitata_HIv3___RNAseq.g39502.t1/Montipora_capitata_HIv3___RNAseq.g26661.t1/Montipora_capitata_HIv3___RNAseq.g44164.t1,0.8503375617235377,endoplasmic reticulum membrane,CC
GO:0098827,endoplasmic reticulum subcompartment,3/38,606/8282,0.5334068988081746,1.0861003206839488,3,606,Montipora_capitata_HIv3___RNAseq.g39502.t1/Montipora_capitata_HIv3___RNAseq.g26661.t1/Montipora_capitata_HIv3___RNAseq.g44164.t1,0.8576051073351866,endoplasmic reticulum subcompartment,CC
GO:0048583,regulation of response to stimulus,10/38,2140/8282,0.5352130153885439,1.0251488795234547,10,2140,Montipora_capitata_HIv3___RNAseq.g663.t1/Montipora_capitata_HIv3___RNAseq.g20093.t1/Montipora_capitata_HIv3___RNAseq.g25591.t1/Montipora_capitata_HIv3___RNAseq.g13613.t1/Montipora_capitata_HIv3___RNAseq.g21911.t1/Montipora_capitata_HIv3___TS.g14965.t1/Montipora_capitata_HIv3___RNAseq.g49974.t1/Montipora_capitata_HIv3___RNAseq.g34571.t1/Montipora_capitata_HIv3___RNAseq.g29751.t1/Montipora_capitata_HIv3___RNAseq.g44164.t1,0.8576051073351866,regulation of response to stimulus,BP
GO:0045934,negative regulation of nucleobase-containing compound metabolic process,4/38,831/8282,0.5382898864615786,1.0551346871294285,4,831,Montipora_capitata_HIv3___RNAseq.g20093.t1/Montipora_capitata_HIv3___RNAseq.g34571.t1/Montipora_capitata_HIv3___RNAseq.g44321.t1/Montipora_capitata_HIv3___RNAseq.g43134.t1,0.859152877607304,negative regulation of nucleobase-containing compound metabolic process,BP
GO:0042175,nuclear outer membrane-endoplasmic reticulum membrane network,3/38,613/8282,0.5414001396006564,1.0727164092260781,3,613,Montipora_capitata_HIv3___RNAseq.g39502.t1/Montipora_capitata_HIv3___RNAseq.g26661.t1/Montipora_capitata_HIv3___RNAseq.g44164.t1,0.860741628193231,nuclear outer membrane-endoplasmic reticulum membrane network,CC
GO:0051248,negative regulation of protein metabolic process,3/38,616/8282,0.5448036387104263,1.0670438623795508,3,616,Montipora_capitata_HIv3___RNAseq.g20093.t1/Montipora_capitata_HIv3___RNAseq.g25591.t1/Montipora_capitata_HIv3___RNAseq.g21911.t1,0.8627824161678734,negative regulation of protein metabolic process,BP
GO:0005783,endoplasmic reticulum,5/38,1066/8282,0.5515971164699183,1.0257620995149095,5,1066,Montipora_capitata_HIv3___RNAseq.g39502.t1/Montipora_capitata_HIv3___TS.g13493.t1/Montipora_capitata_HIv3___RNAseq.g26661.t1/Montipora_capitata_HIv3___RNAseq.g44164.t1/Montipora_capitata_HIv3___RNAseq.g14940.t1,0.868683093473994,endoplasmic reticulum,CC
GO:0098805,GO:0098805,4/38,846/8282,0.5530430967053603,1.0342350864567589,4,846,Montipora_capitata_HIv3___RNAseq.g663.t1/Montipora_capitata_HIv3___RNAseq.g25591.t1/Montipora_capitata_HIv3___TS.g14965.t1/Montipora_capitata_HIv3___RNAseq.g44164.t1,0.868683093473994,NA,NA
GO:0051336,regulation of hydrolase activity,3/38,625/8282,0.5549326887057455,1.0503555255459283,3,625,Montipora_capitata_HIv3___TS.g14965.t1/Montipora_capitata_HIv3___TS.g16805.t1/Montipora_capitata_HIv3___RNAseq.g34571.t1,0.868683093473994,regulation of hydrolase activity,BP
GO:0051172,negative regulation of nitrogen compound metabolic process,6/38,1298/8282,0.5607859074509596,1.0089001996684928,6,1298,Montipora_capitata_HIv3___RNAseq.g20093.t1/Montipora_capitata_HIv3___RNAseq.g25591.t1/Montipora_capitata_HIv3___RNAseq.g21911.t1/Montipora_capitata_HIv3___RNAseq.g34571.t1/Montipora_capitata_HIv3___RNAseq.g44321.t1/Montipora_capitata_HIv3___RNAseq.g43134.t1,0.871895424491816,negative regulation of nitrogen compound metabolic process,BP
GO:0006928,GO:0006928,5/38,1077/8282,0.5612692904591051,1.0136809339544348,5,1077,Montipora_capitata_HIv3___RNAseq.g25591.t1/Montipora_capitata_HIv3___RNAseq.g44252.t1/Montipora_capitata_HIv3___RNAseq.g49974.t1/Montipora_capitata_HIv3___RNAseq.g43134.t1/Montipora_capitata_HIv3___RNAseq.g14940.t1,0.871895424491816,NA,NA
GO:0055085,transmembrane transport,3/38,633/8282,0.5638317148523598,1.0359233451786227,3,633,Montipora_capitata_HIv3___RNAseq.g25591.t1/Montipora_capitata_HIv3___RNAseq.g44252.t1/Montipora_capitata_HIv3___TS.g16805.t1,0.8725456575852109,transmembrane transport,BP
GO:0005215,transporter activity,3/38,638/8282,0.5693426313211192,1.0270888629473527,3,638,Montipora_capitata_HIv3___RNAseq.g25591.t1/Montipora_capitata_HIv3___RNAseq.g44252.t1/Montipora_capitata_HIv3___TS.g16805.t1,0.8729447647678279,transporter activity,MF
GO:0014070,response to organic cyclic compound,3/38,639/8282,0.5704400541149184,1.0253387364079574,3,639,Montipora_capitata_HIv3___RNAseq.g25591.t1/Montipora_capitata_HIv3___TS.g14965.t1/Montipora_capitata_HIv3___RNAseq.g44164.t1,0.8729447647678279,response to organic cyclic compound,BP
GO:0044265,GO:0044265,3/38,641/8282,0.5726301089911751,1.0218550498012577,3,641,Montipora_capitata_HIv3___RNAseq.g11431.t1/Montipora_capitata_HIv3___TS.g14965.t1/Montipora_capitata_HIv3___RNAseq.g45083.t2,0.8729447647678279,NA,NA
GO:0031326,regulation of cellular biosynthetic process,9/38,1976/8282,0.572763002204518,0.9903580291871719,9,1976,Montipora_capitata_HIv3___RNAseq.g30422.t1/Montipora_capitata_HIv3___RNAseq.g20093.t1/Montipora_capitata_HIv3___RNAseq.g25591.t1/Montipora_capitata_HIv3___RNAseq.g13613.t1/Montipora_capitata_HIv3___RNAseq.g28405.t2/Montipora_capitata_HIv3___RNAseq.g49974.t1/Montipora_capitata_HIv3___RNAseq.g34571.t1/Montipora_capitata_HIv3___RNAseq.g44321.t1/Montipora_capitata_HIv3___RNAseq.g43134.t1,0.8729447647678279,regulation of cellular biosynthetic process,BP
GO:0007423,sensory organ development,3/38,643/8282,0.574813751739012,1.0183932849519044,3,643,Montipora_capitata_HIv3___RNAseq.g7598.t1/Montipora_capitata_HIv3___RNAseq.g25591.t1/Montipora_capitata_HIv3___RNAseq.g44164.t1,0.8729447647678279,sensory organ development,BP
GO:0016787,hydrolase activity,7/38,1551/8282,0.5850330153936687,0.9798593160910051,7,1551,Montipora_capitata_HIv3___RNAseq.g25591.t1/Montipora_capitata_HIv3___TS.g26714.t1/Montipora_capitata_HIv3___TS.g14965.t1/Montipora_capitata_HIv3___RNAseq.g12097.t1/Montipora_capitata_HIv3___TS.g35289.t2/Montipora_capitata_HIv3___RNAseq.g44164.t1/Montipora_capitata_HIv3___RNAseq.g45083.t2,0.885161476822391,hydrolase activity,MF
GO:0048513,animal organ development,10/38,2222/8282,0.5900435002709223,0.9738986457761576,10,2222,Montipora_capitata_HIv3___RNAseq.g40524.t1/Montipora_capitata_HIv3___RNAseq.g663.t1/Montipora_capitata_HIv3___RNAseq.g7598.t1/Montipora_capitata_HIv3___RNAseq.g25591.t1/Montipora_capitata_HIv3___RNAseq.g41254.t1/Montipora_capitata_HIv3___RNAseq.g22747.t1/Montipora_capitata_HIv3___TS.g14965.t1/Montipora_capitata_HIv3___RNAseq.g29751.t1/Montipora_capitata_HIv3___RNAseq.g44164.t1/Montipora_capitata_HIv3___RNAseq.g14940.t1,0.8894359430009828,animal organ development,BP
GO:0003676,nucleic acid binding,6/38,1341/8282,0.5950429019770198,0.9703649425432408,6,1341,Montipora_capitata_HIv3___RNAseq.g31228.t1/Montipora_capitata_HIv3___RNAseq.g20093.t1/Montipora_capitata_HIv3___TS.g26714.t1/Montipora_capitata_HIv3___RNAseq.g49974.t1/Montipora_capitata_HIv3___RNAseq.g45083.t2/Montipora_capitata_HIv3___RNAseq.g43134.t1,0.8936622180983287,nucleic acid binding,MF
GO:1990904,ribonucleoprotein complex,3/38,672/8282,0.6057394505232605,0.9705346872351847,3,672,Montipora_capitata_HIv3___RNAseq.g31228.t1/Montipora_capitata_HIv3___RNAseq.g40803.t1/Montipora_capitata_HIv3___TS.g14965.t1,0.9041527104914511,ribonucleoprotein complex,CC
GO:0045595,regulation of cell differentiation,5/38,1131/8282,0.6073464888657463,0.9578022655660665,5,1131,Montipora_capitata_HIv3___RNAseq.g11431.t1/Montipora_capitata_HIv3___RNAseq.g40803.t1/Montipora_capitata_HIv3___TS.g14965.t1/Montipora_capitata_HIv3___RNAseq.g34571.t1/Montipora_capitata_HIv3___RNAseq.g44321.t1,0.9041527104914511,regulation of cell differentiation,BP
GO:0009889,regulation of biosynthetic process,9/38,2030/8282,0.6092978434582546,0.9555812212256566,9,2030,Montipora_capitata_HIv3___RNAseq.g30422.t1/Montipora_capitata_HIv3___RNAseq.g20093.t1/Montipora_capitata_HIv3___RNAseq.g25591.t1/Montipora_capitata_HIv3___RNAseq.g13613.t1/Montipora_capitata_HIv3___RNAseq.g28405.t2/Montipora_capitata_HIv3___RNAseq.g49974.t1/Montipora_capitata_HIv3___RNAseq.g34571.t1/Montipora_capitata_HIv3___RNAseq.g44321.t1/Montipora_capitata_HIv3___RNAseq.g43134.t1,0.9041527104914511,regulation of biosynthetic process,BP
GO:0010243,response to organonitrogen compound,3/38,678/8282,0.6119618205405037,0.9611465306375474,3,678,Montipora_capitata_HIv3___RNAseq.g20093.t1/Montipora_capitata_HIv3___RNAseq.g25591.t1/Montipora_capitata_HIv3___RNAseq.g12097.t1,0.9041527104914511,response to organonitrogen compound,BP
GO:0019953,sexual reproduction,5/38,1138/8282,0.6131354990064877,0.9509477394858364,5,1138,Montipora_capitata_HIv3___RNAseq.g39502.t1/Montipora_capitata_HIv3___RNAseq.g25591.t1/Montipora_capitata_HIv3___RNAseq.g41254.t1/Montipora_capitata_HIv3___RNAseq.g44775.t1/Montipora_capitata_HIv3___RNAseq.g22747.t1,0.9041527104914511,sexual reproduction,BP
GO:0065009,regulation of molecular function,7/38,1599/8282,0.6201095042375042,0.9434925114936995,7,1599,Montipora_capitata_HIv3___RNAseq.g25591.t1/Montipora_capitata_HIv3___RNAseq.g13613.t1/Montipora_capitata_HIv3___RNAseq.g21911.t1/Montipora_capitata_HIv3___TS.g14965.t1/Montipora_capitata_HIv3___TS.g16805.t1/Montipora_capitata_HIv3___RNAseq.g34571.t1/Montipora_capitata_HIv3___RNAseq.g29751.t1,0.9111356253597986,regulation of molecular function,BP
GO:0006811,monoatomic ion transport,3/38,695/8282,0.6292556043106325,0.9354301942622604,3,695,Montipora_capitata_HIv3___RNAseq.g25591.t1/Montipora_capitata_HIv3___RNAseq.g44252.t1/Montipora_capitata_HIv3___TS.g16805.t1,0.9212483127857103,monoatomic ion transport,BP
GO:0060429,epithelium development,5/38,1161/8282,0.6318377229994021,0.9290083588150038,5,1161,Montipora_capitata_HIv3___RNAseq.g41254.t1/Montipora_capitata_HIv3___RNAseq.g22747.t1/Montipora_capitata_HIv3___RNAseq.g44252.t1/Montipora_capitata_HIv3___TS.g14965.t1/Montipora_capitata_HIv3___RNAseq.g29751.t1,0.9217130941245759,epithelium development,BP
GO:0007281,germ cell development,3/38,701/8282,0.6352392716125079,0.9266526896974414,3,701,Montipora_capitata_HIv3___RNAseq.g39502.t1/Montipora_capitata_HIv3___RNAseq.g44775.t1/Montipora_capitata_HIv3___RNAseq.g22747.t1,0.9233656555224669,germ cell development,BP
GO:0016310,phosphorylation,3/38,707/8282,0.6411597182019328,0.9180246843600407,3,707,Montipora_capitata_HIv3___RNAseq.g20093.t1/Montipora_capitata_HIv3___RNAseq.g22747.t1/Montipora_capitata_HIv3___RNAseq.g12097.t1,0.9286548231608067,phosphorylation,BP
GO:0035239,tube morphogenesis,3/38,713/8282,0.6470166295290775,0.9095423885120967,3,713,Montipora_capitata_HIv3___RNAseq.g41254.t1/Montipora_capitata_HIv3___RNAseq.g22747.t1/Montipora_capitata_HIv3___TS.g14965.t1,0.9319402064616324,tube morphogenesis,BP
GO:0031324,negative regulation of cellular metabolic process,6/38,1411/8282,0.6480075637067371,0.9127145201019302,6,1411,Montipora_capitata_HIv3___RNAseq.g20093.t1/Montipora_capitata_HIv3___RNAseq.g25591.t1/Montipora_capitata_HIv3___RNAseq.g21911.t1/Montipora_capitata_HIv3___RNAseq.g34571.t1/Montipora_capitata_HIv3___RNAseq.g44321.t1/Montipora_capitata_HIv3___RNAseq.g43134.t1,0.9319402064616324,negative regulation of cellular metabolic process,BP
GO:0044087,regulation of cellular component biogenesis,3/38,720/8282,0.6537690251761763,0.8998256576438728,3,720,Montipora_capitata_HIv3___RNAseq.g41254.t1/Montipora_capitata_HIv3___RNAseq.g34571.t1/Montipora_capitata_HIv3___RNAseq.g2578.t1,0.9336408508100648,regulation of cellular component biogenesis,BP
GO:0035295,tube development,4/38,962/8282,0.6587199158902555,0.8947523457505586,4,962,Montipora_capitata_HIv3___RNAseq.g40524.t1/Montipora_capitata_HIv3___RNAseq.g41254.t1/Montipora_capitata_HIv3___RNAseq.g22747.t1/Montipora_capitata_HIv3___TS.g14965.t1,0.9336408508100648,tube development,BP
GO:0009887,animal organ morphogenesis,4/38,971/8282,0.666231599786472,0.8853276211462912,4,971,Montipora_capitata_HIv3___RNAseq.g41254.t1/Montipora_capitata_HIv3___RNAseq.g22747.t1/Montipora_capitata_HIv3___RNAseq.g29751.t1/Montipora_capitata_HIv3___RNAseq.g44164.t1,0.9336408508100648,animal organ morphogenesis,BP
GO:0044703,multi-organism reproductive process,5/38,1207/8282,0.6677034762916241,0.8877012462726883,5,1207,Montipora_capitata_HIv3___RNAseq.g39502.t1/Montipora_capitata_HIv3___RNAseq.g25591.t1/Montipora_capitata_HIv3___RNAseq.g41254.t1/Montipora_capitata_HIv3___RNAseq.g44775.t1/Montipora_capitata_HIv3___RNAseq.g22747.t1,0.9336408508100648,multi-organism reproductive process,BP
GO:0019637,organophosphate metabolic process,3/38,735/8282,0.6679443322084122,0.8796293647916457,3,735,Montipora_capitata_HIv3___RNAseq.g22747.t1/Montipora_capitata_HIv3___RNAseq.g33912.t1/Montipora_capitata_HIv3___RNAseq.g12097.t1,0.9336408508100648,organophosphate metabolic process,BP
GO:0044093,positive regulation of molecular function,4/38,976/8282,0.6703593582131404,0.8801669374279197,4,976,Montipora_capitata_HIv3___RNAseq.g25591.t1/Montipora_capitata_HIv3___TS.g14965.t1/Montipora_capitata_HIv3___TS.g16805.t1/Montipora_capitata_HIv3___RNAseq.g34571.t1,0.9336408508100648,positive regulation of molecular function,BP
GO:0031984,organelle subcompartment,4/38,976/8282,0.6703593582131404,0.8801669374279197,4,976,Montipora_capitata_HIv3___RNAseq.g663.t1/Montipora_capitata_HIv3___RNAseq.g39502.t1/Montipora_capitata_HIv3___RNAseq.g26661.t1/Montipora_capitata_HIv3___RNAseq.g44164.t1,0.9336408508100648,organelle subcompartment,CC
GO:0005634,nucleus,16/38,3678/8282,0.6716381721933511,0.9099675114571786,16,3678,Montipora_capitata_HIv3___RNAseq.g30422.t1/Montipora_capitata_HIv3___RNAseq.g20093.t1/Montipora_capitata_HIv3___TS.g26714.t1/Montipora_capitata_HIv3___RNAseq.g22747.t1/Montipora_capitata_HIv3___RNAseq.g26661.t1/Montipora_capitata_HIv3___TS.g14965.t1/Montipora_capitata_HIv3___RNAseq.g49974.t1/Montipora_capitata_HIv3___RNAseq.g34571.t1/Montipora_capitata_HIv3___RNAseq.g12097.t1/Montipora_capitata_HIv3___TS.g35289.t2/Montipora_capitata_HIv3___RNAseq.g29751.t1/Montipora_capitata_HIv3___RNAseq.g44321.t1/Montipora_capitata_HIv3___RNAseq.g44164.t1/Montipora_capitata_HIv3___RNAseq.g2578.t1/Montipora_capitata_HIv3___RNAseq.g45083.t2/Montipora_capitata_HIv3___RNAseq.g43134.t1,0.9336408508100648,nucleus,CC
GO:1901363,heterocyclic compound binding,8/38,1902/8282,0.6720941933928113,0.8940637649261541,8,1902,Montipora_capitata_HIv3___RNAseq.g31228.t1/Montipora_capitata_HIv3___RNAseq.g20093.t1/Montipora_capitata_HIv3___TS.g26714.t1/Montipora_capitata_HIv3___RNAseq.g49974.t1/Montipora_capitata_HIv3___TS.g16805.t1/Montipora_capitata_HIv3___RNAseq.g12097.t1/Montipora_capitata_HIv3___RNAseq.g45083.t2/Montipora_capitata_HIv3___RNAseq.g43134.t1,0.9336408508100648,heterocyclic compound binding,MF
GO:0005488,binding,23/38,5186/8282,0.6721296542686707,0.915021957105527,23,5186,Montipora_capitata_HIv3___RNAseq.g31228.t1/Montipora_capitata_HIv3___RNAseq.g11431.t1/Montipora_capitata_HIv3___TS.g13493.t1/Montipora_capitata_HIv3___RNAseq.g20093.t1/Montipora_capitata_HIv3___RNAseq.g25591.t1/Montipora_capitata_HIv3___RNAseq.g13613.t1/Montipora_capitata_HIv3___TS.g26714.t1/Montipora_capitata_HIv3___RNAseq.g33271.t1/Montipora_capitata_HIv3___RNAseq.g44252.t1/Montipora_capitata_HIv3___RNAseq.g26661.t1/Montipora_capitata_HIv3___TS.g14965.t1/Montipora_capitata_HIv3___RNAseq.g49974.t1/Montipora_capitata_HIv3___TS.g16805.t1/Montipora_capitata_HIv3___RNAseq.g34571.t1/Montipora_capitata_HIv3___RNAseq.g12097.t1/Montipora_capitata_HIv3___TS.g35289.t2/Montipora_capitata_HIv3___RNAseq.g29751.t1/Montipora_capitata_HIv3___RNAseq.g8826.t1/Montipora_capitata_HIv3___RNAseq.g44321.t1/Montipora_capitata_HIv3___RNAseq.g44164.t1/Montipora_capitata_HIv3___RNAseq.g2578.t1/Montipora_capitata_HIv3___RNAseq.g45083.t2/Montipora_capitata_HIv3___RNAseq.g43134.t1,0.9336408508100648,binding,MF
GO:1902531,regulation of intracellular signal transduction,4/38,985/8282,0.6777070744061804,0.8710100238037214,4,985,Montipora_capitata_HIv3___RNAseq.g663.t1/Montipora_capitata_HIv3___RNAseq.g25591.t1/Montipora_capitata_HIv3___RNAseq.g21911.t1/Montipora_capitata_HIv3___TS.g14965.t1,0.9381863240929097,regulation of intracellular signal transduction,BP
GO:1901698,response to nitrogen compound,3/38,752/8282,0.6835222924039,0.8577173203192189,3,752,Montipora_capitata_HIv3___RNAseq.g20093.t1/Montipora_capitata_HIv3___RNAseq.g25591.t1/Montipora_capitata_HIv3___RNAseq.g12097.t1,0.9427326652657304,response to nitrogen compound,BP
GO:0009057,macromolecule catabolic process,3/38,757/8282,0.6880051969092342,0.8514604797494945,3,757,Montipora_capitata_HIv3___RNAseq.g11431.t1/Montipora_capitata_HIv3___TS.g14965.t1/Montipora_capitata_HIv3___RNAseq.g45083.t2,0.9427326652657304,macromolecule catabolic process,BP
GO:0097159,organic cyclic compound binding,8/38,1928/8282,0.6883904121447206,0.8783476340984059,8,1928,Montipora_capitata_HIv3___RNAseq.g31228.t1/Montipora_capitata_HIv3___RNAseq.g20093.t1/Montipora_capitata_HIv3___TS.g26714.t1/Montipora_capitata_HIv3___RNAseq.g49974.t1/Montipora_capitata_HIv3___TS.g16805.t1/Montipora_capitata_HIv3___RNAseq.g12097.t1/Montipora_capitata_HIv3___RNAseq.g45083.t2/Montipora_capitata_HIv3___RNAseq.g43134.t1,0.9427326652657304,organic cyclic compound binding,MF
GO:0032268,GO:0032268,6/38,1471/8282,0.6902563495066036,0.8676339885061606,6,1471,Montipora_capitata_HIv3___RNAseq.g20093.t1/Montipora_capitata_HIv3___RNAseq.g25591.t1/Montipora_capitata_HIv3___RNAseq.g21911.t1/Montipora_capitata_HIv3___TS.g14965.t1/Montipora_capitata_HIv3___RNAseq.g29751.t1/Montipora_capitata_HIv3___RNAseq.g8826.t1,0.9427326652657304,NA,NA
GO:0007610,behavior,3/38,772/8282,0.7011841014327642,0.8331777018549298,3,772,Montipora_capitata_HIv3___RNAseq.g22747.t1/Montipora_capitata_HIv3___TS.g16805.t1/Montipora_capitata_HIv3___RNAseq.g44164.t1,0.9544546129870737,behavior,BP
GO:0051049,regulation of transport,4/38,1022/8282,0.7067910078272599,0.8351237532952532,4,1022,Montipora_capitata_HIv3___RNAseq.g20093.t1/Montipora_capitata_HIv3___RNAseq.g25591.t1/Montipora_capitata_HIv3___RNAseq.g44252.t1/Montipora_capitata_HIv3___TS.g14965.t1,0.9567228475662967,regulation of transport,BP
GO:0031399,regulation of protein modification process,4/38,1023/8282,0.7075517865293741,0.8341883618818793,4,1023,Montipora_capitata_HIv3___RNAseq.g20093.t1/Montipora_capitata_HIv3___RNAseq.g25591.t1/Montipora_capitata_HIv3___RNAseq.g21911.t1/Montipora_capitata_HIv3___RNAseq.g29751.t1,0.9567228475662967,regulation of protein modification process,BP
GO:1901135,carbohydrate derivative metabolic process,3/38,791/8282,0.7172972091482857,0.8110178143529614,3,791,Montipora_capitata_HIv3___RNAseq.g22747.t1/Montipora_capitata_HIv3___RNAseq.g33912.t1/Montipora_capitata_HIv3___RNAseq.g12097.t1,0.9666886229250076,carbohydrate derivative metabolic process,BP
GO:0043231,intracellular membrane-bounded organelle,25/38,5700/8282,0.7237761954959603,0.8705764584300048,25,5700,Montipora_capitata_HIv3___RNAseq.g663.t1/Montipora_capitata_HIv3___RNAseq.g39502.t1/Montipora_capitata_HIv3___TS.g13493.t1/Montipora_capitata_HIv3___RNAseq.g7598.t1/Montipora_capitata_HIv3___RNAseq.g30422.t1/Montipora_capitata_HIv3___RNAseq.g20093.t1/Montipora_capitata_HIv3___RNAseq.g25591.t1/Montipora_capitata_HIv3___RNAseq.g13613.t1/Montipora_capitata_HIv3___RNAseq.g25137.t1/Montipora_capitata_HIv3___TS.g26714.t1/Montipora_capitata_HIv3___RNAseq.g22747.t1/Montipora_capitata_HIv3___RNAseq.g26661.t1/Montipora_capitata_HIv3___TS.g14965.t1/Montipora_capitata_HIv3___RNAseq.g49974.t1/Montipora_capitata_HIv3___RNAseq.g34571.t1/Montipora_capitata_HIv3___RNAseq.g12097.t1/Montipora_capitata_HIv3___TS.g35289.t2/Montipora_capitata_HIv3___RNAseq.g29751.t1/Montipora_capitata_HIv3___RNAseq.g25143.t1/Montipora_capitata_HIv3___RNAseq.g44321.t1/Montipora_capitata_HIv3___RNAseq.g44164.t1/Montipora_capitata_HIv3___RNAseq.g2578.t1/Montipora_capitata_HIv3___RNAseq.g45083.t2/Montipora_capitata_HIv3___RNAseq.g43134.t1/Montipora_capitata_HIv3___RNAseq.g14940.t1,0.9722010282734516,intracellular membrane-bounded organelle,CC
GO:0048519,negative regulation of biological process,12/38,2908/8282,0.7311837083823491,0.8523465193629691,12,2908,Montipora_capitata_HIv3___RNAseq.g31228.t1/Montipora_capitata_HIv3___RNAseq.g20093.t1/Montipora_capitata_HIv3___RNAseq.g40803.t1/Montipora_capitata_HIv3___RNAseq.g25591.t1/Montipora_capitata_HIv3___RNAseq.g13613.t1/Montipora_capitata_HIv3___RNAseq.g21911.t1/Montipora_capitata_HIv3___TS.g14965.t1/Montipora_capitata_HIv3___RNAseq.g49974.t1/Montipora_capitata_HIv3___RNAseq.g34571.t1/Montipora_capitata_HIv3___RNAseq.g44321.t1/Montipora_capitata_HIv3___RNAseq.g2578.t1/Montipora_capitata_HIv3___RNAseq.g43134.t1,0.9789202937882109,negative regulation of biological process,BP
GO:0098588,bounding membrane of organelle,4/38,1061/8282,0.7354693908225898,0.7999532470603988,4,1061,Montipora_capitata_HIv3___RNAseq.g663.t1/Montipora_capitata_HIv3___RNAseq.g20093.t1/Montipora_capitata_HIv3___TS.g14965.t1/Montipora_capitata_HIv3___RNAseq.g44164.t1,0.9814296461140789,bounding membrane of organelle,CC
GO:0031090,organelle membrane,6/38,1550/8282,0.7410148761895914,0.8136534335286363,6,1550,Montipora_capitata_HIv3___RNAseq.g663.t1/Montipora_capitata_HIv3___RNAseq.g7598.t1/Montipora_capitata_HIv3___RNAseq.g20093.t1/Montipora_capitata_HIv3___RNAseq.g26661.t1/Montipora_capitata_HIv3___TS.g14965.t1/Montipora_capitata_HIv3___RNAseq.g44164.t1,0.9855982176770055,organelle membrane,CC
GO:0003824,catalytic activity,15/38,3599/8282,0.7438899989788724,0.847992174665472,15,3599,Montipora_capitata_HIv3___RNAseq.g39502.t1/Montipora_capitata_HIv3___TS.g13493.t1/Montipora_capitata_HIv3___RNAseq.g25591.t1/Montipora_capitata_HIv3___RNAseq.g13613.t1/Montipora_capitata_HIv3___TS.g26714.t1/Montipora_capitata_HIv3___RNAseq.g22747.t1/Montipora_capitata_HIv3___RNAseq.g33912.t1/Montipora_capitata_HIv3___RNAseq.g26661.t1/Montipora_capitata_HIv3___TS.g14965.t1/Montipora_capitata_HIv3___RNAseq.g12097.t1/Montipora_capitata_HIv3___TS.g35289.t2/Montipora_capitata_HIv3___RNAseq.g29751.t1/Montipora_capitata_HIv3___RNAseq.g8826.t1/Montipora_capitata_HIv3___RNAseq.g44164.t1/Montipora_capitata_HIv3___RNAseq.g45083.t2,0.9861994449003292,catalytic activity,MF
GO:0044267,GO:0044267,9/38,2269/8282,0.7521821001867268,0.821752312623324,9,2269,Montipora_capitata_HIv3___RNAseq.g11431.t1/Montipora_capitata_HIv3___TS.g13493.t1/Montipora_capitata_HIv3___RNAseq.g20093.t1/Montipora_capitata_HIv3___RNAseq.g13613.t1/Montipora_capitata_HIv3___TS.g14965.t1/Montipora_capitata_HIv3___RNAseq.g12097.t1/Montipora_capitata_HIv3___RNAseq.g29751.t1/Montipora_capitata_HIv3___RNAseq.g8826.t1/Montipora_capitata_HIv3___RNAseq.g44164.t1,0.9890269935940342,NA,NA
GO:0022412,cellular process involved in reproduction in multicellular organism,3/38,838/8282,0.7543961776861818,0.7605909782403336,3,838,Montipora_capitata_HIv3___RNAseq.g39502.t1/Montipora_capitata_HIv3___RNAseq.g44775.t1/Montipora_capitata_HIv3___RNAseq.g22747.t1,0.9890269935940342,cellular process involved in reproduction in multicellular organism,BP
GO:0006464,GO:0006464,7/38,1812/8282,0.7561888853911793,0.8055446121944742,7,1812,Montipora_capitata_HIv3___RNAseq.g11431.t1/Montipora_capitata_HIv3___RNAseq.g20093.t1/Montipora_capitata_HIv3___RNAseq.g13613.t1/Montipora_capitata_HIv3___RNAseq.g12097.t1/Montipora_capitata_HIv3___RNAseq.g29751.t1/Montipora_capitata_HIv3___RNAseq.g8826.t1/Montipora_capitata_HIv3___RNAseq.g44164.t1,0.9890269935940342,NA,NA
GO:0036211,protein modification process,7/38,1812/8282,0.7561888853911793,0.8055446121944742,7,1812,Montipora_capitata_HIv3___RNAseq.g11431.t1/Montipora_capitata_HIv3___RNAseq.g20093.t1/Montipora_capitata_HIv3___RNAseq.g13613.t1/Montipora_capitata_HIv3___RNAseq.g12097.t1/Montipora_capitata_HIv3___RNAseq.g29751.t1/Montipora_capitata_HIv3___RNAseq.g8826.t1/Montipora_capitata_HIv3___RNAseq.g44164.t1,0.9890269935940342,protein modification process,BP
GO:0044281,small molecule metabolic process,5/38,1342/8282,0.7601588719735841,0.7827558660491545,5,1342,Montipora_capitata_HIv3___RNAseq.g39502.t1/Montipora_capitata_HIv3___RNAseq.g20093.t1/Montipora_capitata_HIv3___RNAseq.g22747.t1/Montipora_capitata_HIv3___RNAseq.g33912.t1/Montipora_capitata_HIv3___RNAseq.g12097.t1,0.9890269935940342,small molecule metabolic process,BP
GO:0009987,cellular process,32/38,7174/8282,0.7606030687836185,0.8229505988782897,32,7174,Montipora_capitata_HIv3___RNAseq.g31228.t1/Montipora_capitata_HIv3___RNAseq.g11431.t1/Montipora_capitata_HIv3___RNAseq.g39502.t1/Montipora_capitata_HIv3___TS.g13493.t1/Montipora_capitata_HIv3___RNAseq.g7598.t1/Montipora_capitata_HIv3___RNAseq.g30422.t1/Montipora_capitata_HIv3___RNAseq.g20093.t1/Montipora_capitata_HIv3___RNAseq.g40803.t1/Montipora_capitata_HIv3___RNAseq.g25591.t1/Montipora_capitata_HIv3___RNAseq.g13613.t1/Montipora_capitata_HIv3___RNAseq.g25137.t1/Montipora_capitata_HIv3___TS.g26714.t1/Montipora_capitata_HIv3___RNAseq.g44775.t1/Montipora_capitata_HIv3___RNAseq.g22747.t1/Montipora_capitata_HIv3___RNAseq.g21911.t1/Montipora_capitata_HIv3___RNAseq.g33912.t1/Montipora_capitata_HIv3___RNAseq.g44252.t1/Montipora_capitata_HIv3___RNAseq.g26661.t1/Montipora_capitata_HIv3___TS.g14965.t1/Montipora_capitata_HIv3___RNAseq.g49974.t1/Montipora_capitata_HIv3___TS.g16805.t1/Montipora_capitata_HIv3___RNAseq.g34571.t1/Montipora_capitata_HIv3___RNAseq.g12097.t1/Montipora_capitata_HIv3___RNAseq.g29751.t1/Montipora_capitata_HIv3___RNAseq.g8826.t1/Montipora_capitata_HIv3___RNAseq.g25143.t1/Montipora_capitata_HIv3___RNAseq.g44321.t1/Montipora_capitata_HIv3___RNAseq.g44164.t1/Montipora_capitata_HIv3___RNAseq.g2578.t1/Montipora_capitata_HIv3___RNAseq.g45083.t2/Montipora_capitata_HIv3___RNAseq.g43134.t1/Montipora_capitata_HIv3___RNAseq.g14940.t1,0.9890269935940342,cellular process,BP
GO:0019538,protein metabolic process,10/38,2529/8282,0.7677644685131751,0.8117211475008145,10,2529,Montipora_capitata_HIv3___RNAseq.g11431.t1/Montipora_capitata_HIv3___TS.g13493.t1/Montipora_capitata_HIv3___RNAseq.g20093.t1/Montipora_capitata_HIv3___RNAseq.g13613.t1/Montipora_capitata_HIv3___RNAseq.g26661.t1/Montipora_capitata_HIv3___TS.g14965.t1/Montipora_capitata_HIv3___RNAseq.g12097.t1/Montipora_capitata_HIv3___RNAseq.g29751.t1/Montipora_capitata_HIv3___RNAseq.g8826.t1/Montipora_capitata_HIv3___RNAseq.g44164.t1,0.9951596773403257,protein metabolic process,BP
GO:0034654,nucleobase-containing compound biosynthetic process,3/38,883/8282,0.7863219814110093,0.7173000132624274,3,883,Montipora_capitata_HIv3___RNAseq.g22747.t1/Montipora_capitata_HIv3___RNAseq.g33912.t1/Montipora_capitata_HIv3___RNAseq.g12097.t1,0.9988900492215422,nucleobase-containing compound biosynthetic process,BP
GO:0043227,membrane-bounded organelle,26/38,6038/8282,0.7927360335913425,0.8043921929552685,26,6038,Montipora_capitata_HIv3___RNAseq.g663.t1/Montipora_capitata_HIv3___RNAseq.g39502.t1/Montipora_capitata_HIv3___TS.g13493.t1/Montipora_capitata_HIv3___RNAseq.g7598.t1/Montipora_capitata_HIv3___RNAseq.g30422.t1/Montipora_capitata_HIv3___RNAseq.g20093.t1/Montipora_capitata_HIv3___RNAseq.g25591.t1/Montipora_capitata_HIv3___RNAseq.g13613.t1/Montipora_capitata_HIv3___RNAseq.g25137.t1/Montipora_capitata_HIv3___TS.g26714.t1/Montipora_capitata_HIv3___RNAseq.g22747.t1/Montipora_capitata_HIv3___RNAseq.g44252.t1/Montipora_capitata_HIv3___RNAseq.g26661.t1/Montipora_capitata_HIv3___TS.g14965.t1/Montipora_capitata_HIv3___RNAseq.g49974.t1/Montipora_capitata_HIv3___RNAseq.g34571.t1/Montipora_capitata_HIv3___RNAseq.g12097.t1/Montipora_capitata_HIv3___TS.g35289.t2/Montipora_capitata_HIv3___RNAseq.g29751.t1/Montipora_capitata_HIv3___RNAseq.g25143.t1/Montipora_capitata_HIv3___RNAseq.g44321.t1/Montipora_capitata_HIv3___RNAseq.g44164.t1/Montipora_capitata_HIv3___RNAseq.g2578.t1/Montipora_capitata_HIv3___RNAseq.g45083.t2/Montipora_capitata_HIv3___RNAseq.g43134.t1/Montipora_capitata_HIv3___RNAseq.g14940.t1,0.9988900492215422,membrane-bounded organelle,CC
GO:0051094,positive regulation of developmental process,3/38,898/8282,0.7962081959946268,0.7038410664744169,3,898,Montipora_capitata_HIv3___TS.g14965.t1/Montipora_capitata_HIv3___RNAseq.g34571.t1/Montipora_capitata_HIv3___RNAseq.g44164.t1,0.9988900492215422,positive regulation of developmental process,BP
GO:0043168,anion binding,3/38,898/8282,0.7962081959946268,0.7038410664744169,3,898,Montipora_capitata_HIv3___RNAseq.g33271.t1/Montipora_capitata_HIv3___TS.g16805.t1/Montipora_capitata_HIv3___RNAseq.g12097.t1,0.9988900492215422,anion binding,MF
GO:0050793,regulation of developmental process,6/38,1652/8282,0.797995231885856,0.7516213633676349,6,1652,Montipora_capitata_HIv3___RNAseq.g11431.t1/Montipora_capitata_HIv3___RNAseq.g40803.t1/Montipora_capitata_HIv3___TS.g14965.t1/Montipora_capitata_HIv3___RNAseq.g34571.t1/Montipora_capitata_HIv3___RNAseq.g44321.t1/Montipora_capitata_HIv3___RNAseq.g44164.t1,0.9988900492215422,regulation of developmental process,BP
GO:0033043,regulation of organelle organization,3/38,901/8282,0.798141182923231,0.7012035920492197,3,901,Montipora_capitata_HIv3___RNAseq.g41254.t1/Montipora_capitata_HIv3___TS.g14965.t1/Montipora_capitata_HIv3___RNAseq.g45083.t2,0.9988900492215422,regulation of organelle organization,BP
GO:0003008,system process,3/38,925/8282,0.8130836087017266,0.6807216402450766,3,925,Montipora_capitata_HIv3___RNAseq.g41254.t1/Montipora_capitata_HIv3___RNAseq.g44252.t1/Montipora_capitata_HIv3___TS.g16805.t1,0.9988900492215422,system process,BP
GO:0042981,regulation of apoptotic process,3/38,926/8282,0.8136863480483552,0.679891339113738,3,926,Montipora_capitata_HIv3___TS.g14965.t1/Montipora_capitata_HIv3___RNAseq.g29751.t1/Montipora_capitata_HIv3___RNAseq.g44164.t1,0.9988900492215422,regulation of apoptotic process,BP
GO:0007166,cell surface receptor signaling pathway,3/38,928/8282,0.8148871207689989,0.6782361221939421,3,928,Montipora_capitata_HIv3___RNAseq.g40803.t1/Montipora_capitata_HIv3___RNAseq.g13613.t1/Montipora_capitata_HIv3___TS.g14965.t1,0.9988900492215422,cell surface receptor signaling pathway,BP
GO:0007154,cell communication,8/38,2166/8282,0.8150344349040536,0.7520901385844625,8,2166,Montipora_capitata_HIv3___RNAseq.g20093.t1/Montipora_capitata_HIv3___RNAseq.g40803.t1/Montipora_capitata_HIv3___RNAseq.g13613.t1/Montipora_capitata_HIv3___RNAseq.g25137.t1/Montipora_capitata_HIv3___TS.g14965.t1/Montipora_capitata_HIv3___TS.g16805.t1/Montipora_capitata_HIv3___RNAseq.g25143.t1/Montipora_capitata_HIv3___RNAseq.g44164.t1,0.9988900492215422,cell communication,BP
GO:0007049,cell cycle,3/38,929/8282,0.8154851587426808,0.6774111947752282,3,929,Montipora_capitata_HIv3___RNAseq.g39502.t1/Montipora_capitata_HIv3___TS.g26714.t1/Montipora_capitata_HIv3___RNAseq.g22747.t1,0.9988900492215422,cell cycle,BP
GO:0009790,embryo development,4/38,1190/8282,0.816000526115993,0.7001562662997374,4,1190,Montipora_capitata_HIv3___RNAseq.g39502.t1/Montipora_capitata_HIv3___TS.g14965.t1/Montipora_capitata_HIv3___RNAseq.g49974.t1/Montipora_capitata_HIv3___RNAseq.g43134.t1,0.9988900492215422,embryo development,BP
GO:0032270,GO:0032270,3/38,931/8282,0.8166765494624871,0.6757666731325007,3,931,Montipora_capitata_HIv3___RNAseq.g25591.t1/Montipora_capitata_HIv3___TS.g14965.t1/Montipora_capitata_HIv3___RNAseq.g8826.t1,0.9988900492215422,NA,NA
GO:0051128,regulation of cellular component organization,6/38,1692/8282,0.8177067172124713,0.7293441123292338,6,1692,Montipora_capitata_HIv3___RNAseq.g41254.t1/Montipora_capitata_HIv3___TS.g14965.t1/Montipora_capitata_HIv3___RNAseq.g34571.t1/Montipora_capitata_HIv3___RNAseq.g44164.t1/Montipora_capitata_HIv3___RNAseq.g2578.t1/Montipora_capitata_HIv3___RNAseq.g45083.t2,0.9988900492215422,regulation of cellular component organization,BP
GO:0051704,GO:0051704,6/38,1701/8282,0.8219409989458901,0.7244766554353702,6,1701,Montipora_capitata_HIv3___RNAseq.g39502.t1/Montipora_capitata_HIv3___RNAseq.g25591.t1/Montipora_capitata_HIv3___RNAseq.g41254.t1/Montipora_capitata_HIv3___RNAseq.g44775.t1/Montipora_capitata_HIv3___RNAseq.g22747.t1/Montipora_capitata_HIv3___TS.g14965.t1,0.9988900492215422,NA,NA
GO:0043067,regulation of programmed cell death,3/38,952/8282,0.8288135258069738,0.6589176616517666,3,952,Montipora_capitata_HIv3___TS.g14965.t1/Montipora_capitata_HIv3___RNAseq.g29751.t1/Montipora_capitata_HIv3___RNAseq.g44164.t1,0.9988900492215422,regulation of programmed cell death,BP
GO:0043412,macromolecule modification,7/38,1967/8282,0.8323046564680865,0.7239979639412266,7,1967,Montipora_capitata_HIv3___RNAseq.g11431.t1/Montipora_capitata_HIv3___RNAseq.g20093.t1/Montipora_capitata_HIv3___RNAseq.g13613.t1/Montipora_capitata_HIv3___RNAseq.g12097.t1/Montipora_capitata_HIv3___RNAseq.g29751.t1/Montipora_capitata_HIv3___RNAseq.g8826.t1/Montipora_capitata_HIv3___RNAseq.g44164.t1,0.9988900492215422,macromolecule modification,BP
GO:0044444,GO:0044444,23/38,5512/8282,0.8323318368265624,0.7696505166435148,23,5512,Montipora_capitata_HIv3___RNAseq.g31228.t1/Montipora_capitata_HIv3___RNAseq.g11431.t1/Montipora_capitata_HIv3___RNAseq.g663.t1/Montipora_capitata_HIv3___RNAseq.g39502.t1/Montipora_capitata_HIv3___TS.g13493.t1/Montipora_capitata_HIv3___RNAseq.g7598.t1/Montipora_capitata_HIv3___RNAseq.g20093.t1/Montipora_capitata_HIv3___RNAseq.g40803.t1/Montipora_capitata_HIv3___RNAseq.g25591.t1/Montipora_capitata_HIv3___RNAseq.g13613.t1/Montipora_capitata_HIv3___RNAseq.g25137.t1/Montipora_capitata_HIv3___RNAseq.g22747.t1/Montipora_capitata_HIv3___RNAseq.g33912.t1/Montipora_capitata_HIv3___RNAseq.g26661.t1/Montipora_capitata_HIv3___TS.g14965.t1/Montipora_capitata_HIv3___RNAseq.g34571.t1/Montipora_capitata_HIv3___RNAseq.g12097.t1/Montipora_capitata_HIv3___TS.g35289.t2/Montipora_capitata_HIv3___RNAseq.g29751.t1/Montipora_capitata_HIv3___RNAseq.g25143.t1/Montipora_capitata_HIv3___RNAseq.g44164.t1/Montipora_capitata_HIv3___RNAseq.g2578.t1/Montipora_capitata_HIv3___RNAseq.g14940.t1,0.9988900492215422,NA,NA
GO:0019438,aromatic compound biosynthetic process,3/38,959/8282,0.8327103151429909,0.6534658083709484,3,959,Montipora_capitata_HIv3___RNAseq.g22747.t1/Montipora_capitata_HIv3___RNAseq.g33912.t1/Montipora_capitata_HIv3___RNAseq.g12097.t1,0.9988900492215422,aromatic compound biosynthetic process,BP
GO:0018130,heterocycle biosynthetic process,3/38,965/8282,0.835992251847708,0.6488559358889796,3,965,Montipora_capitata_HIv3___RNAseq.g22747.t1/Montipora_capitata_HIv3___RNAseq.g33912.t1/Montipora_capitata_HIv3___RNAseq.g12097.t1,0.9988900492215422,heterocycle biosynthetic process,BP
GO:0032991,protein-containing complex,12/38,3164/8282,0.8437734546307101,0.745632676831233,12,3164,Montipora_capitata_HIv3___RNAseq.g31228.t1/Montipora_capitata_HIv3___RNAseq.g11431.t1/Montipora_capitata_HIv3___RNAseq.g663.t1/Montipora_capitata_HIv3___RNAseq.g40803.t1/Montipora_capitata_HIv3___RNAseq.g25591.t1/Montipora_capitata_HIv3___RNAseq.g13613.t1/Montipora_capitata_HIv3___TS.g26714.t1/Montipora_capitata_HIv3___RNAseq.g22747.t1/Montipora_capitata_HIv3___RNAseq.g44252.t1/Montipora_capitata_HIv3___TS.g14965.t1/Montipora_capitata_HIv3___RNAseq.g12097.t1/Montipora_capitata_HIv3___RNAseq.g44164.t1,0.9988900492215422,protein-containing complex,CC
GO:0051247,positive regulation of protein metabolic process,3/38,982/8282,0.8450043482080157,0.6361014644158545,3,982,Montipora_capitata_HIv3___RNAseq.g25591.t1/Montipora_capitata_HIv3___TS.g14965.t1/Montipora_capitata_HIv3___RNAseq.g8826.t1,0.9988900492215422,positive regulation of protein metabolic process,BP
GO:0043226,organelle,28/38,6592/8282,0.8648906394833294,0.7166683555894258,28,6592,Montipora_capitata_HIv3___RNAseq.g31228.t1/Montipora_capitata_HIv3___RNAseq.g663.t1/Montipora_capitata_HIv3___RNAseq.g39502.t1/Montipora_capitata_HIv3___TS.g13493.t1/Montipora_capitata_HIv3___RNAseq.g7598.t1/Montipora_capitata_HIv3___RNAseq.g30422.t1/Montipora_capitata_HIv3___RNAseq.g20093.t1/Montipora_capitata_HIv3___RNAseq.g40803.t1/Montipora_capitata_HIv3___RNAseq.g25591.t1/Montipora_capitata_HIv3___RNAseq.g13613.t1/Montipora_capitata_HIv3___RNAseq.g25137.t1/Montipora_capitata_HIv3___TS.g26714.t1/Montipora_capitata_HIv3___RNAseq.g22747.t1/Montipora_capitata_HIv3___RNAseq.g44252.t1/Montipora_capitata_HIv3___RNAseq.g26661.t1/Montipora_capitata_HIv3___TS.g14965.t1/Montipora_capitata_HIv3___RNAseq.g49974.t1/Montipora_capitata_HIv3___RNAseq.g34571.t1/Montipora_capitata_HIv3___RNAseq.g12097.t1/Montipora_capitata_HIv3___TS.g35289.t2/Montipora_capitata_HIv3___RNAseq.g29751.t1/Montipora_capitata_HIv3___RNAseq.g25143.t1/Montipora_capitata_HIv3___RNAseq.g44321.t1/Montipora_capitata_HIv3___RNAseq.g44164.t1/Montipora_capitata_HIv3___RNAseq.g2578.t1/Montipora_capitata_HIv3___RNAseq.g45083.t2/Montipora_capitata_HIv3___RNAseq.g43134.t1/Montipora_capitata_HIv3___RNAseq.g14940.t1,0.9988900492215422,organelle,CC
GO:0023052,signaling,7/38,2057/8282,0.8676440899008453,0.6823097719713548,7,2057,Montipora_capitata_HIv3___RNAseq.g20093.t1/Montipora_capitata_HIv3___RNAseq.g40803.t1/Montipora_capitata_HIv3___RNAseq.g13613.t1/Montipora_capitata_HIv3___RNAseq.g25137.t1/Montipora_capitata_HIv3___TS.g14965.t1/Montipora_capitata_HIv3___TS.g16805.t1/Montipora_capitata_HIv3___RNAseq.g25143.t1,0.9988900492215422,signaling,BP
GO:0005829,cytosol,11/38,3014/8282,0.8708062477271851,0.7110575707780198,11,3014,Montipora_capitata_HIv3___RNAseq.g11431.t1/Montipora_capitata_HIv3___RNAseq.g20093.t1/Montipora_capitata_HIv3___RNAseq.g40803.t1/Montipora_capitata_HIv3___RNAseq.g13613.t1/Montipora_capitata_HIv3___RNAseq.g22747.t1/Montipora_capitata_HIv3___RNAseq.g33912.t1/Montipora_capitata_HIv3___TS.g14965.t1/Montipora_capitata_HIv3___RNAseq.g34571.t1/Montipora_capitata_HIv3___RNAseq.g12097.t1/Montipora_capitata_HIv3___TS.g35289.t2/Montipora_capitata_HIv3___RNAseq.g29751.t1,0.9988900492215422,cytosol,CC
GO:1901566,organonitrogen compound biosynthetic process,3/38,1037/8282,0.8713886633475172,0.5977101751477442,3,1037,Montipora_capitata_HIv3___RNAseq.g22747.t1/Montipora_capitata_HIv3___RNAseq.g33912.t1/Montipora_capitata_HIv3___RNAseq.g12097.t1,0.9988900492215422,organonitrogen compound biosynthetic process,BP
GO:0006796,phosphate-containing compound metabolic process,4/38,1309/8282,0.8721065313811491,0.625589821469535,4,1309,Montipora_capitata_HIv3___RNAseq.g20093.t1/Montipora_capitata_HIv3___RNAseq.g22747.t1/Montipora_capitata_HIv3___RNAseq.g33912.t1/Montipora_capitata_HIv3___RNAseq.g12097.t1,0.9988900492215422,phosphate-containing compound metabolic process,BP
GO:0048523,negative regulation of cellular process,9/38,2566/8282,0.8770375537504158,0.6902508283266604,9,2566,Montipora_capitata_HIv3___RNAseq.g20093.t1/Montipora_capitata_HIv3___RNAseq.g25591.t1/Montipora_capitata_HIv3___RNAseq.g21911.t1/Montipora_capitata_HIv3___TS.g14965.t1/Montipora_capitata_HIv3___RNAseq.g49974.t1/Montipora_capitata_HIv3___RNAseq.g34571.t1/Montipora_capitata_HIv3___RNAseq.g44321.t1/Montipora_capitata_HIv3___RNAseq.g2578.t1/Montipora_capitata_HIv3___RNAseq.g43134.t1,0.9988900492215422,negative regulation of cellular process,BP
GO:0031982,vesicle,4/38,1324/8282,0.878065256692923,0.6171448276868023,4,1324,Montipora_capitata_HIv3___RNAseq.g663.t1/Montipora_capitata_HIv3___RNAseq.g22747.t1/Montipora_capitata_HIv3___RNAseq.g44252.t1/Montipora_capitata_HIv3___RNAseq.g44164.t1,0.9988900492215422,vesicle,CC
GO:1901362,organic cyclic compound biosynthetic process,3/38,1057/8282,0.8799926459606129,0.5847430438733566,3,1057,Montipora_capitata_HIv3___RNAseq.g22747.t1/Montipora_capitata_HIv3___RNAseq.g33912.t1/Montipora_capitata_HIv3___RNAseq.g12097.t1,0.9988900492215422,organic cyclic compound biosynthetic process,BP
GO:0006793,phosphorus metabolic process,4/38,1335/8282,0.882288170059921,0.6110728074358391,4,1335,Montipora_capitata_HIv3___RNAseq.g20093.t1/Montipora_capitata_HIv3___RNAseq.g22747.t1/Montipora_capitata_HIv3___RNAseq.g33912.t1/Montipora_capitata_HIv3___RNAseq.g12097.t1,0.9988900492215422,phosphorus metabolic process,BP
GO:2000026,regulation of multicellular organismal development,4/38,1344/8282,0.88565272118947,0.6061789407593637,4,1344,Montipora_capitata_HIv3___RNAseq.g11431.t1/Montipora_capitata_HIv3___RNAseq.g40803.t1/Montipora_capitata_HIv3___TS.g14965.t1/Montipora_capitata_HIv3___RNAseq.g44164.t1,0.9988900492215422,regulation of multicellular organismal development,BP
GO:0005856,cytoskeleton,3/38,1077/8282,0.8881017690827073,0.5722588357119913,3,1077,Montipora_capitata_HIv3___RNAseq.g22747.t1/Montipora_capitata_HIv3___TS.g14965.t1/Montipora_capitata_HIv3___RNAseq.g45083.t2,0.9988900492215422,cytoskeleton,CC
GO:0010941,GO:0010941,3/38,1084/8282,0.8908269450356254,0.5679984934627662,3,1084,Montipora_capitata_HIv3___TS.g14965.t1/Montipora_capitata_HIv3___RNAseq.g29751.t1/Montipora_capitata_HIv3___RNAseq.g44164.t1,0.9988900492215422,NA,NA
GO:1901564,organonitrogen compound metabolic process,12/38,3320/8282,0.8936580079682275,0.6887101414397994,12,3320,Montipora_capitata_HIv3___RNAseq.g11431.t1/Montipora_capitata_HIv3___TS.g13493.t1/Montipora_capitata_HIv3___RNAseq.g20093.t1/Montipora_capitata_HIv3___RNAseq.g13613.t1/Montipora_capitata_HIv3___RNAseq.g22747.t1/Montipora_capitata_HIv3___RNAseq.g33912.t1/Montipora_capitata_HIv3___RNAseq.g26661.t1/Montipora_capitata_HIv3___TS.g14965.t1/Montipora_capitata_HIv3___RNAseq.g12097.t1/Montipora_capitata_HIv3___RNAseq.g29751.t1/Montipora_capitata_HIv3___RNAseq.g8826.t1/Montipora_capitata_HIv3___RNAseq.g44164.t1,0.9988900492215422,organonitrogen compound metabolic process,BP
GO:0043229,intracellular organelle,27/38,6479/8282,0.8952252884099052,0.6817690091279015,27,6479,Montipora_capitata_HIv3___RNAseq.g31228.t1/Montipora_capitata_HIv3___RNAseq.g663.t1/Montipora_capitata_HIv3___RNAseq.g39502.t1/Montipora_capitata_HIv3___TS.g13493.t1/Montipora_capitata_HIv3___RNAseq.g7598.t1/Montipora_capitata_HIv3___RNAseq.g30422.t1/Montipora_capitata_HIv3___RNAseq.g20093.t1/Montipora_capitata_HIv3___RNAseq.g40803.t1/Montipora_capitata_HIv3___RNAseq.g25591.t1/Montipora_capitata_HIv3___RNAseq.g13613.t1/Montipora_capitata_HIv3___RNAseq.g25137.t1/Montipora_capitata_HIv3___TS.g26714.t1/Montipora_capitata_HIv3___RNAseq.g22747.t1/Montipora_capitata_HIv3___RNAseq.g26661.t1/Montipora_capitata_HIv3___TS.g14965.t1/Montipora_capitata_HIv3___RNAseq.g49974.t1/Montipora_capitata_HIv3___RNAseq.g34571.t1/Montipora_capitata_HIv3___RNAseq.g12097.t1/Montipora_capitata_HIv3___TS.g35289.t2/Montipora_capitata_HIv3___RNAseq.g29751.t1/Montipora_capitata_HIv3___RNAseq.g25143.t1/Montipora_capitata_HIv3___RNAseq.g44321.t1/Montipora_capitata_HIv3___RNAseq.g44164.t1/Montipora_capitata_HIv3___RNAseq.g2578.t1/Montipora_capitata_HIv3___RNAseq.g45083.t2/Montipora_capitata_HIv3___RNAseq.g43134.t1/Montipora_capitata_HIv3___RNAseq.g14940.t1,0.9988900492215422,intracellular organelle,CC
GO:0043228,non-membrane-bounded organelle,8/38,2440/8282,0.9100684977735434,0.6373015819559135,8,2440,Montipora_capitata_HIv3___RNAseq.g31228.t1/Montipora_capitata_HIv3___RNAseq.g40803.t1/Montipora_capitata_HIv3___RNAseq.g25591.t1/Montipora_capitata_HIv3___TS.g26714.t1/Montipora_capitata_HIv3___RNAseq.g22747.t1/Montipora_capitata_HIv3___TS.g14965.t1/Montipora_capitata_HIv3___RNAseq.g45083.t2/Montipora_capitata_HIv3___RNAseq.g14940.t1,0.9988900492215422,non-membrane-bounded organelle,CC
GO:0043232,intracellular non-membrane-bounded organelle,8/38,2440/8282,0.9100684977735434,0.6373015819559135,8,2440,Montipora_capitata_HIv3___RNAseq.g31228.t1/Montipora_capitata_HIv3___RNAseq.g40803.t1/Montipora_capitata_HIv3___RNAseq.g25591.t1/Montipora_capitata_HIv3___TS.g26714.t1/Montipora_capitata_HIv3___RNAseq.g22747.t1/Montipora_capitata_HIv3___TS.g14965.t1/Montipora_capitata_HIv3___RNAseq.g45083.t2/Montipora_capitata_HIv3___RNAseq.g14940.t1,0.9988900492215422,intracellular non-membrane-bounded organelle,CC
GO:0048584,positive regulation of response to stimulus,3/38,1142/8282,0.9112915871613683,0.5347129177433235,3,1142,Montipora_capitata_HIv3___RNAseq.g13613.t1/Montipora_capitata_HIv3___TS.g14965.t1/Montipora_capitata_HIv3___RNAseq.g44164.t1,0.9988900492215422,positive regulation of response to stimulus,BP
GO:0070013,intracellular organelle lumen,11/38,3165/8282,0.9130493833202318,0.6575154229198741,11,3165,Montipora_capitata_HIv3___RNAseq.g20093.t1/Montipora_capitata_HIv3___TS.g26714.t1/Montipora_capitata_HIv3___RNAseq.g22747.t1/Montipora_capitata_HIv3___RNAseq.g26661.t1/Montipora_capitata_HIv3___TS.g14965.t1/Montipora_capitata_HIv3___RNAseq.g34571.t1/Montipora_capitata_HIv3___RNAseq.g12097.t1/Montipora_capitata_HIv3___RNAseq.g29751.t1/Montipora_capitata_HIv3___RNAseq.g44164.t1/Montipora_capitata_HIv3___RNAseq.g45083.t2/Montipora_capitata_HIv3___RNAseq.g14940.t1,0.9988900492215422,intracellular organelle lumen,CC
GO:0031974,membrane-enclosed lumen,11/38,3169/8282,0.91400231750392,0.6561666999133773,11,3169,Montipora_capitata_HIv3___RNAseq.g20093.t1/Montipora_capitata_HIv3___TS.g26714.t1/Montipora_capitata_HIv3___RNAseq.g22747.t1/Montipora_capitata_HIv3___RNAseq.g26661.t1/Montipora_capitata_HIv3___TS.g14965.t1/Montipora_capitata_HIv3___RNAseq.g34571.t1/Montipora_capitata_HIv3___RNAseq.g12097.t1/Montipora_capitata_HIv3___RNAseq.g29751.t1/Montipora_capitata_HIv3___RNAseq.g44164.t1/Montipora_capitata_HIv3___RNAseq.g45083.t2/Montipora_capitata_HIv3___RNAseq.g14940.t1,0.9988900492215422,membrane-enclosed lumen,CC
GO:0043233,organelle lumen,11/38,3169/8282,0.91400231750392,0.6561666999133773,11,3169,Montipora_capitata_HIv3___RNAseq.g20093.t1/Montipora_capitata_HIv3___TS.g26714.t1/Montipora_capitata_HIv3___RNAseq.g22747.t1/Montipora_capitata_HIv3___RNAseq.g26661.t1/Montipora_capitata_HIv3___TS.g14965.t1/Montipora_capitata_HIv3___RNAseq.g34571.t1/Montipora_capitata_HIv3___RNAseq.g12097.t1/Montipora_capitata_HIv3___RNAseq.g29751.t1/Montipora_capitata_HIv3___RNAseq.g44164.t1/Montipora_capitata_HIv3___RNAseq.g45083.t2/Montipora_capitata_HIv3___RNAseq.g14940.t1,0.9988900492215422,organelle lumen,CC
GO:0006139,nucleobase-containing compound metabolic process,7/38,2209/8282,0.914010377783385,0.6195859698698205,7,2209,Montipora_capitata_HIv3___RNAseq.g31228.t1/Montipora_capitata_HIv3___RNAseq.g40803.t1/Montipora_capitata_HIv3___TS.g26714.t1/Montipora_capitata_HIv3___RNAseq.g22747.t1/Montipora_capitata_HIv3___RNAseq.g33912.t1/Montipora_capitata_HIv3___RNAseq.g12097.t1/Montipora_capitata_HIv3___RNAseq.g45083.t2,0.9988900492215422,nucleobase-containing compound metabolic process,BP
GO:0005737,cytoplasm,25/38,6163/8282,0.916954230535729,0.6598605750535481,25,6163,Montipora_capitata_HIv3___RNAseq.g31228.t1/Montipora_capitata_HIv3___RNAseq.g11431.t1/Montipora_capitata_HIv3___RNAseq.g663.t1/Montipora_capitata_HIv3___RNAseq.g39502.t1/Montipora_capitata_HIv3___TS.g13493.t1/Montipora_capitata_HIv3___RNAseq.g7598.t1/Montipora_capitata_HIv3___RNAseq.g20093.t1/Montipora_capitata_HIv3___RNAseq.g40803.t1/Montipora_capitata_HIv3___RNAseq.g25591.t1/Montipora_capitata_HIv3___RNAseq.g13613.t1/Montipora_capitata_HIv3___RNAseq.g25137.t1/Montipora_capitata_HIv3___RNAseq.g22747.t1/Montipora_capitata_HIv3___RNAseq.g21911.t1/Montipora_capitata_HIv3___RNAseq.g33912.t1/Montipora_capitata_HIv3___RNAseq.g26661.t1/Montipora_capitata_HIv3___TS.g14965.t1/Montipora_capitata_HIv3___RNAseq.g34571.t1/Montipora_capitata_HIv3___RNAseq.g12097.t1/Montipora_capitata_HIv3___TS.g35289.t2/Montipora_capitata_HIv3___RNAseq.g29751.t1/Montipora_capitata_HIv3___RNAseq.g25143.t1/Montipora_capitata_HIv3___RNAseq.g44164.t1/Montipora_capitata_HIv3___RNAseq.g2578.t1/Montipora_capitata_HIv3___RNAseq.g45083.t2/Montipora_capitata_HIv3___RNAseq.g14940.t1,0.9988900492215422,cytoplasm,CC
GO:0002376,immune system process,3/38,1178/8282,0.9222401000362257,0.5157056496047122,3,1178,Montipora_capitata_HIv3___RNAseq.g13613.t1/Montipora_capitata_HIv3___TS.g14965.t1/Montipora_capitata_HIv3___RNAseq.g44164.t1,0.9988900492215422,immune system process,BP
GO:0005622,intracellular anatomical structure,31/38,7292/8282,0.9236151599779143,0.5995907779473079,31,7292,Montipora_capitata_HIv3___RNAseq.g31228.t1/Montipora_capitata_HIv3___RNAseq.g11431.t1/Montipora_capitata_HIv3___RNAseq.g663.t1/Montipora_capitata_HIv3___RNAseq.g39502.t1/Montipora_capitata_HIv3___TS.g13493.t1/Montipora_capitata_HIv3___RNAseq.g7598.t1/Montipora_capitata_HIv3___RNAseq.g30422.t1/Montipora_capitata_HIv3___RNAseq.g20093.t1/Montipora_capitata_HIv3___RNAseq.g40803.t1/Montipora_capitata_HIv3___RNAseq.g25591.t1/Montipora_capitata_HIv3___RNAseq.g13613.t1/Montipora_capitata_HIv3___RNAseq.g25137.t1/Montipora_capitata_HIv3___TS.g26714.t1/Montipora_capitata_HIv3___RNAseq.g22747.t1/Montipora_capitata_HIv3___RNAseq.g21911.t1/Montipora_capitata_HIv3___RNAseq.g33912.t1/Montipora_capitata_HIv3___RNAseq.g26661.t1/Montipora_capitata_HIv3___TS.g14965.t1/Montipora_capitata_HIv3___RNAseq.g49974.t1/Montipora_capitata_HIv3___RNAseq.g34571.t1/Montipora_capitata_HIv3___RNAseq.g12097.t1/Montipora_capitata_HIv3___TS.g35289.t2/Montipora_capitata_HIv3___RNAseq.g29751.t1/Montipora_capitata_HIv3___RNAseq.g8826.t1/Montipora_capitata_HIv3___RNAseq.g25143.t1/Montipora_capitata_HIv3___RNAseq.g44321.t1/Montipora_capitata_HIv3___RNAseq.g44164.t1/Montipora_capitata_HIv3___RNAseq.g2578.t1/Montipora_capitata_HIv3___RNAseq.g45083.t2/Montipora_capitata_HIv3___RNAseq.g43134.t1/Montipora_capitata_HIv3___RNAseq.g14940.t1,0.9988900492215422,intracellular anatomical structure,CC
GO:0043170,macromolecule metabolic process,14/38,3900/8282,0.9247897913597516,0.6542208034841124,14,3900,Montipora_capitata_HIv3___RNAseq.g31228.t1/Montipora_capitata_HIv3___RNAseq.g11431.t1/Montipora_capitata_HIv3___TS.g13493.t1/Montipora_capitata_HIv3___RNAseq.g20093.t1/Montipora_capitata_HIv3___RNAseq.g40803.t1/Montipora_capitata_HIv3___RNAseq.g13613.t1/Montipora_capitata_HIv3___TS.g26714.t1/Montipora_capitata_HIv3___RNAseq.g26661.t1/Montipora_capitata_HIv3___TS.g14965.t1/Montipora_capitata_HIv3___RNAseq.g12097.t1/Montipora_capitata_HIv3___RNAseq.g29751.t1/Montipora_capitata_HIv3___RNAseq.g8826.t1/Montipora_capitata_HIv3___RNAseq.g44164.t1/Montipora_capitata_HIv3___RNAseq.g45083.t2,0.9988900492215422,macromolecule metabolic process,BP
GO:1901575,organic substance catabolic process,3/38,1196/8282,0.9272555615345741,0.5066321767986992,3,1196,Montipora_capitata_HIv3___RNAseq.g11431.t1/Montipora_capitata_HIv3___TS.g14965.t1/Montipora_capitata_HIv3___RNAseq.g45083.t2,0.9988900492215422,organic substance catabolic process,BP
GO:1901360,organic cyclic compound metabolic process,8/38,2546/8282,0.9342415237330781,0.5995603565507722,8,2546,Montipora_capitata_HIv3___RNAseq.g31228.t1/Montipora_capitata_HIv3___RNAseq.g39502.t1/Montipora_capitata_HIv3___RNAseq.g40803.t1/Montipora_capitata_HIv3___TS.g26714.t1/Montipora_capitata_HIv3___RNAseq.g22747.t1/Montipora_capitata_HIv3___RNAseq.g33912.t1/Montipora_capitata_HIv3___RNAseq.g12097.t1/Montipora_capitata_HIv3___RNAseq.g45083.t2,0.9988900492215422,organic cyclic compound metabolic process,BP
GO:0044248,cellular catabolic process,3/38,1223/8282,0.9342442050199469,0.49352397295684985,3,1223,Montipora_capitata_HIv3___RNAseq.g11431.t1/Montipora_capitata_HIv3___TS.g14965.t1/Montipora_capitata_HIv3___RNAseq.g45083.t2,0.9988900492215422,cellular catabolic process,BP
GO:0044260,GO:0044260,11/38,3275/8282,0.936425786803833,0.621630061253696,11,3275,Montipora_capitata_HIv3___RNAseq.g11431.t1/Montipora_capitata_HIv3___TS.g13493.t1/Montipora_capitata_HIv3___RNAseq.g20093.t1/Montipora_capitata_HIv3___RNAseq.g13613.t1/Montipora_capitata_HIv3___TS.g26714.t1/Montipora_capitata_HIv3___TS.g14965.t1/Montipora_capitata_HIv3___RNAseq.g12097.t1/Montipora_capitata_HIv3___RNAseq.g29751.t1/Montipora_capitata_HIv3___RNAseq.g8826.t1/Montipora_capitata_HIv3___RNAseq.g44164.t1/Montipora_capitata_HIv3___RNAseq.g45083.t2,0.9988900492215422,NA,NA
GO:0032879,regulation of localization,4/38,1548/8282,0.9429260034006625,0.5105546688987429,4,1548,Montipora_capitata_HIv3___RNAseq.g20093.t1/Montipora_capitata_HIv3___RNAseq.g25591.t1/Montipora_capitata_HIv3___RNAseq.g44252.t1/Montipora_capitata_HIv3___TS.g14965.t1,0.9988900492215422,regulation of localization,BP
GO:0031410,cytoplasmic vesicle,3/38,1261/8282,0.9430710633335382,0.47602860167265937,3,1261,Montipora_capitata_HIv3___RNAseq.g663.t1/Montipora_capitata_HIv3___RNAseq.g22747.t1/Montipora_capitata_HIv3___RNAseq.g44164.t1,0.9988900492215422,cytoplasmic vesicle,CC
GO:0097708,intracellular vesicle,3/38,1264/8282,0.9437207353687171,0.4746922963496159,3,1264,Montipora_capitata_HIv3___RNAseq.g663.t1/Montipora_capitata_HIv3___RNAseq.g22747.t1/Montipora_capitata_HIv3___RNAseq.g44164.t1,0.9988900492215422,intracellular vesicle,CC
GO:0016043,cellular component organization,12/38,3549/8282,0.9439886947592174,0.6142464641446017,12,3549,Montipora_capitata_HIv3___RNAseq.g39502.t1/Montipora_capitata_HIv3___RNAseq.g7598.t1/Montipora_capitata_HIv3___RNAseq.g40803.t1/Montipora_capitata_HIv3___RNAseq.g25137.t1/Montipora_capitata_HIv3___TS.g26714.t1/Montipora_capitata_HIv3___RNAseq.g22747.t1/Montipora_capitata_HIv3___RNAseq.g26661.t1/Montipora_capitata_HIv3___TS.g14965.t1/Montipora_capitata_HIv3___RNAseq.g49974.t1/Montipora_capitata_HIv3___RNAseq.g25143.t1/Montipora_capitata_HIv3___RNAseq.g43134.t1/Montipora_capitata_HIv3___RNAseq.g14940.t1,0.9988900492215422,cellular component organization,BP
GO:0007165,signal transduction,5/38,1829/8282,0.9442809462522804,0.5333420724067615,5,1829,Montipora_capitata_HIv3___RNAseq.g20093.t1/Montipora_capitata_HIv3___RNAseq.g40803.t1/Montipora_capitata_HIv3___RNAseq.g13613.t1/Montipora_capitata_HIv3___TS.g14965.t1/Montipora_capitata_HIv3___TS.g16805.t1,0.9988900492215422,signal transduction,BP
GO:0046483,heterocycle metabolic process,7/38,2357/8282,0.9455738518124096,0.5663710704889607,7,2357,Montipora_capitata_HIv3___RNAseq.g31228.t1/Montipora_capitata_HIv3___RNAseq.g40803.t1/Montipora_capitata_HIv3___TS.g26714.t1/Montipora_capitata_HIv3___RNAseq.g22747.t1/Montipora_capitata_HIv3___RNAseq.g33912.t1/Montipora_capitata_HIv3___RNAseq.g12097.t1/Montipora_capitata_HIv3___RNAseq.g45083.t2,0.9988900492215422,heterocycle metabolic process,BP
GO:0044271,cellular nitrogen compound biosynthetic process,3/38,1304/8282,0.9517718214611719,0.45746378272299454,3,1304,Montipora_capitata_HIv3___RNAseq.g22747.t1/Montipora_capitata_HIv3___RNAseq.g33912.t1/Montipora_capitata_HIv3___RNAseq.g12097.t1,0.9988900492215422,cellular nitrogen compound biosynthetic process,BP
GO:1901576,organic substance biosynthetic process,6/38,2143/8282,0.9527977437581878,0.535836282001218,6,2143,Montipora_capitata_HIv3___RNAseq.g39502.t1/Montipora_capitata_HIv3___RNAseq.g20093.t1/Montipora_capitata_HIv3___RNAseq.g22747.t1/Montipora_capitata_HIv3___RNAseq.g33912.t1/Montipora_capitata_HIv3___RNAseq.g12097.t1/Montipora_capitata_HIv3___RNAseq.g45083.t2,0.9988900492215422,organic substance biosynthetic process,BP
GO:0044464,GO:0044464,33/38,7703/8282,0.9536231847948279,0.49397952541729856,33,7703,Montipora_capitata_HIv3___RNAseq.g31228.t1/Montipora_capitata_HIv3___RNAseq.g11431.t1/Montipora_capitata_HIv3___RNAseq.g663.t1/Montipora_capitata_HIv3___RNAseq.g39502.t1/Montipora_capitata_HIv3___TS.g13493.t1/Montipora_capitata_HIv3___RNAseq.g7598.t1/Montipora_capitata_HIv3___RNAseq.g30422.t1/Montipora_capitata_HIv3___RNAseq.g20093.t1/Montipora_capitata_HIv3___RNAseq.g40803.t1/Montipora_capitata_HIv3___RNAseq.g25591.t1/Montipora_capitata_HIv3___RNAseq.g13613.t1/Montipora_capitata_HIv3___RNAseq.g25137.t1/Montipora_capitata_HIv3___TS.g26714.t1/Montipora_capitata_HIv3___RNAseq.g22747.t1/Montipora_capitata_HIv3___RNAseq.g21911.t1/Montipora_capitata_HIv3___RNAseq.g33912.t1/Montipora_capitata_HIv3___RNAseq.g44252.t1/Montipora_capitata_HIv3___RNAseq.g26661.t1/Montipora_capitata_HIv3___TS.g14965.t1/Montipora_capitata_HIv3___RNAseq.g49974.t1/Montipora_capitata_HIv3___TS.g16805.t1/Montipora_capitata_HIv3___RNAseq.g34571.t1/Montipora_capitata_HIv3___RNAseq.g12097.t1/Montipora_capitata_HIv3___TS.g35289.t2/Montipora_capitata_HIv3___RNAseq.g29751.t1/Montipora_capitata_HIv3___RNAseq.g8826.t1/Montipora_capitata_HIv3___RNAseq.g25143.t1/Montipora_capitata_HIv3___RNAseq.g44321.t1/Montipora_capitata_HIv3___RNAseq.g44164.t1/Montipora_capitata_HIv3___RNAseq.g2578.t1/Montipora_capitata_HIv3___RNAseq.g45083.t2/Montipora_capitata_HIv3___RNAseq.g43134.t1/Montipora_capitata_HIv3___RNAseq.g14940.t1,0.9988900492215422,NA,NA
GO:0005654,nucleoplasm,6/38,2152/8282,0.9542134062502814,0.5328039595492193,6,2152,Montipora_capitata_HIv3___RNAseq.g20093.t1/Montipora_capitata_HIv3___TS.g14965.t1/Montipora_capitata_HIv3___RNAseq.g34571.t1/Montipora_capitata_HIv3___RNAseq.g12097.t1/Montipora_capitata_HIv3___RNAseq.g29751.t1/Montipora_capitata_HIv3___RNAseq.g45083.t2,0.9988900492215422,nucleoplasm,CC
GO:0006725,cellular aromatic compound metabolic process,7/38,2412/8282,0.9545064983659506,0.5482606850232885,7,2412,Montipora_capitata_HIv3___RNAseq.g31228.t1/Montipora_capitata_HIv3___RNAseq.g40803.t1/Montipora_capitata_HIv3___TS.g26714.t1/Montipora_capitata_HIv3___RNAseq.g22747.t1/Montipora_capitata_HIv3___RNAseq.g33912.t1/Montipora_capitata_HIv3___RNAseq.g12097.t1/Montipora_capitata_HIv3___RNAseq.g45083.t2,0.9988900492215422,cellular aromatic compound metabolic process,BP
GO:0005623,GO:0005623,33/38,7706/8282,0.9545989047987173,0.4912067367701349,33,7706,Montipora_capitata_HIv3___RNAseq.g31228.t1/Montipora_capitata_HIv3___RNAseq.g11431.t1/Montipora_capitata_HIv3___RNAseq.g663.t1/Montipora_capitata_HIv3___RNAseq.g39502.t1/Montipora_capitata_HIv3___TS.g13493.t1/Montipora_capitata_HIv3___RNAseq.g7598.t1/Montipora_capitata_HIv3___RNAseq.g30422.t1/Montipora_capitata_HIv3___RNAseq.g20093.t1/Montipora_capitata_HIv3___RNAseq.g40803.t1/Montipora_capitata_HIv3___RNAseq.g25591.t1/Montipora_capitata_HIv3___RNAseq.g13613.t1/Montipora_capitata_HIv3___RNAseq.g25137.t1/Montipora_capitata_HIv3___TS.g26714.t1/Montipora_capitata_HIv3___RNAseq.g22747.t1/Montipora_capitata_HIv3___RNAseq.g21911.t1/Montipora_capitata_HIv3___RNAseq.g33912.t1/Montipora_capitata_HIv3___RNAseq.g44252.t1/Montipora_capitata_HIv3___RNAseq.g26661.t1/Montipora_capitata_HIv3___TS.g14965.t1/Montipora_capitata_HIv3___RNAseq.g49974.t1/Montipora_capitata_HIv3___TS.g16805.t1/Montipora_capitata_HIv3___RNAseq.g34571.t1/Montipora_capitata_HIv3___RNAseq.g12097.t1/Montipora_capitata_HIv3___TS.g35289.t2/Montipora_capitata_HIv3___RNAseq.g29751.t1/Montipora_capitata_HIv3___RNAseq.g8826.t1/Montipora_capitata_HIv3___RNAseq.g25143.t1/Montipora_capitata_HIv3___RNAseq.g44321.t1/Montipora_capitata_HIv3___RNAseq.g44164.t1/Montipora_capitata_HIv3___RNAseq.g2578.t1/Montipora_capitata_HIv3___RNAseq.g45083.t2/Montipora_capitata_HIv3___RNAseq.g43134.t1/Montipora_capitata_HIv3___RNAseq.g14940.t1,0.9988900492215422,NA,NA
GO:0009056,catabolic process,3/38,1327/8282,0.9559180481022406,0.4480236134992882,3,1327,Montipora_capitata_HIv3___RNAseq.g11431.t1/Montipora_capitata_HIv3___TS.g14965.t1/Montipora_capitata_HIv3___RNAseq.g45083.t2,0.9988900492215422,catabolic process,BP
GO:0009058,biosynthetic process,6/38,2171/8282,0.9570828359975605,0.526485281498246,6,2171,Montipora_capitata_HIv3___RNAseq.g39502.t1/Montipora_capitata_HIv3___RNAseq.g20093.t1/Montipora_capitata_HIv3___RNAseq.g22747.t1/Montipora_capitata_HIv3___RNAseq.g33912.t1/Montipora_capitata_HIv3___RNAseq.g12097.t1/Montipora_capitata_HIv3___RNAseq.g45083.t2,0.9988900492215422,biosynthetic process,BP
GO:0006810,transport,7/38,2442/8282,0.9588315648094726,0.5387246545665182,7,2442,Montipora_capitata_HIv3___RNAseq.g25591.t1/Montipora_capitata_HIv3___RNAseq.g25137.t1/Montipora_capitata_HIv3___RNAseq.g44252.t1/Montipora_capitata_HIv3___TS.g14965.t1/Montipora_capitata_HIv3___TS.g16805.t1/Montipora_capitata_HIv3___TS.g35289.t2/Montipora_capitata_HIv3___RNAseq.g25143.t1,0.9988900492215422,transport,BP
GO:0012505,endomembrane system,7/38,2444/8282,0.9591069919873567,0.5380972664141347,7,2444,Montipora_capitata_HIv3___RNAseq.g663.t1/Montipora_capitata_HIv3___RNAseq.g39502.t1/Montipora_capitata_HIv3___TS.g13493.t1/Montipora_capitata_HIv3___RNAseq.g22747.t1/Montipora_capitata_HIv3___RNAseq.g26661.t1/Montipora_capitata_HIv3___RNAseq.g44164.t1/Montipora_capitata_HIv3___RNAseq.g14940.t1,0.9988900492215422,endomembrane system,CC
GO:0044237,cellular metabolic process,18/38,4979/8282,0.960779078270252,0.5956425140285627,18,4979,Montipora_capitata_HIv3___RNAseq.g31228.t1/Montipora_capitata_HIv3___RNAseq.g11431.t1/Montipora_capitata_HIv3___RNAseq.g39502.t1/Montipora_capitata_HIv3___TS.g13493.t1/Montipora_capitata_HIv3___RNAseq.g7598.t1/Montipora_capitata_HIv3___RNAseq.g20093.t1/Montipora_capitata_HIv3___RNAseq.g40803.t1/Montipora_capitata_HIv3___RNAseq.g13613.t1/Montipora_capitata_HIv3___TS.g26714.t1/Montipora_capitata_HIv3___RNAseq.g22747.t1/Montipora_capitata_HIv3___RNAseq.g33912.t1/Montipora_capitata_HIv3___RNAseq.g26661.t1/Montipora_capitata_HIv3___TS.g14965.t1/Montipora_capitata_HIv3___RNAseq.g12097.t1/Montipora_capitata_HIv3___RNAseq.g29751.t1/Montipora_capitata_HIv3___RNAseq.g8826.t1/Montipora_capitata_HIv3___RNAseq.g44164.t1/Montipora_capitata_HIv3___RNAseq.g45083.t2,0.9988900492215422,cellular metabolic process,BP
GO:0005575,cellular_component,34/38,7871/8282,0.9617159459679827,0.4414900728008089,34,7871,Montipora_capitata_HIv3___RNAseq.g31228.t1/Montipora_capitata_HIv3___RNAseq.g11431.t1/Montipora_capitata_HIv3___RNAseq.g40524.t1/Montipora_capitata_HIv3___RNAseq.g663.t1/Montipora_capitata_HIv3___RNAseq.g39502.t1/Montipora_capitata_HIv3___TS.g13493.t1/Montipora_capitata_HIv3___RNAseq.g7598.t1/Montipora_capitata_HIv3___RNAseq.g30422.t1/Montipora_capitata_HIv3___RNAseq.g20093.t1/Montipora_capitata_HIv3___RNAseq.g40803.t1/Montipora_capitata_HIv3___RNAseq.g25591.t1/Montipora_capitata_HIv3___RNAseq.g13613.t1/Montipora_capitata_HIv3___RNAseq.g25137.t1/Montipora_capitata_HIv3___TS.g26714.t1/Montipora_capitata_HIv3___RNAseq.g22747.t1/Montipora_capitata_HIv3___RNAseq.g21911.t1/Montipora_capitata_HIv3___RNAseq.g33912.t1/Montipora_capitata_HIv3___RNAseq.g44252.t1/Montipora_capitata_HIv3___RNAseq.g26661.t1/Montipora_capitata_HIv3___TS.g14965.t1/Montipora_capitata_HIv3___RNAseq.g49974.t1/Montipora_capitata_HIv3___TS.g16805.t1/Montipora_capitata_HIv3___RNAseq.g34571.t1/Montipora_capitata_HIv3___RNAseq.g12097.t1/Montipora_capitata_HIv3___TS.g35289.t2/Montipora_capitata_HIv3___RNAseq.g29751.t1/Montipora_capitata_HIv3___RNAseq.g8826.t1/Montipora_capitata_HIv3___RNAseq.g25143.t1/Montipora_capitata_HIv3___RNAseq.g44321.t1/Montipora_capitata_HIv3___RNAseq.g44164.t1/Montipora_capitata_HIv3___RNAseq.g2578.t1/Montipora_capitata_HIv3___RNAseq.g45083.t2/Montipora_capitata_HIv3___RNAseq.g43134.t1/Montipora_capitata_HIv3___RNAseq.g14940.t1,0.9988900492215422,cellular_component,CC
GO:0006807,nitrogen compound metabolic process,16/38,4578/8282,0.963768868862289,0.5870302258507789,16,4578,Montipora_capitata_HIv3___RNAseq.g31228.t1/Montipora_capitata_HIv3___RNAseq.g11431.t1/Montipora_capitata_HIv3___TS.g13493.t1/Montipora_capitata_HIv3___RNAseq.g20093.t1/Montipora_capitata_HIv3___RNAseq.g40803.t1/Montipora_capitata_HIv3___RNAseq.g13613.t1/Montipora_capitata_HIv3___TS.g26714.t1/Montipora_capitata_HIv3___RNAseq.g22747.t1/Montipora_capitata_HIv3___RNAseq.g33912.t1/Montipora_capitata_HIv3___RNAseq.g26661.t1/Montipora_capitata_HIv3___TS.g14965.t1/Montipora_capitata_HIv3___RNAseq.g12097.t1/Montipora_capitata_HIv3___RNAseq.g29751.t1/Montipora_capitata_HIv3___RNAseq.g8826.t1/Montipora_capitata_HIv3___RNAseq.g44164.t1/Montipora_capitata_HIv3___RNAseq.g45083.t2,0.9988900492215422,nitrogen compound metabolic process,BP
GO:0044428,GO:0044428,8/38,2735/8282,0.9640903246668273,0.5395295902011888,8,2735,Montipora_capitata_HIv3___RNAseq.g20093.t1/Montipora_capitata_HIv3___TS.g26714.t1/Montipora_capitata_HIv3___RNAseq.g26661.t1/Montipora_capitata_HIv3___TS.g14965.t1/Montipora_capitata_HIv3___RNAseq.g34571.t1/Montipora_capitata_HIv3___RNAseq.g12097.t1/Montipora_capitata_HIv3___RNAseq.g29751.t1/Montipora_capitata_HIv3___RNAseq.g45083.t2,0.9988900492215422,NA,NA
GO:0044424,GO:0044424,30/38,7274/8282,0.9647962761694902,0.5176966709934464,30,7274,Montipora_capitata_HIv3___RNAseq.g31228.t1/Montipora_capitata_HIv3___RNAseq.g11431.t1/Montipora_capitata_HIv3___RNAseq.g663.t1/Montipora_capitata_HIv3___RNAseq.g39502.t1/Montipora_capitata_HIv3___TS.g13493.t1/Montipora_capitata_HIv3___RNAseq.g7598.t1/Montipora_capitata_HIv3___RNAseq.g30422.t1/Montipora_capitata_HIv3___RNAseq.g20093.t1/Montipora_capitata_HIv3___RNAseq.g40803.t1/Montipora_capitata_HIv3___RNAseq.g25591.t1/Montipora_capitata_HIv3___RNAseq.g13613.t1/Montipora_capitata_HIv3___RNAseq.g25137.t1/Montipora_capitata_HIv3___TS.g26714.t1/Montipora_capitata_HIv3___RNAseq.g22747.t1/Montipora_capitata_HIv3___RNAseq.g21911.t1/Montipora_capitata_HIv3___RNAseq.g33912.t1/Montipora_capitata_HIv3___RNAseq.g26661.t1/Montipora_capitata_HIv3___TS.g14965.t1/Montipora_capitata_HIv3___RNAseq.g49974.t1/Montipora_capitata_HIv3___RNAseq.g34571.t1/Montipora_capitata_HIv3___RNAseq.g12097.t1/Montipora_capitata_HIv3___TS.g35289.t2/Montipora_capitata_HIv3___RNAseq.g29751.t1/Montipora_capitata_HIv3___RNAseq.g25143.t1/Montipora_capitata_HIv3___RNAseq.g44321.t1/Montipora_capitata_HIv3___RNAseq.g44164.t1/Montipora_capitata_HIv3___RNAseq.g2578.t1/Montipora_capitata_HIv3___RNAseq.g45083.t2/Montipora_capitata_HIv3___RNAseq.g43134.t1/Montipora_capitata_HIv3___RNAseq.g14940.t1,0.9988900492215422,NA,NA
GO:0071840,cellular component organization or biogenesis,12/38,3709/8282,0.966150582988756,0.5676917884425994,12,3709,Montipora_capitata_HIv3___RNAseq.g39502.t1/Montipora_capitata_HIv3___RNAseq.g7598.t1/Montipora_capitata_HIv3___RNAseq.g40803.t1/Montipora_capitata_HIv3___RNAseq.g25137.t1/Montipora_capitata_HIv3___TS.g26714.t1/Montipora_capitata_HIv3___RNAseq.g22747.t1/Montipora_capitata_HIv3___RNAseq.g26661.t1/Montipora_capitata_HIv3___TS.g14965.t1/Montipora_capitata_HIv3___RNAseq.g49974.t1/Montipora_capitata_HIv3___RNAseq.g25143.t1/Montipora_capitata_HIv3___RNAseq.g43134.t1/Montipora_capitata_HIv3___RNAseq.g14940.t1,0.9988900492215422,cellular component organization or biogenesis,BP
GO:0044238,primary metabolic process,17/38,4814/8282,0.9663931089874461,0.5817553106071761,17,4814,Montipora_capitata_HIv3___RNAseq.g31228.t1/Montipora_capitata_HIv3___RNAseq.g11431.t1/Montipora_capitata_HIv3___RNAseq.g39502.t1/Montipora_capitata_HIv3___TS.g13493.t1/Montipora_capitata_HIv3___RNAseq.g20093.t1/Montipora_capitata_HIv3___RNAseq.g40803.t1/Montipora_capitata_HIv3___RNAseq.g13613.t1/Montipora_capitata_HIv3___TS.g26714.t1/Montipora_capitata_HIv3___RNAseq.g22747.t1/Montipora_capitata_HIv3___RNAseq.g33912.t1/Montipora_capitata_HIv3___RNAseq.g26661.t1/Montipora_capitata_HIv3___TS.g14965.t1/Montipora_capitata_HIv3___RNAseq.g12097.t1/Montipora_capitata_HIv3___RNAseq.g29751.t1/Montipora_capitata_HIv3___RNAseq.g8826.t1/Montipora_capitata_HIv3___RNAseq.g44164.t1/Montipora_capitata_HIv3___RNAseq.g45083.t2,0.9988900492215422,primary metabolic process,BP
GO:0051173,positive regulation of nitrogen compound metabolic process,4/38,1697/8282,0.9670964084633041,0.4552755206854945,4,1697,Montipora_capitata_HIv3___RNAseq.g25591.t1/Montipora_capitata_HIv3___TS.g14965.t1/Montipora_capitata_HIv3___RNAseq.g49974.t1/Montipora_capitata_HIv3___RNAseq.g8826.t1,0.9988900492215422,positive regulation of nitrogen compound metabolic process,BP
GO:0031981,nuclear lumen,7/38,2514/8282,0.967803546085287,0.5167692819904488,7,2514,Montipora_capitata_HIv3___RNAseq.g20093.t1/Montipora_capitata_HIv3___TS.g26714.t1/Montipora_capitata_HIv3___TS.g14965.t1/Montipora_capitata_HIv3___RNAseq.g34571.t1/Montipora_capitata_HIv3___RNAseq.g12097.t1/Montipora_capitata_HIv3___RNAseq.g29751.t1/Montipora_capitata_HIv3___RNAseq.g45083.t2,0.9988900492215422,nuclear lumen,CC
GO:0090304,nucleic acid metabolic process,4/38,1719/8282,0.9697557481879839,0.44792747517704,4,1719,Montipora_capitata_HIv3___RNAseq.g31228.t1/Montipora_capitata_HIv3___RNAseq.g40803.t1/Montipora_capitata_HIv3___TS.g26714.t1/Montipora_capitata_HIv3___RNAseq.g45083.t2,0.9988900492215422,nucleic acid metabolic process,BP
GO:0051234,establishment of localization,7/38,2536/8282,0.9701840751176769,0.5103100307962011,7,2536,Montipora_capitata_HIv3___RNAseq.g25591.t1/Montipora_capitata_HIv3___RNAseq.g25137.t1/Montipora_capitata_HIv3___RNAseq.g44252.t1/Montipora_capitata_HIv3___TS.g14965.t1/Montipora_capitata_HIv3___TS.g16805.t1/Montipora_capitata_HIv3___TS.g35289.t2/Montipora_capitata_HIv3___RNAseq.g25143.t1,0.9988900492215422,establishment of localization,BP
GO:0003674,molecular_function,28/38,6999/8282,0.974548675624152,0.5113441415162597,28,6999,Montipora_capitata_HIv3___RNAseq.g31228.t1/Montipora_capitata_HIv3___RNAseq.g11431.t1/Montipora_capitata_HIv3___RNAseq.g39502.t1/Montipora_capitata_HIv3___TS.g13493.t1/Montipora_capitata_HIv3___RNAseq.g30422.t1/Montipora_capitata_HIv3___RNAseq.g20093.t1/Montipora_capitata_HIv3___RNAseq.g25591.t1/Montipora_capitata_HIv3___RNAseq.g13613.t1/Montipora_capitata_HIv3___TS.g26714.t1/Montipora_capitata_HIv3___RNAseq.g22747.t1/Montipora_capitata_HIv3___RNAseq.g33271.t1/Montipora_capitata_HIv3___RNAseq.g33912.t1/Montipora_capitata_HIv3___RNAseq.g44252.t1/Montipora_capitata_HIv3___RNAseq.g26661.t1/Montipora_capitata_HIv3___TS.g14965.t1/Montipora_capitata_HIv3___RNAseq.g28405.t2/Montipora_capitata_HIv3___RNAseq.g49974.t1/Montipora_capitata_HIv3___TS.g16805.t1/Montipora_capitata_HIv3___RNAseq.g34571.t1/Montipora_capitata_HIv3___RNAseq.g12097.t1/Montipora_capitata_HIv3___TS.g35289.t2/Montipora_capitata_HIv3___RNAseq.g29751.t1/Montipora_capitata_HIv3___RNAseq.g8826.t1/Montipora_capitata_HIv3___RNAseq.g44321.t1/Montipora_capitata_HIv3___RNAseq.g44164.t1/Montipora_capitata_HIv3___RNAseq.g2578.t1/Montipora_capitata_HIv3___RNAseq.g45083.t2/Montipora_capitata_HIv3___RNAseq.g43134.t1,0.9988900492215422,molecular_function,MF
GO:0031325,positive regulation of cellular metabolic process,4/38,1775/8282,0.975676776570388,0.4300229233909106,4,1775,Montipora_capitata_HIv3___RNAseq.g25591.t1/Montipora_capitata_HIv3___TS.g14965.t1/Montipora_capitata_HIv3___RNAseq.g49974.t1/Montipora_capitata_HIv3___RNAseq.g8826.t1,0.9988900492215422,positive regulation of cellular metabolic process,BP
GO:0033036,macromolecule localization,3/38,1485/8282,0.9767316143690229,0.3911222871073502,3,1485,Montipora_capitata_HIv3___RNAseq.g20093.t1/Montipora_capitata_HIv3___TS.g16805.t1/Montipora_capitata_HIv3___RNAseq.g43134.t1,0.9988900492215422,macromolecule localization,BP
GO:0010604,positive regulation of macromolecule metabolic process,4/38,1791/8282,0.9771647792010174,0.4251192260067179,4,1791,Montipora_capitata_HIv3___RNAseq.g25591.t1/Montipora_capitata_HIv3___TS.g14965.t1/Montipora_capitata_HIv3___RNAseq.g49974.t1/Montipora_capitata_HIv3___RNAseq.g8826.t1,0.9988900492215422,positive regulation of macromolecule metabolic process,BP
GO:0006996,organelle organization,6/38,2418/8282,0.9824559908332422,0.4533939645682152,6,2418,Montipora_capitata_HIv3___RNAseq.g39502.t1/Montipora_capitata_HIv3___RNAseq.g7598.t1/Montipora_capitata_HIv3___RNAseq.g25137.t1/Montipora_capitata_HIv3___TS.g26714.t1/Montipora_capitata_HIv3___TS.g14965.t1/Montipora_capitata_HIv3___RNAseq.g25143.t1,0.9988900492215422,organelle organization,BP
GO:0034641,cellular nitrogen compound metabolic process,7/38,2683/8282,0.9825144974150342,0.4698760386329804,7,2683,Montipora_capitata_HIv3___RNAseq.g31228.t1/Montipora_capitata_HIv3___RNAseq.g40803.t1/Montipora_capitata_HIv3___TS.g26714.t1/Montipora_capitata_HIv3___RNAseq.g22747.t1/Montipora_capitata_HIv3___RNAseq.g33912.t1/Montipora_capitata_HIv3___RNAseq.g12097.t1/Montipora_capitata_HIv3___RNAseq.g45083.t2,0.9988900492215422,cellular nitrogen compound metabolic process,BP
GO:0051179,localization,9/38,3214/8282,0.9841392055901474,0.4879729640552599,9,3214,Montipora_capitata_HIv3___RNAseq.g20093.t1/Montipora_capitata_HIv3___RNAseq.g25591.t1/Montipora_capitata_HIv3___RNAseq.g25137.t1/Montipora_capitata_HIv3___RNAseq.g44252.t1/Montipora_capitata_HIv3___TS.g14965.t1/Montipora_capitata_HIv3___TS.g16805.t1/Montipora_capitata_HIv3___TS.g35289.t2/Montipora_capitata_HIv3___RNAseq.g25143.t1/Montipora_capitata_HIv3___RNAseq.g43134.t1,0.9988900492215422,localization,BP
GO:0071704,organic substance metabolic process,17/38,5028/8282,0.9846720888191483,0.5223195951842177,17,5028,Montipora_capitata_HIv3___RNAseq.g31228.t1/Montipora_capitata_HIv3___RNAseq.g11431.t1/Montipora_capitata_HIv3___RNAseq.g39502.t1/Montipora_capitata_HIv3___TS.g13493.t1/Montipora_capitata_HIv3___RNAseq.g20093.t1/Montipora_capitata_HIv3___RNAseq.g40803.t1/Montipora_capitata_HIv3___RNAseq.g13613.t1/Montipora_capitata_HIv3___TS.g26714.t1/Montipora_capitata_HIv3___RNAseq.g22747.t1/Montipora_capitata_HIv3___RNAseq.g33912.t1/Montipora_capitata_HIv3___RNAseq.g26661.t1/Montipora_capitata_HIv3___TS.g14965.t1/Montipora_capitata_HIv3___RNAseq.g12097.t1/Montipora_capitata_HIv3___RNAseq.g29751.t1/Montipora_capitata_HIv3___RNAseq.g8826.t1/Montipora_capitata_HIv3___RNAseq.g44164.t1/Montipora_capitata_HIv3___RNAseq.g45083.t2,0.9988900492215422,organic substance metabolic process,BP
GO:0008152,metabolic process,18/38,5250/8282,0.9855903411285978,0.518148080256845,18,5250,Montipora_capitata_HIv3___RNAseq.g31228.t1/Montipora_capitata_HIv3___RNAseq.g11431.t1/Montipora_capitata_HIv3___RNAseq.g39502.t1/Montipora_capitata_HIv3___TS.g13493.t1/Montipora_capitata_HIv3___RNAseq.g7598.t1/Montipora_capitata_HIv3___RNAseq.g20093.t1/Montipora_capitata_HIv3___RNAseq.g40803.t1/Montipora_capitata_HIv3___RNAseq.g13613.t1/Montipora_capitata_HIv3___TS.g26714.t1/Montipora_capitata_HIv3___RNAseq.g22747.t1/Montipora_capitata_HIv3___RNAseq.g33912.t1/Montipora_capitata_HIv3___RNAseq.g26661.t1/Montipora_capitata_HIv3___TS.g14965.t1/Montipora_capitata_HIv3___RNAseq.g12097.t1/Montipora_capitata_HIv3___RNAseq.g29751.t1/Montipora_capitata_HIv3___RNAseq.g8826.t1/Montipora_capitata_HIv3___RNAseq.g44164.t1/Montipora_capitata_HIv3___RNAseq.g45083.t2,0.9988900492215422,metabolic process,BP
GO:0009893,positive regulation of metabolic process,4/38,1928/8282,0.9869072716277195,0.38646977212935907,4,1928,Montipora_capitata_HIv3___RNAseq.g25591.t1/Montipora_capitata_HIv3___TS.g14965.t1/Montipora_capitata_HIv3___RNAseq.g49974.t1/Montipora_capitata_HIv3___RNAseq.g8826.t1,0.9988900492215422,positive regulation of metabolic process,BP
GO:0048522,positive regulation of cellular process,7/38,2811/8282,0.9893265269192243,0.43812104256571466,7,2811,Montipora_capitata_HIv3___RNAseq.g25591.t1/Montipora_capitata_HIv3___TS.g14965.t1/Montipora_capitata_HIv3___RNAseq.g49974.t1/Montipora_capitata_HIv3___RNAseq.g34571.t1/Montipora_capitata_HIv3___RNAseq.g8826.t1/Montipora_capitata_HIv3___RNAseq.g44164.t1/Montipora_capitata_HIv3___RNAseq.g45083.t2,0.9988900492215422,positive regulation of cellular process,BP
GO:0048518,positive regulation of biological process,8/38,3151/8282,0.9923273550654341,0.4328317554687085,8,3151,Montipora_capitata_HIv3___RNAseq.g25591.t1/Montipora_capitata_HIv3___RNAseq.g13613.t1/Montipora_capitata_HIv3___TS.g14965.t1/Montipora_capitata_HIv3___RNAseq.g49974.t1/Montipora_capitata_HIv3___RNAseq.g34571.t1/Montipora_capitata_HIv3___RNAseq.g8826.t1/Montipora_capitata_HIv3___RNAseq.g44164.t1/Montipora_capitata_HIv3___RNAseq.g45083.t2,0.9988900492215422,positive regulation of biological process,BP
GO:0044249,cellular biosynthetic process,4/38,2109/8282,0.9939814986111171,0.3431200717197359,4,2109,Montipora_capitata_HIv3___RNAseq.g22747.t1/Montipora_capitata_HIv3___RNAseq.g33912.t1/Montipora_capitata_HIv3___RNAseq.g12097.t1/Montipora_capitata_HIv3___RNAseq.g45083.t2,0.9988900492215422,cellular biosynthetic process,BP
GO:0044422,GO:0044422,15/38,5314/8282,0.9994581398684403,0.3625019671854602,15,5314,Montipora_capitata_HIv3___RNAseq.g663.t1/Montipora_capitata_HIv3___RNAseq.g39502.t1/Montipora_capitata_HIv3___RNAseq.g7598.t1/Montipora_capitata_HIv3___RNAseq.g20093.t1/Montipora_capitata_HIv3___RNAseq.g25591.t1/Montipora_capitata_HIv3___TS.g26714.t1/Montipora_capitata_HIv3___RNAseq.g22747.t1/Montipora_capitata_HIv3___RNAseq.g26661.t1/Montipora_capitata_HIv3___TS.g14965.t1/Montipora_capitata_HIv3___RNAseq.g34571.t1/Montipora_capitata_HIv3___RNAseq.g12097.t1/Montipora_capitata_HIv3___RNAseq.g29751.t1/Montipora_capitata_HIv3___RNAseq.g44164.t1/Montipora_capitata_HIv3___RNAseq.g45083.t2/Montipora_capitata_HIv3___RNAseq.g14940.t1,0.9996484813869368,NA,NA
GO:0044446,GO:0044446,14/38,5184/8282,0.9996484813869368,0.34688647468481226,14,5184,Montipora_capitata_HIv3___RNAseq.g663.t1/Montipora_capitata_HIv3___RNAseq.g39502.t1/Montipora_capitata_HIv3___RNAseq.g7598.t1/Montipora_capitata_HIv3___RNAseq.g20093.t1/Montipora_capitata_HIv3___TS.g26714.t1/Montipora_capitata_HIv3___RNAseq.g22747.t1/Montipora_capitata_HIv3___RNAseq.g26661.t1/Montipora_capitata_HIv3___TS.g14965.t1/Montipora_capitata_HIv3___RNAseq.g34571.t1/Montipora_capitata_HIv3___RNAseq.g12097.t1/Montipora_capitata_HIv3___RNAseq.g29751.t1/Montipora_capitata_HIv3___RNAseq.g44164.t1/Montipora_capitata_HIv3___RNAseq.g45083.t2/Montipora_capitata_HIv3___RNAseq.g14940.t1,0.9996484813869368,NA,NA
